time_min,C_in,C_f,S,T_min,tau_transport_min,tau_sensor_min,topology
0.000000,0.0001800545,0.0000469780,0.0000344958,30,5,1,gamma_rtd
0.050000,0.0001830119,0.0000477960,0.0000351046,30,5,1,gamma_rtd
0.100000,0.0001860149,0.0000486275,0.0000357235,30,5,1,gamma_rtd
0.150000,0.0001890644,0.0000494727,0.0000363529,30,5,1,gamma_rtd
0.200000,0.0001921609,0.0000503319,0.0000369927,30,5,1,gamma_rtd
0.250000,0.0001953051,0.0000512052,0.0000376433,30,5,1,gamma_rtd
0.300000,0.0001984976,0.0000520929,0.0000383047,30,5,1,gamma_rtd
0.350000,0.0002017393,0.0000529952,0.0000389772,30,5,1,gamma_rtd
0.400000,0.0002050307,0.0000539123,0.0000396608,30,5,1,gamma_rtd
0.450000,0.0002083726,0.0000548444,0.0000403559,30,5,1,gamma_rtd
0.500000,0.0002117658,0.0000557918,0.0000410625,30,5,1,gamma_rtd
0.550000,0.0002152108,0.0000567547,0.0000417809,30,5,1,gamma_rtd
0.600000,0.0002187086,0.0000577334,0.0000425111,30,5,1,gamma_rtd
0.650000,0.0002222597,0.0000587281,0.0000432535,30,5,1,gamma_rtd
0.700000,0.0002258651,0.0000597389,0.0000440082,30,5,1,gamma_rtd
0.750000,0.0002295254,0.0000607663,0.0000447754,30,5,1,gamma_rtd
0.800000,0.0002332414,0.0000618104,0.0000455553,30,5,1,gamma_rtd
0.850000,0.0002370140,0.0000628715,0.0000463481,30,5,1,gamma_rtd
0.900000,0.0002408438,0.0000639499,0.0000471540,30,5,1,gamma_rtd
0.950000,0.0002447317,0.0000650457,0.0000479731,30,5,1,gamma_rtd
1.000000,0.0002486786,0.0000661594,0.0000488057,30,5,1,gamma_rtd
1.050000,0.0002526853,0.0000672911,0.0000496521,30,5,1,gamma_rtd
1.100000,0.0002567525,0.0000684411,0.0000505123,30,5,1,gamma_rtd
1.150000,0.0002608812,0.0000696097,0.0000513867,30,5,1,gamma_rtd
1.200000,0.0002650722,0.0000707972,0.0000522755,30,5,1,gamma_rtd
1.250000,0.0002693264,0.0000720039,0.0000531788,30,5,1,gamma_rtd
1.300000,0.0002736447,0.0000732300,0.0000540969,30,5,1,gamma_rtd
1.350000,0.0002780278,0.0000744759,0.0000550300,30,5,1,gamma_rtd
1.400000,0.0002824769,0.0000757419,0.0000559784,30,5,1,gamma_rtd
1.450000,0.0002869927,0.0000770282,0.0000569423,30,5,1,gamma_rtd
1.500000,0.0002915763,0.0000783351,0.0000579219,30,5,1,gamma_rtd
1.550000,0.0002962284,0.0000796631,0.0000589175,30,5,1,gamma_rtd
1.600000,0.0003009502,0.0000810123,0.0000599292,30,5,1,gamma_rtd
1.650000,0.0003057425,0.0000823831,0.0000609575,30,5,1,gamma_rtd
1.700000,0.0003106063,0.0000837759,0.0000620024,30,5,1,gamma_rtd
1.750000,0.0003155427,0.0000851909,0.0000630643,30,5,1,gamma_rtd
1.800000,0.0003205525,0.0000866285,0.0000641434,30,5,1,gamma_rtd
1.850000,0.0003256369,0.0000880891,0.0000652401,30,5,1,gamma_rtd
1.900000,0.0003307968,0.0000895729,0.0000663544,30,5,1,gamma_rtd
1.950000,0.0003360334,0.0000910804,0.0000674868,30,5,1,gamma_rtd
2.000000,0.0003413475,0.0000926118,0.0000686375,30,5,1,gamma_rtd
2.050000,0.0003467404,0.0000941675,0.0000698067,30,5,1,gamma_rtd
2.100000,0.0003522130,0.0000957480,0.0000709948,30,5,1,gamma_rtd
2.150000,0.0003577665,0.0000973534,0.0000722020,30,5,1,gamma_rtd
2.200000,0.0003634020,0.0000989844,0.0000734287,30,5,1,gamma_rtd
2.250000,0.0003691205,0.0001006411,0.0000746750,30,5,1,gamma_rtd
2.300000,0.0003749233,0.0001023240,0.0000759414,30,5,1,gamma_rtd
2.350000,0.0003808114,0.0001040335,0.0000772281,30,5,1,gamma_rtd
2.400000,0.0003867860,0.0001057699,0.0000785354,30,5,1,gamma_rtd
2.450000,0.0003928483,0.0001075337,0.0000798637,30,5,1,gamma_rtd
2.500000,0.0003989995,0.0001093253,0.0000812132,30,5,1,gamma_rtd
2.550000,0.0004052407,0.0001111450,0.0000825842,30,5,1,gamma_rtd
2.600000,0.0004115732,0.0001129933,0.0000839771,30,5,1,gamma_rtd
2.650000,0.0004179983,0.0001148706,0.0000853923,30,5,1,gamma_rtd
2.700000,0.0004245171,0.0001167774,0.0000868299,30,5,1,gamma_rtd
2.750000,0.0004311309,0.0001187140,0.0000882905,30,5,1,gamma_rtd
2.800000,0.0004378411,0.0001206809,0.0000897743,30,5,1,gamma_rtd
2.850000,0.0004446488,0.0001226785,0.0000912816,30,5,1,gamma_rtd
2.900000,0.0004515554,0.0001247074,0.0000928128,30,5,1,gamma_rtd
2.950000,0.0004585622,0.0001267678,0.0000943684,30,5,1,gamma_rtd
3.000000,0.0004656706,0.0001288604,0.0000959485,30,5,1,gamma_rtd
3.050000,0.0004728819,0.0001309855,0.0000975536,30,5,1,gamma_rtd
3.100000,0.0004801974,0.0001331437,0.0000991841,30,5,1,gamma_rtd
3.150000,0.0004876186,0.0001353354,0.0001008403,30,5,1,gamma_rtd
3.200000,0.0004951469,0.0001375611,0.0001025227,30,5,1,gamma_rtd
3.250000,0.0005027837,0.0001398212,0.0001042315,30,5,1,gamma_rtd
3.300000,0.0005105303,0.0001421164,0.0001059673,30,5,1,gamma_rtd
3.350000,0.0005183884,0.0001444471,0.0001077303,30,5,1,gamma_rtd
3.400000,0.0005263593,0.0001468138,0.0001095210,30,5,1,gamma_rtd
3.450000,0.0005344445,0.0001492170,0.0001113398,30,5,1,gamma_rtd
3.500000,0.0005426456,0.0001516572,0.0001131871,30,5,1,gamma_rtd
3.550000,0.0005509640,0.0001541351,0.0001150633,30,5,1,gamma_rtd
3.600000,0.0005594013,0.0001566510,0.0001169688,30,5,1,gamma_rtd
3.650000,0.0005679590,0.0001592056,0.0001189041,30,5,1,gamma_rtd
3.700000,0.0005766388,0.0001617995,0.0001208697,30,5,1,gamma_rtd
3.750000,0.0005854423,0.0001644331,0.0001228658,30,5,1,gamma_rtd
3.800000,0.0005943709,0.0001671071,0.0001248931,30,5,1,gamma_rtd
3.850000,0.0006034265,0.0001698220,0.0001269519,30,5,1,gamma_rtd
3.900000,0.0006126106,0.0001725784,0.0001290427,30,5,1,gamma_rtd
3.950000,0.0006219248,0.0001753768,0.0001311660,30,5,1,gamma_rtd
4.000000,0.0006313710,0.0001782180,0.0001333221,30,5,1,gamma_rtd
4.050000,0.0006409508,0.0001811025,0.0001355117,30,5,1,gamma_rtd
4.100000,0.0006506659,0.0001840309,0.0001377352,30,5,1,gamma_rtd
4.150000,0.0006605180,0.0001870038,0.0001399931,30,5,1,gamma_rtd
4.200000,0.0006705091,0.0001900219,0.0001422858,30,5,1,gamma_rtd
4.250000,0.0006806407,0.0001930857,0.0001446140,30,5,1,gamma_rtd
4.300000,0.0006909148,0.0001961961,0.0001469779,30,5,1,gamma_rtd
4.350000,0.0007013332,0.0001993535,0.0001493783,30,5,1,gamma_rtd
4.400000,0.0007118977,0.0002025586,0.0001518157,30,5,1,gamma_rtd
4.450000,0.0007226103,0.0002058122,0.0001542904,30,5,1,gamma_rtd
4.500000,0.0007334727,0.0002091149,0.0001568032,30,5,1,gamma_rtd
4.550000,0.0007444869,0.0002124674,0.0001593544,30,5,1,gamma_rtd
4.600000,0.0007556550,0.0002158704,0.0001619448,30,5,1,gamma_rtd
4.650000,0.0007669787,0.0002193246,0.0001645748,30,5,1,gamma_rtd
4.700000,0.0007784601,0.0002228307,0.0001672450,30,5,1,gamma_rtd
4.750000,0.0007901012,0.0002263894,0.0001699559,30,5,1,gamma_rtd
4.800000,0.0008019040,0.0002300015,0.0001727082,30,5,1,gamma_rtd
4.850000,0.0008138707,0.0002336677,0.0001755024,30,5,1,gamma_rtd
4.900000,0.0008260031,0.0002373888,0.0001783392,30,5,1,gamma_rtd
4.950000,0.0008383035,0.0002411655,0.0001812191,30,5,1,gamma_rtd
5.000000,0.0008507740,0.0002449985,0.0001841427,30,5,1,gamma_rtd
5.050000,0.0008634167,0.0002488888,0.0001871107,30,5,1,gamma_rtd
5.100000,0.0008762338,0.0002528370,0.0001901236,30,5,1,gamma_rtd
5.150000,0.0008892274,0.0002568439,0.0001931822,30,5,1,gamma_rtd
5.200000,0.0009023998,0.0002609104,0.0001962870,30,5,1,gamma_rtd
5.250000,0.0009157532,0.0002650374,0.0001994387,30,5,1,gamma_rtd
5.300000,0.0009292899,0.0002692255,0.0002026380,30,5,1,gamma_rtd
5.350000,0.0009430122,0.0002734757,0.0002058855,30,5,1,gamma_rtd
5.400000,0.0009569224,0.0002777888,0.0002091819,30,5,1,gamma_rtd
5.450000,0.0009710228,0.0002821656,0.0002125279,30,5,1,gamma_rtd
5.500000,0.0009853158,0.0002866071,0.0002159242,30,5,1,gamma_rtd
5.550000,0.0009998037,0.0002911142,0.0002193714,30,5,1,gamma_rtd
5.600000,0.0010144891,0.0002956876,0.0002228704,30,5,1,gamma_rtd
5.650000,0.0010293743,0.0003003284,0.0002264217,30,5,1,gamma_rtd
5.700000,0.0010444618,0.0003050374,0.0002300262,30,5,1,gamma_rtd
5.750000,0.0010597542,0.0003098156,0.0002336845,30,5,1,gamma_rtd
5.800000,0.0010752538,0.0003146638,0.0002373975,30,5,1,gamma_rtd
5.850000,0.0010909634,0.0003195831,0.0002411658,30,5,1,gamma_rtd
5.900000,0.0011068854,0.0003245745,0.0002449903,30,5,1,gamma_rtd
5.950000,0.0011230225,0.0003296388,0.0002488716,30,5,1,gamma_rtd
6.000000,0.0011393773,0.0003347771,0.0002528107,30,5,1,gamma_rtd
6.050000,0.0011559525,0.0003399904,0.0002568082,30,5,1,gamma_rtd
6.100000,0.0011727508,0.0003452796,0.0002608651,30,5,1,gamma_rtd
6.150000,0.0011897748,0.0003506458,0.0002649820,30,5,1,gamma_rtd
6.200000,0.0012070273,0.0003560901,0.0002691599,30,5,1,gamma_rtd
6.250000,0.0012245112,0.0003616134,0.0002733995,30,5,1,gamma_rtd
6.300000,0.0012422292,0.0003672169,0.0002777018,30,5,1,gamma_rtd
6.350000,0.0012601841,0.0003729016,0.0002820675,30,5,1,gamma_rtd
6.400000,0.0012783788,0.0003786686,0.0002864975,30,5,1,gamma_rtd
6.450000,0.0012968163,0.0003845190,0.0002909928,30,5,1,gamma_rtd
6.500000,0.0013154994,0.0003904539,0.0002955541,30,5,1,gamma_rtd
6.550000,0.0013344312,0.0003964744,0.0003001824,30,5,1,gamma_rtd
6.600000,0.0013536145,0.0004025817,0.0003048786,30,5,1,gamma_rtd
6.650000,0.0013730525,0.0004087768,0.0003096436,30,5,1,gamma_rtd
6.700000,0.0013927481,0.0004150611,0.0003144784,30,5,1,gamma_rtd
6.750000,0.0014127045,0.0004214356,0.0003193839,30,5,1,gamma_rtd
6.800000,0.0014329247,0.0004279016,0.0003243610,30,5,1,gamma_rtd
6.850000,0.0014534120,0.0004344602,0.0003294108,30,5,1,gamma_rtd
6.900000,0.0014741695,0.0004411127,0.0003345341,30,5,1,gamma_rtd
6.950000,0.0014952004,0.0004478604,0.0003397320,30,5,1,gamma_rtd
7.000000,0.0015165080,0.0004547043,0.0003450055,30,5,1,gamma_rtd
7.050000,0.0015380955,0.0004616460,0.0003503555,30,5,1,gamma_rtd
7.100000,0.0015599663,0.0004686865,0.0003557832,30,5,1,gamma_rtd
7.150000,0.0015821237,0.0004758272,0.0003612896,30,5,1,gamma_rtd
7.200000,0.0016045712,0.0004830695,0.0003668757,30,5,1,gamma_rtd
7.250000,0.0016273120,0.0004904145,0.0003725425,30,5,1,gamma_rtd
7.300000,0.0016503497,0.0004978638,0.0003782912,30,5,1,gamma_rtd
7.350000,0.0016736878,0.0005054186,0.0003841228,30,5,1,gamma_rtd
7.400000,0.0016973297,0.0005130803,0.0003900385,30,5,1,gamma_rtd
7.450000,0.0017212791,0.0005208503,0.0003960393,30,5,1,gamma_rtd
7.500000,0.0017455395,0.0005287300,0.0004021264,30,5,1,gamma_rtd
7.550000,0.0017701146,0.0005367208,0.0004083009,30,5,1,gamma_rtd
7.600000,0.0017950080,0.0005448242,0.0004145640,30,5,1,gamma_rtd
7.650000,0.0018202235,0.0005530416,0.0004209169,30,5,1,gamma_rtd
7.700000,0.0018457647,0.0005613744,0.0004273607,30,5,1,gamma_rtd
7.750000,0.0018716355,0.0005698243,0.0004338966,30,5,1,gamma_rtd
7.800000,0.0018978397,0.0005783926,0.0004405259,30,5,1,gamma_rtd
7.850000,0.0019243811,0.0005870809,0.0004472497,30,5,1,gamma_rtd
7.900000,0.0019512636,0.0005958907,0.0004540694,30,5,1,gamma_rtd
7.950000,0.0019784912,0.0006048236,0.0004609861,30,5,1,gamma_rtd
8.000000,0.0020060678,0.0006138812,0.0004680011,30,5,1,gamma_rtd
8.050000,0.0020339974,0.0006230650,0.0004751158,30,5,1,gamma_rtd
8.100000,0.0020622841,0.0006323767,0.0004823314,30,5,1,gamma_rtd
8.150000,0.0020909320,0.0006418179,0.0004896492,30,5,1,gamma_rtd
8.200000,0.0021199452,0.0006513903,0.0004970705,30,5,1,gamma_rtd
8.250000,0.0021493278,0.0006610954,0.0005045968,30,5,1,gamma_rtd
8.300000,0.0021790842,0.0006709351,0.0005122293,30,5,1,gamma_rtd
8.350000,0.0022092184,0.0006809109,0.0005199695,30,5,1,gamma_rtd
8.400000,0.0022397349,0.0006910246,0.0005278187,30,5,1,gamma_rtd
8.450000,0.0022706379,0.0007012780,0.0005357783,30,5,1,gamma_rtd
8.500000,0.0023019318,0.0007116728,0.0005438498,30,5,1,gamma_rtd
8.550000,0.0023336211,0.0007222108,0.0005520347,30,5,1,gamma_rtd
8.600000,0.0023657102,0.0007328939,0.0005603343,30,5,1,gamma_rtd
8.650000,0.0023982036,0.0007437237,0.0005687501,30,5,1,gamma_rtd
8.700000,0.0024311058,0.0007547022,0.0005772837,30,5,1,gamma_rtd
8.750000,0.0024644215,0.0007658312,0.0005859365,30,5,1,gamma_rtd
8.800000,0.0024981553,0.0007771126,0.0005947100,30,5,1,gamma_rtd
8.850000,0.0025323118,0.0007885484,0.0006036059,30,5,1,gamma_rtd
8.900000,0.0025668957,0.0008001403,0.0006126257,30,5,1,gamma_rtd
8.950000,0.0026019119,0.0008118905,0.0006217709,30,5,1,gamma_rtd
9.000000,0.0026373651,0.0008238007,0.0006310431,30,5,1,gamma_rtd
9.050000,0.0026732603,0.0008358731,0.0006404440,30,5,1,gamma_rtd
9.100000,0.0027096022,0.0008481097,0.0006499752,30,5,1,gamma_rtd
9.150000,0.0027463959,0.0008605124,0.0006596383,30,5,1,gamma_rtd
9.200000,0.0027836463,0.0008730834,0.0006694351,30,5,1,gamma_rtd
9.250000,0.0028213585,0.0008858246,0.0006793671,30,5,1,gamma_rtd
9.300000,0.0028595375,0.0008987383,0.0006894362,30,5,1,gamma_rtd
9.350000,0.0028981885,0.0009118265,0.0006996439,30,5,1,gamma_rtd
9.400000,0.0029373168,0.0009250913,0.0007099922,30,5,1,gamma_rtd
9.450000,0.0029769274,0.0009385350,0.0007204827,30,5,1,gamma_rtd
9.500000,0.0030170257,0.0009521597,0.0007311173,30,5,1,gamma_rtd
9.550000,0.0030576170,0.0009659677,0.0007418976,30,5,1,gamma_rtd
9.600000,0.0030987067,0.0009799611,0.0007528257,30,5,1,gamma_rtd
9.650000,0.0031403002,0.0009941423,0.0007639032,30,5,1,gamma_rtd
9.700000,0.0031824030,0.0010085135,0.0007751321,30,5,1,gamma_rtd
9.750000,0.0032250205,0.0010230771,0.0007865142,30,5,1,gamma_rtd
9.800000,0.0032681585,0.0010378353,0.0007980515,30,5,1,gamma_rtd
9.850000,0.0033118224,0.0010527905,0.0008097459,30,5,1,gamma_rtd
9.900000,0.0033560180,0.0010679452,0.0008215993,30,5,1,gamma_rtd
9.950000,0.0034007510,0.0010833018,0.0008336138,30,5,1,gamma_rtd
10.000000,0.0034460272,0.0010988626,0.0008457912,30,5,1,gamma_rtd
10.050000,0.0034918523,0.0011146301,0.0008581336,30,5,1,gamma_rtd
10.100000,0.0035382323,0.0011306068,0.0008706431,30,5,1,gamma_rtd
10.150000,0.0035851731,0.0011467953,0.0008833217,30,5,1,gamma_rtd
10.200000,0.0036326808,0.0011631981,0.0008961715,30,5,1,gamma_rtd
10.250000,0.0036807612,0.0011798177,0.0009091945,30,5,1,gamma_rtd
10.300000,0.0037294206,0.0011966568,0.0009223930,30,5,1,gamma_rtd
10.350000,0.0037786650,0.0012137179,0.0009357690,30,5,1,gamma_rtd
10.400000,0.0038285006,0.0012310037,0.0009493247,30,5,1,gamma_rtd
10.450000,0.0038789338,0.0012485170,0.0009630623,30,5,1,gamma_rtd
10.500000,0.0039299708,0.0012662603,0.0009769841,30,5,1,gamma_rtd
10.550000,0.0039816180,0.0012842364,0.0009910923,30,5,1,gamma_rtd
10.600000,0.0040338818,0.0013024481,0.0010053891,30,5,1,gamma_rtd
10.650000,0.0040867686,0.0013208982,0.0010198768,30,5,1,gamma_rtd
10.700000,0.0041402850,0.0013395895,0.0010345578,30,5,1,gamma_rtd
10.750000,0.0041944377,0.0013585248,0.0010494344,30,5,1,gamma_rtd
10.800000,0.0042492331,0.0013777071,0.0010645089,30,5,1,gamma_rtd
10.850000,0.0043046781,0.0013971391,0.0010797838,30,5,1,gamma_rtd
10.900000,0.0043607793,0.0014168239,0.0010952614,30,5,1,gamma_rtd
10.950000,0.0044175436,0.0014367645,0.0011109442,30,5,1,gamma_rtd
11.000000,0.0044749779,0.0014569637,0.0011268346,30,5,1,gamma_rtd
11.050000,0.0045330891,0.0014774247,0.0011429352,30,5,1,gamma_rtd
11.100000,0.0045918842,0.0014981504,0.0011592484,30,5,1,gamma_rtd
11.150000,0.0046513702,0.0015191441,0.0011757769,30,5,1,gamma_rtd
11.200000,0.0047115542,0.0015404087,0.0011925231,30,5,1,gamma_rtd
11.250000,0.0047724434,0.0015619475,0.0012094897,30,5,1,gamma_rtd
11.300000,0.0048340450,0.0015837636,0.0012266792,30,5,1,gamma_rtd
11.350000,0.0048963664,0.0016058603,0.0012440945,30,5,1,gamma_rtd
11.400000,0.0049594148,0.0016282407,0.0012617380,30,5,1,gamma_rtd
11.450000,0.0050231977,0.0016509082,0.0012796125,30,5,1,gamma_rtd
11.500000,0.0050877224,0.0016738661,0.0012977208,30,5,1,gamma_rtd
11.550000,0.0051529967,0.0016971176,0.0013160657,30,5,1,gamma_rtd
11.600000,0.0052190280,0.0017206663,0.0013346498,30,5,1,gamma_rtd
11.650000,0.0052858240,0.0017445155,0.0013534760,30,5,1,gamma_rtd
11.700000,0.0053533924,0.0017686686,0.0013725472,30,5,1,gamma_rtd
11.750000,0.0054217411,0.0017931291,0.0013918663,30,5,1,gamma_rtd
11.800000,0.0054908777,0.0018179006,0.0014114361,30,5,1,gamma_rtd
11.850000,0.0055608103,0.0018429865,0.0014312596,30,5,1,gamma_rtd
11.900000,0.0056315468,0.0018683905,0.0014513398,30,5,1,gamma_rtd
11.950000,0.0057030953,0.0018941161,0.0014716796,30,5,1,gamma_rtd
12.000000,0.0057754638,0.0019201671,0.0014922821,30,5,1,gamma_rtd
12.050000,0.0058486605,0.0019465470,0.0015131503,30,5,1,gamma_rtd
12.100000,0.0059226937,0.0019732597,0.0015342873,30,5,1,gamma_rtd
12.150000,0.0059975716,0.0020003089,0.0015556962,30,5,1,gamma_rtd
12.200000,0.0060733025,0.0020276983,0.0015773802,30,5,1,gamma_rtd
12.250000,0.0061498950,0.0020554319,0.0015993425,30,5,1,gamma_rtd
12.300000,0.0062273574,0.0020835134,0.0016215862,30,5,1,gamma_rtd
12.350000,0.0063056984,0.0021119467,0.0016441147,30,5,1,gamma_rtd
12.400000,0.0063849266,0.0021407359,0.0016669311,30,5,1,gamma_rtd
12.450000,0.0064650507,0.0021698849,0.0016900389,30,5,1,gamma_rtd
12.500000,0.0065460794,0.0021993977,0.0017134412,30,5,1,gamma_rtd
12.550000,0.0066280215,0.0022292784,0.0017371416,30,5,1,gamma_rtd
12.600000,0.0067108860,0.0022595310,0.0017611434,30,5,1,gamma_rtd
12.650000,0.0067946817,0.0022901597,0.0017854501,30,5,1,gamma_rtd
12.700000,0.0068794179,0.0023211687,0.0018100650,30,5,1,gamma_rtd
12.750000,0.0069651034,0.0023525621,0.0018349919,30,5,1,gamma_rtd
12.800000,0.0070517476,0.0023843442,0.0018602341,30,5,1,gamma_rtd
12.850000,0.0071393596,0.0024165194,0.0018857952,30,5,1,gamma_rtd
12.900000,0.0072279487,0.0024490919,0.0019116789,30,5,1,gamma_rtd
12.950000,0.0073175244,0.0024820661,0.0019378889,30,5,1,gamma_rtd
13.000000,0.0074080961,0.0025154464,0.0019644287,30,5,1,gamma_rtd
13.050000,0.0074996733,0.0025492372,0.0019913022,30,5,1,gamma_rtd
13.100000,0.0075922655,0.0025834432,0.0020185130,30,5,1,gamma_rtd
13.150000,0.0076858825,0.0026180687,0.0020460649,30,5,1,gamma_rtd
13.200000,0.0077805340,0.0026531184,0.0020739619,30,5,1,gamma_rtd
13.250000,0.0078762298,0.0026885969,0.0021022077,30,5,1,gamma_rtd
13.300000,0.0079729798,0.0027245088,0.0021308062,30,5,1,gamma_rtd
13.350000,0.0080707939,0.0027608589,0.0021597614,30,5,1,gamma_rtd
13.400000,0.0081696821,0.0027976519,0.0021890773,30,5,1,gamma_rtd
13.450000,0.0082696546,0.0028348925,0.0022187578,30,5,1,gamma_rtd
13.500000,0.0083707214,0.0028725857,0.0022488071,30,5,1,gamma_rtd
13.550000,0.0084728930,0.0029107363,0.0022792291,30,5,1,gamma_rtd
13.600000,0.0085761794,0.0029493492,0.0023100281,30,5,1,gamma_rtd
13.650000,0.0086805913,0.0029884293,0.0023412082,30,5,1,gamma_rtd
13.700000,0.0087861389,0.0030279818,0.0023727735,30,5,1,gamma_rtd
13.750000,0.0088928330,0.0030680115,0.0024047284,30,5,1,gamma_rtd
13.800000,0.0090006839,0.0031085238,0.0024370771,30,5,1,gamma_rtd
13.850000,0.0091097026,0.0031495236,0.0024698239,30,5,1,gamma_rtd
13.900000,0.0092198997,0.0031910161,0.0025029733,30,5,1,gamma_rtd
13.950000,0.0093312860,0.0032330067,0.0025365295,30,5,1,gamma_rtd
14.000000,0.0094438725,0.0032755006,0.0025704971,30,5,1,gamma_rtd
14.050000,0.0095576702,0.0033185031,0.0026048805,30,5,1,gamma_rtd
14.100000,0.0096726901,0.0033620196,0.0026396843,30,5,1,gamma_rtd
14.150000,0.0097889434,0.0034060555,0.0026749130,30,5,1,gamma_rtd
14.200000,0.0099064413,0.0034506163,0.0027105713,30,5,1,gamma_rtd
14.250000,0.0100251950,0.0034957075,0.0027466637,30,5,1,gamma_rtd
14.300000,0.0101452161,0.0035413347,0.0027831950,30,5,1,gamma_rtd
14.350000,0.0102665159,0.0035875035,0.0028201699,30,5,1,gamma_rtd
14.400000,0.0103891059,0.0036342195,0.0028575932,30,5,1,gamma_rtd
14.450000,0.0105129978,0.0036814886,0.0028954697,30,5,1,gamma_rtd
14.500000,0.0106382032,0.0037293163,0.0029338043,30,5,1,gamma_rtd
14.550000,0.0107647340,0.0037777086,0.0029726019,30,5,1,gamma_rtd
14.600000,0.0108926018,0.0038266713,0.0030118674,30,5,1,gamma_rtd
14.650000,0.0110218188,0.0038762103,0.0030516059,30,5,1,gamma_rtd
14.700000,0.0111523968,0.0039263316,0.0030918223,30,5,1,gamma_rtd
14.750000,0.0112843480,0.0039770412,0.0031325218,30,5,1,gamma_rtd
14.800000,0.0114176844,0.0040283452,0.0031737095,30,5,1,gamma_rtd
14.850000,0.0115524184,0.0040802496,0.0032153906,30,5,1,gamma_rtd
14.900000,0.0116885623,0.0041327607,0.0032575702,30,5,1,gamma_rtd
14.950000,0.0118261284,0.0041858846,0.0033002538,30,5,1,gamma_rtd
15.000000,0.0119651292,0.0042396277,0.0033434465,30,5,1,gamma_rtd
15.050000,0.0121055773,0.0042939962,0.0033871538,30,5,1,gamma_rtd
15.100000,0.0122474853,0.0043489965,0.0034313810,30,5,1,gamma_rtd
15.150000,0.0123908659,0.0044046352,0.0034761336,30,5,1,gamma_rtd
15.200000,0.0125357320,0.0044609185,0.0035214172,30,5,1,gamma_rtd
15.250000,0.0126820964,0.0045178532,0.0035672372,30,5,1,gamma_rtd
15.300000,0.0128299720,0.0045754457,0.0036135993,30,5,1,gamma_rtd
15.350000,0.0129793720,0.0046337027,0.0036605091,30,5,1,gamma_rtd
15.400000,0.0131303093,0.0046926310,0.0037079723,30,5,1,gamma_rtd
15.450000,0.0132827973,0.0047522372,0.0037559947,30,5,1,gamma_rtd
15.500000,0.0134368492,0.0048125282,0.0038045820,30,5,1,gamma_rtd
15.550000,0.0135924784,0.0048735108,0.0038537401,30,5,1,gamma_rtd
15.600000,0.0137496982,0.0049351920,0.0039034749,30,5,1,gamma_rtd
15.650000,0.0139085224,0.0049975788,0.0039537924,30,5,1,gamma_rtd
15.700000,0.0140689643,0.0050606781,0.0040046984,30,5,1,gamma_rtd
15.750000,0.0142310378,0.0051244971,0.0040561992,30,5,1,gamma_rtd
15.800000,0.0143947566,0.0051890429,0.0041083007,30,5,1,gamma_rtd
15.850000,0.0145601346,0.0052543227,0.0041610091,30,5,1,gamma_rtd
15.900000,0.0147271857,0.0053203438,0.0042143306,30,5,1,gamma_rtd
15.950000,0.0148959239,0.0053871135,0.0042682715,30,5,1,gamma_rtd
16.000000,0.0150663634,0.0054546392,0.0043228381,30,5,1,gamma_rtd
16.050000,0.0152385182,0.0055229283,0.0043780367,30,5,1,gamma_rtd
16.100000,0.0154124028,0.0055919882,0.0044338737,30,5,1,gamma_rtd
16.150000,0.0155880313,0.0056618266,0.0044903556,30,5,1,gamma_rtd
16.200000,0.0157654183,0.0057324511,0.0045474889,30,5,1,gamma_rtd
16.250000,0.0159445783,0.0058038693,0.0046052802,30,5,1,gamma_rtd
16.300000,0.0161255259,0.0058760890,0.0046637361,30,5,1,gamma_rtd
16.350000,0.0163082757,0.0059491179,0.0047228633,30,5,1,gamma_rtd
16.400000,0.0164928425,0.0060229640,0.0047826684,30,5,1,gamma_rtd
16.450000,0.0166792411,0.0060976350,0.0048431583,30,5,1,gamma_rtd
16.500000,0.0168674866,0.0061731391,0.0049043399,30,5,1,gamma_rtd
16.550000,0.0170575938,0.0062494841,0.0049662199,30,5,1,gamma_rtd
16.600000,0.0172495780,0.0063266783,0.0050288055,30,5,1,gamma_rtd
16.650000,0.0174434542,0.0064047297,0.0050921035,30,5,1,gamma_rtd
16.700000,0.0176392377,0.0064836466,0.0051561210,30,5,1,gamma_rtd
16.750000,0.0178369439,0.0065634373,0.0052208652,30,5,1,gamma_rtd
16.800000,0.0180365881,0.0066441101,0.0052863432,30,5,1,gamma_rtd
16.850000,0.0182381860,0.0067256734,0.0053525623,30,5,1,gamma_rtd
16.900000,0.0184417530,0.0068081357,0.0054195297,30,5,1,gamma_rtd
16.950000,0.0186473049,0.0068915055,0.0054872528,30,5,1,gamma_rtd
17.000000,0.0188548574,0.0069757915,0.0055557390,30,5,1,gamma_rtd
17.050000,0.0190644263,0.0070610021,0.0056249958,30,5,1,gamma_rtd
17.100000,0.0192760277,0.0071471463,0.0056950307,30,5,1,gamma_rtd
17.150000,0.0194896773,0.0072342327,0.0057658512,30,5,1,gamma_rtd
17.200000,0.0197053915,0.0073222703,0.0058374650,30,5,1,gamma_rtd
17.250000,0.0199231862,0.0074112679,0.0059098798,30,5,1,gamma_rtd
17.300000,0.0201430779,0.0075012345,0.0059831034,30,5,1,gamma_rtd
17.350000,0.0203650827,0.0075921792,0.0060571435,30,5,1,gamma_rtd
17.400000,0.0205892171,0.0076841111,0.0061320081,30,5,1,gamma_rtd
17.450000,0.0208154977,0.0077770393,0.0062077050,30,5,1,gamma_rtd
17.500000,0.0210439409,0.0078709731,0.0062842424,30,5,1,gamma_rtd
17.550000,0.0212745634,0.0079659218,0.0063616281,30,5,1,gamma_rtd
17.600000,0.0215073821,0.0080618948,0.0064398705,30,5,1,gamma_rtd
17.650000,0.0217424136,0.0081589015,0.0065189775,30,5,1,gamma_rtd
17.700000,0.0219796749,0.0082569515,0.0065989576,30,5,1,gamma_rtd
17.750000,0.0222191830,0.0083560542,0.0066798189,30,5,1,gamma_rtd
17.800000,0.0224609550,0.0084562194,0.0067615698,30,5,1,gamma_rtd
17.850000,0.0227050079,0.0085574568,0.0068442189,30,5,1,gamma_rtd
17.900000,0.0229513591,0.0086597761,0.0069277745,30,5,1,gamma_rtd
17.950000,0.0232000258,0.0087631872,0.0070122452,30,5,1,gamma_rtd
18.000000,0.0234510253,0.0088677000,0.0070976396,30,5,1,gamma_rtd
18.050000,0.0237043753,0.0089733244,0.0071839665,30,5,1,gamma_rtd
18.100000,0.0239600931,0.0090800706,0.0072712345,30,5,1,gamma_rtd
18.150000,0.0242181965,0.0091879487,0.0073594525,30,5,1,gamma_rtd
18.200000,0.0244787031,0.0092969688,0.0074486293,30,5,1,gamma_rtd
18.250000,0.0247416307,0.0094071413,0.0075387739,30,5,1,gamma_rtd
18.300000,0.0250069972,0.0095184763,0.0076298952,30,5,1,gamma_rtd
18.350000,0.0252748205,0.0096309844,0.0077220024,30,5,1,gamma_rtd
18.400000,0.0255451187,0.0097446760,0.0078151046,30,5,1,gamma_rtd
18.450000,0.0258179097,0.0098595617,0.0079092109,30,5,1,gamma_rtd
18.500000,0.0260932119,0.0099756520,0.0080043306,30,5,1,gamma_rtd
18.550000,0.0263710434,0.0100929576,0.0081004731,30,5,1,gamma_rtd
18.600000,0.0266514225,0.0102114893,0.0081976477,30,5,1,gamma_rtd
18.650000,0.0269343678,0.0103312580,0.0082958639,30,5,1,gamma_rtd
18.700000,0.0272198976,0.0104522744,0.0083951313,30,5,1,gamma_rtd
18.750000,0.0275080305,0.0105745496,0.0084954593,30,5,1,gamma_rtd
18.800000,0.0277987851,0.0106980945,0.0085968577,30,5,1,gamma_rtd
18.850000,0.0280921802,0.0108229204,0.0086993363,30,5,1,gamma_rtd
18.900000,0.0283882344,0.0109490384,0.0088029047,30,5,1,gamma_rtd
18.950000,0.0286869668,0.0110764596,0.0089075729,30,5,1,gamma_rtd
19.000000,0.0289883962,0.0112051956,0.0090133507,30,5,1,gamma_rtd
19.050000,0.0292925415,0.0113352576,0.0091202483,30,5,1,gamma_rtd
19.100000,0.0295994220,0.0114666571,0.0092282755,30,5,1,gamma_rtd
19.150000,0.0299090567,0.0115994056,0.0093374427,30,5,1,gamma_rtd
19.200000,0.0302214648,0.0117335148,0.0094477599,30,5,1,gamma_rtd
19.250000,0.0305366657,0.0118689964,0.0095592375,30,5,1,gamma_rtd
19.300000,0.0308546787,0.0120058621,0.0096718858,30,5,1,gamma_rtd
19.350000,0.0311755233,0.0121441237,0.0097857151,30,5,1,gamma_rtd
19.400000,0.0314992189,0.0122837932,0.0099007361,30,5,1,gamma_rtd
19.450000,0.0318257851,0.0124248825,0.0100169592,30,5,1,gamma_rtd
19.500000,0.0321552416,0.0125674036,0.0101343950,30,5,1,gamma_rtd
19.550000,0.0324876081,0.0127113688,0.0102530542,30,5,1,gamma_rtd
19.600000,0.0328229044,0.0128567901,0.0103729476,30,5,1,gamma_rtd
19.650000,0.0331611504,0.0130036799,0.0104940860,30,5,1,gamma_rtd
19.700000,0.0335023659,0.0131520505,0.0106164804,30,5,1,gamma_rtd
19.750000,0.0338465709,0.0133019144,0.0107401416,30,5,1,gamma_rtd
19.800000,0.0341937855,0.0134532840,0.0108650807,30,5,1,gamma_rtd
19.850000,0.0345440299,0.0136061719,0.0109913089,30,5,1,gamma_rtd
19.900000,0.0348973241,0.0137605907,0.0111188373,30,5,1,gamma_rtd
19.950000,0.0352536886,0.0139165532,0.0112476771,30,5,1,gamma_rtd
20.000000,0.0356131434,0.0140740721,0.0113778397,30,5,1,gamma_rtd
20.050000,0.0359757092,0.0142331603,0.0115093365,30,5,1,gamma_rtd
20.100000,0.0363414062,0.0143938308,0.0116421790,30,5,1,gamma_rtd
20.150000,0.0367102551,0.0145560966,0.0117763786,30,5,1,gamma_rtd
20.200000,0.0370822763,0.0147199707,0.0119119471,30,5,1,gamma_rtd
20.250000,0.0374574905,0.0148854663,0.0120488960,30,5,1,gamma_rtd
20.300000,0.0378359184,0.0150525968,0.0121872372,30,5,1,gamma_rtd
20.350000,0.0382175807,0.0152213752,0.0123269824,30,5,1,gamma_rtd
20.400000,0.0386024983,0.0153918152,0.0124681436,30,5,1,gamma_rtd
20.450000,0.0389906920,0.0155639301,0.0126107328,30,5,1,gamma_rtd
20.500000,0.0393821827,0.0157377335,0.0127547619,30,5,1,gamma_rtd
20.550000,0.0397769915,0.0159132389,0.0129002431,30,5,1,gamma_rtd
20.600000,0.0401751393,0.0160904601,0.0130471887,30,5,1,gamma_rtd
20.650000,0.0405766472,0.0162694109,0.0131956108,30,5,1,gamma_rtd
20.700000,0.0409815364,0.0164501051,0.0133455218,30,5,1,gamma_rtd
20.750000,0.0413898281,0.0166325565,0.0134969341,30,5,1,gamma_rtd
20.800000,0.0418015436,0.0168167792,0.0136498602,30,5,1,gamma_rtd
20.850000,0.0422167042,0.0170027873,0.0138043127,30,5,1,gamma_rtd
20.900000,0.0426353311,0.0171905949,0.0139603041,30,5,1,gamma_rtd
20.950000,0.0430574459,0.0173802162,0.0141178472,30,5,1,gamma_rtd
21.000000,0.0434830700,0.0175716654,0.0142769549,30,5,1,gamma_rtd
21.050000,0.0439122249,0.0177649571,0.0144376398,30,5,1,gamma_rtd
21.100000,0.0443449322,0.0179601055,0.0145999150,30,5,1,gamma_rtd
21.150000,0.0447812134,0.0181571253,0.0147637934,30,5,1,gamma_rtd
21.200000,0.0452210903,0.0183560309,0.0149292881,30,5,1,gamma_rtd
21.250000,0.0456645845,0.0185568371,0.0150964124,30,5,1,gamma_rtd
21.300000,0.0461117178,0.0187595587,0.0152651793,30,5,1,gamma_rtd
21.350000,0.0465625119,0.0189642103,0.0154356022,30,5,1,gamma_rtd
21.400000,0.0470169887,0.0191708070,0.0156076944,30,5,1,gamma_rtd
21.450000,0.0474751701,0.0193793636,0.0157814695,30,5,1,gamma_rtd
21.500000,0.0479370779,0.0195898952,0.0159569408,30,5,1,gamma_rtd
21.550000,0.0484027342,0.0198024170,0.0161341221,30,5,1,gamma_rtd
21.600000,0.0488721609,0.0200169441,0.0163130270,30,5,1,gamma_rtd
21.650000,0.0493453801,0.0202334917,0.0164936691,30,5,1,gamma_rtd
21.700000,0.0498224138,0.0204520752,0.0166760624,30,5,1,gamma_rtd
21.750000,0.0503032841,0.0206727101,0.0168602207,30,5,1,gamma_rtd
21.800000,0.0507880133,0.0208954117,0.0170461580,30,5,1,gamma_rtd
21.850000,0.0512766234,0.0211201956,0.0172338884,30,5,1,gamma_rtd
21.900000,0.0517691366,0.0213470776,0.0174234258,30,5,1,gamma_rtd
21.950000,0.0522655753,0.0215760732,0.0176147846,30,5,1,gamma_rtd
22.000000,0.0527659617,0.0218071982,0.0178079789,30,5,1,gamma_rtd
22.050000,0.0532703180,0.0220404686,0.0180030231,30,5,1,gamma_rtd
22.100000,0.0537786667,0.0222759001,0.0181999316,30,5,1,gamma_rtd
22.150000,0.0542910301,0.0225135089,0.0183987190,30,5,1,gamma_rtd
22.200000,0.0548074305,0.0227533109,0.0185993996,30,5,1,gamma_rtd
22.250000,0.0553278904,0.0229953224,0.0188019883,30,5,1,gamma_rtd
22.300000,0.0558524322,0.0232395594,0.0190064996,30,5,1,gamma_rtd
22.350000,0.0563810784,0.0234860384,0.0192129484,30,5,1,gamma_rtd
22.400000,0.0569138515,0.0237347756,0.0194213494,30,5,1,gamma_rtd
22.450000,0.0574507740,0.0239857875,0.0196317177,30,5,1,gamma_rtd
22.500000,0.0579918683,0.0242390906,0.0198440682,30,5,1,gamma_rtd
22.550000,0.0585371571,0.0244947015,0.0200584160,30,5,1,gamma_rtd
22.600000,0.0590866628,0.0247526367,0.0202747762,30,5,1,gamma_rtd
22.650000,0.0596404082,0.0250129130,0.0204931640,30,5,1,gamma_rtd
22.700000,0.0601984157,0.0252755471,0.0207135948,30,5,1,gamma_rtd
22.750000,0.0607607079,0.0255405560,0.0209360838,30,5,1,gamma_rtd
22.800000,0.0613273076,0.0258079565,0.0211606466,30,5,1,gamma_rtd
22.850000,0.0618982372,0.0260777656,0.0213872985,30,5,1,gamma_rtd
22.900000,0.0624735195,0.0263500004,0.0216160553,30,5,1,gamma_rtd
22.950000,0.0630531771,0.0266246781,0.0218469326,30,5,1,gamma_rtd
23.000000,0.0636372326,0.0269018157,0.0220799459,30,5,1,gamma_rtd
23.050000,0.0642257088,0.0271814305,0.0223151113,30,5,1,gamma_rtd
23.100000,0.0648186282,0.0274635400,0.0225524445,30,5,1,gamma_rtd
23.150000,0.0654160135,0.0277481614,0.0227919615,30,5,1,gamma_rtd
23.200000,0.0660178875,0.0280353123,0.0230336782,30,5,1,gamma_rtd
23.250000,0.0666242727,0.0283250101,0.0232776107,30,5,1,gamma_rtd
23.300000,0.0672351919,0.0286172726,0.0235237753,30,5,1,gamma_rtd
23.350000,0.0678506676,0.0289121172,0.0237721881,30,5,1,gamma_rtd
23.400000,0.0684707227,0.0292095619,0.0240228654,30,5,1,gamma_rtd
23.450000,0.0690953796,0.0295096243,0.0242758236,30,5,1,gamma_rtd
23.500000,0.0697246612,0.0298123223,0.0245310791,30,5,1,gamma_rtd
23.550000,0.0703585899,0.0301176739,0.0247886483,30,5,1,gamma_rtd
23.600000,0.0709971885,0.0304256970,0.0250485480,30,5,1,gamma_rtd
23.650000,0.0716404796,0.0307364096,0.0253107946,30,5,1,gamma_rtd
23.700000,0.0722884857,0.0310498300,0.0255754050,30,5,1,gamma_rtd
23.750000,0.0729412295,0.0313659763,0.0258423958,30,5,1,gamma_rtd
23.800000,0.0735987335,0.0316848666,0.0261117840,30,5,1,gamma_rtd
23.850000,0.0742610203,0.0320065194,0.0263835865,30,5,1,gamma_rtd
23.900000,0.0749281125,0.0323309530,0.0266578202,30,5,1,gamma_rtd
23.950000,0.0756000325,0.0326581857,0.0269345021,30,5,1,gamma_rtd
24.000000,0.0762768029,0.0329882362,0.0272136495,30,5,1,gamma_rtd
24.050000,0.0769584462,0.0333211229,0.0274952794,30,5,1,gamma_rtd
24.100000,0.0776449847,0.0336568644,0.0277794091,30,5,1,gamma_rtd
24.150000,0.0783364409,0.0339954794,0.0280660560,30,5,1,gamma_rtd
24.200000,0.0790328373,0.0343369867,0.0283552374,30,5,1,gamma_rtd
24.250000,0.0797341961,0.0346814049,0.0286469707,30,5,1,gamma_rtd
24.300000,0.0804405397,0.0350287530,0.0289412736,30,5,1,gamma_rtd
24.350000,0.0811518904,0.0353790498,0.0292381634,30,5,1,gamma_rtd
24.400000,0.0818682705,0.0357323143,0.0295376580,30,5,1,gamma_rtd
24.450000,0.0825897021,0.0360885654,0.0298397750,30,5,1,gamma_rtd
24.500000,0.0833162076,0.0364478223,0.0301445321,30,5,1,gamma_rtd
24.550000,0.0840478090,0.0368101041,0.0304519472,30,5,1,gamma_rtd
24.600000,0.0847845284,0.0371754298,0.0307620381,30,5,1,gamma_rtd
24.650000,0.0855263879,0.0375438188,0.0310748229,30,5,1,gamma_rtd
24.700000,0.0862734095,0.0379152904,0.0313903196,30,5,1,gamma_rtd
24.750000,0.0870256153,0.0382898638,0.0317085462,30,5,1,gamma_rtd
24.800000,0.0877830270,0.0386675584,0.0320295208,30,5,1,gamma_rtd
24.850000,0.0885456666,0.0390483936,0.0323532617,30,5,1,gamma_rtd
24.900000,0.0893135560,0.0394323890,0.0326797872,30,5,1,gamma_rtd
24.950000,0.0900867168,0.0398195640,0.0330091154,30,5,1,gamma_rtd
25.000000,0.0908651708,0.0402099383,0.0333412649,30,5,1,gamma_rtd
25.050000,0.0916489396,0.0406035314,0.0336762541,30,5,1,gamma_rtd
25.100000,0.0924380448,0.0410003630,0.0340141014,30,5,1,gamma_rtd
25.150000,0.0932325080,0.0414004529,0.0343548254,30,5,1,gamma_rtd
25.200000,0.0940323505,0.0418038208,0.0346984447,30,5,1,gamma_rtd
25.250000,0.0948375939,0.0422104865,0.0350449780,30,5,1,gamma_rtd
25.300000,0.0956482595,0.0426204699,0.0353944440,30,5,1,gamma_rtd
25.350000,0.0964643684,0.0430337908,0.0357468614,30,5,1,gamma_rtd
25.400000,0.0972859420,0.0434504693,0.0361022491,30,5,1,gamma_rtd
25.450000,0.0981130013,0.0438705252,0.0364606261,30,5,1,gamma_rtd
25.500000,0.0989455673,0.0442939786,0.0368220111,30,5,1,gamma_rtd
25.550000,0.0997836611,0.0447208496,0.0371864233,30,5,1,gamma_rtd
25.600000,0.1006273035,0.0451511583,0.0375538816,30,5,1,gamma_rtd
25.650000,0.1014765154,0.0455849248,0.0379244051,30,5,1,gamma_rtd
25.700000,0.1023313174,0.0460221693,0.0382980131,30,5,1,gamma_rtd
25.750000,0.1031917302,0.0464629120,0.0386747246,30,5,1,gamma_rtd
25.800000,0.1040577744,0.0469071731,0.0390545590,30,5,1,gamma_rtd
25.850000,0.1049294704,0.0473549730,0.0394375355,30,5,1,gamma_rtd
25.900000,0.1058068386,0.0478063320,0.0398236735,30,5,1,gamma_rtd
25.950000,0.1066898992,0.0482612704,0.0402129923,30,5,1,gamma_rtd
26.000000,0.1075786726,0.0487198086,0.0406055115,30,5,1,gamma_rtd
26.050000,0.1084731787,0.0491819671,0.0410012504,30,5,1,gamma_rtd
26.100000,0.1093734375,0.0496477662,0.0414002287,30,5,1,gamma_rtd
26.150000,0.1102794690,0.0501172266,0.0418024659,30,5,1,gamma_rtd
26.200000,0.1111912929,0.0505903686,0.0422079815,30,5,1,gamma_rtd
26.250000,0.1121089290,0.0510672128,0.0426167954,30,5,1,gamma_rtd
26.300000,0.1130323967,0.0515477798,0.0430289271,30,5,1,gamma_rtd
26.350000,0.1139617156,0.0520320902,0.0434443964,30,5,1,gamma_rtd
26.400000,0.1148969050,0.0525201646,0.0438632232,30,5,1,gamma_rtd
26.450000,0.1158379841,0.0530120237,0.0442854272,30,5,1,gamma_rtd
26.500000,0.1167849721,0.0535076880,0.0447110283,30,5,1,gamma_rtd
26.550000,0.1177378881,0.0540071784,0.0451400465,30,5,1,gamma_rtd
26.600000,0.1186967508,0.0545105154,0.0455725016,30,5,1,gamma_rtd
26.650000,0.1196615790,0.0550177199,0.0460084137,30,5,1,gamma_rtd
26.700000,0.1206323914,0.0555288126,0.0464478028,30,5,1,gamma_rtd
26.750000,0.1216092066,0.0560438142,0.0468906888,30,5,1,gamma_rtd
26.800000,0.1225920428,0.0565627455,0.0473370920,30,5,1,gamma_rtd
26.850000,0.1235809184,0.0570856273,0.0477870324,30,5,1,gamma_rtd
26.900000,0.1245758514,0.0576124805,0.0482405303,30,5,1,gamma_rtd
26.950000,0.1255768600,0.0581433259,0.0486976057,30,5,1,gamma_rtd
27.000000,0.1265839618,0.0586781842,0.0491582789,30,5,1,gamma_rtd
27.050000,0.1275971747,0.0592170764,0.0496225701,30,5,1,gamma_rtd
27.100000,0.1286165162,0.0597600233,0.0500904997,30,5,1,gamma_rtd
27.150000,0.1296420037,0.0603070458,0.0505620880,30,5,1,gamma_rtd
27.200000,0.1306736545,0.0608581647,0.0510373552,30,5,1,gamma_rtd
27.250000,0.1317114857,0.0614134010,0.0515163217,30,5,1,gamma_rtd
27.300000,0.1327555144,0.0619727755,0.0519990080,30,5,1,gamma_rtd
27.350000,0.1338057573,0.0625363092,0.0524854343,30,5,1,gamma_rtd
27.400000,0.1348622312,0.0631040228,0.0529756213,30,5,1,gamma_rtd
27.450000,0.1359249525,0.0636759374,0.0534695893,30,5,1,gamma_rtd
27.500000,0.1369939376,0.0642520738,0.0539673587,30,5,1,gamma_rtd
27.550000,0.1380692028,0.0648324530,0.0544689502,30,5,1,gamma_rtd
27.600000,0.1391507639,0.0654170957,0.0549743842,30,5,1,gamma_rtd
27.650000,0.1402386370,0.0660060230,0.0554836813,30,5,1,gamma_rtd
27.700000,0.1413328376,0.0665992557,0.0559968619,30,5,1,gamma_rtd
27.750000,0.1424333814,0.0671968146,0.0565139468,30,5,1,gamma_rtd
27.800000,0.1435402836,0.0677987208,0.0570349564,30,5,1,gamma_rtd
27.850000,0.1446535595,0.0684049949,0.0575599114,30,5,1,gamma_rtd
27.900000,0.1457732240,0.0690156580,0.0580888323,30,5,1,gamma_rtd
27.950000,0.1468992920,0.0696307308,0.0586217399,30,5,1,gamma_rtd
28.000000,0.1480317781,0.0702502342,0.0591586547,30,5,1,gamma_rtd
28.050000,0.1491706968,0.0708741889,0.0596995974,30,5,1,gamma_rtd
28.100000,0.1503160623,0.0715026159,0.0602445887,30,5,1,gamma_rtd
28.150000,0.1514678886,0.0721355360,0.0607936492,30,5,1,gamma_rtd
28.200000,0.1526261898,0.0727729697,0.0613467995,30,5,1,gamma_rtd
28.250000,0.1537909794,0.0734149380,0.0619040604,30,5,1,gamma_rtd
28.300000,0.1549622709,0.0740614616,0.0624654525,30,5,1,gamma_rtd
28.350000,0.1561400778,0.0747125612,0.0630309966,30,5,1,gamma_rtd
28.400000,0.1573244129,0.0753682574,0.0636007132,30,5,1,gamma_rtd
28.450000,0.1585152893,0.0760285710,0.0641746231,30,5,1,gamma_rtd
28.500000,0.1597127196,0.0766935225,0.0647527470,30,5,1,gamma_rtd
28.550000,0.1609167163,0.0773631327,0.0653351055,30,5,1,gamma_rtd
28.600000,0.1621272917,0.0780374220,0.0659217193,30,5,1,gamma_rtd
28.650000,0.1633444577,0.0787164110,0.0665126091,30,5,1,gamma_rtd
28.700000,0.1645682263,0.0794001202,0.0671077955,30,5,1,gamma_rtd
28.750000,0.1657986091,0.0800885702,0.0677072993,30,5,1,gamma_rtd
28.800000,0.1670356174,0.0807817813,0.0683111410,30,5,1,gamma_rtd
28.850000,0.1682792625,0.0814797740,0.0689193413,30,5,1,gamma_rtd
28.900000,0.1695295553,0.0821825687,0.0695319208,30,5,1,gamma_rtd
28.950000,0.1707865064,0.0828901857,0.0701489002,30,5,1,gamma_rtd
29.000000,0.1720501265,0.0836026453,0.0707703000,30,5,1,gamma_rtd
29.050000,0.1733204258,0.0843199677,0.0713961409,30,5,1,gamma_rtd
29.100000,0.1745974143,0.0850421731,0.0720264433,30,5,1,gamma_rtd
29.150000,0.1758811018,0.0857692818,0.0726612280,30,5,1,gamma_rtd
29.200000,0.1771714978,0.0865013138,0.0733005153,30,5,1,gamma_rtd
29.250000,0.1784686117,0.0872382891,0.0739443258,30,5,1,gamma_rtd
29.300000,0.1797724526,0.0879802279,0.0745926801,30,5,1,gamma_rtd
29.350000,0.1810830292,0.0887271500,0.0752455985,30,5,1,gamma_rtd
29.400000,0.1824003502,0.0894790754,0.0759031015,30,5,1,gamma_rtd
29.450000,0.1837244239,0.0902360239,0.0765652096,30,5,1,gamma_rtd
29.500000,0.1850552583,0.0909980153,0.0772319431,30,5,1,gamma_rtd
29.550000,0.1863928613,0.0917650694,0.0779033223,30,5,1,gamma_rtd
29.600000,0.1877372404,0.0925372058,0.0785793677,30,5,1,gamma_rtd
29.650000,0.1890884029,0.0933144441,0.0792600995,30,5,1,gamma_rtd
29.700000,0.1904463560,0.0940968039,0.0799455380,30,5,1,gamma_rtd
29.750000,0.1918111063,0.0948843046,0.0806357034,30,5,1,gamma_rtd
29.800000,0.1931826603,0.0956769657,0.0813306158,30,5,1,gamma_rtd
29.850000,0.1945610243,0.0964748066,0.0820302956,30,5,1,gamma_rtd
29.900000,0.1959462044,0.0972778464,0.0827347627,30,5,1,gamma_rtd
29.950000,0.1973382060,0.0980861044,0.0834440373,30,5,1,gamma_rtd
30.000000,0.1987370348,0.0988995997,0.0841581393,30,5,1,gamma_rtd
30.050000,0.2001426958,0.0997183514,0.0848770888,30,5,1,gamma_rtd
30.100000,0.2015551939,0.1005423785,0.0856009057,30,5,1,gamma_rtd
30.150000,0.2029745336,0.1013716998,0.0863296100,30,5,1,gamma_rtd
30.200000,0.2044007194,0.1022063341,0.0870632213,30,5,1,gamma_rtd
30.250000,0.2058337551,0.1030463002,0.0878017597,30,5,1,gamma_rtd
30.300000,0.2072736444,0.1038916167,0.0885452447,30,5,1,gamma_rtd
30.350000,0.2087203909,0.1047423022,0.0892936961,30,5,1,gamma_rtd
30.400000,0.2101739976,0.1055983751,0.0900471335,30,5,1,gamma_rtd
30.450000,0.2116344674,0.1064598539,0.0908055765,30,5,1,gamma_rtd
30.500000,0.2131018028,0.1073267567,0.0915690446,30,5,1,gamma_rtd
30.550000,0.2145760061,0.1081991019,0.0923375573,30,5,1,gamma_rtd
30.600000,0.2160570791,0.1090769074,0.0931111339,30,5,1,gamma_rtd
30.650000,0.2175450235,0.1099601913,0.0938897939,30,5,1,gamma_rtd
30.700000,0.2190398406,0.1108489715,0.0946735564,30,5,1,gamma_rtd
30.750000,0.2205415315,0.1117432658,0.0954624407,30,5,1,gamma_rtd
30.800000,0.2220500968,0.1126430918,0.0962564659,30,5,1,gamma_rtd
30.850000,0.2235655369,0.1135484672,0.0970556511,30,5,1,gamma_rtd
30.900000,0.2250878519,0.1144594094,0.0978600152,30,5,1,gamma_rtd
30.950000,0.2266170415,0.1153759358,0.0986695772,30,5,1,gamma_rtd
31.000000,0.2281531052,0.1162980636,0.0994843560,30,5,1,gamma_rtd
31.050000,0.2296960421,0.1172258101,0.1003043702,30,5,1,gamma_rtd
31.100000,0.2312458509,0.1181591922,0.1011296385,30,5,1,gamma_rtd
31.150000,0.2328025300,0.1190982268,0.1019601797,30,5,1,gamma_rtd
31.200000,0.2343660777,0.1200429308,0.1027960121,30,5,1,gamma_rtd
31.250000,0.2359364918,0.1209933208,0.1036371542,30,5,1,gamma_rtd
31.300000,0.2375137696,0.1219494134,0.1044836245,30,5,1,gamma_rtd
31.350000,0.2390979083,0.1229112249,0.1053354410,30,5,1,gamma_rtd
31.400000,0.2406889047,0.1238787718,0.1061926221,30,5,1,gamma_rtd
31.450000,0.2422867552,0.1248520701,0.1070551858,30,5,1,gamma_rtd
31.500000,0.2438914560,0.1258311359,0.1079231501,30,5,1,gamma_rtd
31.550000,0.2455030028,0.1268159852,0.1087965329,30,5,1,gamma_rtd
31.600000,0.2471213911,0.1278066336,0.1096753520,30,5,1,gamma_rtd
31.650000,0.2487466158,0.1288030969,0.1105596250,30,5,1,gamma_rtd
31.700000,0.2503786718,0.1298053904,0.1114493696,30,5,1,gamma_rtd
31.750000,0.2520175533,0.1308135297,0.1123446033,30,5,1,gamma_rtd
31.800000,0.2536632545,0.1318275299,0.1132453435,30,5,1,gamma_rtd
31.850000,0.2553157689,0.1328474060,0.1141516074,30,5,1,gamma_rtd
31.900000,0.2569750900,0.1338731731,0.1150634123,30,5,1,gamma_rtd
31.950000,0.2586412105,0.1349048458,0.1159807751,30,5,1,gamma_rtd
32.000000,0.2603141232,0.1359424388,0.1169037129,30,5,1,gamma_rtd
32.050000,0.2619938201,0.1369859666,0.1178322426,30,5,1,gamma_rtd
32.100000,0.2636802933,0.1380354436,0.1187663807,30,5,1,gamma_rtd
32.150000,0.2653735341,0.1390908837,0.1197061440,30,5,1,gamma_rtd
32.200000,0.2670735337,0.1401523012,0.1206515489,30,5,1,gamma_rtd
32.250000,0.2687802829,0.1412197097,0.1216026118,30,5,1,gamma_rtd
32.300000,0.2704937720,0.1422931230,0.1225593490,30,5,1,gamma_rtd
32.350000,0.2722139910,0.1433725547,0.1235217765,30,5,1,gamma_rtd
32.400000,0.2739409296,0.1444580180,0.1244899104,30,5,1,gamma_rtd
32.450000,0.2756745770,0.1455495261,0.1254637665,30,5,1,gamma_rtd
32.500000,0.2774149221,0.1466470921,0.1264433605,30,5,1,gamma_rtd
32.550000,0.2791619533,0.1477507288,0.1274287081,30,5,1,gamma_rtd
32.600000,0.2809156588,0.1488604489,0.1284198248,30,5,1,gamma_rtd
32.650000,0.2826760264,0.1499762647,0.1294167258,30,5,1,gamma_rtd
32.700000,0.2844430432,0.1510981887,0.1304194263,30,5,1,gamma_rtd
32.750000,0.2862166964,0.1522262330,0.1314279415,30,5,1,gamma_rtd
32.800000,0.2879969724,0.1533604095,0.1324422861,30,5,1,gamma_rtd
32.850000,0.2897838575,0.1545007299,0.1334624750,30,5,1,gamma_rtd
32.900000,0.2915773374,0.1556472059,0.1344885228,30,5,1,gamma_rtd
32.950000,0.2933773975,0.1567998488,0.1355204440,30,5,1,gamma_rtd
33.000000,0.2951840227,0.1579586698,0.1365582528,30,5,1,gamma_rtd
33.050000,0.2969971978,0.1591236799,0.1376019635,30,5,1,gamma_rtd
33.100000,0.2988169068,0.1602948899,0.1386515900,30,5,1,gamma_rtd
33.150000,0.3006431336,0.1614723103,0.1397071461,30,5,1,gamma_rtd
33.200000,0.3024758615,0.1626559517,0.1407686457,30,5,1,gamma_rtd
33.250000,0.3043150737,0.1638458242,0.1418361022,30,5,1,gamma_rtd
33.300000,0.3061607525,0.1650419378,0.1429095290,30,5,1,gamma_rtd
33.350000,0.3080128803,0.1662443022,0.1439889394,30,5,1,gamma_rtd
33.400000,0.3098714387,0.1674529271,0.1450743462,30,5,1,gamma_rtd
33.450000,0.3117364093,0.1686678219,0.1461657625,30,5,1,gamma_rtd
33.500000,0.3136077728,0.1698889956,0.1472632009,30,5,1,gamma_rtd
33.550000,0.3154855100,0.1711164573,0.1483666739,30,5,1,gamma_rtd
33.600000,0.3173696008,0.1723502157,0.1494761939,30,5,1,gamma_rtd
33.650000,0.3192600250,0.1735902792,0.1505917731,30,5,1,gamma_rtd
33.700000,0.3211567620,0.1748366562,0.1517134235,30,5,1,gamma_rtd
33.750000,0.3230597906,0.1760893547,0.1528411569,30,5,1,gamma_rtd
33.800000,0.3249690892,0.1773483826,0.1539749849,30,5,1,gamma_rtd
33.850000,0.3268846360,0.1786137475,0.1551149189,30,5,1,gamma_rtd
33.900000,0.3288064086,0.1798854568,0.1562609703,30,5,1,gamma_rtd
33.950000,0.3307343842,0.1811635176,0.1574131501,30,5,1,gamma_rtd
34.000000,0.3326685396,0.1824479368,0.1585714692,30,5,1,gamma_rtd
34.050000,0.3346088512,0.1837387212,0.1597359383,30,5,1,gamma_rtd
34.100000,0.3365552948,0.1850358772,0.1609065678,30,5,1,gamma_rtd
34.150000,0.3385078461,0.1863394110,0.1620833681,30,5,1,gamma_rtd
34.200000,0.3404664802,0.1876493286,0.1632663493,30,5,1,gamma_rtd
34.250000,0.3424311716,0.1889656357,0.1644555212,30,5,1,gamma_rtd
34.300000,0.3444018947,0.1902883377,0.1656508936,30,5,1,gamma_rtd
34.350000,0.3463786233,0.1916174400,0.1668524759,30,5,1,gamma_rtd
34.400000,0.3483613307,0.1929529475,0.1680602775,30,5,1,gamma_rtd
34.450000,0.3503499900,0.1942948649,0.1692743073,30,5,1,gamma_rtd
34.500000,0.3523445736,0.1956431968,0.1704945743,30,5,1,gamma_rtd
34.550000,0.3543450536,0.1969979472,0.1717210871,30,5,1,gamma_rtd
34.600000,0.3563514018,0.1983591203,0.1729538541,30,5,1,gamma_rtd
34.650000,0.3583635893,0.1997267198,0.1741928836,30,5,1,gamma_rtd
34.700000,0.3603815870,0.2011007490,0.1754381835,30,5,1,gamma_rtd
34.750000,0.3624053652,0.2024812111,0.1766897616,30,5,1,gamma_rtd
34.800000,0.3644348938,0.2038681092,0.1779476254,30,5,1,gamma_rtd
34.850000,0.3664701424,0.2052614457,0.1792117823,30,5,1,gamma_rtd
34.900000,0.3685110800,0.2066612232,0.1804822394,30,5,1,gamma_rtd
34.950000,0.3705576752,0.2080674437,0.1817590035,30,5,1,gamma_rtd
35.000000,0.3726098962,0.2094801091,0.1830420813,30,5,1,gamma_rtd
35.050000,0.3746677108,0.2108992209,0.1843314791,30,5,1,gamma_rtd
35.100000,0.3767310863,0.2123247803,0.1856272031,30,5,1,gamma_rtd
35.150000,0.3787999895,0.2137567886,0.1869292594,30,5,1,gamma_rtd
35.200000,0.3808743870,0.2151952462,0.1882376534,30,5,1,gamma_rtd
35.250000,0.3829542446,0.2166401538,0.1895523907,30,5,1,gamma_rtd
35.300000,0.3850395279,0.2180915114,0.1908734765,30,5,1,gamma_rtd
35.350000,0.3871302022,0.2195493189,0.1922009157,30,5,1,gamma_rtd
35.400000,0.3892262320,0.2210135759,0.1935347131,30,5,1,gamma_rtd
35.450000,0.3913275815,0.2224842817,0.1948748730,30,5,1,gamma_rtd
35.500000,0.3934342147,0.2239614353,0.1962213998,30,5,1,gamma_rtd
35.550000,0.3955460948,0.2254450355,0.1975742973,30,5,1,gamma_rtd
35.600000,0.3976631848,0.2269350805,0.1989335692,30,5,1,gamma_rtd
35.650000,0.3997854472,0.2284315686,0.2002992191,30,5,1,gamma_rtd
35.700000,0.4019128439,0.2299344975,0.2016712499,30,5,1,gamma_rtd
35.750000,0.4040453367,0.2314438647,0.2030496648,30,5,1,gamma_rtd
35.800000,0.4061828866,0.2329596676,0.2044344662,30,5,1,gamma_rtd
35.850000,0.4083254544,0.2344819028,0.2058256567,30,5,1,gamma_rtd
35.900000,0.4104730003,0.2360105672,0.2072232383,30,5,1,gamma_rtd
35.950000,0.4126254842,0.2375456569,0.2086272129,30,5,1,gamma_rtd
36.000000,0.4147828655,0.2390871679,0.2100375821,30,5,1,gamma_rtd
36.050000,0.4169451032,0.2406350959,0.2114543471,30,5,1,gamma_rtd
36.100000,0.4191121558,0.2421894362,0.2128775090,30,5,1,gamma_rtd
36.150000,0.4212839813,0.2437501839,0.2143070686,30,5,1,gamma_rtd
36.200000,0.4234605374,0.2453173337,0.2157430263,30,5,1,gamma_rtd
36.250000,0.4256417813,0.2468908800,0.2171853823,30,5,1,gamma_rtd
36.300000,0.4278276699,0.2484708169,0.2186341365,30,5,1,gamma_rtd
36.350000,0.4300181593,0.2500571381,0.2200892886,30,5,1,gamma_rtd
36.400000,0.4322132055,0.2516498370,0.2215508378,30,5,1,gamma_rtd
36.450000,0.4344127640,0.2532489068,0.2230187833,30,5,1,gamma_rtd
36.500000,0.4366167897,0.2548543402,0.2244931239,30,5,1,gamma_rtd
36.550000,0.4388252373,0.2564661297,0.2259738578,30,5,1,gamma_rtd
36.600000,0.4410380610,0.2580842674,0.2274609835,30,5,1,gamma_rtd
36.650000,0.4432552143,0.2597087450,0.2289544987,30,5,1,gamma_rtd
36.700000,0.4454766507,0.2613395541,0.2304544010,30,5,1,gamma_rtd
36.750000,0.4477023229,0.2629766857,0.2319606877,30,5,1,gamma_rtd
36.800000,0.4499321833,0.2646201307,0.2334733557,30,5,1,gamma_rtd
36.850000,0.4521661841,0.2662698794,0.2349924019,30,5,1,gamma_rtd
36.900000,0.4544042766,0.2679259219,0.2365178224,30,5,1,gamma_rtd
36.950000,0.4566464121,0.2695882481,0.2380496135,30,5,1,gamma_rtd
37.000000,0.4588925413,0.2712568473,0.2395877709,30,5,1,gamma_rtd
37.050000,0.4611426143,0.2729317086,0.2411322900,30,5,1,gamma_rtd
37.100000,0.4633965810,0.2746128207,0.2426831659,30,5,1,gamma_rtd
37.150000,0.4656543910,0.2763001720,0.2442403936,30,5,1,gamma_rtd
37.200000,0.4679159930,0.2779937506,0.2458039674,30,5,1,gamma_rtd
37.250000,0.4701813358,0.2796935440,0.2473738817,30,5,1,gamma_rtd
37.300000,0.4724503674,0.2813995396,0.2489501302,30,5,1,gamma_rtd
37.350000,0.4747230357,0.2831117244,0.2505327066,30,5,1,gamma_rtd
37.400000,0.4769992878,0.2848300851,0.2521216040,30,5,1,gamma_rtd
37.450000,0.4792790706,0.2865546077,0.2537168155,30,5,1,gamma_rtd
37.500000,0.4815623307,0.2882852784,0.2553183335,30,5,1,gamma_rtd
37.550000,0.4838490141,0.2900220825,0.2569261504,30,5,1,gamma_rtd
37.600000,0.4861390664,0.2917650054,0.2585402580,30,5,1,gamma_rtd
37.650000,0.4884324328,0.2935140318,0.2601606481,30,5,1,gamma_rtd
37.700000,0.4907290581,0.2952691461,0.2617873118,30,5,1,gamma_rtd
37.750000,0.4930288868,0.2970303325,0.2634202401,30,5,1,gamma_rtd
37.800000,0.4953318628,0.2987975748,0.2650594237,30,5,1,gamma_rtd
37.850000,0.4976379296,0.3005708561,0.2667048527,30,5,1,gamma_rtd
37.900000,0.4999470306,0.3023501597,0.2683565172,30,5,1,gamma_rtd
37.950000,0.5022591084,0.3041354681,0.2700144067,30,5,1,gamma_rtd
38.000000,0.5045741054,0.3059267635,0.2716785105,30,5,1,gamma_rtd
38.050000,0.5068919635,0.3077240279,0.2733488175,30,5,1,gamma_rtd
38.100000,0.5092126244,0.3095272428,0.2750253163,30,5,1,gamma_rtd
38.150000,0.5115360292,0.3113363892,0.2767079951,30,5,1,gamma_rtd
38.200000,0.5138621186,0.3131514481,0.2783968418,30,5,1,gamma_rtd
38.250000,0.5161908331,0.3149723998,0.2800918440,30,5,1,gamma_rtd
38.300000,0.5185221126,0.3167992243,0.2817929888,30,5,1,gamma_rtd
38.350000,0.5208558967,0.3186319012,0.2835002630,30,5,1,gamma_rtd
38.400000,0.5231921246,0.3204704099,0.2852136532,30,5,1,gamma_rtd
38.450000,0.5255307352,0.3223147292,0.2869331455,30,5,1,gamma_rtd
38.500000,0.5278716669,0.3241648376,0.2886587257,30,5,1,gamma_rtd
38.550000,0.5302148576,0.3260207133,0.2903903792,30,5,1,gamma_rtd
38.600000,0.5325602452,0.3278823340,0.2921280911,30,5,1,gamma_rtd
38.650000,0.5349077669,0.3297496771,0.2938718461,30,5,1,gamma_rtd
38.700000,0.5372573595,0.3316227195,0.2956216286,30,5,1,gamma_rtd
38.750000,0.5396089598,0.3335014379,0.2973774225,30,5,1,gamma_rtd
38.800000,0.5419625037,0.3353858084,0.2991392115,30,5,1,gamma_rtd
38.850000,0.5443179272,0.3372758070,0.3009069789,30,5,1,gamma_rtd
38.900000,0.5466751657,0.3391714090,0.3026807076,30,5,1,gamma_rtd
38.950000,0.5490341542,0.3410725896,0.3044603801,30,5,1,gamma_rtd
39.000000,0.5513948274,0.3429793233,0.3062459786,30,5,1,gamma_rtd
39.050000,0.5537571198,0.3448915845,0.3080374850,30,5,1,gamma_rtd
39.100000,0.5561209652,0.3468093470,0.3098348806,30,5,1,gamma_rtd
39.150000,0.5584862975,0.3487325844,0.3116381466,30,5,1,gamma_rtd
39.200000,0.5608530497,0.3506612698,0.3134472637,30,5,1,gamma_rtd
39.250000,0.5632211549,0.3525953758,0.3152622122,30,5,1,gamma_rtd
39.300000,0.5655905457,0.3545348750,0.3170829721,30,5,1,gamma_rtd
39.350000,0.5679611544,0.3564797391,0.3189095229,30,5,1,gamma_rtd
39.400000,0.5703329127,0.3584299397,0.3207418440,30,5,1,gamma_rtd
39.450000,0.5727057524,0.3603854481,0.3225799141,30,5,1,gamma_rtd
39.500000,0.5750796046,0.3623462349,0.3244237118,30,5,1,gamma_rtd
39.550000,0.5774544002,0.3643122706,0.3262732150,30,5,1,gamma_rtd
39.600000,0.5798300699,0.3662835250,0.3281284017,30,5,1,gamma_rtd
39.650000,0.5822065439,0.3682599679,0.3299892490,30,5,1,gamma_rtd
39.700000,0.5845837520,0.3702415684,0.3318557340,30,5,1,gamma_rtd
39.750000,0.5869616240,0.3722282953,0.3337278332,30,5,1,gamma_rtd
39.800000,0.5893400890,0.3742201170,0.3356055229,30,5,1,gamma_rtd
39.850000,0.5917190761,0.3762170016,0.3374887789,30,5,1,gamma_rtd
39.900000,0.5940985139,0.3782189166,0.3393775766,30,5,1,gamma_rtd
39.950000,0.5964783308,0.3802258292,0.3412718911,30,5,1,gamma_rtd
40.000000,0.5988584548,0.3822377063,0.3431716971,30,5,1,gamma_rtd
40.050000,0.6012388137,0.3842545144,0.3450769688,30,5,1,gamma_rtd
40.100000,0.6036193349,0.3862762194,0.3469876803,30,5,1,gamma_rtd
40.150000,0.6059999455,0.3883027870,0.3489038049,30,5,1,gamma_rtd
40.200000,0.6083805725,0.3903341825,0.3508253160,30,5,1,gamma_rtd
40.250000,0.6107611423,0.3923703706,0.3527521861,30,5,1,gamma_rtd
40.300000,0.6131415814,0.3944113159,0.3546843878,30,5,1,gamma_rtd
40.350000,0.6155218156,0.3964569824,0.3566218929,30,5,1,gamma_rtd
40.400000,0.6179017707,0.3985073338,0.3585646732,30,5,1,gamma_rtd
40.450000,0.6202813722,0.4005623334,0.3605126997,30,5,1,gamma_rtd
40.500000,0.6226605452,0.4026219439,0.3624659434,30,5,1,gamma_rtd
40.550000,0.6250392146,0.4046861280,0.3644243747,30,5,1,gamma_rtd
40.600000,0.6274173052,0.4067548476,0.3663879635,30,5,1,gamma_rtd
40.650000,0.6297947412,0.4088280646,0.3683566797,30,5,1,gamma_rtd
40.700000,0.6321714468,0.4109057401,0.3703304924,30,5,1,gamma_rtd
40.750000,0.6345473459,0.4129878351,0.3723093706,30,5,1,gamma_rtd
40.800000,0.6369223622,0.4150743102,0.3742932827,30,5,1,gamma_rtd
40.850000,0.6392964189,0.4171651253,0.3762821969,30,5,1,gamma_rtd
40.900000,0.6416694393,0.4192602403,0.3782760809,30,5,1,gamma_rtd
40.950000,0.6440413462,0.4213596145,0.3802749019,30,5,1,gamma_rtd
41.000000,0.6464120623,0.4234632068,0.3822786270,30,5,1,gamma_rtd
41.050000,0.6487815100,0.4255709758,0.3842872226,30,5,1,gamma_rtd
41.100000,0.6511496116,0.4276828796,0.3863006550,30,5,1,gamma_rtd
41.150000,0.6535162891,0.4297988761,0.3883188899,30,5,1,gamma_rtd
41.200000,0.6558814642,0.4319189225,0.3903418927,30,5,1,gamma_rtd
41.250000,0.6582450584,0.4340429760,0.3923696284,30,5,1,gamma_rtd
41.300000,0.6606069932,0.4361709930,0.3944020616,30,5,1,gamma_rtd
41.350000,0.6629671896,0.4383029299,0.3964391564,30,5,1,gamma_rtd
41.400000,0.6653255686,0.4404387425,0.3984808767,30,5,1,gamma_rtd
41.450000,0.6676820510,0.4425783862,0.4005271860,30,5,1,gamma_rtd
41.500000,0.6700365573,0.4447218160,0.4025780472,30,5,1,gamma_rtd
41.550000,0.6723890078,0.4468689867,0.4046334231,30,5,1,gamma_rtd
41.600000,0.6747393227,0.4490198525,0.4066932758,30,5,1,gamma_rtd
41.650000,0.6770874221,0.4511743674,0.4087575673,30,5,1,gamma_rtd
41.700000,0.6794332257,0.4533324849,0.4108262591,30,5,1,gamma_rtd
41.750000,0.6817766532,0.4554941582,0.4128993122,30,5,1,gamma_rtd
41.800000,0.6841176240,0.4576593399,0.4149766873,30,5,1,gamma_rtd
41.850000,0.6864560575,0.4598279826,0.4170583448,30,5,1,gamma_rtd
41.900000,0.6887918728,0.4620000382,0.4191442447,30,5,1,gamma_rtd
41.950000,0.6911249889,0.4641754583,0.4212343464,30,5,1,gamma_rtd
42.000000,0.6934553248,0.4663541943,0.4233286091,30,5,1,gamma_rtd
42.050000,0.6957827990,0.4685361970,0.4254269917,30,5,1,gamma_rtd
42.100000,0.6981073301,0.4707214170,0.4275294525,30,5,1,gamma_rtd
42.150000,0.7004288366,0.4729098043,0.4296359494,30,5,1,gamma_rtd
42.200000,0.7027472368,0.4751013088,0.4317464402,30,5,1,gamma_rtd
42.250000,0.7050624487,0.4772958798,0.4338608821,30,5,1,gamma_rtd
42.300000,0.7073743906,0.4794934665,0.4359792319,30,5,1,gamma_rtd
42.350000,0.7096829803,0.4816940174,0.4381014462,30,5,1,gamma_rtd
42.400000,0.7119881356,0.4838974809,0.4402274810,30,5,1,gamma_rtd
42.450000,0.7142897742,0.4861038049,0.4423572920,30,5,1,gamma_rtd
42.500000,0.7165878137,0.4883129371,0.4444908346,30,5,1,gamma_rtd
42.550000,0.7188821716,0.4905248245,0.4466280638,30,5,1,gamma_rtd
42.600000,0.7211727654,0.4927394142,0.4487689341,30,5,1,gamma_rtd
42.650000,0.7234595123,0.4949566525,0.4509133997,30,5,1,gamma_rtd
42.700000,0.7257423296,0.4971764856,0.4530614145,30,5,1,gamma_rtd
42.750000,0.7280211345,0.4993988594,0.4552129319,30,5,1,gamma_rtd
42.800000,0.7302958440,0.5016237193,0.4573679050,30,5,1,gamma_rtd
42.850000,0.7325663750,0.5038510103,0.4595262865,30,5,1,gamma_rtd
42.900000,0.7348326447,0.5060806771,0.4616880288,30,5,1,gamma_rtd
42.950000,0.7370945698,0.5083126643,0.4638530838,30,5,1,gamma_rtd
43.000000,0.7393520672,0.5105469158,0.4660214032,30,5,1,gamma_rtd
43.050000,0.7416050536,0.5127833753,0.4681929380,30,5,1,gamma_rtd
43.100000,0.7438534458,0.5150219862,0.4703676393,30,5,1,gamma_rtd
43.150000,0.7460971605,0.5172626915,0.4725454575,30,5,1,gamma_rtd
43.200000,0.7483361143,0.5195054339,0.4747263428,30,5,1,gamma_rtd
43.250000,0.7505702239,0.5217501557,0.4769102448,30,5,1,gamma_rtd
43.300000,0.7527994058,0.5239967989,0.4790971131,30,5,1,gamma_rtd
43.350000,0.7550235767,0.5262453053,0.4812868966,30,5,1,gamma_rtd
43.400000,0.7572426531,0.5284956161,0.4834795440,30,5,1,gamma_rtd
43.450000,0.7594565515,0.5307476724,0.4856750038,30,5,1,gamma_rtd
43.500000,0.7616651885,0.5330014148,0.4878732238,30,5,1,gamma_rtd
43.550000,0.7638684807,0.5352567837,0.4900741516,30,5,1,gamma_rtd
43.600000,0.7660663446,0.5375137193,0.4922777346,30,5,1,gamma_rtd
43.650000,0.7682586968,0.5397721611,0.4944839196,30,5,1,gamma_rtd
43.700000,0.7704454538,0.5420320486,0.4966926532,30,5,1,gamma_rtd
43.750000,0.7726265323,0.5442933209,0.4989038816,30,5,1,gamma_rtd
43.800000,0.7748018488,0.5465559168,0.5011175507,30,5,1,gamma_rtd
43.850000,0.7769713201,0.5488197748,0.5033336059,30,5,1,gamma_rtd
43.900000,0.7791348629,0.5510848329,0.5055519926,30,5,1,gamma_rtd
43.950000,0.7812923938,0.5533510291,0.5077726554,30,5,1,gamma_rtd
44.000000,0.7834438297,0.5556183009,0.5099955389,30,5,1,gamma_rtd
44.050000,0.7855890874,0.5578865855,0.5122205873,30,5,1,gamma_rtd
44.100000,0.7877280838,0.5601558200,0.5144477443,30,5,1,gamma_rtd
44.150000,0.7898607358,0.5624259409,0.5166769534,30,5,1,gamma_rtd
44.200000,0.7919869606,0.5646968847,0.5189081579,30,5,1,gamma_rtd
44.250000,0.7941066750,0.5669685873,0.5211413005,30,5,1,gamma_rtd
44.300000,0.7962197965,0.5692409847,0.5233763236,30,5,1,gamma_rtd
44.350000,0.7983262422,0.5715140122,0.5256131695,30,5,1,gamma_rtd
44.400000,0.8004259294,0.5737876051,0.5278517800,30,5,1,gamma_rtd
44.450000,0.8025187756,0.5760616984,0.5300920967,30,5,1,gamma_rtd
44.500000,0.8046046984,0.5783362266,0.5323340606,30,5,1,gamma_rtd
44.550000,0.8066836155,0.5806111243,0.5345776127,30,5,1,gamma_rtd
44.600000,0.8087554445,0.5828863254,0.5368226936,30,5,1,gamma_rtd
44.650000,0.8108201033,0.5851617638,0.5390692434,30,5,1,gamma_rtd
44.700000,0.8128775100,0.5874373732,0.5413172021,30,5,1,gamma_rtd
44.750000,0.8149275827,0.5897130868,0.5435665094,30,5,1,gamma_rtd
44.800000,0.8169702396,0.5919888377,0.5458171046,30,5,1,gamma_rtd
44.850000,0.8190053991,0.5942645587,0.5480689266,30,5,1,gamma_rtd
44.900000,0.8210329798,0.5965401823,0.5503219141,30,5,1,gamma_rtd
44.950000,0.8230529004,0.5988156408,0.5525760057,30,5,1,gamma_rtd
45.000000,0.8250650797,0.6010908663,0.5548311393,30,5,1,gamma_rtd
45.050000,0.8270694367,0.6033657906,0.5570872528,30,5,1,gamma_rtd
45.100000,0.8290658906,0.6056403452,0.5593442837,30,5,1,gamma_rtd
45.150000,0.8310543607,0.6079144614,0.5616021693,30,5,1,gamma_rtd
45.200000,0.8330347665,0.6101880704,0.5638608464,30,5,1,gamma_rtd
45.250000,0.8350070277,0.6124611030,0.5661202518,30,5,1,gamma_rtd
45.300000,0.8369710641,0.6147334897,0.5683803218,30,5,1,gamma_rtd
45.350000,0.8389267960,0.6170051611,0.5706409924,30,5,1,gamma_rtd
45.400000,0.8408741435,0.6192760473,0.5729021996,30,5,1,gamma_rtd
45.450000,0.8428130270,0.6215460783,0.5751638789,30,5,1,gamma_rtd
45.500000,0.8447433674,0.6238151837,0.5774259654,30,5,1,gamma_rtd
45.550000,0.8466650854,0.6260832932,0.5796883943,30,5,1,gamma_rtd
45.600000,0.8485781021,0.6283503360,0.5819511002,30,5,1,gamma_rtd
45.650000,0.8504823390,0.6306162413,0.5842140177,30,5,1,gamma_rtd
45.700000,0.8523777175,0.6328809379,0.5864770808,30,5,1,gamma_rtd
45.750000,0.8542641595,0.6351443547,0.5887402236,30,5,1,gamma_rtd
45.800000,0.8561415869,0.6374064200,0.5910033798,30,5,1,gamma_rtd
45.850000,0.8580099221,0.6396670623,0.5932664828,30,5,1,gamma_rtd
45.900000,0.8598690876,0.6419262097,0.5955294657,30,5,1,gamma_rtd
45.950000,0.8617190062,0.6441837902,0.5977922617,30,5,1,gamma_rtd
46.000000,0.8635596010,0.6464397314,0.6000548032,30,5,1,gamma_rtd
46.050000,0.8653907951,0.6486939611,0.6023170228,30,5,1,gamma_rtd
46.100000,0.8672125123,0.6509464067,0.6045788528,30,5,1,gamma_rtd
46.150000,0.8690246764,0.6531969953,0.6068402251,30,5,1,gamma_rtd
46.200000,0.8708272115,0.6554456542,0.6091010715,30,5,1,gamma_rtd
46.250000,0.8726200421,0.6576923101,0.6113613234,30,5,1,gamma_rtd
46.300000,0.8744030929,0.6599368900,0.6136209123,30,5,1,gamma_rtd
46.350000,0.8761762889,0.6621793205,0.6158797692,30,5,1,gamma_rtd
46.400000,0.8779395554,0.6644195279,0.6181378250,30,5,1,gamma_rtd
46.450000,0.8796928181,0.6666574386,0.6203950102,30,5,1,gamma_rtd
46.500000,0.8814360029,0.6688929788,0.6226512555,30,5,1,gamma_rtd
46.550000,0.8831690361,0.6711260746,0.6249064910,30,5,1,gamma_rtd
46.600000,0.8848918443,0.6733566518,0.6271606466,30,5,1,gamma_rtd
46.650000,0.8866043544,0.6755846362,0.6294136524,30,5,1,gamma_rtd
46.700000,0.8883064937,0.6778099534,0.6316654379,30,5,1,gamma_rtd
46.750000,0.8899981897,0.6800325290,0.6339159324,30,5,1,gamma_rtd
46.800000,0.8916793704,0.6822522885,0.6361650654,30,5,1,gamma_rtd
46.850000,0.8933499641,0.6844691569,0.6384127658,30,5,1,gamma_rtd
46.900000,0.8950098994,0.6866830597,0.6406589625,30,5,1,gamma_rtd
46.950000,0.8966591053,0.6888939217,0.6429035842,30,5,1,gamma_rtd
47.000000,0.8982975113,0.6911016681,0.6451465594,30,5,1,gamma_rtd
47.050000,0.8999250469,0.6933062236,0.6473878165,30,5,1,gamma_rtd
47.100000,0.9015416425,0.6955075131,0.6496272837,30,5,1,gamma_rtd
47.150000,0.9031472283,0.6977054611,0.6518648889,30,5,1,gamma_rtd
47.200000,0.9047417354,0.6998999924,0.6541005599,30,5,1,gamma_rtd
47.250000,0.9063250950,0.7020910314,0.6563342246,30,5,1,gamma_rtd
47.300000,0.9078972387,0.7042785026,0.6585658104,30,5,1,gamma_rtd
47.350000,0.9094580987,0.7064623303,0.6607952447,30,5,1,gamma_rtd
47.400000,0.9110076073,0.7086424389,0.6630224548,30,5,1,gamma_rtd
47.450000,0.9125456975,0.7108187525,0.6652473677,30,5,1,gamma_rtd
47.500000,0.9140723026,0.7129911954,0.6674699103,30,5,1,gamma_rtd
47.550000,0.9155873562,0.7151596916,0.6696900096,30,5,1,gamma_rtd
47.600000,0.9170907925,0.7173241652,0.6719075921,30,5,1,gamma_rtd
47.650000,0.9185825461,0.7194845402,0.6741225845,30,5,1,gamma_rtd
47.700000,0.9200625520,0.7216407407,0.6763349132,30,5,1,gamma_rtd
47.750000,0.9215307455,0.7237926904,0.6785445045,30,5,1,gamma_rtd
47.800000,0.9229870626,0.7259403134,0.6807512846,30,5,1,gamma_rtd
47.850000,0.9244314396,0.7280835335,0.6829551795,30,5,1,gamma_rtd
47.900000,0.9258638133,0.7302222744,0.6851561153,30,5,1,gamma_rtd
47.950000,0.9272841209,0.7323564602,0.6873540178,30,5,1,gamma_rtd
48.000000,0.9286923001,0.7344860144,0.6895488128,30,5,1,gamma_rtd
48.050000,0.9300882891,0.7366108611,0.6917404260,30,5,1,gamma_rtd
48.100000,0.9314720265,0.7387309238,0.6939287830,30,5,1,gamma_rtd
48.150000,0.9328434514,0.7408461264,0.6961138092,30,5,1,gamma_rtd
48.200000,0.9342025033,0.7429563927,0.6982954300,30,5,1,gamma_rtd
48.250000,0.9355491225,0.7450616465,0.7004735709,30,5,1,gamma_rtd
48.300000,0.9368832493,0.7471618115,0.7026481570,30,5,1,gamma_rtd
48.350000,0.9382048250,0.7492568115,0.7048191135,30,5,1,gamma_rtd
48.400000,0.9395137909,0.7513465705,0.7069863656,30,5,1,gamma_rtd
48.450000,0.9408100892,0.7534310121,0.7091498383,30,5,1,gamma_rtd
48.500000,0.9420936624,0.7555100604,0.7113094567,30,5,1,gamma_rtd
48.550000,0.9433644537,0.7575836393,0.7134651456,30,5,1,gamma_rtd
48.600000,0.9446224064,0.7596516726,0.7156168299,30,5,1,gamma_rtd
48.650000,0.9458674649,0.7617140843,0.7177644345,30,5,1,gamma_rtd
48.700000,0.9470995736,0.7637707986,0.7199078842,30,5,1,gamma_rtd
48.750000,0.9483186777,0.7658217395,0.7220471038,30,5,1,gamma_rtd
48.800000,0.9495247229,0.7678668311,0.7241820180,30,5,1,gamma_rtd
48.850000,0.9507176554,0.7699059976,0.7263125514,30,5,1,gamma_rtd
48.900000,0.9518974220,0.7719391634,0.7284386289,30,5,1,gamma_rtd
48.950000,0.9530639699,0.7739662527,0.7305601750,30,5,1,gamma_rtd
49.000000,0.9542172470,0.7759871899,0.7326771144,30,5,1,gamma_rtd
49.050000,0.9553572016,0.7780018997,0.7347893717,30,5,1,gamma_rtd
49.100000,0.9564837828,0.7800103064,0.7368968716,30,5,1,gamma_rtd
49.150000,0.9575969399,0.7820123349,0.7389995386,30,5,1,gamma_rtd
49.200000,0.9586966231,0.7840079098,0.7410972974,30,5,1,gamma_rtd
49.250000,0.9597827830,0.7859969561,0.7431900727,30,5,1,gamma_rtd
49.300000,0.9608553708,0.7879793986,0.7452777890,30,5,1,gamma_rtd
49.350000,0.9619143382,0.7899551624,0.7473603711,30,5,1,gamma_rtd
49.400000,0.9629596376,0.7919241728,0.7494377436,30,5,1,gamma_rtd
49.450000,0.9639912219,0.7938863549,0.7515098312,30,5,1,gamma_rtd
49.500000,0.9650090446,0.7958416343,0.7535765586,30,5,1,gamma_rtd
49.550000,0.9660130599,0.7977899364,0.7556378507,30,5,1,gamma_rtd
49.600000,0.9670032223,0.7997311870,0.7576936322,30,5,1,gamma_rtd
49.650000,0.9679794872,0.8016653118,0.7597438279,30,5,1,gamma_rtd
49.700000,0.9689418105,0.8035922368,0.7617883628,30,5,1,gamma_rtd
49.750000,0.9698901486,0.8055118881,0.7638271618,30,5,1,gamma_rtd
49.800000,0.9708244585,0.8074241919,0.7658601499,30,5,1,gamma_rtd
49.850000,0.9717446981,0.8093290745,0.7678872521,30,5,1,gamma_rtd
49.900000,0.9726508255,0.8112264627,0.7699083937,30,5,1,gamma_rtd
49.950000,0.9735427998,0.8131162830,0.7719234997,30,5,1,gamma_rtd
50.000000,0.9744205803,0.8149984624,0.7739324954,30,5,1,gamma_rtd
50.050000,0.9752841273,0.8168729278,0.7759353063,30,5,1,gamma_rtd
50.100000,0.9761334015,0.8187396067,0.7779318576,30,5,1,gamma_rtd
50.150000,0.9769683644,0.8205984263,0.7799220750,30,5,1,gamma_rtd
50.200000,0.9777889779,0.8224493143,0.7819058841,30,5,1,gamma_rtd
50.250000,0.9785952047,0.8242921984,0.7838832105,30,5,1,gamma_rtd
50.300000,0.9793870081,0.8261270067,0.7858539801,30,5,1,gamma_rtd
50.350000,0.9801643519,0.8279536674,0.7878181188,30,5,1,gamma_rtd
50.400000,0.9809272009,0.8297721088,0.7897755526,30,5,1,gamma_rtd
50.450000,0.9816755201,0.8315822595,0.7917262077,30,5,1,gamma_rtd
50.500000,0.9824092755,0.8333840485,0.7936700102,30,5,1,gamma_rtd
50.550000,0.9831284334,0.8351774047,0.7956068867,30,5,1,gamma_rtd
50.600000,0.9838329612,0.8369622573,0.7975367637,30,5,1,gamma_rtd
50.650000,0.9845228265,0.8387385360,0.7994595677,30,5,1,gamma_rtd
50.700000,0.9851979978,0.8405061704,0.8013752256,30,5,1,gamma_rtd
50.750000,0.9858584443,0.8422650905,0.8032836643,30,5,1,gamma_rtd
50.800000,0.9865041357,0.8440152264,0.8051848109,30,5,1,gamma_rtd
50.850000,0.9871350424,0.8457565088,0.8070785926,30,5,1,gamma_rtd
50.900000,0.9877511356,0.8474888682,0.8089649368,30,5,1,gamma_rtd
50.950000,0.9883523870,0.8492122356,0.8108437711,30,5,1,gamma_rtd
51.000000,0.9889387691,0.8509265424,0.8127150232,30,5,1,gamma_rtd
51.050000,0.9895102549,0.8526317198,0.8145786210,30,5,1,gamma_rtd
51.100000,0.9900668182,0.8543276999,0.8164344925,30,5,1,gamma_rtd
51.150000,0.9906084335,0.8560144144,0.8182825661,30,5,1,gamma_rtd
51.200000,0.9911350760,0.8576917959,0.8201227700,30,5,1,gamma_rtd
51.250000,0.9916467213,0.8593597769,0.8219550330,30,5,1,gamma_rtd
51.300000,0.9921433461,0.8610182902,0.8237792839,30,5,1,gamma_rtd
51.350000,0.9926249275,0.8626672692,0.8255954517,30,5,1,gamma_rtd
51.400000,0.9930914433,0.8643066471,0.8274034656,30,5,1,gamma_rtd
51.450000,0.9935428721,0.8659363580,0.8292032550,30,5,1,gamma_rtd
51.500000,0.9939791931,0.8675563357,0.8309947495,30,5,1,gamma_rtd
51.550000,0.9944003863,0.8691665148,0.8327778791,30,5,1,gamma_rtd
51.600000,0.9948064322,0.8707668299,0.8345525738,30,5,1,gamma_rtd
51.650000,0.9951973122,0.8723572161,0.8363187639,30,5,1,gamma_rtd
51.700000,0.9955730081,0.8739376088,0.8380763800,30,5,1,gamma_rtd
51.750000,0.9959335029,0.8755079436,0.8398253528,30,5,1,gamma_rtd
51.800000,0.9962787797,0.8770681565,0.8415656132,30,5,1,gamma_rtd
51.850000,0.9966088228,0.8786181840,0.8432970927,30,5,1,gamma_rtd
51.900000,0.9969236168,0.8801579627,0.8450197227,30,5,1,gamma_rtd
51.950000,0.9972231473,0.8816874296,0.8467334348,30,5,1,gamma_rtd
52.000000,0.9975074004,0.8832065222,0.8484381613,30,5,1,gamma_rtd
52.050000,0.9977763631,0.8847151783,0.8501338343,30,5,1,gamma_rtd
52.100000,0.9980300230,0.8862133359,0.8518203863,30,5,1,gamma_rtd
52.150000,0.9982683682,0.8877009334,0.8534977503,30,5,1,gamma_rtd
52.200000,0.9984913879,0.8891779098,0.8551658592,30,5,1,gamma_rtd
52.250000,0.9986990716,0.8906442043,0.8568246465,30,5,1,gamma_rtd
52.300000,0.9988914099,0.8920997564,0.8584740458,30,5,1,gamma_rtd
52.350000,0.9990683939,0.8935445061,0.8601139910,30,5,1,gamma_rtd
52.400000,0.9992300153,0.8949783938,0.8617444165,30,5,1,gamma_rtd
52.450000,0.9993762668,0.8964013602,0.8633652567,30,5,1,gamma_rtd
52.500000,0.9995071415,0.8978133464,0.8649764465,30,5,1,gamma_rtd
52.550000,0.9996226334,0.8992142939,0.8665779210,30,5,1,gamma_rtd
52.600000,0.9997227372,0.9006041448,0.8681696157,30,5,1,gamma_rtd
52.650000,0.9998074482,0.9019828413,0.8697514663,30,5,1,gamma_rtd
52.700000,0.9998767626,0.9033503261,0.8713234090,30,5,1,gamma_rtd
52.750000,0.9999306771,0.9047065424,0.8728853802,30,5,1,gamma_rtd
52.800000,0.9999691892,0.9060514338,0.8744373166,30,5,1,gamma_rtd
52.850000,0.9999922972,0.9073849443,0.8759791553,30,5,1,gamma_rtd
52.900000,1.0000000000,0.9087070183,0.8775108337,30,5,1,gamma_rtd
52.950000,0.9999922972,0.9100176006,0.8790322896,30,5,1,gamma_rtd
53.000000,0.9999691892,0.9113166364,0.8805434610,30,5,1,gamma_rtd
53.050000,0.9999306771,0.9126040716,0.8820442865,30,5,1,gamma_rtd
53.100000,0.9998767626,0.9138798522,0.8835347048,30,5,1,gamma_rtd
53.150000,0.9998074482,0.9151439248,0.8850146551,30,5,1,gamma_rtd
53.200000,0.9997227372,0.9163962365,0.8864840769,30,5,1,gamma_rtd
53.250000,0.9996226334,0.9176367348,0.8879429102,30,5,1,gamma_rtd
53.300000,0.9995071415,0.9188653675,0.8893910951,30,5,1,gamma_rtd
53.350000,0.9993762668,0.9200820831,0.8908285723,30,5,1,gamma_rtd
53.400000,0.9992300153,0.9212868305,0.8922552829,30,5,1,gamma_rtd
53.450000,0.9990683939,0.9224795590,0.8936711681,30,5,1,gamma_rtd
53.500000,0.9988914099,0.9236602183,0.8950761699,30,5,1,gamma_rtd
53.550000,0.9986990716,0.9248287587,0.8964702304,30,5,1,gamma_rtd
53.600000,0.9984913879,0.9259851311,0.8978532922,30,5,1,gamma_rtd
53.650000,0.9982683682,0.9271292865,0.8992252981,30,5,1,gamma_rtd
53.700000,0.9980300230,0.9282611767,0.9005861917,30,5,1,gamma_rtd
53.750000,0.9977763631,0.9293807539,0.9019359167,30,5,1,gamma_rtd
53.800000,0.9975074004,0.9304879707,0.9032744172,30,5,1,gamma_rtd
53.850000,0.9972231473,0.9315827804,0.9046016378,30,5,1,gamma_rtd
53.900000,0.9969236168,0.9326651366,0.9059175237,30,5,1,gamma_rtd
53.950000,0.9966088228,0.9337349934,0.9072220202,30,5,1,gamma_rtd
54.000000,0.9962787797,0.9347923056,0.9085150731,30,5,1,gamma_rtd
54.050000,0.9959335029,0.9358370283,0.9097966289,30,5,1,gamma_rtd
54.100000,0.9955730081,0.9368691171,0.9110666341,30,5,1,gamma_rtd
54.150000,0.9951973122,0.9378885283,0.9123250361,30,5,1,gamma_rtd
54.200000,0.9948064322,0.9388952186,0.9135717823,30,5,1,gamma_rtd
54.250000,0.9944003863,0.9398891453,0.9148068209,30,5,1,gamma_rtd
54.300000,0.9939791931,0.9408702659,0.9160301003,30,5,1,gamma_rtd
54.350000,0.9935428721,0.9418385389,0.9172415694,30,5,1,gamma_rtd
54.400000,0.9930914433,0.9427939231,0.9184411778,30,5,1,gamma_rtd
54.450000,0.9926249275,0.9437363777,0.9196288752,30,5,1,gamma_rtd
54.500000,0.9921433461,0.9446658626,0.9208046120,30,5,1,gamma_rtd
54.550000,0.9916467213,0.9455823382,0.9219683389,30,5,1,gamma_rtd
54.600000,0.9911350760,0.9464857655,0.9231200072,30,5,1,gamma_rtd
54.650000,0.9906084335,0.9473761060,0.9242595687,30,5,1,gamma_rtd
54.700000,0.9900668182,0.9482533216,0.9253869755,30,5,1,gamma_rtd
54.750000,0.9895102549,0.9491173749,0.9265021804,30,5,1,gamma_rtd
54.800000,0.9889387691,0.9499682291,0.9276051364,30,5,1,gamma_rtd
54.850000,0.9883523870,0.9508058477,0.9286957973,30,5,1,gamma_rtd
54.900000,0.9877511356,0.9516301952,0.9297741172,30,5,1,gamma_rtd
54.950000,0.9871350424,0.9524412361,0.9308400507,30,5,1,gamma_rtd
55.000000,0.9865041357,0.9532389359,0.9318935530,30,5,1,gamma_rtd
55.050000,0.9858584443,0.9540232605,0.9329345796,30,5,1,gamma_rtd
55.100000,0.9851979978,0.9547941764,0.9339630867,30,5,1,gamma_rtd
55.150000,0.9845228265,0.9555516505,0.9349790309,30,5,1,gamma_rtd
55.200000,0.9838329612,0.9562956505,0.9359823694,30,5,1,gamma_rtd
55.250000,0.9831284334,0.9570261446,0.9369730598,30,5,1,gamma_rtd
55.300000,0.9824092755,0.9577431015,0.9379510603,30,5,1,gamma_rtd
55.350000,0.9816755201,0.9584464905,0.9389163295,30,5,1,gamma_rtd
55.400000,0.9809272009,0.9591362816,0.9398688267,30,5,1,gamma_rtd
55.450000,0.9801643519,0.9598124452,0.9408085116,30,5,1,gamma_rtd
55.500000,0.9793870081,0.9604749524,0.9417353444,30,5,1,gamma_rtd
55.550000,0.9785952047,0.9611237749,0.9426492858,30,5,1,gamma_rtd
55.600000,0.9777889779,0.9617588849,0.9435502973,30,5,1,gamma_rtd
55.650000,0.9769683644,0.9623802553,0.9444383406,30,5,1,gamma_rtd
55.700000,0.9761334015,0.9629878594,0.9453133781,30,5,1,gamma_rtd
55.750000,0.9752841273,0.9635816713,0.9461753727,30,5,1,gamma_rtd
55.800000,0.9744205803,0.9641616656,0.9470242879,30,5,1,gamma_rtd
55.850000,0.9735427998,0.9647278174,0.9478600877,30,5,1,gamma_rtd
55.900000,0.9726508255,0.9652801027,0.9486827366,30,5,1,gamma_rtd
55.950000,0.9717446981,0.9658184977,0.9494921997,30,5,1,gamma_rtd
56.000000,0.9708244585,0.9663429796,0.9502884426,30,5,1,gamma_rtd
56.050000,0.9698901486,0.9668535258,0.9510714316,30,5,1,gamma_rtd
56.100000,0.9689418105,0.9673501147,0.9518411335,30,5,1,gamma_rtd
56.150000,0.9679794872,0.9678327250,0.9525975154,30,5,1,gamma_rtd
56.200000,0.9670032223,0.9683013362,0.9533405453,30,5,1,gamma_rtd
56.250000,0.9660130599,0.9687559283,0.9540701917,30,5,1,gamma_rtd
56.300000,0.9650090446,0.9691964820,0.9547864235,30,5,1,gamma_rtd
56.350000,0.9639912219,0.9696229784,0.9554892104,30,5,1,gamma_rtd
56.400000,0.9629596376,0.9700353995,0.9561785224,30,5,1,gamma_rtd
56.450000,0.9619143382,0.9704337278,0.9568543303,30,5,1,gamma_rtd
56.500000,0.9608553708,0.9708179464,0.9575166053,30,5,1,gamma_rtd
56.550000,0.9597827830,0.9711880389,0.9581653194,30,5,1,gamma_rtd
56.600000,0.9586966231,0.9715439898,0.9588004449,30,5,1,gamma_rtd
56.650000,0.9575969399,0.9718857840,0.9594219549,30,5,1,gamma_rtd
56.700000,0.9564837828,0.9722134070,0.9600298230,30,5,1,gamma_rtd
56.750000,0.9553572016,0.9725268451,0.9606240234,30,5,1,gamma_rtd
56.800000,0.9542172470,0.9728260851,0.9612045309,30,5,1,gamma_rtd
56.850000,0.9530639699,0.9731111144,0.9617713208,30,5,1,gamma_rtd
56.900000,0.9518974220,0.9733819211,0.9623243690,30,5,1,gamma_rtd
56.950000,0.9507176554,0.9736384939,0.9628636522,30,5,1,gamma_rtd
57.000000,0.9495247229,0.9738808222,0.9633891475,30,5,1,gamma_rtd
57.050000,0.9483186777,0.9741088958,0.9639008325,30,5,1,gamma_rtd
57.100000,0.9470995736,0.9743227053,0.9643986856,30,5,1,gamma_rtd
57.150000,0.9458674649,0.9745222419,0.9648826857,30,5,1,gamma_rtd
57.200000,0.9446224064,0.9747074976,0.9653528124,30,5,1,gamma_rtd
57.250000,0.9433644537,0.9748784646,0.9658090458,30,5,1,gamma_rtd
57.300000,0.9420936624,0.9750351362,0.9662513666,30,5,1,gamma_rtd
57.350000,0.9408100892,0.9751775061,0.9666797561,30,5,1,gamma_rtd
57.400000,0.9395137909,0.9753055685,0.9670941963,30,5,1,gamma_rtd
57.450000,0.9382048250,0.9754193185,0.9674946696,30,5,1,gamma_rtd
57.500000,0.9368832493,0.9755187516,0.9678811593,30,5,1,gamma_rtd
57.550000,0.9355491225,0.9756038642,0.9682536491,30,5,1,gamma_rtd
57.600000,0.9342025033,0.9756746531,0.9686121233,30,5,1,gamma_rtd
57.650000,0.9328434514,0.9757311158,0.9689565669,30,5,1,gamma_rtd
57.700000,0.9314720265,0.9757732505,0.9692869656,30,5,1,gamma_rtd
57.750000,0.9300882891,0.9758010558,0.9696033054,30,5,1,gamma_rtd
57.800000,0.9286923001,0.9758145313,0.9699055733,30,5,1,gamma_rtd
57.850000,0.9272841209,0.9758136770,0.9701937566,30,5,1,gamma_rtd
57.900000,0.9258638133,0.9757984935,0.9704678433,30,5,1,gamma_rtd
57.950000,0.9244314396,0.9757689821,0.9707278222,30,5,1,gamma_rtd
58.000000,0.9229870626,0.9757251448,0.9709736825,30,5,1,gamma_rtd
58.050000,0.9215307455,0.9756669840,0.9712054140,30,5,1,gamma_rtd
58.100000,0.9200625520,0.9755945032,0.9714230074,30,5,1,gamma_rtd
58.150000,0.9185825461,0.9755077059,0.9716264536,30,5,1,gamma_rtd
58.200000,0.9170907925,0.9754065968,0.9718157445,30,5,1,gamma_rtd
58.250000,0.9155873562,0.9752911808,0.9719908724,30,5,1,gamma_rtd
58.300000,0.9140723026,0.9751614637,0.9721518304,30,5,1,gamma_rtd
58.350000,0.9125456975,0.9750174519,0.9722986119,30,5,1,gamma_rtd
58.400000,0.9110076073,0.9748591524,0.9724312113,30,5,1,gamma_rtd
58.450000,0.9094580987,0.9746865726,0.9725496234,30,5,1,gamma_rtd
58.500000,0.9078972387,0.9744997209,0.9726538436,30,5,1,gamma_rtd
58.550000,0.9063250950,0.9742986062,0.9727438681,30,5,1,gamma_rtd
58.600000,0.9047417354,0.9740832378,0.9728196936,30,5,1,gamma_rtd
58.650000,0.9031472283,0.9738536260,0.9728813174,30,5,1,gamma_rtd
58.700000,0.9015416425,0.9736097814,0.9729287374,30,5,1,gamma_rtd
58.750000,0.8999250469,0.9733517155,0.9729619523,30,5,1,gamma_rtd
58.800000,0.8982975113,0.9730794402,0.9729809613,30,5,1,gamma_rtd
58.850000,0.8966591053,0.9727929681,0.9729857642,30,5,1,gamma_rtd
58.900000,0.8950098994,0.9724923124,0.9729763614,30,5,1,gamma_rtd
58.950000,0.8933499641,0.9721774870,0.9729527541,30,5,1,gamma_rtd
59.000000,0.8916793704,0.9718485064,0.9729149438,30,5,1,gamma_rtd
59.050000,0.8899981897,0.9715053856,0.9728629331,30,5,1,gamma_rtd
59.100000,0.8883064937,0.9711481404,0.9727967247,30,5,1,gamma_rtd
59.150000,0.8866043544,0.9707767870,0.9727163223,30,5,1,gamma_rtd
59.200000,0.8848918443,0.9703913425,0.9726217300,30,5,1,gamma_rtd
59.250000,0.8831690361,0.9699918243,0.9725129528,30,5,1,gamma_rtd
59.300000,0.8814360029,0.9695782506,0.9723899959,30,5,1,gamma_rtd
59.350000,0.8796928181,0.9691506402,0.9722528654,30,5,1,gamma_rtd
59.400000,0.8779395554,0.9687090125,0.9721015681,30,5,1,gamma_rtd
59.450000,0.8761762889,0.9682533874,0.9719361112,30,5,1,gamma_rtd
59.500000,0.8744030929,0.9677837856,0.9717565027,30,5,1,gamma_rtd
59.550000,0.8726200421,0.9673002282,0.9715627510,30,5,1,gamma_rtd
59.600000,0.8708272115,0.9668027370,0.9713548653,30,5,1,gamma_rtd
59.650000,0.8690246764,0.9662913345,0.9711328554,30,5,1,gamma_rtd
59.700000,0.8672125123,0.9657660436,0.9708967316,30,5,1,gamma_rtd
59.750000,0.8653907951,0.9652268880,0.9706465050,30,5,1,gamma_rtd
59.800000,0.8635596010,0.9646738919,0.9703821872,30,5,1,gamma_rtd
59.850000,0.8617190062,0.9641070800,0.9701037903,30,5,1,gamma_rtd
59.900000,0.8598690876,0.9635264777,0.9698113273,30,5,1,gamma_rtd
59.950000,0.8580099221,0.9629321110,0.9695048116,30,5,1,gamma_rtd
60.000000,0.8561415869,0.9623240065,0.9691842572,30,5,1,gamma_rtd
60.050000,0.8542641595,0.9617021913,0.9688496788,30,5,1,gamma_rtd
60.100000,0.8523777175,0.9610666932,0.9685010917,30,5,1,gamma_rtd
60.150000,0.8504823390,0.9604175404,0.9681385118,30,5,1,gamma_rtd
60.200000,0.8485781021,0.9597547619,0.9677619556,30,5,1,gamma_rtd
60.250000,0.8466650854,0.9590783872,0.9673714402,30,5,1,gamma_rtd
60.300000,0.8447433674,0.9583884463,0.9669669832,30,5,1,gamma_rtd
60.350000,0.8428130270,0.9576849698,0.9665486030,30,5,1,gamma_rtd
60.400000,0.8408741435,0.9569679889,0.9661163185,30,5,1,gamma_rtd
60.450000,0.8389267960,0.9562375355,0.9656701492,30,5,1,gamma_rtd
60.500000,0.8369710641,0.9554936418,0.9652101152,30,5,1,gamma_rtd
60.550000,0.8350070277,0.9547363407,0.9647362372,30,5,1,gamma_rtd
60.600000,0.8330347665,0.9539656658,0.9642485365,30,5,1,gamma_rtd
60.650000,0.8310543607,0.9531816510,0.9637470350,30,5,1,gamma_rtd
60.700000,0.8290658906,0.9523843309,0.9632317551,30,5,1,gamma_rtd
60.750000,0.8270694367,0.9515737406,0.9627027200,30,5,1,gamma_rtd
60.800000,0.8250650797,0.9507499159,0.9621599533,30,5,1,gamma_rtd
60.850000,0.8230529004,0.9499128930,0.9616034792,30,5,1,gamma_rtd
60.900000,0.8210329798,0.9490627087,0.9610333226,30,5,1,gamma_rtd
60.950000,0.8190053991,0.9481994003,0.9604495089,30,5,1,gamma_rtd
61.000000,0.8169702396,0.9473230056,0.9598520640,30,5,1,gamma_rtd
61.050000,0.8149275827,0.9464335632,0.9592410146,30,5,1,gamma_rtd
61.100000,0.8128775100,0.9455311118,0.9586163878,30,5,1,gamma_rtd
61.150000,0.8108201033,0.9446156911,0.9579782114,30,5,1,gamma_rtd
61.200000,0.8087554445,0.9436873410,0.9573265136,30,5,1,gamma_rtd
61.250000,0.8066836155,0.9427461021,0.9566613233,30,5,1,gamma_rtd
61.300000,0.8046046984,0.9417920154,0.9559826700,30,5,1,gamma_rtd
61.350000,0.8025187756,0.9408251225,0.9552905836,30,5,1,gamma_rtd
61.400000,0.8004259294,0.9398454655,0.9545850947,30,5,1,gamma_rtd
61.450000,0.7983262422,0.9388530871,0.9538662345,30,5,1,gamma_rtd
61.500000,0.7962197965,0.9378480303,0.9531340347,30,5,1,gamma_rtd
61.550000,0.7941066750,0.9368303388,0.9523885274,30,5,1,gamma_rtd
61.600000,0.7919869606,0.9358000568,0.9516297456,30,5,1,gamma_rtd
61.650000,0.7898607358,0.9347572289,0.9508577226,30,5,1,gamma_rtd
61.700000,0.7877280838,0.9337019002,0.9500724922,30,5,1,gamma_rtd
61.750000,0.7855890874,0.9326341164,0.9492740890,30,5,1,gamma_rtd
61.800000,0.7834438297,0.9315539237,0.9484625480,30,5,1,gamma_rtd
61.850000,0.7812923938,0.9304613686,0.9476379047,30,5,1,gamma_rtd
61.900000,0.7791348629,0.9293564983,0.9468001951,30,5,1,gamma_rtd
61.950000,0.7769713201,0.9282393603,0.9459494560,30,5,1,gamma_rtd
62.000000,0.7748018488,0.9271100029,0.9450857244,30,5,1,gamma_rtd
62.050000,0.7726265323,0.9259684744,0.9442090381,30,5,1,gamma_rtd
62.100000,0.7704454538,0.9248148239,0.9433194354,30,5,1,gamma_rtd
62.150000,0.7682586968,0.9236491010,0.9424169548,30,5,1,gamma_rtd
62.200000,0.7660663446,0.9224713556,0.9415016358,30,5,1,gamma_rtd
62.250000,0.7638684807,0.9212816380,0.9405735181,30,5,1,gamma_rtd
62.300000,0.7616651885,0.9200799993,0.9396326420,30,5,1,gamma_rtd
62.350000,0.7594565515,0.9188664907,0.9386790483,30,5,1,gamma_rtd
62.400000,0.7572426531,0.9176411640,0.9377127785,30,5,1,gamma_rtd
62.450000,0.7550235767,0.9164040715,0.9367338743,30,5,1,gamma_rtd
62.500000,0.7527994058,0.9151552658,0.9357423781,30,5,1,gamma_rtd
62.550000,0.7505702239,0.9138948001,0.9347383328,30,5,1,gamma_rtd
62.600000,0.7483361143,0.9126227279,0.9337217817,30,5,1,gamma_rtd
62.650000,0.7460971605,0.9113391032,0.9326927687,30,5,1,gamma_rtd
62.700000,0.7438534458,0.9100439804,0.9316513382,30,5,1,gamma_rtd
62.750000,0.7416050536,0.9087374143,0.9305975349,30,5,1,gamma_rtd
62.800000,0.7393520672,0.9074194603,0.9295314042,30,5,1,gamma_rtd
62.850000,0.7370945698,0.9060901741,0.9284529920,30,5,1,gamma_rtd
62.900000,0.7348326447,0.9047496116,0.9273623445,30,5,1,gamma_rtd
62.950000,0.7325663750,0.9033978294,0.9262595085,30,5,1,gamma_rtd
63.000000,0.7302958440,0.9020348844,0.9251445313,30,5,1,gamma_rtd
63.050000,0.7280211345,0.9006608340,0.9240174605,30,5,1,gamma_rtd
63.100000,0.7257423296,0.8992757358,0.9228783444,30,5,1,gamma_rtd
63.150000,0.7234595123,0.8978796480,0.9217272316,30,5,1,gamma_rtd
63.200000,0.7211727654,0.8964726289,0.9205641712,30,5,1,gamma_rtd
63.250000,0.7188821716,0.8950547376,0.9193892128,30,5,1,gamma_rtd
63.300000,0.7165878137,0.8936260333,0.9182024064,30,5,1,gamma_rtd
63.350000,0.7142897742,0.8921865755,0.9170038026,30,5,1,gamma_rtd
63.400000,0.7119881356,0.8907364244,0.9157934521,30,5,1,gamma_rtd
63.450000,0.7096829803,0.8892756403,0.9145714065,30,5,1,gamma_rtd
63.500000,0.7073743906,0.8878042838,0.9133377174,30,5,1,gamma_rtd
63.550000,0.7050624487,0.8863224163,0.9120924372,30,5,1,gamma_rtd
63.600000,0.7027472368,0.8848300990,0.9108356184,30,5,1,gamma_rtd
63.650000,0.7004288366,0.8833273937,0.9095673143,30,5,1,gamma_rtd
63.700000,0.6981073301,0.8818143628,0.9082875782,30,5,1,gamma_rtd
63.750000,0.6957827990,0.8802910686,0.9069964643,30,5,1,gamma_rtd
63.800000,0.6934553248,0.8787575740,0.9056940268,30,5,1,gamma_rtd
63.850000,0.6911249889,0.8772139422,0.9043803205,30,5,1,gamma_rtd
63.900000,0.6887918728,0.8756602366,0.9030554006,30,5,1,gamma_rtd
63.950000,0.6864560575,0.8740965212,0.9017193226,30,5,1,gamma_rtd
64.000000,0.6841176240,0.8725228600,0.9003721427,30,5,1,gamma_rtd
64.050000,0.6817766532,0.8709393176,0.8990139172,30,5,1,gamma_rtd
64.100000,0.6794332257,0.8693459586,0.8976447028,30,5,1,gamma_rtd
64.150000,0.6770874221,0.8677428483,0.8962645568,30,5,1,gamma_rtd
64.200000,0.6747393227,0.8661300520,0.8948735366,30,5,1,gamma_rtd
64.250000,0.6723890078,0.8645076354,0.8934717003,30,5,1,gamma_rtd
64.300000,0.6700365573,0.8628756645,0.8920591062,30,5,1,gamma_rtd
64.350000,0.6676820510,0.8612342056,0.8906358130,30,5,1,gamma_rtd
64.400000,0.6653255686,0.8595833252,0.8892018797,30,5,1,gamma_rtd
64.450000,0.6629671896,0.8579230903,0.8877573657,30,5,1,gamma_rtd
64.500000,0.6606069932,0.8562535679,0.8863023309,30,5,1,gamma_rtd
64.550000,0.6582450584,0.8545748254,0.8848368355,30,5,1,gamma_rtd
64.600000,0.6558814642,0.8528869305,0.8833609398,30,5,1,gamma_rtd
64.650000,0.6535162891,0.8511899511,0.8818747048,30,5,1,gamma_rtd
64.700000,0.6511496116,0.8494839556,0.8803781917,30,5,1,gamma_rtd
64.750000,0.6487815100,0.8477690121,0.8788714621,30,5,1,gamma_rtd
64.800000,0.6464120623,0.8460451896,0.8773545777,30,5,1,gamma_rtd
64.850000,0.6440413462,0.8443125569,0.8758276008,30,5,1,gamma_rtd
64.900000,0.6416694393,0.8425711833,0.8742905940,30,5,1,gamma_rtd
64.950000,0.6392964189,0.8408211381,0.8727436201,30,5,1,gamma_rtd
65.000000,0.6369223622,0.8390624909,0.8711867423,30,5,1,gamma_rtd
65.050000,0.6345473459,0.8372953118,0.8696200240,30,5,1,gamma_rtd
65.100000,0.6321714468,0.8355196708,0.8680435292,30,5,1,gamma_rtd
65.150000,0.6297947412,0.8337356382,0.8664573219,30,5,1,gamma_rtd
65.200000,0.6274173052,0.8319432845,0.8648614666,30,5,1,gamma_rtd
65.250000,0.6250392146,0.8301426806,0.8632560279,30,5,1,gamma_rtd
65.300000,0.6226605452,0.8283338973,0.8616410709,30,5,1,gamma_rtd
65.350000,0.6202813722,0.8265170058,0.8600166609,30,5,1,gamma_rtd
65.400000,0.6179017707,0.8246920775,0.8583828634,30,5,1,gamma_rtd
65.450000,0.6155218156,0.8228591838,0.8567397444,30,5,1,gamma_rtd
65.500000,0.6131415814,0.8210183966,0.8550873699,30,5,1,gamma_rtd
65.550000,0.6107611423,0.8191697877,0.8534258065,30,5,1,gamma_rtd
65.600000,0.6083805725,0.8173134292,0.8517551208,30,5,1,gamma_rtd
65.650000,0.6059999455,0.8154493934,0.8500753796,30,5,1,gamma_rtd
65.700000,0.6036193349,0.8135777527,0.8483866504,30,5,1,gamma_rtd
65.750000,0.6012388137,0.8116985796,0.8466890004,30,5,1,gamma_rtd
65.800000,0.5988584548,0.8098119470,0.8449824974,30,5,1,gamma_rtd
65.850000,0.5964783308,0.8079179276,0.8432672094,30,5,1,gamma_rtd
65.900000,0.5940985139,0.8060165946,0.8415432046,30,5,1,gamma_rtd
65.950000,0.5917190761,0.8041080212,0.8398105514,30,5,1,gamma_rtd
66.000000,0.5893400890,0.8021922806,0.8380693185,30,5,1,gamma_rtd
66.050000,0.5869616240,0.8002694464,0.8363195747,30,5,1,gamma_rtd
66.100000,0.5845837520,0.7983395921,0.8345613892,30,5,1,gamma_rtd
66.150000,0.5822065439,0.7964027914,0.8327948313,30,5,1,gamma_rtd
66.200000,0.5798300699,0.7944591183,0.8310199706,30,5,1,gamma_rtd
66.250000,0.5774544002,0.7925086465,0.8292368768,30,5,1,gamma_rtd
66.300000,0.5750796046,0.7905514504,0.8274456198,30,5,1,gamma_rtd
66.350000,0.5727057524,0.7885876039,0.8256462699,30,5,1,gamma_rtd
66.400000,0.5703329127,0.7866171814,0.8238388975,30,5,1,gamma_rtd
66.450000,0.5679611544,0.7846402572,0.8220235730,30,5,1,gamma_rtd
66.500000,0.5655905457,0.7826569059,0.8202003671,30,5,1,gamma_rtd
66.550000,0.5632211549,0.7806672019,0.8183693509,30,5,1,gamma_rtd
66.600000,0.5608530497,0.7786712200,0.8165305954,30,5,1,gamma_rtd
66.650000,0.5584862975,0.7766690348,0.8146841719,30,5,1,gamma_rtd
66.700000,0.5561209652,0.7746607212,0.8128301518,30,5,1,gamma_rtd
66.750000,0.5537571198,0.7726463540,0.8109686067,30,5,1,gamma_rtd
66.800000,0.5513948274,0.7706260081,0.8090996084,30,5,1,gamma_rtd
66.850000,0.5490341542,0.7685997586,0.8072232287,30,5,1,gamma_rtd
66.900000,0.5466751657,0.7665676805,0.8053395399,30,5,1,gamma_rtd
66.950000,0.5443179272,0.7645298489,0.8034486140,30,5,1,gamma_rtd
67.000000,0.5419625037,0.7624863390,0.8015505234,30,5,1,gamma_rtd
67.050000,0.5396089598,0.7604372259,0.7996453407,30,5,1,gamma_rtd
67.100000,0.5372573595,0.7583825848,0.7977331383,30,5,1,gamma_rtd
67.150000,0.5349077669,0.7563224912,0.7958139892,30,5,1,gamma_rtd
67.200000,0.5325602452,0.7542570201,0.7938879661,30,5,1,gamma_rtd
67.250000,0.5302148576,0.7521862471,0.7919551421,30,5,1,gamma_rtd
67.300000,0.5278716669,0.7501102473,0.7900155902,30,5,1,gamma_rtd
67.350000,0.5255307352,0.7480290963,0.7880693836,30,5,1,gamma_rtd
67.400000,0.5231921246,0.7459428692,0.7861165958,30,5,1,gamma_rtd
67.450000,0.5208558967,0.7438516416,0.7841573000,30,5,1,gamma_rtd
67.500000,0.5185221126,0.7417554888,0.7821915699,30,5,1,gamma_rtd
67.550000,0.5161908331,0.7396544862,0.7802194789,30,5,1,gamma_rtd
67.600000,0.5138621186,0.7375487091,0.7782411009,30,5,1,gamma_rtd
67.650000,0.5115360292,0.7354382329,0.7762565095,30,5,1,gamma_rtd
67.700000,0.5092126244,0.7333231330,0.7742657787,30,5,1,gamma_rtd
67.750000,0.5068919635,0.7312034847,0.7722689823,30,5,1,gamma_rtd
67.800000,0.5045741054,0.7290793633,0.7702661943,30,5,1,gamma_rtd
67.850000,0.5022591084,0.7269508440,0.7682574889,30,5,1,gamma_rtd
67.900000,0.4999470306,0.7248180021,0.7662429400,30,5,1,gamma_rtd
67.950000,0.4976379296,0.7226809129,0.7642226220,30,5,1,gamma_rtd
68.000000,0.4953318628,0.7205396514,0.7621966089,30,5,1,gamma_rtd
68.050000,0.4930288868,0.7183942929,0.7601649751,30,5,1,gamma_rtd
68.100000,0.4907290581,0.7162449123,0.7581277949,30,5,1,gamma_rtd
68.150000,0.4884324328,0.7140915848,0.7560851426,30,5,1,gamma_rtd
68.200000,0.4861390664,0.7119343852,0.7540370926,30,5,1,gamma_rtd
68.250000,0.4838490141,0.7097733885,0.7519837194,30,5,1,gamma_rtd
68.300000,0.4815623307,0.7076086694,0.7499250972,30,5,1,gamma_rtd
68.350000,0.4792790706,0.7054403028,0.7478613007,30,5,1,gamma_rtd
68.400000,0.4769992878,0.7032683634,0.7457924042,30,5,1,gamma_rtd
68.450000,0.4747230357,0.7010929257,0.7437184823,30,5,1,gamma_rtd
68.500000,0.4724503674,0.6989140643,0.7416396094,30,5,1,gamma_rtd
68.550000,0.4701813358,0.6967318536,0.7395558599,30,5,1,gamma_rtd
68.600000,0.4679159930,0.6945463680,0.7374673085,30,5,1,gamma_rtd
68.650000,0.4656543910,0.6923576817,0.7353740295,30,5,1,gamma_rtd
68.700000,0.4633965810,0.6901658689,0.7332760975,30,5,1,gamma_rtd
68.750000,0.4611426143,0.6879710036,0.7311735868,30,5,1,gamma_rtd
68.800000,0.4588925413,0.6857731598,0.7290665720,30,5,1,gamma_rtd
68.850000,0.4566464121,0.6835724114,0.7269551274,30,5,1,gamma_rtd
68.900000,0.4544042766,0.6813688319,0.7248393273,30,5,1,gamma_rtd
68.950000,0.4521661841,0.6791624951,0.7227192463,30,5,1,gamma_rtd
69.000000,0.4499321833,0.6769534743,0.7205949584,30,5,1,gamma_rtd
69.050000,0.4477023229,0.6747418430,0.7184665381,30,5,1,gamma_rtd
69.100000,0.4454766507,0.6725276745,0.7163340596,30,5,1,gamma_rtd
69.150000,0.4432552143,0.6703110416,0.7141975970,30,5,1,gamma_rtd
69.200000,0.4410380610,0.6680920175,0.7120572244,30,5,1,gamma_rtd
69.250000,0.4388252373,0.6658706749,0.7099130160,30,5,1,gamma_rtd
69.300000,0.4366167897,0.6636470864,0.7077650457,30,5,1,gamma_rtd
69.350000,0.4344127640,0.6614213247,0.7056133874,30,5,1,gamma_rtd
69.400000,0.4322132055,0.6591934620,0.7034581151,30,5,1,gamma_rtd
69.450000,0.4300181593,0.6569635705,0.7012993025,30,5,1,gamma_rtd
69.500000,0.4278276699,0.6547317223,0.6991370233,30,5,1,gamma_rtd
69.550000,0.4256417813,0.6524979893,0.6969713512,30,5,1,gamma_rtd
69.600000,0.4234605374,0.6502624431,0.6948023598,30,5,1,gamma_rtd
69.650000,0.4212839813,0.6480251554,0.6926301224,30,5,1,gamma_rtd
69.700000,0.4191121558,0.6457861974,0.6904547125,30,5,1,gamma_rtd
69.750000,0.4169451032,0.6435456403,0.6882762033,30,5,1,gamma_rtd
69.800000,0.4147828655,0.6413035552,0.6860946680,30,5,1,gamma_rtd
69.850000,0.4126254842,0.6390600129,0.6839101796,30,5,1,gamma_rtd
69.900000,0.4104730003,0.6368150839,0.6817228112,30,5,1,gamma_rtd
69.950000,0.4083254544,0.6345688387,0.6795326355,30,5,1,gamma_rtd
70.000000,0.4061828866,0.6323213476,0.6773397253,30,5,1,gamma_rtd
70.050000,0.4040453367,0.6300726806,0.6751441531,30,5,1,gamma_rtd
70.100000,0.4019128439,0.6278229075,0.6729459914,30,5,1,gamma_rtd
70.150000,0.3997854472,0.6255720980,0.6707453126,30,5,1,gamma_rtd
70.200000,0.3976631848,0.6233203214,0.6685421890,30,5,1,gamma_rtd
70.250000,0.3955460948,0.6210676470,0.6663366925,30,5,1,gamma_rtd
70.300000,0.3934342147,0.6188141438,0.6641288951,30,5,1,gamma_rtd
70.350000,0.3913275815,0.6165598805,0.6619188686,30,5,1,gamma_rtd
70.400000,0.3892262320,0.6143049257,0.6597066846,30,5,1,gamma_rtd
70.450000,0.3871302022,0.6120493477,0.6574924147,30,5,1,gamma_rtd
70.500000,0.3850395279,0.6097932147,0.6552761302,30,5,1,gamma_rtd
70.550000,0.3829542446,0.6075365944,0.6530579022,30,5,1,gamma_rtd
70.600000,0.3808743870,0.6052795545,0.6508378018,30,5,1,gamma_rtd
70.650000,0.3787999895,0.6030221624,0.6486158999,30,5,1,gamma_rtd
70.700000,0.3767310863,0.6007644852,0.6463922671,30,5,1,gamma_rtd
70.750000,0.3746677108,0.5985065899,0.6441669739,30,5,1,gamma_rtd
70.800000,0.3726098962,0.5962485431,0.6419400907,30,5,1,gamma_rtd
70.850000,0.3705576752,0.5939904112,0.6397116876,30,5,1,gamma_rtd
70.900000,0.3685110800,0.5917322604,0.6374818347,30,5,1,gamma_rtd
70.950000,0.3664701424,0.5894741566,0.6352506016,30,5,1,gamma_rtd
71.000000,0.3644348938,0.5872161654,0.6330180580,30,5,1,gamma_rtd
71.050000,0.3624053652,0.5849583521,0.6307842734,30,5,1,gamma_rtd
71.100000,0.3603815870,0.5827007820,0.6285493168,30,5,1,gamma_rtd
71.150000,0.3583635893,0.5804435198,0.6263132574,30,5,1,gamma_rtd
71.200000,0.3563514018,0.5781866302,0.6240761639,30,5,1,gamma_rtd
71.250000,0.3543450536,0.5759301775,0.6218381049,30,5,1,gamma_rtd
71.300000,0.3523445736,0.5736742256,0.6195991489,30,5,1,gamma_rtd
71.350000,0.3503499900,0.5714188383,0.6173593639,30,5,1,gamma_rtd
71.400000,0.3483613307,0.5691640792,0.6151188181,30,5,1,gamma_rtd
71.450000,0.3463786233,0.5669100114,0.6128775790,30,5,1,gamma_rtd
71.500000,0.3444018947,0.5646566978,0.6106357143,30,5,1,gamma_rtd
71.550000,0.3424311716,0.5624042010,0.6083932912,30,5,1,gamma_rtd
71.600000,0.3404664802,0.5601525834,0.6061503768,30,5,1,gamma_rtd
71.650000,0.3385078461,0.5579019070,0.6039070379,30,5,1,gamma_rtd
71.700000,0.3365552948,0.5556522335,0.6016633412,30,5,1,gamma_rtd
71.750000,0.3346088512,0.5534036244,0.5994193530,30,5,1,gamma_rtd
71.800000,0.3326685396,0.5511561409,0.5971751394,30,5,1,gamma_rtd
71.850000,0.3307343842,0.5489098437,0.5949307664,30,5,1,gamma_rtd
71.900000,0.3288064086,0.5466647934,0.5926862995,30,5,1,gamma_rtd
71.950000,0.3268846360,0.5444210503,0.5904418042,30,5,1,gamma_rtd
72.000000,0.3249690892,0.5421786742,0.5881973455,30,5,1,gamma_rtd
72.050000,0.3230597906,0.5399377249,0.5859529884,30,5,1,gamma_rtd
72.100000,0.3211567620,0.5376982614,0.5837087976,30,5,1,gamma_rtd
72.150000,0.3192600250,0.5354603430,0.5814648372,30,5,1,gamma_rtd
72.200000,0.3173696008,0.5332240281,0.5792211716,30,5,1,gamma_rtd
72.250000,0.3154855100,0.5309893752,0.5769778644,30,5,1,gamma_rtd
72.300000,0.3136077728,0.5287564423,0.5747349793,30,5,1,gamma_rtd
72.350000,0.3117364093,0.5265252871,0.5724925796,30,5,1,gamma_rtd
72.400000,0.3098714387,0.5242959669,0.5702507283,30,5,1,gamma_rtd
72.450000,0.3080128803,0.5220685389,0.5680094882,30,5,1,gamma_rtd
72.500000,0.3061607525,0.5198430596,0.5657689216,30,5,1,gamma_rtd
72.550000,0.3043150737,0.5176195856,0.5635290909,30,5,1,gamma_rtd
72.600000,0.3024758615,0.5153981728,0.5612900579,30,5,1,gamma_rtd
72.650000,0.3006431336,0.5131788770,0.5590518843,30,5,1,gamma_rtd
72.700000,0.2988169068,0.5109617535,0.5568146313,30,5,1,gamma_rtd
72.750000,0.2969971978,0.5087468574,0.5545783601,30,5,1,gamma_rtd
72.800000,0.2951840227,0.5065342435,0.5523431313,30,5,1,gamma_rtd
72.850000,0.2933773975,0.5043239660,0.5501090055,30,5,1,gamma_rtd
72.900000,0.2915773374,0.5021160789,0.5478760427,30,5,1,gamma_rtd
72.950000,0.2897838575,0.4999106360,0.5456443030,30,5,1,gamma_rtd
73.000000,0.2879969724,0.4977076906,0.5434138457,30,5,1,gamma_rtd
73.050000,0.2862166964,0.4955072956,0.5411847302,30,5,1,gamma_rtd
73.100000,0.2844430432,0.4933095037,0.5389570155,30,5,1,gamma_rtd
73.150000,0.2826760264,0.4911143671,0.5367307600,30,5,1,gamma_rtd
73.200000,0.2809156588,0.4889219378,0.5345060223,30,5,1,gamma_rtd
73.250000,0.2791619533,0.4867322674,0.5322828603,30,5,1,gamma_rtd
73.300000,0.2774149221,0.4845454070,0.5300613316,30,5,1,gamma_rtd
73.350000,0.2756745770,0.4823614074,0.5278414938,30,5,1,gamma_rtd
73.400000,0.2739409296,0.4801803193,0.5256234038,30,5,1,gamma_rtd
73.450000,0.2722139910,0.4780021927,0.5234071184,30,5,1,gamma_rtd
73.500000,0.2704937720,0.4758270775,0.5211926941,30,5,1,gamma_rtd
73.550000,0.2687802829,0.4736550229,0.5189801868,30,5,1,gamma_rtd
73.600000,0.2670735337,0.4714860782,0.5167696525,30,5,1,gamma_rtd
73.650000,0.2653735341,0.4693202919,0.5145611465,30,5,1,gamma_rtd
73.700000,0.2636802933,0.4671577124,0.5123547240,30,5,1,gamma_rtd
73.750000,0.2619938201,0.4649983877,0.5101504398,30,5,1,gamma_rtd
73.800000,0.2603141232,0.4628423652,0.5079483482,30,5,1,gamma_rtd
73.850000,0.2586412105,0.4606896924,0.5057485034,30,5,1,gamma_rtd
73.900000,0.2569750900,0.4585404159,0.5035509593,30,5,1,gamma_rtd
73.950000,0.2553157689,0.4563945824,0.5013557692,30,5,1,gamma_rtd
74.000000,0.2536632545,0.4542522378,0.4991629862,30,5,1,gamma_rtd
74.050000,0.2520175533,0.4521134279,0.4969726632,30,5,1,gamma_rtd
74.100000,0.2503786718,0.4499781981,0.4947848525,30,5,1,gamma_rtd
74.150000,0.2487466158,0.4478465934,0.4925996061,30,5,1,gamma_rtd
74.200000,0.2471213911,0.4457186584,0.4904169760,30,5,1,gamma_rtd
74.250000,0.2455030028,0.4435944373,0.4882370133,30,5,1,gamma_rtd
74.300000,0.2438914560,0.4414739740,0.4860597692,30,5,1,gamma_rtd
74.350000,0.2422867552,0.4393573120,0.4838852943,30,5,1,gamma_rtd
74.400000,0.2406889047,0.4372444943,0.4817136390,30,5,1,gamma_rtd
74.450000,0.2390979083,0.4351355637,0.4795448532,30,5,1,gamma_rtd
74.500000,0.2375137696,0.4330305626,0.4773789866,30,5,1,gamma_rtd
74.550000,0.2359364918,0.4309295329,0.4752160884,30,5,1,gamma_rtd
74.600000,0.2343660777,0.4288325162,0.4730562076,30,5,1,gamma_rtd
74.650000,0.2328025300,0.4267395537,0.4708993927,30,5,1,gamma_rtd
74.700000,0.2312458509,0.4246506862,0.4687456920,30,5,1,gamma_rtd
74.750000,0.2296960421,0.4225659541,0.4665951532,30,5,1,gamma_rtd
74.800000,0.2281531052,0.4204853977,0.4644478238,30,5,1,gamma_rtd
74.850000,0.2266170415,0.4184090564,0.4623037510,30,5,1,gamma_rtd
74.900000,0.2250878519,0.4163369696,0.4601629815,30,5,1,gamma_rtd
74.950000,0.2235655369,0.4142691762,0.4580255616,30,5,1,gamma_rtd
75.000000,0.2220500968,0.4122057148,0.4558915375,30,5,1,gamma_rtd
75.050000,0.2205415315,0.4101466235,0.4537609548,30,5,1,gamma_rtd
75.100000,0.2190398406,0.4080919400,0.4516338588,30,5,1,gamma_rtd
75.150000,0.2175450235,0.4060417017,0.4495102943,30,5,1,gamma_rtd
75.200000,0.2160570791,0.4039959457,0.4473903061,30,5,1,gamma_rtd
75.250000,0.2145760061,0.4019547084,0.4452739381,30,5,1,gamma_rtd
75.300000,0.2131018028,0.3999180262,0.4431612344,30,5,1,gamma_rtd
75.350000,0.2116344674,0.3978859348,0.4410522382,30,5,1,gamma_rtd
75.400000,0.2101739976,0.3958584698,0.4389469928,30,5,1,gamma_rtd
75.450000,0.2087203909,0.3938356661,0.4368455407,30,5,1,gamma_rtd
75.500000,0.2072736444,0.3918175585,0.4347479244,30,5,1,gamma_rtd
75.550000,0.2058337551,0.3898041813,0.4326541857,30,5,1,gamma_rtd
75.600000,0.2044007194,0.3877955683,0.4305643663,30,5,1,gamma_rtd
75.650000,0.2029745336,0.3857917530,0.4284785074,30,5,1,gamma_rtd
75.700000,0.2015551939,0.3837927687,0.4263966499,30,5,1,gamma_rtd
75.750000,0.2001426958,0.3817986481,0.4243188341,30,5,1,gamma_rtd
75.800000,0.1987370348,0.3798094235,0.4222451001,30,5,1,gamma_rtd
75.850000,0.1973382060,0.3778251269,0.4201754878,30,5,1,gamma_rtd
75.900000,0.1959462044,0.3758457899,0.4181100363,30,5,1,gamma_rtd
75.950000,0.1945610243,0.3738714438,0.4160487847,30,5,1,gamma_rtd
76.000000,0.1931826603,0.3719021192,0.4139917715,30,5,1,gamma_rtd
76.050000,0.1918111063,0.3699378468,0.4119390349,30,5,1,gamma_rtd
76.100000,0.1904463560,0.3679786566,0.4098906128,30,5,1,gamma_rtd
76.150000,0.1890884029,0.3660245782,0.4078465426,30,5,1,gamma_rtd
76.200000,0.1877372404,0.3640756409,0.4058068613,30,5,1,gamma_rtd
76.250000,0.1863928613,0.3621318736,0.4037716057,30,5,1,gamma_rtd
76.300000,0.1850552583,0.3601933050,0.4017408120,30,5,1,gamma_rtd
76.350000,0.1837244239,0.3582599630,0.3997145161,30,5,1,gamma_rtd
76.400000,0.1824003502,0.3563318755,0.3976927537,30,5,1,gamma_rtd
76.450000,0.1810830292,0.3544090699,0.3956755599,30,5,1,gamma_rtd
76.500000,0.1797724526,0.3524915732,0.3936629694,30,5,1,gamma_rtd
76.550000,0.1784686117,0.3505794120,0.3916550167,30,5,1,gamma_rtd
76.600000,0.1771714978,0.3486726125,0.3896517359,30,5,1,gamma_rtd
76.650000,0.1758811018,0.3467712007,0.3876531604,30,5,1,gamma_rtd
76.700000,0.1745974143,0.3448752019,0.3856593237,30,5,1,gamma_rtd
76.750000,0.1733204258,0.3429846414,0.3836702586,30,5,1,gamma_rtd
76.800000,0.1720501265,0.3410995438,0.3816859977,30,5,1,gamma_rtd
76.850000,0.1707865064,0.3392199335,0.3797065730,30,5,1,gamma_rtd
76.900000,0.1695295553,0.3373458345,0.3777320162,30,5,1,gamma_rtd
76.950000,0.1682792625,0.3354772705,0.3757623589,30,5,1,gamma_rtd
77.000000,0.1670356174,0.3336142646,0.3737976320,30,5,1,gamma_rtd
77.050000,0.1657986091,0.3317568396,0.3718378660,30,5,1,gamma_rtd
77.100000,0.1645682263,0.3299050182,0.3698830913,30,5,1,gamma_rtd
77.150000,0.1633444577,0.3280588224,0.3679333377,30,5,1,gamma_rtd
77.200000,0.1621272917,0.3262182739,0.3659886346,30,5,1,gamma_rtd
77.250000,0.1609167163,0.3243833942,0.3640490112,30,5,1,gamma_rtd
77.300000,0.1597127196,0.3225542042,0.3621144963,30,5,1,gamma_rtd
77.350000,0.1585152893,0.3207307246,0.3601851180,30,5,1,gamma_rtd
77.400000,0.1573244129,0.3189129756,0.3582609046,30,5,1,gamma_rtd
77.450000,0.1561400778,0.3171009772,0.3563418834,30,5,1,gamma_rtd
77.500000,0.1549622709,0.3152947489,0.3544280818,30,5,1,gamma_rtd
77.550000,0.1537909794,0.3134943099,0.3525195267,30,5,1,gamma_rtd
77.600000,0.1526261898,0.3116996790,0.3506162444,30,5,1,gamma_rtd
77.650000,0.1514678886,0.3099108746,0.3487182611,30,5,1,gamma_rtd
77.700000,0.1503160623,0.3081279148,0.3468256025,30,5,1,gamma_rtd
77.750000,0.1491706968,0.3063508174,0.3449382940,30,5,1,gamma_rtd
77.800000,0.1480317781,0.3045795998,0.3430563606,30,5,1,gamma_rtd
77.850000,0.1468992920,0.3028142789,0.3411798268,30,5,1,gamma_rtd
77.900000,0.1457732240,0.3010548714,0.3393087170,30,5,1,gamma_rtd
77.950000,0.1446535595,0.2993013935,0.3374430549,30,5,1,gamma_rtd
78.000000,0.1435402836,0.2975538614,0.3355828641,30,5,1,gamma_rtd
78.050000,0.1424333814,0.2958122904,0.3337281678,30,5,1,gamma_rtd
78.100000,0.1413328376,0.2940766960,0.3318789886,30,5,1,gamma_rtd
78.150000,0.1402386370,0.2923470929,0.3300353491,30,5,1,gamma_rtd
78.200000,0.1391507639,0.2906234957,0.3281972711,30,5,1,gamma_rtd
78.250000,0.1380692028,0.2889059186,0.3263647765,30,5,1,gamma_rtd
78.300000,0.1369939376,0.2871943755,0.3245378864,30,5,1,gamma_rtd
78.350000,0.1359249525,0.2854888798,0.3227166219,30,5,1,gamma_rtd
78.400000,0.1348622312,0.2837894447,0.3209010035,30,5,1,gamma_rtd
78.450000,0.1338057573,0.2820960829,0.3190910514,30,5,1,gamma_rtd
78.500000,0.1327555144,0.2804088071,0.3172867855,30,5,1,gamma_rtd
78.550000,0.1317114857,0.2787276292,0.3154882253,30,5,1,gamma_rtd
78.600000,0.1306736545,0.2770525611,0.3136953898,30,5,1,gamma_rtd
78.650000,0.1296420037,0.2753836143,0.3119082980,30,5,1,gamma_rtd
78.700000,0.1286165162,0.2737207998,0.3101269682,30,5,1,gamma_rtd
78.750000,0.1275971747,0.2720641284,0.3083514184,30,5,1,gamma_rtd
78.800000,0.1265839618,0.2704136106,0.3065816664,30,5,1,gamma_rtd
78.850000,0.1255768600,0.2687692564,0.3048177295,30,5,1,gamma_rtd
78.900000,0.1245758514,0.2671310758,0.3030596247,30,5,1,gamma_rtd
78.950000,0.1235809184,0.2654990780,0.3013073687,30,5,1,gamma_rtd
79.000000,0.1225920428,0.2638732723,0.2995609777,30,5,1,gamma_rtd
79.050000,0.1216092066,0.2622536674,0.2978204678,30,5,1,gamma_rtd
79.100000,0.1206323914,0.2606402719,0.2960858545,30,5,1,gamma_rtd
79.150000,0.1196615790,0.2590330938,0.2943571530,30,5,1,gamma_rtd
79.200000,0.1186967508,0.2574321410,0.2926343783,30,5,1,gamma_rtd
79.250000,0.1177378881,0.2558374210,0.2909175449,30,5,1,gamma_rtd
79.300000,0.1167849721,0.2542489411,0.2892066671,30,5,1,gamma_rtd
79.350000,0.1158379841,0.2526667080,0.2875017587,30,5,1,gamma_rtd
79.400000,0.1148969050,0.2510907283,0.2858028332,30,5,1,gamma_rtd
79.450000,0.1139617156,0.2495210083,0.2841099039,30,5,1,gamma_rtd
79.500000,0.1130323967,0.2479575540,0.2824229836,30,5,1,gamma_rtd
79.550000,0.1121089290,0.2464003709,0.2807420847,30,5,1,gamma_rtd
79.600000,0.1111912929,0.2448494643,0.2790672196,30,5,1,gamma_rtd
79.650000,0.1102794690,0.2433048393,0.2773983999,30,5,1,gamma_rtd
79.700000,0.1093734375,0.2417665006,0.2757356374,30,5,1,gamma_rtd
79.750000,0.1084731787,0.2402344525,0.2740789430,30,5,1,gamma_rtd
79.800000,0.1075786726,0.2387086992,0.2724283277,30,5,1,gamma_rtd
79.850000,0.1066898992,0.2371892445,0.2707838021,30,5,1,gamma_rtd
79.900000,0.1058068386,0.2356760919,0.2691453762,30,5,1,gamma_rtd
79.950000,0.1049294704,0.2341692445,0.2675130599,30,5,1,gamma_rtd
80.000000,0.1040577744,0.2326687053,0.2658868628,30,5,1,gamma_rtd
80.050000,0.1031917302,0.2311744769,0.2642667942,30,5,1,gamma_rtd
80.100000,0.1023313174,0.2296865616,0.2626528628,30,5,1,gamma_rtd
80.150000,0.1014765154,0.2282049615,0.2610450773,30,5,1,gamma_rtd
80.200000,0.1006273035,0.2267296782,0.2594434460,30,5,1,gamma_rtd
80.250000,0.0997836611,0.2252607133,0.2578479767,30,5,1,gamma_rtd
80.300000,0.0989455673,0.2237980680,0.2562586771,30,5,1,gamma_rtd
80.350000,0.0981130013,0.2223417430,0.2546755545,30,5,1,gamma_rtd
80.400000,0.0972859420,0.2208917391,0.2530986159,30,5,1,gamma_rtd
80.450000,0.0964643684,0.2194480566,0.2515278680,30,5,1,gamma_rtd
80.500000,0.0956482595,0.2180106955,0.2499633171,30,5,1,gamma_rtd
80.550000,0.0948375939,0.2165796556,0.2484049694,30,5,1,gamma_rtd
80.600000,0.0940323505,0.2151549364,0.2468528305,30,5,1,gamma_rtd
80.650000,0.0932325080,0.2137365372,0.2453069060,30,5,1,gamma_rtd
80.700000,0.0924380448,0.2123244569,0.2437672009,30,5,1,gamma_rtd
80.750000,0.0916489396,0.2109186943,0.2422337202,30,5,1,gamma_rtd
80.800000,0.0908651708,0.2095192476,0.2407064684,30,5,1,gamma_rtd
80.850000,0.0900867168,0.2081261152,0.2391854497,30,5,1,gamma_rtd
80.900000,0.0893135560,0.2067392950,0.2376706681,30,5,1,gamma_rtd
80.950000,0.0885456666,0.2053587845,0.2361621272,30,5,1,gamma_rtd
81.000000,0.0877830270,0.2039845812,0.2346598304,30,5,1,gamma_rtd
81.050000,0.0870256153,0.2026166822,0.2331637809,30,5,1,gamma_rtd
81.100000,0.0862734095,0.2012550844,0.2316739813,30,5,1,gamma_rtd
81.150000,0.0855263879,0.1998997844,0.2301904342,30,5,1,gamma_rtd
81.200000,0.0847845284,0.1985507785,0.2287131418,30,5,1,gamma_rtd
81.250000,0.0840478090,0.1972080630,0.2272421060,30,5,1,gamma_rtd
81.300000,0.0833162076,0.1958716337,0.2257773284,30,5,1,gamma_rtd
81.350000,0.0825897021,0.1945414862,0.2243188105,30,5,1,gamma_rtd
81.400000,0.0818682705,0.1932176159,0.2228665532,30,5,1,gamma_rtd
81.450000,0.0811518904,0.1919000180,0.2214205575,30,5,1,gamma_rtd
81.500000,0.0804405397,0.1905886874,0.2199808238,30,5,1,gamma_rtd
81.550000,0.0797341961,0.1892836188,0.2185473524,30,5,1,gamma_rtd
81.600000,0.0790328373,0.1879848065,0.2171201432,30,5,1,gamma_rtd
81.650000,0.0783364409,0.1866922449,0.2156991961,30,5,1,gamma_rtd
81.700000,0.0776449847,0.1854059278,0.2142845104,30,5,1,gamma_rtd
81.750000,0.0769584462,0.1841258491,0.2128760853,30,5,1,gamma_rtd
81.800000,0.0762768029,0.1828520023,0.2114739197,30,5,1,gamma_rtd
81.850000,0.0756000325,0.1815843806,0.2100780124,30,5,1,gamma_rtd
81.900000,0.0749281125,0.1803229771,0.2086883615,30,5,1,gamma_rtd
81.950000,0.0742610203,0.1790677847,0.2073049654,30,5,1,gamma_rtd
82.000000,0.0735987335,0.1778187960,0.2059278219,30,5,1,gamma_rtd
82.050000,0.0729412295,0.1765760035,0.2045569285,30,5,1,gamma_rtd
82.100000,0.0722884857,0.1753393992,0.2031922827,30,5,1,gamma_rtd
82.150000,0.0716404796,0.1741089753,0.2018338815,30,5,1,gamma_rtd
82.200000,0.0709971885,0.1728847234,0.2004817219,30,5,1,gamma_rtd
82.250000,0.0703585899,0.1716666353,0.1991358004,30,5,1,gamma_rtd
82.300000,0.0697246612,0.1704547021,0.1977961134,30,5,1,gamma_rtd
82.350000,0.0690953796,0.1692489150,0.1964626570,30,5,1,gamma_rtd
82.400000,0.0684707227,0.1680492651,0.1951354272,30,5,1,gamma_rtd
82.450000,0.0678506676,0.1668557431,0.1938144195,30,5,1,gamma_rtd
82.500000,0.0672351919,0.1656683395,0.1924996293,30,5,1,gamma_rtd
82.550000,0.0666242727,0.1644870446,0.1911910519,30,5,1,gamma_rtd
82.600000,0.0660178875,0.1633118486,0.1898886821,30,5,1,gamma_rtd
82.650000,0.0654160135,0.1621427416,0.1885925146,30,5,1,gamma_rtd
82.700000,0.0648186282,0.1609797131,0.1873025439,30,5,1,gamma_rtd
82.750000,0.0642257088,0.1598227529,0.1860187643,30,5,1,gamma_rtd
82.800000,0.0636372326,0.1586718504,0.1847411698,30,5,1,gamma_rtd
82.850000,0.0630531771,0.1575269947,0.1834697541,30,5,1,gamma_rtd
82.900000,0.0624735195,0.1563881748,0.1822045108,30,5,1,gamma_rtd
82.950000,0.0618982372,0.1552553797,0.1809454332,30,5,1,gamma_rtd
83.000000,0.0613273076,0.1541285979,0.1796925145,30,5,1,gamma_rtd
83.050000,0.0607607079,0.1530078180,0.1784457476,30,5,1,gamma_rtd
83.100000,0.0601984157,0.1518930283,0.1772051251,30,5,1,gamma_rtd
83.150000,0.0596404082,0.1507842169,0.1759706396,30,5,1,gamma_rtd
83.200000,0.0590866628,0.1496813717,0.1747422833,30,5,1,gamma_rtd
83.250000,0.0585371571,0.1485844807,0.1735200482,30,5,1,gamma_rtd
83.300000,0.0579918683,0.1474935313,0.1723039262,30,5,1,gamma_rtd
83.350000,0.0574507740,0.1464085111,0.1710939090,30,5,1,gamma_rtd
83.400000,0.0569138515,0.1453294074,0.1698899879,30,5,1,gamma_rtd
83.450000,0.0563810784,0.1442562073,0.1686921543,30,5,1,gamma_rtd
83.500000,0.0558524322,0.1431888978,0.1675003991,30,5,1,gamma_rtd
83.550000,0.0553278904,0.1421274657,0.1663147132,30,5,1,gamma_rtd
83.600000,0.0548074305,0.1410718977,0.1651350872,30,5,1,gamma_rtd
83.650000,0.0542910301,0.1400221802,0.1639615116,30,5,1,gamma_rtd
83.700000,0.0537786667,0.1389782997,0.1627939766,30,5,1,gamma_rtd
83.750000,0.0532703180,0.1379402424,0.1616324723,30,5,1,gamma_rtd
83.800000,0.0527659617,0.1369079942,0.1604769886,30,5,1,gamma_rtd
83.850000,0.0522655753,0.1358815412,0.1593275152,30,5,1,gamma_rtd
83.900000,0.0517691366,0.1348608692,0.1581840416,30,5,1,gamma_rtd
83.950000,0.0512766234,0.1338459636,0.1570465570,30,5,1,gamma_rtd
84.000000,0.0507880133,0.1328368100,0.1559150507,30,5,1,gamma_rtd
84.050000,0.0503032841,0.1318333939,0.1547895117,30,5,1,gamma_rtd
84.100000,0.0498224138,0.1308357003,0.1536699286,30,5,1,gamma_rtd
84.150000,0.0493453801,0.1298437143,0.1525562901,30,5,1,gamma_rtd
84.200000,0.0488721609,0.1288574210,0.1514485847,30,5,1,gamma_rtd
84.250000,0.0484027342,0.1278768051,0.1503468007,30,5,1,gamma_rtd
84.300000,0.0479370779,0.1269018513,0.1492509261,30,5,1,gamma_rtd
84.350000,0.0474751701,0.1259325441,0.1481609488,30,5,1,gamma_rtd
84.400000,0.0470169887,0.1249688681,0.1470768567,30,5,1,gamma_rtd
84.450000,0.0465625119,0.1240108074,0.1459986374,30,5,1,gamma_rtd
84.500000,0.0461117178,0.1230583464,0.1449262783,30,5,1,gamma_rtd
84.550000,0.0456645845,0.1221114690,0.1438597667,30,5,1,gamma_rtd
84.600000,0.0452210903,0.1211701593,0.1427990897,30,5,1,gamma_rtd
84.650000,0.0447812134,0.1202344010,0.1417442343,30,5,1,gamma_rtd
84.700000,0.0443449322,0.1193041778,0.1406951873,30,5,1,gamma_rtd
84.750000,0.0439122249,0.1183794735,0.1396519355,30,5,1,gamma_rtd
84.800000,0.0434830700,0.1174602714,0.1386144653,30,5,1,gamma_rtd
84.850000,0.0430574459,0.1165465550,0.1375827631,30,5,1,gamma_rtd
84.900000,0.0426353311,0.1156383076,0.1365568151,30,5,1,gamma_rtd
84.950000,0.0422167042,0.1147355123,0.1355366074,30,5,1,gamma_rtd
85.000000,0.0418015436,0.1138381522,0.1345221261,30,5,1,gamma_rtd
85.050000,0.0413898281,0.1129462103,0.1335133568,30,5,1,gamma_rtd
85.100000,0.0409815364,0.1120596695,0.1325102852,30,5,1,gamma_rtd
85.150000,0.0405766472,0.1111785125,0.1315128969,30,5,1,gamma_rtd
85.200000,0.0401751393,0.1103027220,0.1305211773,30,5,1,gamma_rtd
85.250000,0.0397769915,0.1094322806,0.1295351116,30,5,1,gamma_rtd
85.300000,0.0393821827,0.1085671708,0.1285546849,30,5,1,gamma_rtd
85.350000,0.0389906920,0.1077073751,0.1275798824,30,5,1,gamma_rtd
85.400000,0.0386024983,0.1068528756,0.1266106887,30,5,1,gamma_rtd
85.450000,0.0382175807,0.1060036547,0.1256470888,30,5,1,gamma_rtd
85.500000,0.0378359184,0.1051596945,0.1246890672,30,5,1,gamma_rtd
85.550000,0.0374574905,0.1043209770,0.1237366085,30,5,1,gamma_rtd
85.600000,0.0370822763,0.1034874843,0.1227896970,30,5,1,gamma_rtd
85.650000,0.0367102551,0.1026591981,0.1218483170,30,5,1,gamma_rtd
85.700000,0.0363414062,0.1018361004,0.1209124526,30,5,1,gamma_rtd
85.750000,0.0359757092,0.1010181729,0.1199820879,30,5,1,gamma_rtd
85.800000,0.0356131434,0.1002053973,0.1190572069,30,5,1,gamma_rtd
85.850000,0.0352536886,0.0993977550,0.1181377933,30,5,1,gamma_rtd
85.900000,0.0348973241,0.0985952277,0.1172238308,30,5,1,gamma_rtd
85.950000,0.0345440299,0.0977977968,0.1163153031,30,5,1,gamma_rtd
86.000000,0.0341937855,0.0970054438,0.1154121937,30,5,1,gamma_rtd
86.050000,0.0338465709,0.0962181498,0.1145144859,30,5,1,gamma_rtd
86.100000,0.0335023659,0.0954358961,0.1136221631,30,5,1,gamma_rtd
86.150000,0.0331611504,0.0946586640,0.1127352083,30,5,1,gamma_rtd
86.200000,0.0328229044,0.0938864345,0.1118536049,30,5,1,gamma_rtd
86.250000,0.0324876081,0.0931191888,0.1109773356,30,5,1,gamma_rtd
86.300000,0.0321552416,0.0923569078,0.1101063835,30,5,1,gamma_rtd
86.350000,0.0318257851,0.0915995724,0.1092407314,30,5,1,gamma_rtd
86.400000,0.0314992189,0.0908471636,0.1083803619,30,5,1,gamma_rtd
86.450000,0.0311755233,0.0900996622,0.1075252577,30,5,1,gamma_rtd
86.500000,0.0308546787,0.0893570490,0.1066754014,30,5,1,gamma_rtd
86.550000,0.0305366657,0.0886193047,0.1058307754,30,5,1,gamma_rtd
86.600000,0.0302214648,0.0878864100,0.1049913621,30,5,1,gamma_rtd
86.650000,0.0299090567,0.0871583455,0.1041571437,30,5,1,gamma_rtd
86.700000,0.0295994220,0.0864350918,0.1033281025,30,5,1,gamma_rtd
86.750000,0.0292925415,0.0857166295,0.1025042207,30,5,1,gamma_rtd
86.800000,0.0289883962,0.0850029391,0.1016854802,30,5,1,gamma_rtd
86.850000,0.0286869668,0.0842940010,0.1008718631,30,5,1,gamma_rtd
86.900000,0.0283882344,0.0835897956,0.1000633512,30,5,1,gamma_rtd
86.950000,0.0280921802,0.0828903033,0.0992599264,30,5,1,gamma_rtd
87.000000,0.0277987851,0.0821955045,0.0984615705,30,5,1,gamma_rtd
87.050000,0.0275080305,0.0815053795,0.0976682651,30,5,1,gamma_rtd
87.100000,0.0272198976,0.0808199085,0.0968799918,30,5,1,gamma_rtd
87.150000,0.0269343678,0.0801390718,0.0960967323,30,5,1,gamma_rtd
87.200000,0.0266514225,0.0794628495,0.0953184680,30,5,1,gamma_rtd
87.250000,0.0263710434,0.0787912219,0.0945451804,30,5,1,gamma_rtd
87.300000,0.0260932119,0.0781241691,0.0937768508,30,5,1,gamma_rtd
87.350000,0.0258179097,0.0774616713,0.0930134605,30,5,1,gamma_rtd
87.400000,0.0255451187,0.0768037084,0.0922549908,30,5,1,gamma_rtd
87.450000,0.0252748205,0.0761502606,0.0915014228,30,5,1,gamma_rtd
87.500000,0.0250069972,0.0755013080,0.0907527378,30,5,1,gamma_rtd
87.550000,0.0247416307,0.0748568305,0.0900089168,30,5,1,gamma_rtd
87.600000,0.0244787031,0.0742168081,0.0892699408,30,5,1,gamma_rtd
87.650000,0.0242181965,0.0735812209,0.0885357909,30,5,1,gamma_rtd
87.700000,0.0239600931,0.0729500488,0.0878064479,30,5,1,gamma_rtd
87.750000,0.0237043753,0.0723232717,0.0870818928,30,5,1,gamma_rtd
87.800000,0.0234510253,0.0717008696,0.0863621063,30,5,1,gamma_rtd
87.850000,0.0232000258,0.0710828224,0.0856470694,30,5,1,gamma_rtd
87.900000,0.0229513591,0.0704691100,0.0849367627,30,5,1,gamma_rtd
87.950000,0.0227050079,0.0698597123,0.0842311669,30,5,1,gamma_rtd
88.000000,0.0224609550,0.0692546091,0.0835302628,30,5,1,gamma_rtd
88.050000,0.0222191830,0.0686537805,0.0828340310,30,5,1,gamma_rtd
88.100000,0.0219796749,0.0680572061,0.0821424520,30,5,1,gamma_rtd
88.150000,0.0217424136,0.0674648659,0.0814555064,30,5,1,gamma_rtd
88.200000,0.0215073821,0.0668767397,0.0807731749,30,5,1,gamma_rtd
88.250000,0.0212745634,0.0662928074,0.0800954377,30,5,1,gamma_rtd
88.300000,0.0210439409,0.0657130489,0.0794222755,30,5,1,gamma_rtd
88.350000,0.0208154977,0.0651374439,0.0787536686,30,5,1,gamma_rtd
88.400000,0.0205892171,0.0645659723,0.0780895975,30,5,1,gamma_rtd
88.450000,0.0203650827,0.0639986140,0.0774300425,30,5,1,gamma_rtd
88.500000,0.0201430779,0.0634353488,0.0767749840,30,5,1,gamma_rtd
88.550000,0.0199231862,0.0628761565,0.0761244023,30,5,1,gamma_rtd
88.600000,0.0197053915,0.0623210171,0.0754782778,30,5,1,gamma_rtd
88.650000,0.0194896773,0.0617699103,0.0748365906,30,5,1,gamma_rtd
88.700000,0.0192760277,0.0612228161,0.0741993211,30,5,1,gamma_rtd
88.750000,0.0190644263,0.0606797142,0.0735664495,30,5,1,gamma_rtd
88.800000,0.0188548574,0.0601405847,0.0729379560,30,5,1,gamma_rtd
88.850000,0.0186473049,0.0596054073,0.0723138208,30,5,1,gamma_rtd
88.900000,0.0184417530,0.0590741620,0.0716940242,30,5,1,gamma_rtd
88.950000,0.0182381860,0.0585468287,0.0710785462,30,5,1,gamma_rtd
89.000000,0.0180365881,0.0580233873,0.0704673671,30,5,1,gamma_rtd
89.050000,0.0178369439,0.0575038178,0.0698604671,30,5,1,gamma_rtd
89.100000,0.0176392377,0.0569881000,0.0692578262,30,5,1,gamma_rtd
89.150000,0.0174434542,0.0564762141,0.0686594246,30,5,1,gamma_rtd
89.200000,0.0172495780,0.0559681398,0.0680652424,30,5,1,gamma_rtd
89.250000,0.0170575938,0.0554638574,0.0674752597,30,5,1,gamma_rtd
89.300000,0.0168674866,0.0549633467,0.0668894567,30,5,1,gamma_rtd
89.350000,0.0166792411,0.0544665879,0.0663078135,30,5,1,gamma_rtd
89.400000,0.0164928425,0.0539735610,0.0657303101,30,5,1,gamma_rtd
89.450000,0.0163082757,0.0534842460,0.0651569267,30,5,1,gamma_rtd
89.500000,0.0161255259,0.0529986231,0.0645876433,30,5,1,gamma_rtd
89.550000,0.0159445783,0.0525166725,0.0640224401,30,5,1,gamma_rtd
89.600000,0.0157654183,0.0520383741,0.0634612972,30,5,1,gamma_rtd
89.650000,0.0155880313,0.0515637084,0.0629041947,30,5,1,gamma_rtd
89.700000,0.0154124028,0.0510926554,0.0623511127,30,5,1,gamma_rtd
89.750000,0.0152385182,0.0506251954,0.0618020312,30,5,1,gamma_rtd
89.800000,0.0150663634,0.0501613086,0.0612569305,30,5,1,gamma_rtd
89.850000,0.0148959239,0.0497009754,0.0607157906,30,5,1,gamma_rtd
89.900000,0.0147271857,0.0492441761,0.0601785918,30,5,1,gamma_rtd
89.950000,0.0145601346,0.0487908909,0.0596453140,30,5,1,gamma_rtd
90.000000,0.0143947566,0.0483411004,0.0591159376,30,5,1,gamma_rtd
90.050000,0.0142310378,0.0478947849,0.0585904425,30,5,1,gamma_rtd
90.100000,0.0140689643,0.0474519248,0.0580688092,30,5,1,gamma_rtd
90.150000,0.0139085224,0.0470125007,0.0575510176,30,5,1,gamma_rtd
90.200000,0.0137496982,0.0465764931,0.0570370481,30,5,1,gamma_rtd
90.250000,0.0135924784,0.0461438825,0.0565268808,30,5,1,gamma_rtd
90.300000,0.0134368492,0.0457146495,0.0560204960,30,5,1,gamma_rtd
90.350000,0.0132827973,0.0452887747,0.0555178739,30,5,1,gamma_rtd
90.400000,0.0131303093,0.0448662388,0.0550189949,30,5,1,gamma_rtd
90.450000,0.0129793720,0.0444470225,0.0545238391,30,5,1,gamma_rtd
90.500000,0.0128299720,0.0440311066,0.0540323870,30,5,1,gamma_rtd
90.550000,0.0126820964,0.0436184717,0.0535446188,30,5,1,gamma_rtd
90.600000,0.0125357320,0.0432090989,0.0530605149,30,5,1,gamma_rtd
90.650000,0.0123908659,0.0428029688,0.0525800556,30,5,1,gamma_rtd
90.700000,0.0122474853,0.0424000625,0.0521032215,30,5,1,gamma_rtd
90.750000,0.0121055773,0.0420003609,0.0516299928,30,5,1,gamma_rtd
90.800000,0.0119651292,0.0416038449,0.0511603501,30,5,1,gamma_rtd
90.850000,0.0118261284,0.0412104956,0.0506942739,30,5,1,gamma_rtd
90.900000,0.0116885623,0.0408202941,0.0502317446,30,5,1,gamma_rtd
90.950000,0.0115524184,0.0404332216,0.0497727427,30,5,1,gamma_rtd
91.000000,0.0114176844,0.0400492591,0.0493172489,30,5,1,gamma_rtd
91.050000,0.0112843480,0.0396683880,0.0488652437,30,5,1,gamma_rtd
91.100000,0.0111523968,0.0392905894,0.0484167077,30,5,1,gamma_rtd
91.150000,0.0110218188,0.0389158447,0.0479716217,30,5,1,gamma_rtd
91.200000,0.0108926018,0.0385441354,0.0475299662,30,5,1,gamma_rtd
91.250000,0.0107647340,0.0381754427,0.0470917221,30,5,1,gamma_rtd
91.300000,0.0106382032,0.0378097481,0.0466568700,30,5,1,gamma_rtd
91.350000,0.0105129978,0.0374470333,0.0462253908,30,5,1,gamma_rtd
91.400000,0.0103891059,0.0370872797,0.0457972652,30,5,1,gamma_rtd
91.450000,0.0102665159,0.0367304689,0.0453724742,30,5,1,gamma_rtd
91.500000,0.0101452161,0.0363765827,0.0449509987,30,5,1,gamma_rtd
91.550000,0.0100251950,0.0360256027,0.0445328195,30,5,1,gamma_rtd
91.600000,0.0099064413,0.0356775108,0.0441179176,30,5,1,gamma_rtd
91.650000,0.0097889434,0.0353322887,0.0437062741,30,5,1,gamma_rtd
91.700000,0.0096726901,0.0349899184,0.0432978700,30,5,1,gamma_rtd
91.750000,0.0095576702,0.0346503818,0.0428926864,30,5,1,gamma_rtd
91.800000,0.0094438725,0.0343136609,0.0424907045,30,5,1,gamma_rtd
91.850000,0.0093312860,0.0339797377,0.0420919054,30,5,1,gamma_rtd
91.900000,0.0092198997,0.0336485944,0.0416962703,30,5,1,gamma_rtd
91.950000,0.0091097026,0.0333202131,0.0413037805,30,5,1,gamma_rtd
92.000000,0.0090006839,0.0329945761,0.0409144173,30,5,1,gamma_rtd
92.050000,0.0088928330,0.0326716655,0.0405281621,30,5,1,gamma_rtd
92.100000,0.0087861389,0.0323514639,0.0401449963,30,5,1,gamma_rtd
92.150000,0.0086805913,0.0320339534,0.0397649012,30,5,1,gamma_rtd
92.200000,0.0085761794,0.0317191167,0.0393878584,30,5,1,gamma_rtd
92.250000,0.0084728930,0.0314069363,0.0390138495,30,5,1,gamma_rtd
92.300000,0.0083707214,0.0310973946,0.0386428559,30,5,1,gamma_rtd
92.350000,0.0082696546,0.0307904744,0.0382748595,30,5,1,gamma_rtd
92.400000,0.0081696821,0.0304861583,0.0379098417,30,5,1,gamma_rtd
92.450000,0.0080707939,0.0301844292,0.0375477844,30,5,1,gamma_rtd
92.500000,0.0079729798,0.0298852697,0.0371886693,30,5,1,gamma_rtd
92.550000,0.0078762298,0.0295886628,0.0368324783,30,5,1,gamma_rtd
92.600000,0.0077805340,0.0292945915,0.0364791933,30,5,1,gamma_rtd
92.650000,0.0076858825,0.0290030387,0.0361287961,30,5,1,gamma_rtd
92.700000,0.0075922655,0.0287139876,0.0357812688,30,5,1,gamma_rtd
92.750000,0.0074996733,0.0284274212,0.0354365934,30,5,1,gamma_rtd
92.800000,0.0074080961,0.0281433227,0.0350947521,30,5,1,gamma_rtd
92.850000,0.0073175244,0.0278616754,0.0347557269,30,5,1,gamma_rtd
92.900000,0.0072279487,0.0275824626,0.0344195000,30,5,1,gamma_rtd
92.950000,0.0071393596,0.0273056678,0.0340860538,30,5,1,gamma_rtd
93.000000,0.0070517476,0.0270312743,0.0337553704,30,5,1,gamma_rtd
93.050000,0.0069651034,0.0267592657,0.0334274324,30,5,1,gamma_rtd
93.100000,0.0068794179,0.0264896255,0.0331022221,30,5,1,gamma_rtd
93.150000,0.0067946817,0.0262223375,0.0327797219,30,5,1,gamma_rtd
93.200000,0.0067108860,0.0259573853,0.0324599145,30,5,1,gamma_rtd
93.250000,0.0066280215,0.0256947526,0.0321427824,30,5,1,gamma_rtd
93.300000,0.0065460794,0.0254344235,0.0318283083,30,5,1,gamma_rtd
93.350000,0.0064650507,0.0251763817,0.0315164749,30,5,1,gamma_rtd
93.400000,0.0063849266,0.0249206112,0.0312072649,30,5,1,gamma_rtd
93.450000,0.0063056984,0.0246670961,0.0309006611,30,5,1,gamma_rtd
93.500000,0.0062273574,0.0244158205,0.0305966466,30,5,1,gamma_rtd
93.550000,0.0061498950,0.0241667686,0.0302952041,30,5,1,gamma_rtd
93.600000,0.0060733025,0.0239199247,0.0299963168,30,5,1,gamma_rtd
93.650000,0.0059975716,0.0236752730,0.0296999677,30,5,1,gamma_rtd
93.700000,0.0059226937,0.0234327979,0.0294061398,30,5,1,gamma_rtd
93.750000,0.0058486605,0.0231924839,0.0291148165,30,5,1,gamma_rtd
93.800000,0.0057754638,0.0229543155,0.0288259810,30,5,1,gamma_rtd
93.850000,0.0057030953,0.0227182774,0.0285396165,30,5,1,gamma_rtd
93.900000,0.0056315468,0.0224843541,0.0282557064,30,5,1,gamma_rtd
93.950000,0.0055608103,0.0222525303,0.0279742342,30,5,1,gamma_rtd
94.000000,0.0054908777,0.0220227910,0.0276951834,30,5,1,gamma_rtd
94.050000,0.0054217411,0.0217951209,0.0274185376,30,5,1,gamma_rtd
94.100000,0.0053533924,0.0215695051,0.0271442803,30,5,1,gamma_rtd
94.150000,0.0052858240,0.0213459284,0.0268723953,30,5,1,gamma_rtd
94.200000,0.0052190280,0.0211243760,0.0266028663,30,5,1,gamma_rtd
94.250000,0.0051529967,0.0209048330,0.0263356772,30,5,1,gamma_rtd
94.300000,0.0050877224,0.0206872846,0.0260708118,30,5,1,gamma_rtd
94.350000,0.0050231977,0.0204717162,0.0258082541,30,5,1,gamma_rtd
94.400000,0.0049594148,0.0202581130,0.0255479881,30,5,1,gamma_rtd
94.450000,0.0048963664,0.0200464606,0.0252899978,30,5,1,gamma_rtd
94.500000,0.0048340450,0.0198367443,0.0250342675,30,5,1,gamma_rtd
94.550000,0.0047724434,0.0196289498,0.0247807813,30,5,1,gamma_rtd
94.600000,0.0047115542,0.0194230627,0.0245295235,30,5,1,gamma_rtd
94.650000,0.0046513702,0.0192190687,0.0242804785,30,5,1,gamma_rtd
94.700000,0.0045918842,0.0190169537,0.0240336306,30,5,1,gamma_rtd
94.750000,0.0045330891,0.0188167033,0.0237889644,30,5,1,gamma_rtd
94.800000,0.0044749779,0.0186183036,0.0235464644,30,5,1,gamma_rtd
94.850000,0.0044175436,0.0184217405,0.0233061151,30,5,1,gamma_rtd
94.900000,0.0043607793,0.0182270002,0.0230679014,30,5,1,gamma_rtd
94.950000,0.0043046781,0.0180340687,0.0228318078,30,5,1,gamma_rtd
95.000000,0.0042492331,0.0178429322,0.0225978193,30,5,1,gamma_rtd
95.050000,0.0041944377,0.0176535771,0.0223659207,30,5,1,gamma_rtd
95.100000,0.0041402850,0.0174659896,0.0221360970,30,5,1,gamma_rtd
95.150000,0.0040867686,0.0172801562,0.0219083332,30,5,1,gamma_rtd
95.200000,0.0040338818,0.0170960634,0.0216826144,30,5,1,gamma_rtd
95.250000,0.0039816180,0.0169136977,0.0214589256,30,5,1,gamma_rtd
95.300000,0.0039299708,0.0167330457,0.0212372522,30,5,1,gamma_rtd
95.350000,0.0038789338,0.0165540942,0.0210175795,30,5,1,gamma_rtd
95.400000,0.0038285006,0.0163768299,0.0207998928,30,5,1,gamma_rtd
95.450000,0.0037786650,0.0162012397,0.0205841774,30,5,1,gamma_rtd
95.500000,0.0037294206,0.0160273105,0.0203704190,30,5,1,gamma_rtd
95.550000,0.0036807612,0.0158550292,0.0201586031,30,5,1,gamma_rtd
95.600000,0.0036326808,0.0156843830,0.0199487154,30,5,1,gamma_rtd
95.650000,0.0035851731,0.0155153588,0.0197407414,30,5,1,gamma_rtd
95.700000,0.0035382323,0.0153479441,0.0195346671,30,5,1,gamma_rtd
95.750000,0.0034918523,0.0151821259,0.0193304782,30,5,1,gamma_rtd
95.800000,0.0034460272,0.0150178917,0.0191281607,30,5,1,gamma_rtd
95.850000,0.0034007510,0.0148552288,0.0189277005,30,5,1,gamma_rtd
95.900000,0.0033560180,0.0146941248,0.0187290837,30,5,1,gamma_rtd
95.950000,0.0033118224,0.0145345671,0.0185322964,30,5,1,gamma_rtd
96.000000,0.0032681585,0.0143765434,0.0183373249,30,5,1,gamma_rtd
96.050000,0.0032250205,0.0142200415,0.0181441553,30,5,1,gamma_rtd
96.100000,0.0031824030,0.0140650490,0.0179527740,30,5,1,gamma_rtd
96.150000,0.0031403002,0.0139115537,0.0177631674,30,5,1,gamma_rtd
96.200000,0.0030987067,0.0137595437,0.0175753220,30,5,1,gamma_rtd
96.250000,0.0030576170,0.0136090068,0.0173892243,30,5,1,gamma_rtd
96.300000,0.0030170257,0.0134599311,0.0172048609,30,5,1,gamma_rtd
96.350000,0.0029769274,0.0133123048,0.0170222185,30,5,1,gamma_rtd
96.400000,0.0029373168,0.0131661159,0.0168412839,30,5,1,gamma_rtd
96.450000,0.0028981885,0.0130213527,0.0166620438,30,5,1,gamma_rtd
96.500000,0.0028595375,0.0128780037,0.0164844852,30,5,1,gamma_rtd
96.550000,0.0028213585,0.0127360571,0.0163085950,30,5,1,gamma_rtd
96.600000,0.0027836463,0.0125955014,0.0161343603,30,5,1,gamma_rtd
96.650000,0.0027463959,0.0124563251,0.0159617681,30,5,1,gamma_rtd
96.700000,0.0027096022,0.0123185169,0.0157908057,30,5,1,gamma_rtd
96.750000,0.0026732603,0.0121820654,0.0156214601,30,5,1,gamma_rtd
96.800000,0.0026373651,0.0120469593,0.0154537189,30,5,1,gamma_rtd
96.850000,0.0026019119,0.0119131875,0.0152875692,30,5,1,gamma_rtd
96.900000,0.0025668957,0.0117807388,0.0151229987,30,5,1,gamma_rtd
96.950000,0.0025323118,0.0116496022,0.0149599948,30,5,1,gamma_rtd
97.000000,0.0024981553,0.0115197666,0.0147985450,30,5,1,gamma_rtd
97.050000,0.0024644215,0.0113912212,0.0146386371,30,5,1,gamma_rtd
97.100000,0.0024311058,0.0112639551,0.0144802588,30,5,1,gamma_rtd
97.150000,0.0023982036,0.0111379575,0.0143233978,30,5,1,gamma_rtd
97.200000,0.0023657102,0.0110132177,0.0141680420,30,5,1,gamma_rtd
97.250000,0.0023336211,0.0108897251,0.0140141794,30,5,1,gamma_rtd
97.300000,0.0023019318,0.0107674690,0.0138617980,30,5,1,gamma_rtd
97.350000,0.0022706379,0.0106464390,0.0137108858,30,5,1,gamma_rtd
97.400000,0.0022397349,0.0105266246,0.0135614310,30,5,1,gamma_rtd
97.450000,0.0022092184,0.0104080154,0.0134134217,30,5,1,gamma_rtd
97.500000,0.0021790842,0.0102906010,0.0132668463,30,5,1,gamma_rtd
97.550000,0.0021493278,0.0101743714,0.0131216931,30,5,1,gamma_rtd
97.600000,0.0021199452,0.0100593162,0.0129779505,30,5,1,gamma_rtd
97.650000,0.0020909320,0.0099454254,0.0128356071,30,5,1,gamma_rtd
97.700000,0.0020622841,0.0098326889,0.0126946512,30,5,1,gamma_rtd
97.750000,0.0020339974,0.0097210967,0.0125550717,30,5,1,gamma_rtd
97.800000,0.0020060678,0.0096106389,0.0124168571,30,5,1,gamma_rtd
97.850000,0.0019784912,0.0095013057,0.0122799962,30,5,1,gamma_rtd
97.900000,0.0019512636,0.0093930873,0.0121444779,30,5,1,gamma_rtd
97.950000,0.0019243811,0.0092859739,0.0120102910,30,5,1,gamma_rtd
98.000000,0.0018978397,0.0091799559,0.0118774245,30,5,1,gamma_rtd
98.050000,0.0018716355,0.0090750237,0.0117458674,30,5,1,gamma_rtd
98.100000,0.0018457647,0.0089711677,0.0116156088,30,5,1,gamma_rtd
98.150000,0.0018202235,0.0088683786,0.0114866379,30,5,1,gamma_rtd
98.200000,0.0017950080,0.0087666469,0.0113589439,30,5,1,gamma_rtd
98.250000,0.0017701146,0.0086659632,0.0112325161,30,5,1,gamma_rtd
98.300000,0.0017455395,0.0085663184,0.0111073438,30,5,1,gamma_rtd
98.350000,0.0017212791,0.0084677031,0.0109834165,30,5,1,gamma_rtd
98.400000,0.0016973297,0.0083701083,0.0108607237,30,5,1,gamma_rtd
98.450000,0.0016736878,0.0082735248,0.0107392550,30,5,1,gamma_rtd
98.500000,0.0016503497,0.0081779437,0.0106189999,30,5,1,gamma_rtd
98.550000,0.0016273120,0.0080833560,0.0104999482,30,5,1,gamma_rtd
98.600000,0.0016045712,0.0079897528,0.0103820896,30,5,1,gamma_rtd
98.650000,0.0015821237,0.0078971252,0.0102654140,30,5,1,gamma_rtd
98.700000,0.0015599663,0.0078054645,0.0101499111,30,5,1,gamma_rtd
98.750000,0.0015380955,0.0077147621,0.0100355711,30,5,1,gamma_rtd
98.800000,0.0015165080,0.0076250091,0.0099223839,30,5,1,gamma_rtd
98.850000,0.0014952004,0.0075361971,0.0098103397,30,5,1,gamma_rtd
98.900000,0.0014741695,0.0074483175,0.0096994284,30,5,1,gamma_rtd
98.950000,0.0014534120,0.0073613619,0.0095896404,30,5,1,gamma_rtd
99.000000,0.0014329247,0.0072753218,0.0094809660,30,5,1,gamma_rtd
99.050000,0.0014127045,0.0071901889,0.0093733955,30,5,1,gamma_rtd
99.100000,0.0013927481,0.0071059550,0.0092669192,30,5,1,gamma_rtd
99.150000,0.0013730525,0.0070226118,0.0091615278,30,5,1,gamma_rtd
99.200000,0.0013536145,0.0069401511,0.0090572116,30,5,1,gamma_rtd
99.250000,0.0013344312,0.0068585648,0.0089539613,30,5,1,gamma_rtd
99.300000,0.0013154994,0.0067778450,0.0088517676,30,5,1,gamma_rtd
99.350000,0.0012968163,0.0066979835,0.0087506212,30,5,1,gamma_rtd
99.400000,0.0012783788,0.0066189725,0.0086505129,30,5,1,gamma_rtd
99.450000,0.0012601841,0.0065408041,0.0085514335,30,5,1,gamma_rtd
99.500000,0.0012422292,0.0064634705,0.0084533740,30,5,1,gamma_rtd
99.550000,0.0012245112,0.0063869640,0.0083563252,30,5,1,gamma_rtd
99.600000,0.0012070273,0.0063112767,0.0082602784,30,5,1,gamma_rtd
99.650000,0.0011897748,0.0062364012,0.0081652244,30,5,1,gamma_rtd
99.700000,0.0011727508,0.0061623298,0.0080711546,30,5,1,gamma_rtd
99.750000,0.0011559525,0.0060890550,0.0079780601,30,5,1,gamma_rtd
99.800000,0.0011393773,0.0060165693,0.0078859323,30,5,1,gamma_rtd
99.850000,0.0011230225,0.0059448653,0.0077947624,30,5,1,gamma_rtd
99.900000,0.0011068854,0.0058739357,0.0077045418,30,5,1,gamma_rtd
99.950000,0.0010909634,0.0058037731,0.0076152621,30,5,1,gamma_rtd
100.000000,0.0010752538,0.0057343703,0.0075269147,30,5,1,gamma_rtd
100.050000,0.0010597542,0.0056657202,0.0074394913,30,5,1,gamma_rtd
100.100000,0.0010444618,0.0055978155,0.0073529835,30,5,1,gamma_rtd
100.150000,0.0010293743,0.0055306492,0.0072673829,30,5,1,gamma_rtd
100.200000,0.0010144891,0.0054642143,0.0071826814,30,5,1,gamma_rtd
100.250000,0.0009998037,0.0053985038,0.0070988708,30,5,1,gamma_rtd
100.300000,0.0009853158,0.0053335108,0.0070159429,30,5,1,gamma_rtd
100.350000,0.0009710228,0.0052692284,0.0069338897,30,5,1,gamma_rtd
100.400000,0.0009569224,0.0052056498,0.0068527032,30,5,1,gamma_rtd
100.450000,0.0009430122,0.0051427682,0.0067723755,30,5,1,gamma_rtd
100.500000,0.0009292899,0.0050805770,0.0066928986,30,5,1,gamma_rtd
100.550000,0.0009157532,0.0050190695,0.0066142648,30,5,1,gamma_rtd
100.600000,0.0009023998,0.0049582390,0.0065364662,30,5,1,gamma_rtd
100.650000,0.0008892274,0.0048980792,0.0064594951,30,5,1,gamma_rtd
100.700000,0.0008762338,0.0048385833,0.0063833440,30,5,1,gamma_rtd
100.750000,0.0008634167,0.0047797451,0.0063080051,30,5,1,gamma_rtd
100.800000,0.0008507740,0.0047215581,0.0062334710,30,5,1,gamma_rtd
100.850000,0.0008383035,0.0046640159,0.0061597341,30,5,1,gamma_rtd
100.900000,0.0008260031,0.0046071123,0.0060867871,30,5,1,gamma_rtd
100.950000,0.0008138707,0.0045508411,0.0060146225,30,5,1,gamma_rtd
101.000000,0.0008019040,0.0044951960,0.0059432330,30,5,1,gamma_rtd
101.050000,0.0007901012,0.0044401708,0.0058726114,30,5,1,gamma_rtd
101.100000,0.0007784601,0.0043857596,0.0058027505,30,5,1,gamma_rtd
101.150000,0.0007669787,0.0043319563,0.0057336430,30,5,1,gamma_rtd
101.200000,0.0007556550,0.0042787548,0.0056652819,30,5,1,gamma_rtd
101.250000,0.0007444869,0.0042261493,0.0055976602,30,5,1,gamma_rtd
101.300000,0.0007334727,0.0041741338,0.0055307708,30,5,1,gamma_rtd
101.350000,0.0007226103,0.0041227025,0.0054646069,30,5,1,gamma_rtd
101.400000,0.0007118977,0.0040718495,0.0053991614,30,5,1,gamma_rtd
101.450000,0.0007013332,0.0040215692,0.0053344277,30,5,1,gamma_rtd
101.500000,0.0006909148,0.0039718558,0.0052703988,30,5,1,gamma_rtd
101.550000,0.0006806407,0.0039227037,0.0052070681,30,5,1,gamma_rtd
101.600000,0.0006705091,0.0038741073,0.0051444289,30,5,1,gamma_rtd
101.650000,0.0006605180,0.0038260610,0.0050824746,30,5,1,gamma_rtd
101.700000,0.0006506659,0.0037785592,0.0050211986,30,5,1,gamma_rtd
101.750000,0.0006409508,0.0037315965,0.0049605943,30,5,1,gamma_rtd
101.800000,0.0006313710,0.0036851676,0.0049006554,30,5,1,gamma_rtd
101.850000,0.0006219248,0.0036392669,0.0048413754,30,5,1,gamma_rtd
101.900000,0.0006126106,0.0035938892,0.0047827479,30,5,1,gamma_rtd
101.950000,0.0006034265,0.0035490292,0.0047247665,30,5,1,gamma_rtd
102.000000,0.0005943709,0.0035046816,0.0046674251,30,5,1,gamma_rtd
102.050000,0.0005854423,0.0034608413,0.0046107175,30,5,1,gamma_rtd
102.100000,0.0005766388,0.0034175030,0.0045546374,30,5,1,gamma_rtd
102.150000,0.0005679590,0.0033746617,0.0044991787,30,5,1,gamma_rtd
102.200000,0.0005594013,0.0033323123,0.0044443353,30,5,1,gamma_rtd
102.250000,0.0005509640,0.0032904498,0.0043901013,30,5,1,gamma_rtd
102.300000,0.0005426456,0.0032490692,0.0043364707,30,5,1,gamma_rtd
102.350000,0.0005344445,0.0032081655,0.0042834375,30,5,1,gamma_rtd
102.400000,0.0005263593,0.0031677339,0.0042309959,30,5,1,gamma_rtd
102.450000,0.0005183884,0.0031277695,0.0041791400,30,5,1,gamma_rtd
102.500000,0.0005105303,0.0030882675,0.0041278640,30,5,1,gamma_rtd
102.550000,0.0005027837,0.0030492231,0.0040771623,30,5,1,gamma_rtd
102.600000,0.0004951469,0.0030106316,0.0040270291,30,5,1,gamma_rtd
102.650000,0.0004876186,0.0029724883,0.0039774588,30,5,1,gamma_rtd
102.700000,0.0004801974,0.0029347886,0.0039284458,30,5,1,gamma_rtd
102.750000,0.0004728819,0.0028975278,0.0038799846,30,5,1,gamma_rtd
102.800000,0.0004656706,0.0028607014,0.0038320696,30,5,1,gamma_rtd
102.850000,0.0004585622,0.0028243049,0.0037846954,30,5,1,gamma_rtd
102.900000,0.0004515554,0.0027883338,0.0037378566,30,5,1,gamma_rtd
102.950000,0.0004446488,0.0027527836,0.0036915479,30,5,1,gamma_rtd
103.000000,0.0004378411,0.0027176499,0.0036457638,30,5,1,gamma_rtd
103.050000,0.0004311309,0.0026829284,0.0036004991,30,5,1,gamma_rtd
103.100000,0.0004245171,0.0026486148,0.0035557487,30,5,1,gamma_rtd
103.150000,0.0004179983,0.0026147046,0.0035115072,30,5,1,gamma_rtd
103.200000,0.0004115732,0.0025811938,0.0034677697,30,5,1,gamma_rtd
103.250000,0.0004052407,0.0025480781,0.0034245308,30,5,1,gamma_rtd
103.300000,0.0003989995,0.0025153533,0.0033817857,30,5,1,gamma_rtd
103.350000,0.0003928483,0.0024830152,0.0033395293,30,5,1,gamma_rtd
103.400000,0.0003867860,0.0024510598,0.0032977566,30,5,1,gamma_rtd
103.450000,0.0003808114,0.0024194831,0.0032564628,30,5,1,gamma_rtd
103.500000,0.0003749233,0.0023882809,0.0032156428,30,5,1,gamma_rtd
103.550000,0.0003691205,0.0023574493,0.0031752919,30,5,1,gamma_rtd
103.600000,0.0003634020,0.0023269844,0.0031354052,30,5,1,gamma_rtd
103.650000,0.0003577665,0.0022968822,0.0030959781,30,5,1,gamma_rtd
103.700000,0.0003522130,0.0022671389,0.0030570057,30,5,1,gamma_rtd
103.750000,0.0003467404,0.0022377505,0.0030184834,30,5,1,gamma_rtd
103.800000,0.0003413475,0.0022087134,0.0029804066,30,5,1,gamma_rtd
103.850000,0.0003360334,0.0021800237,0.0029427707,30,5,1,gamma_rtd
103.900000,0.0003307968,0.0021516776,0.0029055711,30,5,1,gamma_rtd
103.950000,0.0003256369,0.0021236716,0.0028688033,30,5,1,gamma_rtd
104.000000,0.0003205525,0.0020960018,0.0028324628,30,5,1,gamma_rtd
104.050000,0.0003155427,0.0020686647,0.0027965452,30,5,1,gamma_rtd
104.100000,0.0003106063,0.0020416567,0.0027610460,30,5,1,gamma_rtd
104.150000,0.0003057425,0.0020149742,0.0027259610,30,5,1,gamma_rtd
104.200000,0.0003009502,0.0019886136,0.0026912857,30,5,1,gamma_rtd
104.250000,0.0002962284,0.0019625715,0.0026570160,30,5,1,gamma_rtd
104.300000,0.0002915763,0.0019368444,0.0026231476,30,5,1,gamma_rtd
104.350000,0.0002869927,0.0019114288,0.0025896762,30,5,1,gamma_rtd
104.400000,0.0002824769,0.0018863214,0.0025565976,30,5,1,gamma_rtd
104.450000,0.0002780278,0.0018615188,0.0025239079,30,5,1,gamma_rtd
104.500000,0.0002736447,0.0018370176,0.0024916028,30,5,1,gamma_rtd
104.550000,0.0002693264,0.0018128145,0.0024596783,30,5,1,gamma_rtd
104.600000,0.0002650722,0.0017889063,0.0024281304,30,5,1,gamma_rtd
104.650000,0.0002608812,0.0017652896,0.0023969550,30,5,1,gamma_rtd
104.700000,0.0002567525,0.0017419614,0.0023661484,30,5,1,gamma_rtd
104.750000,0.0002526853,0.0017189184,0.0023357064,30,5,1,gamma_rtd
104.800000,0.0002486786,0.0016961574,0.0023056253,30,5,1,gamma_rtd
104.850000,0.0002447317,0.0016736753,0.0022759012,30,5,1,gamma_rtd
104.900000,0.0002408438,0.0016514691,0.0022465303,30,5,1,gamma_rtd
104.950000,0.0002370140,0.0016295357,0.0022175088,30,5,1,gamma_rtd
105.000000,0.0002332414,0.0016078720,0.0021888330,30,5,1,gamma_rtd
105.050000,0.0002295254,0.0015864750,0.0021604992,30,5,1,gamma_rtd
105.100000,0.0002258651,0.0015653417,0.0021325037,30,5,1,gamma_rtd
105.150000,0.0002222597,0.0015444693,0.0021048429,30,5,1,gamma_rtd
105.200000,0.0002187086,0.0015238548,0.0020775132,30,5,1,gamma_rtd
105.250000,0.0002152108,0.0015034953,0.0020505109,30,5,1,gamma_rtd
105.300000,0.0002117658,0.0014833879,0.0020238327,30,5,1,gamma_rtd
105.350000,0.0002083726,0.0014635298,0.0019974749,30,5,1,gamma_rtd
105.400000,0.0002050307,0.0014439182,0.0019714341,30,5,1,gamma_rtd
105.450000,0.0002017393,0.0014245504,0.0019457068,30,5,1,gamma_rtd
105.500000,0.0001984976,0.0014054235,0.0019202897,30,5,1,gamma_rtd
105.550000,0.0001953051,0.0013865349,0.0018951794,30,5,1,gamma_rtd
105.600000,0.0001921609,0.0013678818,0.0018703725,30,5,1,gamma_rtd
105.650000,0.0001890644,0.0013494616,0.0018458657,30,5,1,gamma_rtd
105.700000,0.0001860149,0.0013312717,0.0018216558,30,5,1,gamma_rtd
105.750000,0.0001830119,0.0013133094,0.0017977395,30,5,1,gamma_rtd
105.800000,0.0001800545,0.0012955721,0.0017741136,30,5,1,gamma_rtd
105.850000,0.0001771422,0.0012780573,0.0017507748,30,5,1,gamma_rtd
105.900000,0.0001742743,0.0012607624,0.0017277201,30,5,1,gamma_rtd
105.950000,0.0001714502,0.0012436849,0.0017049463,30,5,1,gamma_rtd
106.000000,0.0001686693,0.0012268224,0.0016824503,30,5,1,gamma_rtd
106.050000,0.0001659309,0.0012101723,0.0016602291,30,5,1,gamma_rtd
106.100000,0.0001632344,0.0011937323,0.0016382796,30,5,1,gamma_rtd
106.150000,0.0001605793,0.0011774999,0.0016165988,30,5,1,gamma_rtd
106.200000,0.0001579650,0.0011614726,0.0015951836,30,5,1,gamma_rtd
106.250000,0.0001553908,0.0011456483,0.0015740313,30,5,1,gamma_rtd
106.300000,0.0001528562,0.0011300245,0.0015531388,30,5,1,gamma_rtd
106.350000,0.0001503607,0.0011145988,0.0015325033,30,5,1,gamma_rtd
106.400000,0.0001479036,0.0010993691,0.0015121219,30,5,1,gamma_rtd
106.450000,0.0001454844,0.0010843330,0.0014919917,30,5,1,gamma_rtd
106.500000,0.0001431026,0.0010694883,0.0014721099,30,5,1,gamma_rtd
106.550000,0.0001407576,0.0010548328,0.0014524738,30,5,1,gamma_rtd
106.600000,0.0001384489,0.0010403642,0.0014330806,30,5,1,gamma_rtd
106.650000,0.0001361760,0.0010260804,0.0014139276,30,5,1,gamma_rtd
106.700000,0.0001339383,0.0010119792,0.0013950121,30,5,1,gamma_rtd
106.750000,0.0001317353,0.0009980586,0.0013763314,30,5,1,gamma_rtd
106.800000,0.0001295666,0.0009843163,0.0013578828,30,5,1,gamma_rtd
106.850000,0.0001274317,0.0009707503,0.0013396637,30,5,1,gamma_rtd
106.900000,0.0001253300,0.0009573585,0.0013216716,30,5,1,gamma_rtd
106.950000,0.0001232610,0.0009441389,0.0013039038,30,5,1,gamma_rtd
107.000000,0.0001212244,0.0009310894,0.0012863579,30,5,1,gamma_rtd
107.050000,0.0001192195,0.0009182081,0.0012690313,30,5,1,gamma_rtd
107.100000,0.0001172460,0.0009054930,0.0012519214,30,5,1,gamma_rtd
107.150000,0.0001153034,0.0008929421,0.0012350259,30,5,1,gamma_rtd
107.200000,0.0001133913,0.0008805534,0.0012183423,30,5,1,gamma_rtd
107.250000,0.0001115091,0.0008683251,0.0012018681,30,5,1,gamma_rtd
107.300000,0.0001096565,0.0008562552,0.0011856010,30,5,1,gamma_rtd
107.350000,0.0001078330,0.0008443418,0.0011695386,30,5,1,gamma_rtd
107.400000,0.0001060382,0.0008325832,0.0011536786,30,5,1,gamma_rtd
107.450000,0.0001042716,0.0008209773,0.0011380186,30,5,1,gamma_rtd
107.500000,0.0001025329,0.0008095226,0.0011225563,30,5,1,gamma_rtd
107.550000,0.0001008217,0.0007982170,0.0011072895,30,5,1,gamma_rtd
107.600000,0.0000991374,0.0007870589,0.0010922158,30,5,1,gamma_rtd
107.650000,0.0000974799,0.0007760465,0.0010773332,30,5,1,gamma_rtd
107.700000,0.0000958485,0.0007651780,0.0010626392,30,5,1,gamma_rtd
107.750000,0.0000942430,0.0007544517,0.0010481319,30,5,1,gamma_rtd
107.800000,0.0000926630,0.0007438659,0.0010338089,30,5,1,gamma_rtd
107.850000,0.0000911080,0.0007334189,0.0010196682,30,5,1,gamma_rtd
107.900000,0.0000895778,0.0007231091,0.0010057077,30,5,1,gamma_rtd
107.950000,0.0000880719,0.0007129347,0.0009919252,30,5,1,gamma_rtd
108.000000,0.0000865900,0.0007028941,0.0009783187,30,5,1,gamma_rtd
108.050000,0.0000851317,0.0006929858,0.0009648861,30,5,1,gamma_rtd
108.100000,0.0000836967,0.0006832081,0.0009516253,30,5,1,gamma_rtd
108.150000,0.0000822846,0.0006735595,0.0009385345,30,5,1,gamma_rtd
108.200000,0.0000808951,0.0006640383,0.0009256115,30,5,1,gamma_rtd
108.250000,0.0000795278,0.0006546430,0.0009128544,30,5,1,gamma_rtd
108.300000,0.0000781824,0.0006453722,0.0009002613,30,5,1,gamma_rtd
108.350000,0.0000768586,0.0006362242,0.0008878302,30,5,1,gamma_rtd
108.400000,0.0000755561,0.0006271975,0.0008755592,30,5,1,gamma_rtd
108.450000,0.0000742745,0.0006182908,0.0008634465,30,5,1,gamma_rtd
108.500000,0.0000730135,0.0006095025,0.0008514901,30,5,1,gamma_rtd
108.550000,0.0000717728,0.0006008312,0.0008396882,30,5,1,gamma_rtd
108.600000,0.0000705521,0.0005922754,0.0008280390,30,5,1,gamma_rtd
108.650000,0.0000693511,0.0005838337,0.0008165407,30,5,1,gamma_rtd
108.700000,0.0000681694,0.0005755047,0.0008051914,30,5,1,gamma_rtd
108.750000,0.0000670069,0.0005672871,0.0007939895,30,5,1,gamma_rtd
108.800000,0.0000658632,0.0005591794,0.0007829331,30,5,1,gamma_rtd
108.850000,0.0000647381,0.0005511803,0.0007720205,30,5,1,gamma_rtd
108.900000,0.0000636311,0.0005432885,0.0007612500,30,5,1,gamma_rtd
108.950000,0.0000625421,0.0005355026,0.0007506199,30,5,1,gamma_rtd
109.000000,0.0000614709,0.0005278213,0.0007401285,30,5,1,gamma_rtd
109.050000,0.0000604170,0.0005202433,0.0007297741,30,5,1,gamma_rtd
109.100000,0.0000593803,0.0005127674,0.0007195552,30,5,1,gamma_rtd
109.150000,0.0000583605,0.0005053922,0.0007094700,30,5,1,gamma_rtd
109.200000,0.0000573573,0.0004981166,0.0006995170,30,5,1,gamma_rtd
109.250000,0.0000563704,0.0004909392,0.0006896946,30,5,1,gamma_rtd
109.300000,0.0000553998,0.0004838588,0.0006800012,30,5,1,gamma_rtd
109.350000,0.0000544449,0.0004768743,0.0006704352,30,5,1,gamma_rtd
109.400000,0.0000535058,0.0004699845,0.0006609952,30,5,1,gamma_rtd
109.450000,0.0000525820,0.0004631880,0.0006516795,30,5,1,gamma_rtd
109.500000,0.0000516733,0.0004564839,0.0006424866,30,5,1,gamma_rtd
109.550000,0.0000507796,0.0004498708,0.0006334152,30,5,1,gamma_rtd
109.600000,0.0000499006,0.0004433477,0.0006244636,30,5,1,gamma_rtd
109.650000,0.0000490360,0.0004369135,0.0006156305,30,5,1,gamma_rtd
109.700000,0.0000481857,0.0004305670,0.0006069143,30,5,1,gamma_rtd
109.750000,0.0000473494,0.0004243071,0.0005983138,30,5,1,gamma_rtd
109.800000,0.0000465268,0.0004181326,0.0005898274,30,5,1,gamma_rtd
109.850000,0.0000457179,0.0004120427,0.0005814537,30,5,1,gamma_rtd
109.900000,0.0000449223,0.0004060361,0.0005731914,30,5,1,gamma_rtd
109.950000,0.0000441400,0.0004001118,0.0005650392,30,5,1,gamma_rtd
110.000000,0.0000433705,0.0003942687,0.0005569956,30,5,1,gamma_rtd
110.050000,0.0000426138,0.0003885059,0.0005490593,30,5,1,gamma_rtd
110.100000,0.0000418697,0.0003828223,0.0005412290,30,5,1,gamma_rtd
110.150000,0.0000411379,0.0003772169,0.0005335034,30,5,1,gamma_rtd
110.200000,0.0000404183,0.0003716887,0.0005258812,30,5,1,gamma_rtd
110.250000,0.0000397107,0.0003662367,0.0005183612,30,5,1,gamma_rtd
110.300000,0.0000390149,0.0003608599,0.0005109420,30,5,1,gamma_rtd
110.350000,0.0000383306,0.0003555574,0.0005036224,30,5,1,gamma_rtd
110.400000,0.0000376578,0.0003503283,0.0004964012,30,5,1,gamma_rtd
110.450000,0.0000369963,0.0003451715,0.0004892771,30,5,1,gamma_rtd
110.500000,0.0000363457,0.0003400861,0.0004822490,30,5,1,gamma_rtd
110.550000,0.0000357061,0.0003350713,0.0004753156,30,5,1,gamma_rtd
110.600000,0.0000350772,0.0003301261,0.0004684758,30,5,1,gamma_rtd
110.650000,0.0000344589,0.0003252497,0.0004617284,30,5,1,gamma_rtd
110.700000,0.0000338509,0.0003204411,0.0004550723,30,5,1,gamma_rtd
110.750000,0.0000332531,0.0003156994,0.0004485063,30,5,1,gamma_rtd
110.800000,0.0000326654,0.0003110238,0.0004420292,30,5,1,gamma_rtd
110.850000,0.0000320876,0.0003064135,0.0004356400,30,5,1,gamma_rtd
110.900000,0.0000315195,0.0003018676,0.0004293375,30,5,1,gamma_rtd
110.950000,0.0000309610,0.0002973852,0.0004231207,30,5,1,gamma_rtd
111.000000,0.0000304119,0.0002929655,0.0004169886,30,5,1,gamma_rtd
111.050000,0.0000298721,0.0002886078,0.0004109399,30,5,1,gamma_rtd
111.100000,0.0000293414,0.0002843111,0.0004049737,30,5,1,gamma_rtd
111.150000,0.0000288197,0.0002800748,0.0003990889,30,5,1,gamma_rtd
111.200000,0.0000283069,0.0002758980,0.0003932845,30,5,1,gamma_rtd
111.250000,0.0000278028,0.0002717799,0.0003875595,30,5,1,gamma_rtd
111.300000,0.0000273072,0.0002677198,0.0003819129,30,5,1,gamma_rtd
111.350000,0.0000268200,0.0002637169,0.0003763436,30,5,1,gamma_rtd
111.400000,0.0000263411,0.0002597705,0.0003708507,30,5,1,gamma_rtd
111.450000,0.0000258704,0.0002558798,0.0003654333,30,5,1,gamma_rtd
111.500000,0.0000254077,0.0002520440,0.0003600903,30,5,1,gamma_rtd
111.550000,0.0000249528,0.0002482626,0.0003548208,30,5,1,gamma_rtd
111.600000,0.0000245058,0.0002445347,0.0003496239,30,5,1,gamma_rtd
111.650000,0.0000240664,0.0002408596,0.0003444986,30,5,1,gamma_rtd
111.700000,0.0000236345,0.0002372366,0.0003394441,30,5,1,gamma_rtd
111.750000,0.0000232099,0.0002336652,0.0003344594,30,5,1,gamma_rtd
111.800000,0.0000227927,0.0002301444,0.0003295436,30,5,1,gamma_rtd
111.850000,0.0000223826,0.0002266738,0.0003246958,30,5,1,gamma_rtd
111.900000,0.0000219796,0.0002232526,0.0003199153,30,5,1,gamma_rtd
111.950000,0.0000215835,0.0002198802,0.0003152010,30,5,1,gamma_rtd
112.000000,0.0000211942,0.0002165559,0.0003105521,30,5,1,gamma_rtd
112.050000,0.0000208116,0.0002132791,0.0003059679,30,5,1,gamma_rtd
112.100000,0.0000204356,0.0002100492,0.0003014474,30,5,1,gamma_rtd
112.150000,0.0000200660,0.0002068654,0.0002969898,30,5,1,gamma_rtd
112.200000,0.0000197029,0.0002037273,0.0002925944,30,5,1,gamma_rtd
112.250000,0.0000193460,0.0002006342,0.0002882603,30,5,1,gamma_rtd
112.300000,0.0000189953,0.0001975855,0.0002839867,30,5,1,gamma_rtd
112.350000,0.0000186507,0.0001945806,0.0002797729,30,5,1,gamma_rtd
112.400000,0.0000183120,0.0001916188,0.0002756180,30,5,1,gamma_rtd
112.450000,0.0000179792,0.0001886998,0.0002715213,30,5,1,gamma_rtd
112.500000,0.0000176522,0.0001858227,0.0002674821,30,5,1,gamma_rtd
112.550000,0.0000173309,0.0001829872,0.0002634995,30,5,1,gamma_rtd
112.600000,0.0000170151,0.0001801926,0.0002595729,30,5,1,gamma_rtd
112.650000,0.0000167049,0.0001774384,0.0002557015,30,5,1,gamma_rtd
112.700000,0.0000164000,0.0001747240,0.0002518845,30,5,1,gamma_rtd
112.750000,0.0000161005,0.0001720489,0.0002481214,30,5,1,gamma_rtd
112.800000,0.0000158062,0.0001694125,0.0002444113,30,5,1,gamma_rtd
112.850000,0.0000155171,0.0001668144,0.0002407535,30,5,1,gamma_rtd
112.900000,0.0000152329,0.0001642540,0.0002371475,30,5,1,gamma_rtd
112.950000,0.0000149538,0.0001617308,0.0002335924,30,5,1,gamma_rtd
113.000000,0.0000146796,0.0001592444,0.0002300877,30,5,1,gamma_rtd
113.050000,0.0000144101,0.0001567941,0.0002266326,30,5,1,gamma_rtd
113.100000,0.0000141454,0.0001543795,0.0002232265,30,5,1,gamma_rtd
113.150000,0.0000138853,0.0001520001,0.0002198688,30,5,1,gamma_rtd
113.200000,0.0000136299,0.0001496555,0.0002165588,30,5,1,gamma_rtd
113.250000,0.0000133789,0.0001473451,0.0002132959,30,5,1,gamma_rtd
113.300000,0.0000131323,0.0001450686,0.0002100795,30,5,1,gamma_rtd
113.350000,0.0000128901,0.0001428253,0.0002069089,30,5,1,gamma_rtd
113.400000,0.0000126521,0.0001406150,0.0002037835,30,5,1,gamma_rtd
113.450000,0.0000124183,0.0001384370,0.0002007027,30,5,1,gamma_rtd
113.500000,0.0000121887,0.0001362910,0.0001976660,30,5,1,gamma_rtd
113.550000,0.0000119631,0.0001341766,0.0001946727,30,5,1,gamma_rtd
113.600000,0.0000117416,0.0001320932,0.0001917222,30,5,1,gamma_rtd
113.650000,0.0000115239,0.0001300406,0.0001888141,30,5,1,gamma_rtd
113.700000,0.0000113102,0.0001280181,0.0001859477,30,5,1,gamma_rtd
113.750000,0.0000111002,0.0001260255,0.0001831224,30,5,1,gamma_rtd
113.800000,0.0000108939,0.0001240623,0.0001803378,30,5,1,gamma_rtd
113.850000,0.0000106913,0.0001221282,0.0001775932,30,5,1,gamma_rtd
113.900000,0.0000104923,0.0001202226,0.0001748881,30,5,1,gamma_rtd
113.950000,0.0000102969,0.0001183452,0.0001722221,30,5,1,gamma_rtd
114.000000,0.0000101049,0.0001164957,0.0001695945,30,5,1,gamma_rtd
114.050000,0.0000099164,0.0001146736,0.0001670048,30,5,1,gamma_rtd
114.100000,0.0000097312,0.0001128785,0.0001644526,30,5,1,gamma_rtd
114.150000,0.0000095494,0.0001111101,0.0001619373,30,5,1,gamma_rtd
114.200000,0.0000093708,0.0001093680,0.0001594584,30,5,1,gamma_rtd
114.250000,0.0000091954,0.0001076518,0.0001570155,30,5,1,gamma_rtd
114.300000,0.0000090231,0.0001059612,0.0001546080,30,5,1,gamma_rtd
114.350000,0.0000088540,0.0001042958,0.0001522354,30,5,1,gamma_rtd
114.400000,0.0000086879,0.0001026553,0.0001498974,30,5,1,gamma_rtd
114.450000,0.0000085247,0.0001010392,0.0001475934,30,5,1,gamma_rtd
114.500000,0.0000083645,0.0000994474,0.0001453229,30,5,1,gamma_rtd
114.550000,0.0000082072,0.0000978793,0.0001430855,30,5,1,gamma_rtd
114.600000,0.0000080527,0.0000963348,0.0001408808,30,5,1,gamma_rtd
114.650000,0.0000079010,0.0000948134,0.0001387083,30,5,1,gamma_rtd
114.700000,0.0000077520,0.0000933148,0.0001365675,30,5,1,gamma_rtd
114.750000,0.0000076058,0.0000918387,0.0001344580,30,5,1,gamma_rtd
114.800000,0.0000074621,0.0000903848,0.0001323795,30,5,1,gamma_rtd
114.850000,0.0000073211,0.0000889528,0.0001303314,30,5,1,gamma_rtd
114.900000,0.0000071826,0.0000875424,0.0001283133,30,5,1,gamma_rtd
114.950000,0.0000070467,0.0000861532,0.0001263249,30,5,1,gamma_rtd
115.000000,0.0000069132,0.0000847850,0.0001243657,30,5,1,gamma_rtd
115.050000,0.0000067821,0.0000834375,0.0001224353,30,5,1,gamma_rtd
115.100000,0.0000066534,0.0000821103,0.0001205334,30,5,1,gamma_rtd
115.150000,0.0000065271,0.0000808032,0.0001186595,30,5,1,gamma_rtd
115.200000,0.0000064030,0.0000795158,0.0001168132,30,5,1,gamma_rtd
115.250000,0.0000062812,0.0000782480,0.0001149942,30,5,1,gamma_rtd
115.300000,0.0000061617,0.0000769995,0.0001132020,30,5,1,gamma_rtd
115.350000,0.0000060443,0.0000757698,0.0001114364,30,5,1,gamma_rtd
115.400000,0.0000059291,0.0000745589,0.0001096969,30,5,1,gamma_rtd
115.450000,0.0000058159,0.0000733664,0.0001079832,30,5,1,gamma_rtd
115.500000,0.0000057049,0.0000721920,0.0001062949,30,5,1,gamma_rtd
115.550000,0.0000055959,0.0000710355,0.0001046317,30,5,1,gamma_rtd
115.600000,0.0000054888,0.0000698966,0.0001029932,30,5,1,gamma_rtd
115.650000,0.0000053838,0.0000687752,0.0001013791,30,5,1,gamma_rtd
115.700000,0.0000052806,0.0000676708,0.0000997890,30,5,1,gamma_rtd
115.750000,0.0000051794,0.0000665834,0.0000982225,30,5,1,gamma_rtd
115.800000,0.0000050800,0.0000655125,0.0000966795,30,5,1,gamma_rtd
115.850000,0.0000049825,0.0000644581,0.0000951595,30,5,1,gamma_rtd
115.900000,0.0000048867,0.0000634199,0.0000936621,30,5,1,gamma_rtd
115.950000,0.0000047928,0.0000623976,0.0000921872,30,5,1,gamma_rtd
116.000000,0.0000047005,0.0000613909,0.0000907343,30,5,1,gamma_rtd
116.050000,0.0000046100,0.0000603998,0.0000893032,30,5,1,gamma_rtd
116.100000,0.0000045211,0.0000594239,0.0000878936,30,5,1,gamma_rtd
116.150000,0.0000044339,0.0000584630,0.0000865051,30,5,1,gamma_rtd
116.200000,0.0000043483,0.0000575169,0.0000851375,30,5,1,gamma_rtd
116.250000,0.0000042643,0.0000565854,0.0000837904,30,5,1,gamma_rtd
116.300000,0.0000041818,0.0000556683,0.0000824636,30,5,1,gamma_rtd
116.350000,0.0000041009,0.0000547653,0.0000811568,30,5,1,gamma_rtd
116.400000,0.0000040215,0.0000538763,0.0000798697,30,5,1,gamma_rtd
116.450000,0.0000039435,0.0000530011,0.0000786020,30,5,1,gamma_rtd
116.500000,0.0000038670,0.0000521394,0.0000773534,30,5,1,gamma_rtd
116.550000,0.0000037919,0.0000512911,0.0000761237,30,5,1,gamma_rtd
116.600000,0.0000037183,0.0000504560,0.0000749126,30,5,1,gamma_rtd
116.650000,0.0000036460,0.0000496338,0.0000737198,30,5,1,gamma_rtd
116.700000,0.0000035750,0.0000488244,0.0000725451,30,5,1,gamma_rtd
116.750000,0.0000035054,0.0000480276,0.0000713883,30,5,1,gamma_rtd
116.800000,0.0000034371,0.0000472432,0.0000702489,30,5,1,gamma_rtd
116.850000,0.0000033701,0.0000464710,0.0000691269,30,5,1,gamma_rtd
116.900000,0.0000033043,0.0000457108,0.0000680220,30,5,1,gamma_rtd
116.950000,0.0000032397,0.0000449626,0.0000669339,30,5,1,gamma_rtd
117.000000,0.0000031764,0.0000442260,0.0000658623,30,5,1,gamma_rtd
117.050000,0.0000031143,0.0000435009,0.0000648071,30,5,1,gamma_rtd
117.100000,0.0000030533,0.0000427872,0.0000637680,30,5,1,gamma_rtd
117.150000,0.0000029935,0.0000420846,0.0000627447,30,5,1,gamma_rtd
117.200000,0.0000029348,0.0000413931,0.0000617371,30,5,1,gamma_rtd
117.250000,0.0000028772,0.0000407124,0.0000607449,30,5,1,gamma_rtd
