time_min,C_in,C_f,S,T_min,tau_transport_min,tau_sensor_min,topology
0.000000,0.0001800545,0.0000326654,0.0000237777,30,5,1,plug
0.050000,0.0001830119,0.0000332531,0.0000242112,30,5,1,plug
0.100000,0.0001860149,0.0000338509,0.0000246522,30,5,1,plug
0.150000,0.0001890644,0.0000344589,0.0000251008,30,5,1,plug
0.200000,0.0001921609,0.0000350772,0.0000255572,30,5,1,plug
0.250000,0.0001953051,0.0000357061,0.0000260215,30,5,1,plug
0.300000,0.0001984976,0.0000363457,0.0000264938,30,5,1,plug
0.350000,0.0002017393,0.0000369963,0.0000269743,30,5,1,plug
0.400000,0.0002050307,0.0000376578,0.0000274631,30,5,1,plug
0.450000,0.0002083726,0.0000383306,0.0000279603,30,5,1,plug
0.500000,0.0002117658,0.0000390149,0.0000284660,30,5,1,plug
0.550000,0.0002152108,0.0000397107,0.0000289805,30,5,1,plug
0.600000,0.0002187086,0.0000404183,0.0000295038,30,5,1,plug
0.650000,0.0002222597,0.0000411379,0.0000300361,30,5,1,plug
0.700000,0.0002258651,0.0000418697,0.0000305776,30,5,1,plug
0.750000,0.0002295254,0.0000426138,0.0000311283,30,5,1,plug
0.800000,0.0002332414,0.0000433705,0.0000316885,30,5,1,plug
0.850000,0.0002370140,0.0000441400,0.0000322582,30,5,1,plug
0.900000,0.0002408438,0.0000449223,0.0000328377,30,5,1,plug
0.950000,0.0002447317,0.0000457179,0.0000334271,30,5,1,plug
1.000000,0.0002486786,0.0000465268,0.0000340265,30,5,1,plug
1.050000,0.0002526853,0.0000473494,0.0000346361,30,5,1,plug
1.100000,0.0002567525,0.0000481857,0.0000352562,30,5,1,plug
1.150000,0.0002608812,0.0000490360,0.0000358867,30,5,1,plug
1.200000,0.0002650722,0.0000499006,0.0000365280,30,5,1,plug
1.250000,0.0002693264,0.0000507796,0.0000371802,30,5,1,plug
1.300000,0.0002736447,0.0000516733,0.0000378435,30,5,1,plug
1.350000,0.0002780278,0.0000525820,0.0000385180,30,5,1,plug
1.400000,0.0002824769,0.0000535058,0.0000392039,30,5,1,plug
1.450000,0.0002869927,0.0000544449,0.0000399014,30,5,1,plug
1.500000,0.0002915763,0.0000553998,0.0000406107,30,5,1,plug
1.550000,0.0002962284,0.0000563704,0.0000413320,30,5,1,plug
1.600000,0.0003009502,0.0000573573,0.0000420654,30,5,1,plug
1.650000,0.0003057425,0.0000583605,0.0000428112,30,5,1,plug
1.700000,0.0003106063,0.0000593803,0.0000435695,30,5,1,plug
1.750000,0.0003155427,0.0000604170,0.0000443406,30,5,1,plug
1.800000,0.0003205525,0.0000614709,0.0000451247,30,5,1,plug
1.850000,0.0003256369,0.0000625421,0.0000459219,30,5,1,plug
1.900000,0.0003307968,0.0000636311,0.0000467325,30,5,1,plug
1.950000,0.0003360334,0.0000647381,0.0000475566,30,5,1,plug
2.000000,0.0003413475,0.0000658632,0.0000483946,30,5,1,plug
2.050000,0.0003467404,0.0000670069,0.0000492465,30,5,1,plug
2.100000,0.0003522130,0.0000681694,0.0000501127,30,5,1,plug
2.150000,0.0003577665,0.0000693511,0.0000509934,30,5,1,plug
2.200000,0.0003634020,0.0000705521,0.0000518887,30,5,1,plug
2.250000,0.0003691205,0.0000717728,0.0000527989,30,5,1,plug
2.300000,0.0003749233,0.0000730135,0.0000537243,30,5,1,plug
2.350000,0.0003808114,0.0000742745,0.0000546650,30,5,1,plug
2.400000,0.0003867860,0.0000755561,0.0000556214,30,5,1,plug
2.450000,0.0003928483,0.0000768586,0.0000565936,30,5,1,plug
2.500000,0.0003989995,0.0000781824,0.0000575819,30,5,1,plug
2.550000,0.0004052407,0.0000795278,0.0000585866,30,5,1,plug
2.600000,0.0004115732,0.0000808951,0.0000596080,30,5,1,plug
2.650000,0.0004179983,0.0000822846,0.0000606461,30,5,1,plug
2.700000,0.0004245171,0.0000836967,0.0000617015,30,5,1,plug
2.750000,0.0004311309,0.0000851317,0.0000627742,30,5,1,plug
2.800000,0.0004378411,0.0000865900,0.0000638646,30,5,1,plug
2.850000,0.0004446488,0.0000880719,0.0000649729,30,5,1,plug
2.900000,0.0004515554,0.0000895778,0.0000660995,30,5,1,plug
2.950000,0.0004585622,0.0000911080,0.0000672445,30,5,1,plug
3.000000,0.0004656706,0.0000926630,0.0000684083,30,5,1,plug
3.050000,0.0004728819,0.0000942430,0.0000695913,30,5,1,plug
3.100000,0.0004801974,0.0000958485,0.0000707935,30,5,1,plug
3.150000,0.0004876186,0.0000974799,0.0000720155,30,5,1,plug
3.200000,0.0004951469,0.0000991374,0.0000732574,30,5,1,plug
3.250000,0.0005027837,0.0001008217,0.0000745196,30,5,1,plug
3.300000,0.0005105303,0.0001025329,0.0000758023,30,5,1,plug
3.350000,0.0005183884,0.0001042716,0.0000771060,30,5,1,plug
3.400000,0.0005263593,0.0001060382,0.0000784309,30,5,1,plug
3.450000,0.0005344445,0.0001078330,0.0000797773,30,5,1,plug
3.500000,0.0005426456,0.0001096565,0.0000811456,30,5,1,plug
3.550000,0.0005509640,0.0001115091,0.0000825361,30,5,1,plug
3.600000,0.0005594013,0.0001133913,0.0000839491,30,5,1,plug
3.650000,0.0005679590,0.0001153034,0.0000853850,30,5,1,plug
3.700000,0.0005766388,0.0001172460,0.0000868442,30,5,1,plug
3.750000,0.0005854423,0.0001192195,0.0000883269,30,5,1,plug
3.800000,0.0005943709,0.0001212244,0.0000898335,30,5,1,plug
3.850000,0.0006034265,0.0001232610,0.0000913645,30,5,1,plug
3.900000,0.0006126106,0.0001253300,0.0000929201,30,5,1,plug
3.950000,0.0006219248,0.0001274317,0.0000945007,30,5,1,plug
4.000000,0.0006313710,0.0001295666,0.0000961068,30,5,1,plug
4.050000,0.0006409508,0.0001317353,0.0000977387,30,5,1,plug
4.100000,0.0006506659,0.0001339383,0.0000993967,30,5,1,plug
4.150000,0.0006605180,0.0001361760,0.0001010813,30,5,1,plug
4.200000,0.0006705091,0.0001384489,0.0001027929,30,5,1,plug
4.250000,0.0006806407,0.0001407576,0.0001045319,30,5,1,plug
4.300000,0.0006909148,0.0001431026,0.0001062986,30,5,1,plug
4.350000,0.0007013332,0.0001454844,0.0001080936,30,5,1,plug
4.400000,0.0007118977,0.0001479036,0.0001099171,30,5,1,plug
4.450000,0.0007226103,0.0001503607,0.0001117698,30,5,1,plug
4.500000,0.0007334727,0.0001528562,0.0001136519,30,5,1,plug
4.550000,0.0007444869,0.0001553908,0.0001155639,30,5,1,plug
4.600000,0.0007556550,0.0001579650,0.0001175063,30,5,1,plug
4.650000,0.0007669787,0.0001605793,0.0001194795,30,5,1,plug
4.700000,0.0007784601,0.0001632344,0.0001214839,30,5,1,plug
4.750000,0.0007901012,0.0001659309,0.0001235201,30,5,1,plug
4.800000,0.0008019040,0.0001686693,0.0001255885,30,5,1,plug
4.850000,0.0008138707,0.0001714502,0.0001276896,30,5,1,plug
4.900000,0.0008260031,0.0001742743,0.0001298238,30,5,1,plug
4.950000,0.0008383035,0.0001771422,0.0001319917,30,5,1,plug
5.000000,0.0008507740,0.0001800545,0.0001341937,30,5,1,plug
5.050000,0.0008634167,0.0001830119,0.0001364304,30,5,1,plug
5.100000,0.0008762338,0.0001860149,0.0001387022,30,5,1,plug
5.150000,0.0008892274,0.0001890644,0.0001410096,30,5,1,plug
5.200000,0.0009023998,0.0001921609,0.0001433533,30,5,1,plug
5.250000,0.0009157532,0.0001953051,0.0001457337,30,5,1,plug
5.300000,0.0009292899,0.0001984976,0.0001481513,30,5,1,plug
5.350000,0.0009430122,0.0002017393,0.0001506067,30,5,1,plug
5.400000,0.0009569224,0.0002050307,0.0001531005,30,5,1,plug
5.450000,0.0009710228,0.0002083726,0.0001556331,30,5,1,plug
5.500000,0.0009853158,0.0002117658,0.0001582053,30,5,1,plug
5.550000,0.0009998037,0.0002152108,0.0001608175,30,5,1,plug
5.600000,0.0010144891,0.0002187086,0.0001634703,30,5,1,plug
5.650000,0.0010293743,0.0002222597,0.0001661643,30,5,1,plug
5.700000,0.0010444618,0.0002258651,0.0001689001,30,5,1,plug
5.750000,0.0010597542,0.0002295254,0.0001716783,30,5,1,plug
5.800000,0.0010752538,0.0002332414,0.0001744995,30,5,1,plug
5.850000,0.0010909634,0.0002370140,0.0001773644,30,5,1,plug
5.900000,0.0011068854,0.0002408438,0.0001802735,30,5,1,plug
5.950000,0.0011230225,0.0002447317,0.0001832276,30,5,1,plug
6.000000,0.0011393773,0.0002486786,0.0001862272,30,5,1,plug
6.050000,0.0011559525,0.0002526853,0.0001892730,30,5,1,plug
6.100000,0.0011727508,0.0002567525,0.0001923656,30,5,1,plug
6.150000,0.0011897748,0.0002608812,0.0001955058,30,5,1,plug
6.200000,0.0012070273,0.0002650722,0.0001986942,30,5,1,plug
6.250000,0.0012245112,0.0002693264,0.0002019315,30,5,1,plug
6.300000,0.0012422292,0.0002736447,0.0002052184,30,5,1,plug
6.350000,0.0012601841,0.0002780278,0.0002085556,30,5,1,plug
6.400000,0.0012783788,0.0002824769,0.0002119438,30,5,1,plug
6.450000,0.0012968163,0.0002869927,0.0002153837,30,5,1,plug
6.500000,0.0013154994,0.0002915763,0.0002188761,30,5,1,plug
6.550000,0.0013344312,0.0002962284,0.0002224218,30,5,1,plug
6.600000,0.0013536145,0.0003009502,0.0002260214,30,5,1,plug
6.650000,0.0013730525,0.0003057425,0.0002296757,30,5,1,plug
6.700000,0.0013927481,0.0003106063,0.0002333855,30,5,1,plug
6.750000,0.0014127045,0.0003155427,0.0002371516,30,5,1,plug
6.800000,0.0014329247,0.0003205525,0.0002409748,30,5,1,plug
6.850000,0.0014534120,0.0003256369,0.0002448558,30,5,1,plug
6.900000,0.0014741695,0.0003307968,0.0002487956,30,5,1,plug
6.950000,0.0014952004,0.0003360334,0.0002527948,30,5,1,plug
7.000000,0.0015165080,0.0003413475,0.0002568544,30,5,1,plug
7.050000,0.0015380955,0.0003467404,0.0002609752,30,5,1,plug
7.100000,0.0015599663,0.0003522130,0.0002651580,30,5,1,plug
7.150000,0.0015821237,0.0003577665,0.0002694037,30,5,1,plug
7.200000,0.0016045712,0.0003634020,0.0002737132,30,5,1,plug
7.250000,0.0016273120,0.0003691205,0.0002780874,30,5,1,plug
7.300000,0.0016503497,0.0003749233,0.0002825271,30,5,1,plug
7.350000,0.0016736878,0.0003808114,0.0002870334,30,5,1,plug
7.400000,0.0016973297,0.0003867860,0.0002916070,30,5,1,plug
7.450000,0.0017212791,0.0003928483,0.0002962489,30,5,1,plug
7.500000,0.0017455395,0.0003989995,0.0003009601,30,5,1,plug
7.550000,0.0017701146,0.0004052407,0.0003057415,30,5,1,plug
7.600000,0.0017950080,0.0004115732,0.0003105942,30,5,1,plug
7.650000,0.0018202235,0.0004179983,0.0003155190,30,5,1,plug
7.700000,0.0018457647,0.0004245171,0.0003205170,30,5,1,plug
7.750000,0.0018716355,0.0004311309,0.0003255891,30,5,1,plug
7.800000,0.0018978397,0.0004378411,0.0003307364,30,5,1,plug
7.850000,0.0019243811,0.0004446488,0.0003359600,30,5,1,plug
7.900000,0.0019512636,0.0004515554,0.0003412608,30,5,1,plug
7.950000,0.0019784912,0.0004585622,0.0003466399,30,5,1,plug
8.000000,0.0020060678,0.0004656706,0.0003520985,30,5,1,plug
8.050000,0.0020339974,0.0004728819,0.0003576374,30,5,1,plug
8.100000,0.0020622841,0.0004801974,0.0003632580,30,5,1,plug
8.150000,0.0020909320,0.0004876186,0.0003689612,30,5,1,plug
8.200000,0.0021199452,0.0004951469,0.0003747482,30,5,1,plug
8.250000,0.0021493278,0.0005027837,0.0003806201,30,5,1,plug
8.300000,0.0021790842,0.0005105303,0.0003865781,30,5,1,plug
8.350000,0.0022092184,0.0005183884,0.0003926233,30,5,1,plug
8.400000,0.0022397349,0.0005263593,0.0003987569,30,5,1,plug
8.450000,0.0022706379,0.0005344445,0.0004049802,30,5,1,plug
8.500000,0.0023019318,0.0005426456,0.0004112942,30,5,1,plug
8.550000,0.0023336211,0.0005509640,0.0004177003,30,5,1,plug
8.600000,0.0023657102,0.0005594013,0.0004241996,30,5,1,plug
8.650000,0.0023982036,0.0005679590,0.0004307935,30,5,1,plug
8.700000,0.0024311058,0.0005766388,0.0004374831,30,5,1,plug
8.750000,0.0024644215,0.0005854423,0.0004442699,30,5,1,plug
8.800000,0.0024981553,0.0005943709,0.0004511549,30,5,1,plug
8.850000,0.0025323118,0.0006034265,0.0004581396,30,5,1,plug
8.900000,0.0025668957,0.0006126106,0.0004652254,30,5,1,plug
8.950000,0.0026019119,0.0006219248,0.0004724134,30,5,1,plug
9.000000,0.0026373651,0.0006313710,0.0004797052,30,5,1,plug
9.050000,0.0026732603,0.0006409508,0.0004871020,30,5,1,plug
9.100000,0.0027096022,0.0006506659,0.0004946053,30,5,1,plug
9.150000,0.0027463959,0.0006605180,0.0005022165,30,5,1,plug
9.200000,0.0027836463,0.0006705091,0.0005099369,30,5,1,plug
9.250000,0.0028213585,0.0006806407,0.0005177681,30,5,1,plug
9.300000,0.0028595375,0.0006909148,0.0005257115,30,5,1,plug
9.350000,0.0028981885,0.0007013332,0.0005337686,30,5,1,plug
9.400000,0.0029373168,0.0007118977,0.0005419408,30,5,1,plug
9.450000,0.0029769274,0.0007226103,0.0005502297,30,5,1,plug
9.500000,0.0030170257,0.0007334727,0.0005586368,30,5,1,plug
9.550000,0.0030576170,0.0007444869,0.0005671636,30,5,1,plug
9.600000,0.0030987067,0.0007556550,0.0005758118,30,5,1,plug
9.650000,0.0031403002,0.0007669787,0.0005845829,30,5,1,plug
9.700000,0.0031824030,0.0007784601,0.0005934784,30,5,1,plug
9.750000,0.0032250205,0.0007901012,0.0006025001,30,5,1,plug
9.800000,0.0032681585,0.0008019040,0.0006116495,30,5,1,plug
9.850000,0.0033118224,0.0008138707,0.0006209283,30,5,1,plug
9.900000,0.0033560180,0.0008260031,0.0006303382,30,5,1,plug
9.950000,0.0034007510,0.0008383035,0.0006398809,30,5,1,plug
10.000000,0.0034460272,0.0008507740,0.0006495581,30,5,1,plug
10.050000,0.0034918523,0.0008634167,0.0006593715,30,5,1,plug
10.100000,0.0035382323,0.0008762338,0.0006693229,30,5,1,plug
10.150000,0.0035851731,0.0008892274,0.0006794141,30,5,1,plug
10.200000,0.0036326808,0.0009023998,0.0006896468,30,5,1,plug
10.250000,0.0036807612,0.0009157532,0.0007000229,30,5,1,plug
10.300000,0.0037294206,0.0009292899,0.0007105442,30,5,1,plug
10.350000,0.0037786650,0.0009430122,0.0007212125,30,5,1,plug
10.400000,0.0038285006,0.0009569224,0.0007320298,30,5,1,plug
10.450000,0.0038789338,0.0009710228,0.0007429980,30,5,1,plug
10.500000,0.0039299708,0.0009853158,0.0007541189,30,5,1,plug
10.550000,0.0039816180,0.0009998037,0.0007653945,30,5,1,plug
10.600000,0.0040338818,0.0010144891,0.0007768267,30,5,1,plug
10.650000,0.0040867686,0.0010293743,0.0007884177,30,5,1,plug
10.700000,0.0041402850,0.0010444618,0.0008001693,30,5,1,plug
10.750000,0.0041944377,0.0010597542,0.0008120836,30,5,1,plug
10.800000,0.0042492331,0.0010752538,0.0008241626,30,5,1,plug
10.850000,0.0043046781,0.0010909634,0.0008364085,30,5,1,plug
10.900000,0.0043607793,0.0011068854,0.0008488232,30,5,1,plug
10.950000,0.0044175436,0.0011230225,0.0008614091,30,5,1,plug
11.000000,0.0044749779,0.0011393773,0.0008741681,30,5,1,plug
11.050000,0.0045330891,0.0011559525,0.0008871025,30,5,1,plug
11.100000,0.0045918842,0.0011727508,0.0009002145,30,5,1,plug
11.150000,0.0046513702,0.0011897748,0.0009135063,30,5,1,plug
11.200000,0.0047115542,0.0012070273,0.0009269800,30,5,1,plug
11.250000,0.0047724434,0.0012245112,0.0009406381,30,5,1,plug
11.300000,0.0048340450,0.0012422292,0.0009544827,30,5,1,plug
11.350000,0.0048963664,0.0012601841,0.0009685163,30,5,1,plug
11.400000,0.0049594148,0.0012783788,0.0009827411,30,5,1,plug
11.450000,0.0050231977,0.0012968163,0.0009971595,30,5,1,plug
11.500000,0.0050877224,0.0013154994,0.0010117740,30,5,1,plug
11.550000,0.0051529967,0.0013344312,0.0010265868,30,5,1,plug
11.600000,0.0052190280,0.0013536145,0.0010416006,30,5,1,plug
11.650000,0.0052858240,0.0013730525,0.0010568177,30,5,1,plug
11.700000,0.0053533924,0.0013927481,0.0010722406,30,5,1,plug
11.750000,0.0054217411,0.0014127045,0.0010878720,30,5,1,plug
11.800000,0.0054908777,0.0014329247,0.0011037142,30,5,1,plug
11.850000,0.0055608103,0.0014534120,0.0011197700,30,5,1,plug
11.900000,0.0056315468,0.0014741695,0.0011360419,30,5,1,plug
11.950000,0.0057030953,0.0014952004,0.0011525326,30,5,1,plug
12.000000,0.0057754638,0.0015165080,0.0011692447,30,5,1,plug
12.050000,0.0058486605,0.0015380955,0.0011861809,30,5,1,plug
12.100000,0.0059226937,0.0015599663,0.0012033440,30,5,1,plug
12.150000,0.0059975716,0.0015821237,0.0012207367,30,5,1,plug
12.200000,0.0060733025,0.0016045712,0.0012383617,30,5,1,plug
12.250000,0.0061498950,0.0016273120,0.0012562220,30,5,1,plug
12.300000,0.0062273574,0.0016503497,0.0012743203,30,5,1,plug
12.350000,0.0063056984,0.0016736878,0.0012926594,30,5,1,plug
12.400000,0.0063849266,0.0016973297,0.0013112424,30,5,1,plug
12.450000,0.0064650507,0.0017212791,0.0013300721,30,5,1,plug
12.500000,0.0065460794,0.0017455395,0.0013491515,30,5,1,plug
12.550000,0.0066280215,0.0017701146,0.0013684836,30,5,1,plug
12.600000,0.0067108860,0.0017950080,0.0013880713,30,5,1,plug
12.650000,0.0067946817,0.0018202235,0.0014079179,30,5,1,plug
12.700000,0.0068794179,0.0018457647,0.0014280263,30,5,1,plug
12.750000,0.0069651034,0.0018716355,0.0014483996,30,5,1,plug
12.800000,0.0070517476,0.0018978397,0.0014690411,30,5,1,plug
12.850000,0.0071393596,0.0019243811,0.0014899538,30,5,1,plug
12.900000,0.0072279487,0.0019512636,0.0015111411,30,5,1,plug
12.950000,0.0073175244,0.0019784912,0.0015326061,30,5,1,plug
13.000000,0.0074080961,0.0020060678,0.0015543522,30,5,1,plug
13.050000,0.0074996733,0.0020339974,0.0015763826,30,5,1,plug
13.100000,0.0075922655,0.0020622841,0.0015987007,30,5,1,plug
13.150000,0.0076858825,0.0020909320,0.0016213100,30,5,1,plug
13.200000,0.0077805340,0.0021199452,0.0016442137,30,5,1,plug
13.250000,0.0078762298,0.0021493278,0.0016674154,30,5,1,plug
13.300000,0.0079729798,0.0021790842,0.0016909186,30,5,1,plug
13.350000,0.0080707939,0.0022092184,0.0017147267,30,5,1,plug
13.400000,0.0081696821,0.0022397349,0.0017388433,30,5,1,plug
13.450000,0.0082696546,0.0022706379,0.0017632721,30,5,1,plug
13.500000,0.0083707214,0.0023019318,0.0017880166,30,5,1,plug
13.550000,0.0084728930,0.0023336211,0.0018130805,30,5,1,plug
13.600000,0.0085761794,0.0023657102,0.0018384676,30,5,1,plug
13.650000,0.0086805913,0.0023982036,0.0018641815,30,5,1,plug
13.700000,0.0087861389,0.0024311058,0.0018902261,30,5,1,plug
13.750000,0.0088928330,0.0024644215,0.0019166051,30,5,1,plug
13.800000,0.0090006839,0.0024981553,0.0019433224,30,5,1,plug
13.850000,0.0091097026,0.0025323118,0.0019703820,30,5,1,plug
13.900000,0.0092198997,0.0025668957,0.0019977876,30,5,1,plug
13.950000,0.0093312860,0.0026019119,0.0020255433,30,5,1,plug
14.000000,0.0094438725,0.0026373651,0.0020536532,30,5,1,plug
14.050000,0.0095576702,0.0026732603,0.0020821211,30,5,1,plug
14.100000,0.0096726901,0.0027096022,0.0021109513,30,5,1,plug
14.150000,0.0097889434,0.0027463959,0.0021401479,30,5,1,plug
14.200000,0.0099064413,0.0027836463,0.0021697149,30,5,1,plug
14.250000,0.0100251950,0.0028213585,0.0021996567,30,5,1,plug
14.300000,0.0101452161,0.0028595375,0.0022299775,30,5,1,plug
14.350000,0.0102665159,0.0028981885,0.0022606815,30,5,1,plug
14.400000,0.0103891059,0.0029373168,0.0022917731,30,5,1,plug
14.450000,0.0105129978,0.0029769274,0.0023232566,30,5,1,plug
14.500000,0.0106382032,0.0030170257,0.0023551365,30,5,1,plug
14.550000,0.0107647340,0.0030576170,0.0023874172,30,5,1,plug
14.600000,0.0108926018,0.0030987067,0.0024201032,30,5,1,plug
14.650000,0.0110218188,0.0031403002,0.0024531991,30,5,1,plug
14.700000,0.0111523968,0.0031824030,0.0024867094,30,5,1,plug
14.750000,0.0112843480,0.0032250205,0.0025206388,30,5,1,plug
14.800000,0.0114176844,0.0032681585,0.0025549919,30,5,1,plug
14.850000,0.0115524184,0.0033118224,0.0025897735,30,5,1,plug
14.900000,0.0116885623,0.0033560180,0.0026249882,30,5,1,plug
14.950000,0.0118261284,0.0034007510,0.0026606409,30,5,1,plug
15.000000,0.0119651292,0.0034460272,0.0026967365,30,5,1,plug
15.050000,0.0121055773,0.0034918523,0.0027332799,30,5,1,plug
15.100000,0.0122474853,0.0035382323,0.0027702759,30,5,1,plug
15.150000,0.0123908659,0.0035851731,0.0028077296,30,5,1,plug
15.200000,0.0125357320,0.0036326808,0.0028456459,30,5,1,plug
15.250000,0.0126820964,0.0036807612,0.0028840301,30,5,1,plug
15.300000,0.0128299720,0.0037294206,0.0029228871,30,5,1,plug
15.350000,0.0129793720,0.0037786650,0.0029622222,30,5,1,plug
15.400000,0.0131303093,0.0038285006,0.0030020406,30,5,1,plug
15.450000,0.0132827973,0.0038789338,0.0030423475,30,5,1,plug
15.500000,0.0134368492,0.0039299708,0.0030831483,30,5,1,plug
15.550000,0.0135924784,0.0039816180,0.0031244483,30,5,1,plug
15.600000,0.0137496982,0.0040338818,0.0031662530,30,5,1,plug
15.650000,0.0139085224,0.0040867686,0.0032085678,30,5,1,plug
15.700000,0.0140689643,0.0041402850,0.0032513981,30,5,1,plug
15.750000,0.0142310378,0.0041944377,0.0032947496,30,5,1,plug
15.800000,0.0143947566,0.0042492331,0.0033386279,30,5,1,plug
15.850000,0.0145601346,0.0043046781,0.0033830387,30,5,1,plug
15.900000,0.0147271857,0.0043607793,0.0034279876,30,5,1,plug
15.950000,0.0148959239,0.0044175436,0.0034734804,30,5,1,plug
16.000000,0.0150663634,0.0044749779,0.0035195229,30,5,1,plug
16.050000,0.0152385182,0.0045330891,0.0035661210,30,5,1,plug
16.100000,0.0154124028,0.0045918842,0.0036132805,30,5,1,plug
16.150000,0.0155880313,0.0046513702,0.0036610076,30,5,1,plug
16.200000,0.0157654183,0.0047115542,0.0037093082,30,5,1,plug
16.250000,0.0159445783,0.0047724434,0.0037581883,30,5,1,plug
16.300000,0.0161255259,0.0048340450,0.0038076541,30,5,1,plug
16.350000,0.0163082757,0.0048963664,0.0038577118,30,5,1,plug
16.400000,0.0164928425,0.0049594148,0.0039083675,30,5,1,plug
16.450000,0.0166792411,0.0050231977,0.0039596277,30,5,1,plug
16.500000,0.0168674866,0.0050877224,0.0040114986,30,5,1,plug
16.550000,0.0170575938,0.0051529967,0.0040639867,30,5,1,plug
16.600000,0.0172495780,0.0052190280,0.0041170983,30,5,1,plug
16.650000,0.0174434542,0.0052858240,0.0041708401,30,5,1,plug
16.700000,0.0176392377,0.0053533924,0.0042252185,30,5,1,plug
16.750000,0.0178369439,0.0054217411,0.0042802402,30,5,1,plug
16.800000,0.0180365881,0.0054908777,0.0043359118,30,5,1,plug
16.850000,0.0182381860,0.0055608103,0.0043922402,30,5,1,plug
16.900000,0.0184417530,0.0056315468,0.0044492320,30,5,1,plug
16.950000,0.0186473049,0.0057030953,0.0045068942,30,5,1,plug
17.000000,0.0188548574,0.0057754638,0.0045652336,30,5,1,plug
17.050000,0.0190644263,0.0058486605,0.0046242572,30,5,1,plug
17.100000,0.0192760277,0.0059226937,0.0046839721,30,5,1,plug
17.150000,0.0194896773,0.0059975716,0.0047443853,30,5,1,plug
17.200000,0.0197053915,0.0060733025,0.0048055039,30,5,1,plug
17.250000,0.0199231862,0.0061498950,0.0048673351,30,5,1,plug
17.300000,0.0201430779,0.0062273574,0.0049298863,30,5,1,plug
17.350000,0.0203650827,0.0063056984,0.0049931647,30,5,1,plug
17.400000,0.0205892171,0.0063849266,0.0050571778,30,5,1,plug
17.450000,0.0208154977,0.0064650507,0.0051219328,30,5,1,plug
17.500000,0.0210439409,0.0065460794,0.0051874375,30,5,1,plug
17.550000,0.0212745634,0.0066280215,0.0052536992,30,5,1,plug
17.600000,0.0215073821,0.0067108860,0.0053207257,30,5,1,plug
17.650000,0.0217424136,0.0067946817,0.0053885246,30,5,1,plug
17.700000,0.0219796749,0.0068794179,0.0054571037,30,5,1,plug
17.750000,0.0222191830,0.0069651034,0.0055264708,30,5,1,plug
17.800000,0.0224609550,0.0070517476,0.0055966337,30,5,1,plug
17.850000,0.0227050079,0.0071393596,0.0056676005,30,5,1,plug
17.900000,0.0229513591,0.0072279487,0.0057393790,30,5,1,plug
17.950000,0.0232000258,0.0073175244,0.0058119774,30,5,1,plug
18.000000,0.0234510253,0.0074080961,0.0058854038,30,5,1,plug
18.050000,0.0237043753,0.0074996733,0.0059596664,30,5,1,plug
18.100000,0.0239600931,0.0075922655,0.0060347734,30,5,1,plug
18.150000,0.0242181965,0.0076858825,0.0061107332,30,5,1,plug
18.200000,0.0244787031,0.0077805340,0.0061875541,30,5,1,plug
18.250000,0.0247416307,0.0078762298,0.0062652447,30,5,1,plug
18.300000,0.0250069972,0.0079729798,0.0063438133,30,5,1,plug
18.350000,0.0252748205,0.0080707939,0.0064232687,30,5,1,plug
18.400000,0.0255451187,0.0081696821,0.0065036195,30,5,1,plug
18.450000,0.0258179097,0.0082696546,0.0065848743,30,5,1,plug
18.500000,0.0260932119,0.0083707214,0.0066670420,30,5,1,plug
18.550000,0.0263710434,0.0084728930,0.0067501314,30,5,1,plug
18.600000,0.0266514225,0.0085761794,0.0068341515,30,5,1,plug
18.650000,0.0269343678,0.0086805913,0.0069191112,30,5,1,plug
18.700000,0.0272198976,0.0087861389,0.0070050196,30,5,1,plug
18.750000,0.0275080305,0.0088928330,0.0070918858,30,5,1,plug
18.800000,0.0277987851,0.0090006839,0.0071797191,30,5,1,plug
18.850000,0.0280921802,0.0091097026,0.0072685286,30,5,1,plug
18.900000,0.0283882344,0.0092198997,0.0073583237,30,5,1,plug
18.950000,0.0286869668,0.0093312860,0.0074491138,30,5,1,plug
19.000000,0.0289883962,0.0094438725,0.0075409084,30,5,1,plug
19.050000,0.0292925415,0.0095576702,0.0076337171,30,5,1,plug
19.100000,0.0295994220,0.0096726901,0.0077275494,30,5,1,plug
19.150000,0.0299090567,0.0097889434,0.0078224150,30,5,1,plug
19.200000,0.0302214648,0.0099064413,0.0079183237,30,5,1,plug
19.250000,0.0305366657,0.0100251950,0.0080152854,30,5,1,plug
19.300000,0.0308546787,0.0101452161,0.0081133098,30,5,1,plug
19.350000,0.0311755233,0.0102665159,0.0082124071,30,5,1,plug
19.400000,0.0314992189,0.0103891059,0.0083125871,30,5,1,plug
19.450000,0.0318257851,0.0105129978,0.0084138601,30,5,1,plug
19.500000,0.0321552416,0.0106382032,0.0085162363,30,5,1,plug
19.550000,0.0324876081,0.0107647340,0.0086197258,30,5,1,plug
19.600000,0.0328229044,0.0108926018,0.0087243391,30,5,1,plug
19.650000,0.0331611504,0.0110218188,0.0088300865,30,5,1,plug
19.700000,0.0335023659,0.0111523968,0.0089369786,30,5,1,plug
19.750000,0.0338465709,0.0112843480,0.0090450258,30,5,1,plug
19.800000,0.0341937855,0.0114176844,0.0091542388,30,5,1,plug
19.850000,0.0345440299,0.0115524184,0.0092646284,30,5,1,plug
19.900000,0.0348973241,0.0116885623,0.0093762052,30,5,1,plug
19.950000,0.0352536886,0.0118261284,0.0094889802,30,5,1,plug
20.000000,0.0356131434,0.0119651292,0.0096029643,30,5,1,plug
20.050000,0.0359757092,0.0121055773,0.0097181684,30,5,1,plug
20.100000,0.0363414062,0.0122474853,0.0098346037,30,5,1,plug
20.150000,0.0367102551,0.0123908659,0.0099522813,30,5,1,plug
20.200000,0.0370822763,0.0125357320,0.0100712125,30,5,1,plug
20.250000,0.0374574905,0.0126820964,0.0101914085,30,5,1,plug
20.300000,0.0378359184,0.0128299720,0.0103128808,30,5,1,plug
20.350000,0.0382175807,0.0129793720,0.0104356408,30,5,1,plug
20.400000,0.0386024983,0.0131303093,0.0105597000,30,5,1,plug
20.450000,0.0389906920,0.0132827973,0.0106850701,30,5,1,plug
20.500000,0.0393821827,0.0134368492,0.0108117628,30,5,1,plug
20.550000,0.0397769915,0.0135924784,0.0109397898,30,5,1,plug
20.600000,0.0401751393,0.0137496982,0.0110691629,30,5,1,plug
20.650000,0.0405766472,0.0139085224,0.0111998942,30,5,1,plug
20.700000,0.0409815364,0.0140689643,0.0113319955,30,5,1,plug
20.750000,0.0413898281,0.0142310378,0.0114654791,30,5,1,plug
20.800000,0.0418015436,0.0143947566,0.0116003570,30,5,1,plug
20.850000,0.0422167042,0.0145601346,0.0117366414,30,5,1,plug
20.900000,0.0426353311,0.0147271857,0.0118743448,30,5,1,plug
20.950000,0.0430574459,0.0148959239,0.0120134795,30,5,1,plug
21.000000,0.0434830700,0.0150663634,0.0121540580,30,5,1,plug
21.050000,0.0439122249,0.0152385182,0.0122960928,30,5,1,plug
21.100000,0.0443449322,0.0154124028,0.0124395966,30,5,1,plug
21.150000,0.0447812134,0.0155880313,0.0125845820,30,5,1,plug
21.200000,0.0452210903,0.0157654183,0.0127310620,30,5,1,plug
21.250000,0.0456645845,0.0159445783,0.0128790493,30,5,1,plug
21.300000,0.0461117178,0.0161255259,0.0130285569,30,5,1,plug
21.350000,0.0465625119,0.0163082757,0.0131795979,30,5,1,plug
21.400000,0.0470169887,0.0164928425,0.0133321853,30,5,1,plug
21.450000,0.0474751701,0.0166792411,0.0134863324,30,5,1,plug
21.500000,0.0479370779,0.0168674866,0.0136420524,30,5,1,plug
21.550000,0.0484027342,0.0170575938,0.0137993586,30,5,1,plug
21.600000,0.0488721609,0.0172495780,0.0139582646,30,5,1,plug
21.650000,0.0493453801,0.0174434542,0.0141187839,30,5,1,plug
21.700000,0.0498224138,0.0176392377,0.0142809300,30,5,1,plug
21.750000,0.0503032841,0.0178369439,0.0144447166,30,5,1,plug
21.800000,0.0507880133,0.0180365881,0.0146101575,30,5,1,plug
21.850000,0.0512766234,0.0182381860,0.0147772664,30,5,1,plug
21.900000,0.0517691366,0.0184417530,0.0149460575,30,5,1,plug
21.950000,0.0522655753,0.0186473049,0.0151165446,30,5,1,plug
22.000000,0.0527659617,0.0188548574,0.0152887418,30,5,1,plug
22.050000,0.0532703180,0.0190644263,0.0154626633,30,5,1,plug
22.100000,0.0537786667,0.0192760277,0.0156383233,30,5,1,plug
22.150000,0.0542910301,0.0194896773,0.0158157363,30,5,1,plug
22.200000,0.0548074305,0.0197053915,0.0159949165,30,5,1,plug
22.250000,0.0553278904,0.0199231862,0.0161758785,30,5,1,plug
22.300000,0.0558524322,0.0201430779,0.0163586369,30,5,1,plug
22.350000,0.0563810784,0.0203650827,0.0165432062,30,5,1,plug
22.400000,0.0569138515,0.0205892171,0.0167296013,30,5,1,plug
22.450000,0.0574507740,0.0208154977,0.0169178370,30,5,1,plug
22.500000,0.0579918683,0.0210439409,0.0171079282,30,5,1,plug
22.550000,0.0585371571,0.0212745634,0.0172998898,30,5,1,plug
22.600000,0.0590866628,0.0215073821,0.0174937369,30,5,1,plug
22.650000,0.0596404082,0.0217424136,0.0176894847,30,5,1,plug
22.700000,0.0601984157,0.0219796749,0.0178871484,30,5,1,plug
22.750000,0.0607607079,0.0222191830,0.0180867432,30,5,1,plug
22.800000,0.0613273076,0.0224609550,0.0182882847,30,5,1,plug
22.850000,0.0618982372,0.0227050079,0.0184917882,30,5,1,plug
22.900000,0.0624735195,0.0229513591,0.0186972694,30,5,1,plug
22.950000,0.0630531771,0.0232000258,0.0189047438,30,5,1,plug
23.000000,0.0636372326,0.0234510253,0.0191142272,30,5,1,plug
23.050000,0.0642257088,0.0237043753,0.0193257353,30,5,1,plug
23.100000,0.0648186282,0.0239600931,0.0195392841,30,5,1,plug
23.150000,0.0654160135,0.0242181965,0.0197548895,30,5,1,plug
23.200000,0.0660178875,0.0244787031,0.0199725675,30,5,1,plug
23.250000,0.0666242727,0.0247416307,0.0201923344,30,5,1,plug
23.300000,0.0672351919,0.0250069972,0.0204142062,30,5,1,plug
23.350000,0.0678506676,0.0252748205,0.0206381992,30,5,1,plug
23.400000,0.0684707227,0.0255451187,0.0208643299,30,5,1,plug
23.450000,0.0690953796,0.0258179097,0.0210926147,30,5,1,plug
23.500000,0.0697246612,0.0260932119,0.0213230700,30,5,1,plug
23.550000,0.0703585899,0.0263710434,0.0215557126,30,5,1,plug
23.600000,0.0709971885,0.0266514225,0.0217905591,30,5,1,plug
23.650000,0.0716404796,0.0269343678,0.0220276262,30,5,1,plug
23.700000,0.0722884857,0.0272198976,0.0222669308,30,5,1,plug
23.750000,0.0729412295,0.0275080305,0.0225084898,30,5,1,plug
23.800000,0.0735987335,0.0277987851,0.0227523203,30,5,1,plug
23.850000,0.0742610203,0.0280921802,0.0229984393,30,5,1,plug
23.900000,0.0749281125,0.0283882344,0.0232468640,30,5,1,plug
23.950000,0.0756000325,0.0286869668,0.0234976116,30,5,1,plug
24.000000,0.0762768029,0.0289883962,0.0237506994,30,5,1,plug
24.050000,0.0769584462,0.0292925415,0.0240061449,30,5,1,plug
24.100000,0.0776449847,0.0295994220,0.0242639655,30,5,1,plug
24.150000,0.0783364409,0.0299090567,0.0245241788,30,5,1,plug
24.200000,0.0790328373,0.0302214648,0.0247868024,30,5,1,plug
24.250000,0.0797341961,0.0305366657,0.0250518540,30,5,1,plug
24.300000,0.0804405397,0.0308546787,0.0253193514,30,5,1,plug
24.350000,0.0811518904,0.0311755233,0.0255893125,30,5,1,plug
24.400000,0.0818682705,0.0314992189,0.0258617552,30,5,1,plug
24.450000,0.0825897021,0.0318257851,0.0261366976,30,5,1,plug
24.500000,0.0833162076,0.0321552416,0.0264141576,30,5,1,plug
24.550000,0.0840478090,0.0324876081,0.0266941536,30,5,1,plug
24.600000,0.0847845284,0.0328229044,0.0269767037,30,5,1,plug
24.650000,0.0855263879,0.0331611504,0.0272618263,30,5,1,plug
24.700000,0.0862734095,0.0335023659,0.0275495397,30,5,1,plug
24.750000,0.0870256153,0.0338465709,0.0278398625,30,5,1,plug
24.800000,0.0877830270,0.0341937855,0.0281328131,30,5,1,plug
24.850000,0.0885456666,0.0345440299,0.0284284102,30,5,1,plug
24.900000,0.0893135560,0.0348973241,0.0287266725,30,5,1,plug
24.950000,0.0900867168,0.0352536886,0.0290276187,30,5,1,plug
25.000000,0.0908651708,0.0356131434,0.0293312677,30,5,1,plug
25.050000,0.0916489396,0.0359757092,0.0296376384,30,5,1,plug
25.100000,0.0924380448,0.0363414062,0.0299467498,30,5,1,plug
25.150000,0.0932325080,0.0367102551,0.0302586209,30,5,1,plug
25.200000,0.0940323505,0.0370822763,0.0305732708,30,5,1,plug
25.250000,0.0948375939,0.0374574905,0.0308907187,30,5,1,plug
25.300000,0.0956482595,0.0378359184,0.0312109840,30,5,1,plug
25.350000,0.0964643684,0.0382175807,0.0315340858,30,5,1,plug
25.400000,0.0972859420,0.0386024983,0.0318600437,30,5,1,plug
25.450000,0.0981130013,0.0389906920,0.0321888771,30,5,1,plug
25.500000,0.0989455673,0.0393821827,0.0325206055,30,5,1,plug
25.550000,0.0997836611,0.0397769915,0.0328552486,30,5,1,plug
25.600000,0.1006273035,0.0401751393,0.0331928260,30,5,1,plug
25.650000,0.1014765154,0.0405766472,0.0335333574,30,5,1,plug
25.700000,0.1023313174,0.0409815364,0.0338768627,30,5,1,plug
25.750000,0.1031917302,0.0413898281,0.0342233618,30,5,1,plug
25.800000,0.1040577744,0.0418015436,0.0345728744,30,5,1,plug
25.850000,0.1049294704,0.0422167042,0.0349254208,30,5,1,plug
25.900000,0.1058068386,0.0426353311,0.0352810209,30,5,1,plug
25.950000,0.1066898992,0.0430574459,0.0356396948,30,5,1,plug
26.000000,0.1075786726,0.0434830700,0.0360014628,30,5,1,plug
26.050000,0.1084731787,0.0439122249,0.0363663451,30,5,1,plug
26.100000,0.1093734375,0.0443449322,0.0367343620,30,5,1,plug
26.150000,0.1102794690,0.0447812134,0.0371055339,30,5,1,plug
26.200000,0.1111912929,0.0452210903,0.0374798812,30,5,1,plug
26.250000,0.1121089290,0.0456645845,0.0378574244,30,5,1,plug
26.300000,0.1130323967,0.0461117178,0.0382381841,30,5,1,plug
26.350000,0.1139617156,0.0465625119,0.0386221809,30,5,1,plug
26.400000,0.1148969050,0.0470169887,0.0390094354,30,5,1,plug
26.450000,0.1158379841,0.0474751701,0.0393999684,30,5,1,plug
26.500000,0.1167849721,0.0479370779,0.0397938006,30,5,1,plug
26.550000,0.1177378881,0.0484027342,0.0401909529,30,5,1,plug
26.600000,0.1186967508,0.0488721609,0.0405914462,30,5,1,plug
26.650000,0.1196615790,0.0493453801,0.0409953015,30,5,1,plug
26.700000,0.1206323914,0.0498224138,0.0414025396,30,5,1,plug
26.750000,0.1216092066,0.0503032841,0.0418131817,30,5,1,plug
26.800000,0.1225920428,0.0507880133,0.0422272489,30,5,1,plug
26.850000,0.1235809184,0.0512766234,0.0426447623,30,5,1,plug
26.900000,0.1245758514,0.0517691366,0.0430657431,30,5,1,plug
26.950000,0.1255768600,0.0522655753,0.0434902126,30,5,1,plug
27.000000,0.1265839618,0.0527659617,0.0439181921,30,5,1,plug
27.050000,0.1275971747,0.0532703180,0.0443497029,30,5,1,plug
27.100000,0.1286165162,0.0537786667,0.0447847665,30,5,1,plug
27.150000,0.1296420037,0.0542910301,0.0452234042,30,5,1,plug
27.200000,0.1306736545,0.0548074305,0.0456656375,30,5,1,plug
27.250000,0.1317114857,0.0553278904,0.0461114880,30,5,1,plug
27.300000,0.1327555144,0.0558524322,0.0465609772,30,5,1,plug
27.350000,0.1338057573,0.0563810784,0.0470141269,30,5,1,plug
27.400000,0.1348622312,0.0569138515,0.0474709585,30,5,1,plug
27.450000,0.1359249525,0.0574507740,0.0479314938,30,5,1,plug
27.500000,0.1369939376,0.0579918683,0.0483957546,30,5,1,plug
27.550000,0.1380692028,0.0585371571,0.0488637626,30,5,1,plug
27.600000,0.1391507639,0.0590866628,0.0493355396,30,5,1,plug
27.650000,0.1402386370,0.0596404082,0.0498111075,30,5,1,plug
27.700000,0.1413328376,0.0601984157,0.0502904881,30,5,1,plug
27.750000,0.1424333814,0.0607607079,0.0507737035,30,5,1,plug
27.800000,0.1435402836,0.0613273076,0.0512607754,30,5,1,plug
27.850000,0.1446535595,0.0618982372,0.0517517260,30,5,1,plug
27.900000,0.1457732240,0.0624735195,0.0522465772,30,5,1,plug
27.950000,0.1468992920,0.0630531771,0.0527453510,30,5,1,plug
28.000000,0.1480317781,0.0636372326,0.0532480696,30,5,1,plug
28.050000,0.1491706968,0.0642257088,0.0537547551,30,5,1,plug
28.100000,0.1503160623,0.0648186282,0.0542654295,30,5,1,plug
28.150000,0.1514678886,0.0654160135,0.0547801151,30,5,1,plug
28.200000,0.1526261898,0.0660178875,0.0552988340,30,5,1,plug
28.250000,0.1537909794,0.0666242727,0.0558216084,30,5,1,plug
28.300000,0.1549622709,0.0672351919,0.0563484606,30,5,1,plug
28.350000,0.1561400778,0.0678506676,0.0568794127,30,5,1,plug
28.400000,0.1573244129,0.0684707227,0.0574144871,30,5,1,plug
28.450000,0.1585152893,0.0690953796,0.0579537061,30,5,1,plug
28.500000,0.1597127196,0.0697246612,0.0584970919,30,5,1,plug
28.550000,0.1609167163,0.0703585899,0.0590446669,30,5,1,plug
28.600000,0.1621272917,0.0709971885,0.0595964535,30,5,1,plug
28.650000,0.1633444577,0.0716404796,0.0601524739,30,5,1,plug
28.700000,0.1645682263,0.0722884857,0.0607127505,30,5,1,plug
28.750000,0.1657986091,0.0729412295,0.0612773058,30,5,1,plug
28.800000,0.1670356174,0.0735987335,0.0618461621,30,5,1,plug
28.850000,0.1682792625,0.0742610203,0.0624193417,30,5,1,plug
28.900000,0.1695295553,0.0749281125,0.0629968672,30,5,1,plug
28.950000,0.1707865064,0.0756000325,0.0635787609,30,5,1,plug
29.000000,0.1720501265,0.0762768029,0.0641650453,30,5,1,plug
29.050000,0.1733204258,0.0769584462,0.0647557426,30,5,1,plug
29.100000,0.1745974143,0.0776449847,0.0653508755,30,5,1,plug
29.150000,0.1758811018,0.0783364409,0.0659504663,30,5,1,plug
29.200000,0.1771714978,0.0790328373,0.0665545374,30,5,1,plug
29.250000,0.1784686117,0.0797341961,0.0671631113,30,5,1,plug
29.300000,0.1797724526,0.0804405397,0.0677762103,30,5,1,plug
29.350000,0.1810830292,0.0811518904,0.0683938569,30,5,1,plug
29.400000,0.1824003502,0.0818682705,0.0690160736,30,5,1,plug
29.450000,0.1837244239,0.0825897021,0.0696428826,30,5,1,plug
29.500000,0.1850552583,0.0833162076,0.0702743065,30,5,1,plug
29.550000,0.1863928613,0.0840478090,0.0709103675,30,5,1,plug
29.600000,0.1877372404,0.0847845284,0.0715510881,30,5,1,plug
29.650000,0.1890884029,0.0855263879,0.0721964906,30,5,1,plug
29.700000,0.1904463560,0.0862734095,0.0728465973,30,5,1,plug
29.750000,0.1918111063,0.0870256153,0.0735014307,30,5,1,plug
29.800000,0.1931826603,0.0877830270,0.0741610129,30,5,1,plug
29.850000,0.1945610243,0.0885456666,0.0748253664,30,5,1,plug
29.900000,0.1959462044,0.0893135560,0.0754945134,30,5,1,plug
29.950000,0.1973382060,0.0900867168,0.0761684760,30,5,1,plug
30.000000,0.1987370348,0.0908651708,0.0768472766,30,5,1,plug
30.050000,0.2001426958,0.0916489396,0.0775309374,30,5,1,plug
30.100000,0.2015551939,0.0924380448,0.0782194805,30,5,1,plug
30.150000,0.2029745336,0.0932325080,0.0789129280,30,5,1,plug
30.200000,0.2044007194,0.0940323505,0.0796113022,30,5,1,plug
30.250000,0.2058337551,0.0948375939,0.0803146250,30,5,1,plug
30.300000,0.2072736444,0.0956482595,0.0810229186,30,5,1,plug
30.350000,0.2087203909,0.0964643684,0.0817362049,30,5,1,plug
30.400000,0.2101739976,0.0972859420,0.0824545059,30,5,1,plug
30.450000,0.2116344674,0.0981130013,0.0831778436,30,5,1,plug
30.500000,0.2131018028,0.0989455673,0.0839062398,30,5,1,plug
30.550000,0.2145760061,0.0997836611,0.0846397165,30,5,1,plug
30.600000,0.2160570791,0.1006273035,0.0853782954,30,5,1,plug
30.650000,0.2175450235,0.1014765154,0.0861219983,30,5,1,plug
30.700000,0.2190398406,0.1023313174,0.0868708469,30,5,1,plug
30.750000,0.2205415315,0.1031917302,0.0876248629,30,5,1,plug
30.800000,0.2220500968,0.1040577744,0.0883840680,30,5,1,plug
30.850000,0.2235655369,0.1049294704,0.0891484837,30,5,1,plug
30.900000,0.2250878519,0.1058068386,0.0899181315,30,5,1,plug
30.950000,0.2266170415,0.1066898992,0.0906930329,30,5,1,plug
31.000000,0.2281531052,0.1075786726,0.0914732093,30,5,1,plug
31.050000,0.2296960421,0.1084731787,0.0922586820,30,5,1,plug
31.100000,0.2312458509,0.1093734375,0.0930494723,30,5,1,plug
31.150000,0.2328025300,0.1102794690,0.0938456015,30,5,1,plug
31.200000,0.2343660777,0.1111912929,0.0946470907,30,5,1,plug
31.250000,0.2359364918,0.1121089290,0.0954539609,30,5,1,plug
31.300000,0.2375137696,0.1130323967,0.0962662333,30,5,1,plug
31.350000,0.2390979083,0.1139617156,0.0970839287,30,5,1,plug
31.400000,0.2406889047,0.1148969050,0.0979070681,30,5,1,plug
31.450000,0.2422867552,0.1158379841,0.0987356722,30,5,1,plug
31.500000,0.2438914560,0.1167849721,0.0995697618,30,5,1,plug
31.550000,0.2455030028,0.1177378881,0.1004093575,30,5,1,plug
31.600000,0.2471213911,0.1186967508,0.1012544800,30,5,1,plug
31.650000,0.2487466158,0.1196615790,0.1021051495,30,5,1,plug
31.700000,0.2503786718,0.1206323914,0.1029613867,30,5,1,plug
31.750000,0.2520175533,0.1216092066,0.1038232118,30,5,1,plug
31.800000,0.2536632545,0.1225920428,0.1046906450,30,5,1,plug
31.850000,0.2553157689,0.1235809184,0.1055637065,30,5,1,plug
31.900000,0.2569750900,0.1245758514,0.1064424162,30,5,1,plug
31.950000,0.2586412105,0.1255768600,0.1073267943,30,5,1,plug
32.000000,0.2603141232,0.1265839618,0.1082168605,30,5,1,plug
32.050000,0.2619938201,0.1275971747,0.1091126346,30,5,1,plug
32.100000,0.2636802933,0.1286165162,0.1100141363,30,5,1,plug
32.150000,0.2653735341,0.1296420037,0.1109213851,30,5,1,plug
32.200000,0.2670735337,0.1306736545,0.1118344004,30,5,1,plug
32.250000,0.2687802829,0.1317114857,0.1127532017,30,5,1,plug
32.300000,0.2704937720,0.1327555144,0.1136778081,30,5,1,plug
32.350000,0.2722139910,0.1338057573,0.1146082388,30,5,1,plug
32.400000,0.2739409296,0.1348622312,0.1155445128,30,5,1,plug
32.450000,0.2756745770,0.1359249525,0.1164866491,30,5,1,plug
32.500000,0.2774149221,0.1369939376,0.1174346663,30,5,1,plug
32.550000,0.2791619533,0.1380692028,0.1183885832,30,5,1,plug
32.600000,0.2809156588,0.1391507639,0.1193484184,30,5,1,plug
32.650000,0.2826760264,0.1402386370,0.1203141902,30,5,1,plug
32.700000,0.2844430432,0.1413328376,0.1212859169,30,5,1,plug
32.750000,0.2862166964,0.1424333814,0.1222636168,30,5,1,plug
32.800000,0.2879969724,0.1435402836,0.1232473078,30,5,1,plug
32.850000,0.2897838575,0.1446535595,0.1242370079,30,5,1,plug
32.900000,0.2915773374,0.1457732240,0.1252327349,30,5,1,plug
32.950000,0.2933773975,0.1468992920,0.1262345063,30,5,1,plug
33.000000,0.2951840227,0.1480317781,0.1272423398,30,5,1,plug
33.050000,0.2969971978,0.1491706968,0.1282562527,30,5,1,plug
33.100000,0.2988169068,0.1503160623,0.1292762622,30,5,1,plug
33.150000,0.3006431336,0.1514678886,0.1303023853,30,5,1,plug
33.200000,0.3024758615,0.1526261898,0.1313346391,30,5,1,plug
33.250000,0.3043150737,0.1537909794,0.1323730403,30,5,1,plug
33.300000,0.3061607525,0.1549622709,0.1334176055,30,5,1,plug
33.350000,0.3080128803,0.1561400778,0.1344683512,30,5,1,plug
33.400000,0.3098714387,0.1573244129,0.1355252938,30,5,1,plug
33.450000,0.3117364093,0.1585152893,0.1365884494,30,5,1,plug
33.500000,0.3136077728,0.1597127196,0.1376578340,30,5,1,plug
33.550000,0.3154855100,0.1609167163,0.1387334635,30,5,1,plug
33.600000,0.3173696008,0.1621272917,0.1398153535,30,5,1,plug
33.650000,0.3192600250,0.1633444577,0.1409035195,30,5,1,plug
33.700000,0.3211567620,0.1645682263,0.1419979770,30,5,1,plug
33.750000,0.3230597906,0.1657986091,0.1430987411,30,5,1,plug
33.800000,0.3249690892,0.1670356174,0.1442058267,30,5,1,plug
33.850000,0.3268846360,0.1682792625,0.1453192487,30,5,1,plug
33.900000,0.3288064086,0.1695295553,0.1464390218,30,5,1,plug
33.950000,0.3307343842,0.1707865064,0.1475651604,30,5,1,plug
34.000000,0.3326685396,0.1720501265,0.1486976788,30,5,1,plug
34.050000,0.3346088512,0.1733204258,0.1498365911,30,5,1,plug
34.100000,0.3365552948,0.1745974143,0.1509819113,30,5,1,plug
34.150000,0.3385078461,0.1758811018,0.1521336529,30,5,1,plug
34.200000,0.3404664802,0.1771714978,0.1532918297,30,5,1,plug
34.250000,0.3424311716,0.1784686117,0.1544564548,30,5,1,plug
34.300000,0.3444018947,0.1797724526,0.1556275416,30,5,1,plug
34.350000,0.3463786233,0.1810830292,0.1568051028,30,5,1,plug
34.400000,0.3483613307,0.1824003502,0.1579891512,30,5,1,plug
34.450000,0.3503499900,0.1837244239,0.1591796994,30,5,1,plug
34.500000,0.3523445736,0.1850552583,0.1603767598,30,5,1,plug
34.550000,0.3543450536,0.1863928613,0.1615803443,30,5,1,plug
34.600000,0.3563514018,0.1877372404,0.1627904651,30,5,1,plug
34.650000,0.3583635893,0.1890884029,0.1640071337,30,5,1,plug
34.700000,0.3603815870,0.1904463560,0.1652303616,30,5,1,plug
34.750000,0.3624053652,0.1918111063,0.1664601602,30,5,1,plug
34.800000,0.3644348938,0.1931826603,0.1676965404,30,5,1,plug
34.850000,0.3664701424,0.1945610243,0.1689395131,30,5,1,plug
34.900000,0.3685110800,0.1959462044,0.1701890890,30,5,1,plug
34.950000,0.3705576752,0.1973382060,0.1714452783,30,5,1,plug
35.000000,0.3726098962,0.1987370348,0.1727080913,30,5,1,plug
35.050000,0.3746677108,0.2001426958,0.1739775379,30,5,1,plug
35.100000,0.3767310863,0.2015551939,0.1752536277,30,5,1,plug
35.150000,0.3787999895,0.2029745336,0.1765363702,30,5,1,plug
35.200000,0.3808743870,0.2044007194,0.1778257746,30,5,1,plug
35.250000,0.3829542446,0.2058337551,0.1791218500,30,5,1,plug
35.300000,0.3850395279,0.2072736444,0.1804246050,30,5,1,plug
35.350000,0.3871302022,0.2087203909,0.1817340481,30,5,1,plug
35.400000,0.3892262320,0.2101739976,0.1830501875,30,5,1,plug
35.450000,0.3913275815,0.2116344674,0.1843730314,30,5,1,plug
35.500000,0.3934342147,0.2131018028,0.1857025873,30,5,1,plug
35.550000,0.3955460948,0.2145760061,0.1870388628,30,5,1,plug
35.600000,0.3976631848,0.2160570791,0.1883818651,30,5,1,plug
35.650000,0.3997854472,0.2175450235,0.1897316012,30,5,1,plug
35.700000,0.4019128439,0.2190398406,0.1910880778,30,5,1,plug
35.750000,0.4040453367,0.2205415315,0.1924513014,30,5,1,plug
35.800000,0.4061828866,0.2220500968,0.1938212781,30,5,1,plug
35.850000,0.4083254544,0.2235655369,0.1951980138,30,5,1,plug
35.900000,0.4104730003,0.2250878519,0.1965815143,30,5,1,plug
35.950000,0.4126254842,0.2266170415,0.1979717847,30,5,1,plug
36.000000,0.4147828655,0.2281531052,0.1993688304,30,5,1,plug
36.050000,0.4169451032,0.2296960421,0.2007726561,30,5,1,plug
36.100000,0.4191121558,0.2312458509,0.2021832662,30,5,1,plug
36.150000,0.4212839813,0.2328025300,0.2036006652,30,5,1,plug
36.200000,0.4234605374,0.2343660777,0.2050248570,30,5,1,plug
36.250000,0.4256417813,0.2359364918,0.2064558452,30,5,1,plug
36.300000,0.4278276699,0.2375137696,0.2078936333,30,5,1,plug
36.350000,0.4300181593,0.2390979083,0.2093382244,30,5,1,plug
36.400000,0.4322132055,0.2406889047,0.2107896213,30,5,1,plug
36.450000,0.4344127640,0.2422867552,0.2122478266,30,5,1,plug
36.500000,0.4366167897,0.2438914560,0.2137128424,30,5,1,plug
36.550000,0.4388252373,0.2455030028,0.2151846707,30,5,1,plug
36.600000,0.4410380610,0.2471213911,0.2166633133,30,5,1,plug
36.650000,0.4432552143,0.2487466158,0.2181487712,30,5,1,plug
36.700000,0.4454766507,0.2503786718,0.2196410457,30,5,1,plug
36.750000,0.4477023229,0.2520175533,0.2211401374,30,5,1,plug
36.800000,0.4499321833,0.2536632545,0.2226460468,30,5,1,plug
36.850000,0.4521661841,0.2553157689,0.2241587739,30,5,1,plug
36.900000,0.4544042766,0.2569750900,0.2256783184,30,5,1,plug
36.950000,0.4566464121,0.2586412105,0.2272046800,30,5,1,plug
37.000000,0.4588925413,0.2603141232,0.2287378577,30,5,1,plug
37.050000,0.4611426143,0.2619938201,0.2302778503,30,5,1,plug
37.100000,0.4633965810,0.2636802933,0.2318246564,30,5,1,plug
37.150000,0.4656543910,0.2653735341,0.2333782742,30,5,1,plug
37.200000,0.4679159930,0.2670735337,0.2349387014,30,5,1,plug
37.250000,0.4701813358,0.2687802829,0.2365059357,30,5,1,plug
37.300000,0.4724503674,0.2704937720,0.2380799742,30,5,1,plug
37.350000,0.4747230357,0.2722139910,0.2396608137,30,5,1,plug
37.400000,0.4769992878,0.2739409296,0.2412484509,30,5,1,plug
37.450000,0.4792790706,0.2756745770,0.2428428819,30,5,1,plug
37.500000,0.4815623307,0.2774149221,0.2444441026,30,5,1,plug
37.550000,0.4838490141,0.2791619533,0.2460521084,30,5,1,plug
37.600000,0.4861390664,0.2809156588,0.2476668946,30,5,1,plug
37.650000,0.4884324328,0.2826760264,0.2492884560,30,5,1,plug
37.700000,0.4907290581,0.2844430432,0.2509167870,30,5,1,plug
37.750000,0.4930288868,0.2862166964,0.2525518818,30,5,1,plug
37.800000,0.4953318628,0.2879969724,0.2541937342,30,5,1,plug
37.850000,0.4976379296,0.2897838575,0.2558423376,30,5,1,plug
37.900000,0.4999470306,0.2915773374,0.2574976850,30,5,1,plug
37.950000,0.5022591084,0.2933773975,0.2591597693,30,5,1,plug
38.000000,0.5045741054,0.2951840227,0.2608285827,30,5,1,plug
38.050000,0.5068919635,0.2969971978,0.2625041173,30,5,1,plug
38.100000,0.5092126244,0.2988169068,0.2641863647,30,5,1,plug
38.150000,0.5115360292,0.3006431336,0.2658753161,30,5,1,plug
38.200000,0.5138621186,0.3024758615,0.2675709626,30,5,1,plug
38.250000,0.5161908331,0.3043150737,0.2692732946,30,5,1,plug
38.300000,0.5185221126,0.3061607525,0.2709823024,30,5,1,plug
38.350000,0.5208558967,0.3080128803,0.2726979756,30,5,1,plug
38.400000,0.5231921246,0.3098714387,0.2744203038,30,5,1,plug
38.450000,0.5255307352,0.3117364093,0.2761492761,30,5,1,plug
38.500000,0.5278716669,0.3136077728,0.2778848811,30,5,1,plug
38.550000,0.5302148576,0.3154855100,0.2796271070,30,5,1,plug
38.600000,0.5325602452,0.3173696008,0.2813759420,30,5,1,plug
38.650000,0.5349077669,0.3192600250,0.2831313734,30,5,1,plug
38.700000,0.5372573595,0.3211567620,0.2848933886,30,5,1,plug
38.750000,0.5396089598,0.3230597906,0.2866619742,30,5,1,plug
38.800000,0.5419625037,0.3249690892,0.2884371166,30,5,1,plug
38.850000,0.5443179272,0.3268846360,0.2902188019,30,5,1,plug
38.900000,0.5466751657,0.3288064086,0.2920070158,30,5,1,plug
38.950000,0.5490341542,0.3307343842,0.2938017433,30,5,1,plug
39.000000,0.5513948274,0.3326685396,0.2956029695,30,5,1,plug
39.050000,0.5537571198,0.3346088512,0.2974106787,30,5,1,plug
39.100000,0.5561209652,0.3365552948,0.2992248550,30,5,1,plug
39.150000,0.5584862975,0.3385078461,0.3010454820,30,5,1,plug
39.200000,0.5608530497,0.3404664802,0.3028725431,30,5,1,plug
39.250000,0.5632211549,0.3424311716,0.3047060210,30,5,1,plug
39.300000,0.5655905457,0.3444018947,0.3065458983,30,5,1,plug
39.350000,0.5679611544,0.3463786233,0.3083921570,30,5,1,plug
39.400000,0.5703329127,0.3483613307,0.3102447789,30,5,1,plug
39.450000,0.5727057524,0.3503499900,0.3121037450,30,5,1,plug
39.500000,0.5750796046,0.3523445736,0.3139690364,30,5,1,plug
39.550000,0.5774544002,0.3543450536,0.3158406334,30,5,1,plug
39.600000,0.5798300699,0.3563514018,0.3177185162,30,5,1,plug
39.650000,0.5822065439,0.3583635893,0.3196026642,30,5,1,plug
39.700000,0.5845837520,0.3603815870,0.3214930569,30,5,1,plug
39.750000,0.5869616240,0.3624053652,0.3233896729,30,5,1,plug
39.800000,0.5893400890,0.3644348938,0.3252924906,30,5,1,plug
39.850000,0.5917190761,0.3664701424,0.3272014882,30,5,1,plug
39.900000,0.5940985139,0.3685110800,0.3291166430,30,5,1,plug
39.950000,0.5964783308,0.3705576752,0.3310379324,30,5,1,plug
40.000000,0.5988584548,0.3726098962,0.3329653330,30,5,1,plug
40.050000,0.6012388137,0.3746677108,0.3348988211,30,5,1,plug
40.100000,0.6036193349,0.3767310863,0.3368383728,30,5,1,plug
40.150000,0.6059999455,0.3787999895,0.3387839634,30,5,1,plug
40.200000,0.6083805725,0.3808743870,0.3407355680,30,5,1,plug
40.250000,0.6107611423,0.3829542446,0.3426931613,30,5,1,plug
40.300000,0.6131415814,0.3850395279,0.3446567175,30,5,1,plug
40.350000,0.6155218156,0.3871302022,0.3466262104,30,5,1,plug
40.400000,0.6179017707,0.3892262320,0.3486016134,30,5,1,plug
40.450000,0.6202813722,0.3913275815,0.3505828994,30,5,1,plug
40.500000,0.6226605452,0.3934342147,0.3525700410,30,5,1,plug
40.550000,0.6250392146,0.3955460948,0.3545630103,30,5,1,plug
40.600000,0.6274173052,0.3976631848,0.3565617789,30,5,1,plug
40.650000,0.6297947412,0.3997854472,0.3585663181,30,5,1,plug
40.700000,0.6321714468,0.4019128439,0.3605765988,30,5,1,plug
40.750000,0.6345473459,0.4040453367,0.3625925912,30,5,1,plug
40.800000,0.6369223622,0.4061828866,0.3646142655,30,5,1,plug
40.850000,0.6392964189,0.4083254544,0.3666415911,30,5,1,plug
40.900000,0.6416694393,0.4104730003,0.3686745371,30,5,1,plug
40.950000,0.6440413462,0.4126254842,0.3707130722,30,5,1,plug
41.000000,0.6464120623,0.4147828655,0.3727571646,30,5,1,plug
41.050000,0.6487815100,0.4169451032,0.3748067822,30,5,1,plug
41.100000,0.6511496116,0.4191121558,0.3768618924,30,5,1,plug
41.150000,0.6535162891,0.4212839813,0.3789224621,30,5,1,plug
41.200000,0.6558814642,0.4234605374,0.3809884577,30,5,1,plug
41.250000,0.6582450584,0.4256417813,0.3830598455,30,5,1,plug
41.300000,0.6606069932,0.4278276699,0.3851365910,30,5,1,plug
41.350000,0.6629671896,0.4300181593,0.3872186595,30,5,1,plug
41.400000,0.6653255686,0.4322132055,0.3893060157,30,5,1,plug
41.450000,0.6676820510,0.4344127640,0.3913986241,30,5,1,plug
41.500000,0.6700365573,0.4366167897,0.3934964484,30,5,1,plug
41.550000,0.6723890078,0.4388252373,0.3955994523,30,5,1,plug
41.600000,0.6747393227,0.4410380610,0.3977075987,30,5,1,plug
41.650000,0.6770874221,0.4432552143,0.3998208503,30,5,1,plug
41.700000,0.6794332257,0.4454766507,0.4019391692,30,5,1,plug
41.750000,0.6817766532,0.4477023229,0.4040625172,30,5,1,plug
41.800000,0.6841176240,0.4499321833,0.4061908557,30,5,1,plug
41.850000,0.6864560575,0.4521661841,0.4083241454,30,5,1,plug
41.900000,0.6887918728,0.4544042766,0.4104623469,30,5,1,plug
41.950000,0.6911249889,0.4566464121,0.4126054201,30,5,1,plug
42.000000,0.6934553248,0.4588925413,0.4147533246,30,5,1,plug
42.050000,0.6957827990,0.4611426143,0.4169060196,30,5,1,plug
42.100000,0.6981073301,0.4633965810,0.4190634638,30,5,1,plug
42.150000,0.7004288366,0.4656543910,0.4212256154,30,5,1,plug
42.200000,0.7027472368,0.4679159930,0.4233924324,30,5,1,plug
42.250000,0.7050624487,0.4701813358,0.4255638720,30,5,1,plug
42.300000,0.7073743906,0.4724503674,0.4277398914,30,5,1,plug
42.350000,0.7096829803,0.4747230357,0.4299204471,30,5,1,plug
42.400000,0.7119881356,0.4769992878,0.4321054951,30,5,1,plug
42.450000,0.7142897742,0.4792790706,0.4342949912,30,5,1,plug
42.500000,0.7165878137,0.4815623307,0.4364888907,30,5,1,plug
42.550000,0.7188821716,0.4838490141,0.4386871483,30,5,1,plug
42.600000,0.7211727654,0.4861390664,0.4408897184,30,5,1,plug
42.650000,0.7234595123,0.4884324328,0.4430965552,30,5,1,plug
42.700000,0.7257423296,0.4907290581,0.4453076120,30,5,1,plug
42.750000,0.7280211345,0.4930288868,0.4475228421,30,5,1,plug
42.800000,0.7302958440,0.4953318628,0.4497421981,30,5,1,plug
42.850000,0.7325663750,0.4976379296,0.4519656323,30,5,1,plug
42.900000,0.7348326447,0.4999470306,0.4541930965,30,5,1,plug
42.950000,0.7370945698,0.5022591084,0.4564245422,30,5,1,plug
43.000000,0.7393520672,0.5045741054,0.4586599204,30,5,1,plug
43.050000,0.7416050536,0.5068919635,0.4608991816,30,5,1,plug
43.100000,0.7438534458,0.5092126244,0.4631422760,30,5,1,plug
43.150000,0.7460971605,0.5115360292,0.4653891534,30,5,1,plug
43.200000,0.7483361143,0.5138621186,0.4676397631,30,5,1,plug
43.250000,0.7505702239,0.5161908331,0.4698940540,30,5,1,plug
43.300000,0.7527994058,0.5185221126,0.4721519746,30,5,1,plug
43.350000,0.7550235767,0.5208558967,0.4744134729,30,5,1,plug
43.400000,0.7572426531,0.5231921246,0.4766784966,30,5,1,plug
43.450000,0.7594565515,0.5255307352,0.4789469930,30,5,1,plug
43.500000,0.7616651885,0.5278716669,0.4812189089,30,5,1,plug
43.550000,0.7638684807,0.5302148576,0.4834941908,30,5,1,plug
43.600000,0.7660663446,0.5325602452,0.4857727846,30,5,1,plug
43.650000,0.7682586968,0.5349077669,0.4880546360,30,5,1,plug
43.700000,0.7704454538,0.5372573595,0.4903396901,30,5,1,plug
43.750000,0.7726265323,0.5396089598,0.4926278919,30,5,1,plug
43.800000,0.7748018488,0.5419625037,0.4949191856,30,5,1,plug
43.850000,0.7769713201,0.5443179272,0.4972135153,30,5,1,plug
43.900000,0.7791348629,0.5466751657,0.4995108246,30,5,1,plug
43.950000,0.7812923938,0.5490341542,0.5018110566,30,5,1,plug
44.000000,0.7834438297,0.5513948274,0.5041141543,30,5,1,plug
44.050000,0.7855890874,0.5537571198,0.5064200599,30,5,1,plug
44.100000,0.7877280838,0.5561209652,0.5087287156,30,5,1,plug
44.150000,0.7898607358,0.5584862975,0.5110400629,30,5,1,plug
44.200000,0.7919869606,0.5608530497,0.5133540430,30,5,1,plug
44.250000,0.7941066750,0.5632211549,0.5156705969,30,5,1,plug
44.300000,0.7962197965,0.5655905457,0.5179896650,30,5,1,plug
44.350000,0.7983262422,0.5679611544,0.5203111873,30,5,1,plug
44.400000,0.8004259294,0.5703329127,0.5226351037,30,5,1,plug
44.450000,0.8025187756,0.5727057524,0.5249613533,30,5,1,plug
44.500000,0.8046046984,0.5750796046,0.5272898751,30,5,1,plug
44.550000,0.8066836155,0.5774544002,0.5296206077,30,5,1,plug
44.600000,0.8087554445,0.5798300699,0.5319534893,30,5,1,plug
44.650000,0.8108201033,0.5822065439,0.5342884577,30,5,1,plug
44.700000,0.8128775100,0.5845837520,0.5366254503,30,5,1,plug
44.750000,0.8149275827,0.5869616240,0.5389644043,30,5,1,plug
44.800000,0.8169702396,0.5893400890,0.5413052563,30,5,1,plug
44.850000,0.8190053991,0.5917190761,0.5436479427,30,5,1,plug
44.900000,0.8210329798,0.5940985139,0.5459923996,30,5,1,plug
44.950000,0.8230529004,0.5964783308,0.5483385625,30,5,1,plug
45.000000,0.8250650797,0.5988584548,0.5506863667,30,5,1,plug
45.050000,0.8270694367,0.6012388137,0.5530357471,30,5,1,plug
45.100000,0.8290658906,0.6036193349,0.5553866384,30,5,1,plug
45.150000,0.8310543607,0.6059999455,0.5577389748,30,5,1,plug
45.200000,0.8330347665,0.6083805725,0.5600926901,30,5,1,plug
45.250000,0.8350070277,0.6107611423,0.5624477179,30,5,1,plug
45.300000,0.8369710641,0.6131415814,0.5648039914,30,5,1,plug
45.350000,0.8389267960,0.6155218156,0.5671614435,30,5,1,plug
45.400000,0.8408741435,0.6179017707,0.5695200067,30,5,1,plug
45.450000,0.8428130270,0.6202813722,0.5718796132,30,5,1,plug
45.500000,0.8447433674,0.6226605452,0.5742401948,30,5,1,plug
45.550000,0.8466650854,0.6250392146,0.5766016832,30,5,1,plug
45.600000,0.8485781021,0.6274173052,0.5789640095,30,5,1,plug
45.650000,0.8504823390,0.6297947412,0.5813271046,30,5,1,plug
45.700000,0.8523777175,0.6321714468,0.5836908991,30,5,1,plug
45.750000,0.8542641595,0.6345473459,0.5860553233,30,5,1,plug
45.800000,0.8561415869,0.6369223622,0.5884203072,30,5,1,plug
45.850000,0.8580099221,0.6392964189,0.5907857803,30,5,1,plug
45.900000,0.8598690876,0.6416694393,0.5931516721,30,5,1,plug
45.950000,0.8617190062,0.6440413462,0.5955179115,30,5,1,plug
46.000000,0.8635596010,0.6464120623,0.5978844273,30,5,1,plug
46.050000,0.8653907951,0.6487815100,0.6002511480,30,5,1,plug
46.100000,0.8672125123,0.6511496116,0.6026180017,30,5,1,plug
46.150000,0.8690246764,0.6535162891,0.6049849162,30,5,1,plug
46.200000,0.8708272115,0.6558814642,0.6073518192,30,5,1,plug
46.250000,0.8726200421,0.6582450584,0.6097186379,30,5,1,plug
46.300000,0.8744030929,0.6606069932,0.6120852994,30,5,1,plug
46.350000,0.8761762889,0.6629671896,0.6144517303,30,5,1,plug
46.400000,0.8779395554,0.6653255686,0.6168178572,30,5,1,plug
46.450000,0.8796928181,0.6676820510,0.6191836062,30,5,1,plug
46.500000,0.8814360029,0.6700365573,0.6215489033,30,5,1,plug
46.550000,0.8831690361,0.6723890078,0.6239136740,30,5,1,plug
46.600000,0.8848918443,0.6747393227,0.6262778440,30,5,1,plug
46.650000,0.8866043544,0.6770874221,0.6286413382,30,5,1,plug
46.700000,0.8883064937,0.6794332257,0.6310040816,30,5,1,plug
46.750000,0.8899981897,0.6817766532,0.6333659988,30,5,1,plug
46.800000,0.8916793704,0.6841176240,0.6357270143,30,5,1,plug
46.850000,0.8933499641,0.6864560575,0.6380870522,30,5,1,plug
46.900000,0.8950098994,0.6887918728,0.6404460364,30,5,1,plug
46.950000,0.8966591053,0.6911249889,0.6428038906,30,5,1,plug
47.000000,0.8982975113,0.6934553248,0.6451605384,30,5,1,plug
47.050000,0.8999250469,0.6957827990,0.6475159029,30,5,1,plug
47.100000,0.9015416425,0.6981073301,0.6498699072,30,5,1,plug
47.150000,0.9031472283,0.7004288366,0.6522224741,30,5,1,plug
47.200000,0.9047417354,0.7027472368,0.6545735262,30,5,1,plug
47.250000,0.9063250950,0.7050624487,0.6569229857,30,5,1,plug
47.300000,0.9078972387,0.7073743906,0.6592707751,30,5,1,plug
47.350000,0.9094580987,0.7096829803,0.6616168161,30,5,1,plug
47.400000,0.9110076073,0.7119881356,0.6639610306,30,5,1,plug
47.450000,0.9125456975,0.7142897742,0.6663033401,30,5,1,plug
47.500000,0.9140723026,0.7165878137,0.6686436661,30,5,1,plug
47.550000,0.9155873562,0.7188821716,0.6709819298,30,5,1,plug
47.600000,0.9170907925,0.7211727654,0.6733180521,30,5,1,plug
47.650000,0.9185825461,0.7234595123,0.6756519541,30,5,1,plug
47.700000,0.9200625520,0.7257423296,0.6779835562,30,5,1,plug
47.750000,0.9215307455,0.7280211345,0.6803127791,30,5,1,plug
47.800000,0.9229870626,0.7302958440,0.6826395430,30,5,1,plug
47.850000,0.9244314396,0.7325663750,0.6849637682,30,5,1,plug
47.900000,0.9258638133,0.7348326447,0.6872853748,30,5,1,plug
47.950000,0.9272841209,0.7370945698,0.6896042825,30,5,1,plug
48.000000,0.9286923001,0.7393520672,0.6919204111,30,5,1,plug
48.050000,0.9300882891,0.7416050536,0.6942336803,30,5,1,plug
48.100000,0.9314720265,0.7438534458,0.6965440094,30,5,1,plug
48.150000,0.9328434514,0.7460971605,0.6988513179,30,5,1,plug
48.200000,0.9342025033,0.7483361143,0.7011555248,30,5,1,plug
48.250000,0.9355491225,0.7505702239,0.7034565493,30,5,1,plug
48.300000,0.9368832493,0.7527994058,0.7057543103,30,5,1,plug
48.350000,0.9382048250,0.7550235767,0.7080487267,30,5,1,plug
48.400000,0.9395137909,0.7572426531,0.7103397172,30,5,1,plug
48.450000,0.9408100892,0.7594565515,0.7126272003,30,5,1,plug
48.500000,0.9420936624,0.7616651885,0.7149110948,30,5,1,plug
48.550000,0.9433644537,0.7638684807,0.7171913188,30,5,1,plug
48.600000,0.9446224064,0.7660663446,0.7194677909,30,5,1,plug
48.650000,0.9458674649,0.7682586968,0.7217404291,30,5,1,plug
48.700000,0.9470995736,0.7704454538,0.7240091518,30,5,1,plug
48.750000,0.9483186777,0.7726265323,0.7262738770,30,5,1,plug
48.800000,0.9495247229,0.7748018488,0.7285345227,30,5,1,plug
48.850000,0.9507176554,0.7769713201,0.7307910068,30,5,1,plug
48.900000,0.9518974220,0.7791348629,0.7330432473,30,5,1,plug
48.950000,0.9530639699,0.7812923938,0.7352911619,30,5,1,plug
49.000000,0.9542172470,0.7834438297,0.7375346684,30,5,1,plug
49.050000,0.9553572016,0.7855890874,0.7397736846,30,5,1,plug
49.100000,0.9564837828,0.7877280838,0.7420081282,30,5,1,plug
49.150000,0.9575969399,0.7898607358,0.7442379167,30,5,1,plug
49.200000,0.9586966231,0.7919869606,0.7464629679,30,5,1,plug
49.250000,0.9597827830,0.7941066750,0.7486831992,30,5,1,plug
49.300000,0.9608553708,0.7962197965,0.7508985283,30,5,1,plug
49.350000,0.9619143382,0.7983262422,0.7531088726,30,5,1,plug
49.400000,0.9629596376,0.8004259294,0.7553141497,30,5,1,plug
49.450000,0.9639912219,0.8025187756,0.7575142772,30,5,1,plug
49.500000,0.9650090446,0.8046046984,0.7597091725,30,5,1,plug
49.550000,0.9660130599,0.8066836155,0.7618987531,30,5,1,plug
49.600000,0.9670032223,0.8087554445,0.7640829366,30,5,1,plug
49.650000,0.9679794872,0.8108201033,0.7662616405,30,5,1,plug
49.700000,0.9689418105,0.8128775100,0.7684347824,30,5,1,plug
49.750000,0.9698901486,0.8149275827,0.7706022798,30,5,1,plug
49.800000,0.9708244585,0.8169702396,0.7727640504,30,5,1,plug
49.850000,0.9717446981,0.8190053991,0.7749200116,30,5,1,plug
49.900000,0.9726508255,0.8210329798,0.7770700814,30,5,1,plug
49.950000,0.9735427998,0.8230529004,0.7792141772,30,5,1,plug
50.000000,0.9744205803,0.8250650797,0.7813522170,30,5,1,plug
50.050000,0.9752841273,0.8270694367,0.7834841185,30,5,1,plug
50.100000,0.9761334015,0.8290658906,0.7856097995,30,5,1,plug
50.150000,0.9769683644,0.8310543607,0.7877291781,30,5,1,plug
50.200000,0.9777889779,0.8330347665,0.7898421722,30,5,1,plug
50.250000,0.9785952047,0.8350070277,0.7919486998,30,5,1,plug
50.300000,0.9793870081,0.8369710641,0.7940486793,30,5,1,plug
50.350000,0.9801643519,0.8389267960,0.7961420287,30,5,1,plug
50.400000,0.9809272009,0.8408741435,0.7982286664,30,5,1,plug
50.450000,0.9816755201,0.8428130270,0.8003085109,30,5,1,plug
50.500000,0.9824092755,0.8447433674,0.8023814806,30,5,1,plug
50.550000,0.9831284334,0.8466650854,0.8044474942,30,5,1,plug
50.600000,0.9838329612,0.8485781021,0.8065064704,30,5,1,plug
50.650000,0.9845228265,0.8504823390,0.8085583281,30,5,1,plug
50.700000,0.9851979978,0.8523777175,0.8106029862,30,5,1,plug
50.750000,0.9858584443,0.8542641595,0.8126403639,30,5,1,plug
50.800000,0.9865041357,0.8561415869,0.8146703804,30,5,1,plug
50.850000,0.9871350424,0.8580099221,0.8166929550,30,5,1,plug
50.900000,0.9877511356,0.8598690876,0.8187080073,30,5,1,plug
50.950000,0.9883523870,0.8617190062,0.8207154568,30,5,1,plug
51.000000,0.9889387691,0.8635596010,0.8227152235,30,5,1,plug
51.050000,0.9895102549,0.8653907951,0.8247072273,30,5,1,plug
51.100000,0.9900668182,0.8672125123,0.8266913883,30,5,1,plug
51.150000,0.9906084335,0.8690246764,0.8286676269,30,5,1,plug
51.200000,0.9911350760,0.8708272115,0.8306358634,30,5,1,plug
51.250000,0.9916467213,0.8726200421,0.8325960186,30,5,1,plug
51.300000,0.9921433461,0.8744030929,0.8345480132,30,5,1,plug
51.350000,0.9926249275,0.8761762889,0.8364917684,30,5,1,plug
51.400000,0.9930914433,0.8779395554,0.8384272053,30,5,1,plug
51.450000,0.9935428721,0.8796928181,0.8403542454,30,5,1,plug
51.500000,0.9939791931,0.8814360029,0.8422728102,30,5,1,plug
51.550000,0.9944003863,0.8831690361,0.8441828216,30,5,1,plug
51.600000,0.9948064322,0.8848918443,0.8460842018,30,5,1,plug
51.650000,0.9951973122,0.8866043544,0.8479768728,30,5,1,plug
51.700000,0.9955730081,0.8883064937,0.8498607573,30,5,1,plug
51.750000,0.9959335029,0.8899981897,0.8517357780,30,5,1,plug
51.800000,0.9962787797,0.8916793704,0.8536018579,30,5,1,plug
51.850000,0.9966088228,0.8933499641,0.8554589201,30,5,1,plug
51.900000,0.9969236168,0.8950098994,0.8573068881,30,5,1,plug
51.950000,0.9972231473,0.8966591053,0.8591456856,30,5,1,plug
52.000000,0.9975074004,0.8982975113,0.8609752367,30,5,1,plug
52.050000,0.9977763631,0.8999250469,0.8627954655,30,5,1,plug
52.100000,0.9980300230,0.9015416425,0.8646062966,30,5,1,plug
52.150000,0.9982683682,0.9031472283,0.8664076546,30,5,1,plug
52.200000,0.9984913879,0.9047417354,0.8681994648,30,5,1,plug
52.250000,0.9986990716,0.9063250950,0.8699816524,30,5,1,plug
52.300000,0.9988914099,0.9078972387,0.8717541430,30,5,1,plug
52.350000,0.9990683939,0.9094580987,0.8735168626,30,5,1,plug
52.400000,0.9992300153,0.9110076073,0.8752697373,30,5,1,plug
52.450000,0.9993762668,0.9125456975,0.8770126938,30,5,1,plug
52.500000,0.9995071415,0.9140723026,0.8787456589,30,5,1,plug
52.550000,0.9996226334,0.9155873562,0.8804685596,30,5,1,plug
52.600000,0.9997227372,0.9170907925,0.8821813235,30,5,1,plug
52.650000,0.9998074482,0.9185825461,0.8838838784,30,5,1,plug
52.700000,0.9998767626,0.9200625520,0.8855761524,30,5,1,plug
52.750000,0.9999306771,0.9215307455,0.8872580740,30,5,1,plug
52.800000,0.9999691892,0.9229870626,0.8889295719,30,5,1,plug
52.850000,0.9999922972,0.9244314396,0.8905905753,30,5,1,plug
52.900000,1.0000000000,0.9258638133,0.8922410137,30,5,1,plug
52.950000,0.9999922972,0.9272841209,0.8938808170,30,5,1,plug
53.000000,0.9999691892,0.9286923001,0.8955099154,30,5,1,plug
53.050000,0.9999306771,0.9300882891,0.8971282394,30,5,1,plug
53.100000,0.9998767626,0.9314720265,0.8987357200,30,5,1,plug
53.150000,0.9998074482,0.9328434514,0.9003322885,30,5,1,plug
53.200000,0.9997227372,0.9342025033,0.9019178766,30,5,1,plug
53.250000,0.9996226334,0.9355491225,0.9034924164,30,5,1,plug
53.300000,0.9995071415,0.9368832493,0.9050558404,30,5,1,plug
53.350000,0.9993762668,0.9382048250,0.9066080815,30,5,1,plug
53.400000,0.9992300153,0.9395137909,0.9081490728,30,5,1,plug
53.450000,0.9990683939,0.9408100892,0.9096787482,30,5,1,plug
53.500000,0.9988914099,0.9420936624,0.9111970416,30,5,1,plug
53.550000,0.9986990716,0.9433644537,0.9127038876,30,5,1,plug
53.600000,0.9984913879,0.9446224064,0.9141992210,30,5,1,plug
53.650000,0.9982683682,0.9458674649,0.9156829773,30,5,1,plug
53.700000,0.9980300230,0.9470995736,0.9171550921,30,5,1,plug
53.750000,0.9977763631,0.9483186777,0.9186155017,30,5,1,plug
53.800000,0.9975074004,0.9495247229,0.9200641427,30,5,1,plug
53.850000,0.9972231473,0.9507176554,0.9215009522,30,5,1,plug
53.900000,0.9969236168,0.9518974220,0.9229258676,30,5,1,plug
53.950000,0.9966088228,0.9530639699,0.9243388270,30,5,1,plug
54.000000,0.9962787797,0.9542172470,0.9257397687,30,5,1,plug
54.050000,0.9959335029,0.9553572016,0.9271286317,30,5,1,plug
54.100000,0.9955730081,0.9564837828,0.9285053553,30,5,1,plug
54.150000,0.9951973122,0.9575969399,0.9298698793,30,5,1,plug
54.200000,0.9948064322,0.9586966231,0.9312221440,30,5,1,plug
54.250000,0.9944003863,0.9597827830,0.9325620902,30,5,1,plug
54.300000,0.9939791931,0.9608553708,0.9338896590,30,5,1,plug
54.350000,0.9935428721,0.9619143382,0.9352047923,30,5,1,plug
54.400000,0.9930914433,0.9629596376,0.9365074323,30,5,1,plug
54.450000,0.9926249275,0.9639912219,0.9377975215,30,5,1,plug
54.500000,0.9921433461,0.9650090446,0.9390750034,30,5,1,plug
54.550000,0.9916467213,0.9660130599,0.9403398215,30,5,1,plug
54.600000,0.9911350760,0.9670032223,0.9415919201,30,5,1,plug
54.650000,0.9906084335,0.9679794872,0.9428312439,30,5,1,plug
54.700000,0.9900668182,0.9689418105,0.9440577382,30,5,1,plug
54.750000,0.9895102549,0.9698901486,0.9452713488,30,5,1,plug
54.800000,0.9889387691,0.9708244585,0.9464720218,30,5,1,plug
54.850000,0.9883523870,0.9717446981,0.9476597041,30,5,1,plug
54.900000,0.9877511356,0.9726508255,0.9488343432,30,5,1,plug
54.950000,0.9871350424,0.9735427998,0.9499958867,30,5,1,plug
55.000000,0.9865041357,0.9744205803,0.9511442832,30,5,1,plug
55.050000,0.9858584443,0.9752841273,0.9522794816,30,5,1,plug
55.100000,0.9851979978,0.9761334015,0.9534014314,30,5,1,plug
55.150000,0.9845228265,0.9769683644,0.9545100827,30,5,1,plug
55.200000,0.9838329612,0.9777889779,0.9556053860,30,5,1,plug
55.250000,0.9831284334,0.9785952047,0.9566872926,30,5,1,plug
55.300000,0.9824092755,0.9793870081,0.9577557540,30,5,1,plug
55.350000,0.9816755201,0.9801643519,0.9588107227,30,5,1,plug
55.400000,0.9809272009,0.9809272009,0.9598521515,30,5,1,plug
55.450000,0.9801643519,0.9816755201,0.9608799938,30,5,1,plug
55.500000,0.9793870081,0.9824092755,0.9618942036,30,5,1,plug
55.550000,0.9785952047,0.9831284334,0.9628947355,30,5,1,plug
55.600000,0.9777889779,0.9838329612,0.9638815446,30,5,1,plug
55.650000,0.9769683644,0.9845228265,0.9648545866,30,5,1,plug
55.700000,0.9761334015,0.9851979978,0.9658138180,30,5,1,plug
55.750000,0.9752841273,0.9858584443,0.9667591956,30,5,1,plug
55.800000,0.9744205803,0.9865041357,0.9676906770,30,5,1,plug
55.850000,0.9735427998,0.9871350424,0.9686082202,30,5,1,plug
55.900000,0.9726508255,0.9877511356,0.9695117840,30,5,1,plug
55.950000,0.9717446981,0.9883523870,0.9704013276,30,5,1,plug
56.000000,0.9708244585,0.9889387691,0.9712768111,30,5,1,plug
56.050000,0.9698901486,0.9895102549,0.9721381950,30,5,1,plug
56.100000,0.9689418105,0.9900668182,0.9729854403,30,5,1,plug
56.150000,0.9679794872,0.9906084335,0.9738185090,30,5,1,plug
56.200000,0.9670032223,0.9911350760,0.9746373632,30,5,1,plug
56.250000,0.9660130599,0.9916467213,0.9754419662,30,5,1,plug
56.300000,0.9650090446,0.9921433461,0.9762322814,30,5,1,plug
56.350000,0.9639912219,0.9926249275,0.9770082732,30,5,1,plug
56.400000,0.9629596376,0.9930914433,0.9777699064,30,5,1,plug
56.450000,0.9619143382,0.9935428721,0.9785171466,30,5,1,plug
56.500000,0.9608553708,0.9939791931,0.9792499599,30,5,1,plug
56.550000,0.9597827830,0.9944003863,0.9799683131,30,5,1,plug
56.600000,0.9586966231,0.9948064322,0.9806721736,30,5,1,plug
56.650000,0.9575969399,0.9951973122,0.9813615095,30,5,1,plug
56.700000,0.9564837828,0.9955730081,0.9820362896,30,5,1,plug
56.750000,0.9553572016,0.9959335029,0.9826964831,30,5,1,plug
56.800000,0.9542172470,0.9962787797,0.9833420602,30,5,1,plug
56.850000,0.9530639699,0.9966088228,0.9839729914,30,5,1,plug
56.900000,0.9518974220,0.9969236168,0.9845892482,30,5,1,plug
56.950000,0.9507176554,0.9972231473,0.9851908025,30,5,1,plug
57.000000,0.9495247229,0.9975074004,0.9857776268,30,5,1,plug
57.050000,0.9483186777,0.9977763631,0.9863496947,30,5,1,plug
57.100000,0.9470995736,0.9980300230,0.9869069799,30,5,1,plug
57.150000,0.9458674649,0.9982683682,0.9874494571,30,5,1,plug
57.200000,0.9446224064,0.9984913879,0.9879771016,30,5,1,plug
57.250000,0.9433644537,0.9986990716,0.9884898894,30,5,1,plug
57.300000,0.9420936624,0.9988914099,0.9889877971,30,5,1,plug
57.350000,0.9408100892,0.9990683939,0.9894708020,30,5,1,plug
57.400000,0.9395137909,0.9992300153,0.9899388821,30,5,1,plug
57.450000,0.9382048250,0.9993762668,0.9903920160,30,5,1,plug
57.500000,0.9368832493,0.9995071415,0.9908301831,30,5,1,plug
57.550000,0.9355491225,0.9996226334,0.9912533633,30,5,1,plug
57.600000,0.9342025033,0.9997227372,0.9916615374,30,5,1,plug
57.650000,0.9328434514,0.9998074482,0.9920546868,30,5,1,plug
57.700000,0.9314720265,0.9998767626,0.9924327934,30,5,1,plug
57.750000,0.9300882891,0.9999306771,0.9927958401,30,5,1,plug
57.800000,0.9286923001,0.9999691892,0.9931438102,30,5,1,plug
57.850000,0.9272841209,0.9999922972,0.9934766879,30,5,1,plug
57.900000,0.9258638133,1.0000000000,0.9937944579,30,5,1,plug
57.950000,0.9244314396,0.9999922972,0.9940971057,30,5,1,plug
58.000000,0.9229870626,0.9999691892,0.9943846176,30,5,1,plug
58.050000,0.9215307455,0.9999306771,0.9946569804,30,5,1,plug
58.100000,0.9200625520,0.9998767626,0.9949141816,30,5,1,plug
58.150000,0.9185825461,0.9998074482,0.9951562095,30,5,1,plug
58.200000,0.9170907925,0.9997227372,0.9953830531,30,5,1,plug
58.250000,0.9155873562,0.9996226334,0.9955947020,30,5,1,plug
58.300000,0.9140723026,0.9995071415,0.9957911465,30,5,1,plug
58.350000,0.9125456975,0.9993762668,0.9959723778,30,5,1,plug
58.400000,0.9110076073,0.9992300153,0.9961383874,30,5,1,plug
58.450000,0.9094580987,0.9990683939,0.9962891679,30,5,1,plug
58.500000,0.9078972387,0.9988914099,0.9964247123,30,5,1,plug
58.550000,0.9063250950,0.9986990716,0.9965450146,30,5,1,plug
58.600000,0.9047417354,0.9984913879,0.9966500692,30,5,1,plug
58.650000,0.9031472283,0.9982683682,0.9967398714,30,5,1,plug
58.700000,0.9015416425,0.9980300230,0.9968144170,30,5,1,plug
58.750000,0.8999250469,0.9977763631,0.9968737028,30,5,1,plug
58.800000,0.8982975113,0.9975074004,0.9969177261,30,5,1,plug
58.850000,0.8966591053,0.9972231473,0.9969464848,30,5,1,plug
58.900000,0.8950098994,0.9969236168,0.9969599778,30,5,1,plug
58.950000,0.8933499641,0.9966088228,0.9969582045,30,5,1,plug
59.000000,0.8916793704,0.9962787797,0.9969411649,30,5,1,plug
59.050000,0.8899981897,0.9959335029,0.9969088600,30,5,1,plug
59.100000,0.8883064937,0.9955730081,0.9968612913,30,5,1,plug
59.150000,0.8866043544,0.9951973122,0.9967984610,30,5,1,plug
59.200000,0.8848918443,0.9948064322,0.9967203720,30,5,1,plug
59.250000,0.8831690361,0.9944003863,0.9966270281,30,5,1,plug
59.300000,0.8814360029,0.9939791931,0.9965184335,30,5,1,plug
59.350000,0.8796928181,0.9935428721,0.9963945933,30,5,1,plug
59.400000,0.8779395554,0.9930914433,0.9962555132,30,5,1,plug
59.450000,0.8761762889,0.9926249275,0.9961011997,30,5,1,plug
59.500000,0.8744030929,0.9921433461,0.9959316599,30,5,1,plug
59.550000,0.8726200421,0.9916467213,0.9957469016,30,5,1,plug
59.600000,0.8708272115,0.9911350760,0.9955469335,30,5,1,plug
59.650000,0.8690246764,0.9906084335,0.9953317647,30,5,1,plug
59.700000,0.8672125123,0.9900668182,0.9951014051,30,5,1,plug
59.750000,0.8653907951,0.9895102549,0.9948558654,30,5,1,plug
59.800000,0.8635596010,0.9889387691,0.9945951569,30,5,1,plug
59.850000,0.8617190062,0.9883523870,0.9943192916,30,5,1,plug
59.900000,0.8598690876,0.9877511356,0.9940282822,30,5,1,plug
59.950000,0.8580099221,0.9871350424,0.9937221422,30,5,1,plug
60.000000,0.8561415869,0.9865041357,0.9934008855,30,5,1,plug
60.050000,0.8542641595,0.9858584443,0.9930645271,30,5,1,plug
60.100000,0.8523777175,0.9851979978,0.9927130823,30,5,1,plug
60.150000,0.8504823390,0.9845228265,0.9923465673,30,5,1,plug
60.200000,0.8485781021,0.9838329612,0.9919649989,30,5,1,plug
60.250000,0.8466650854,0.9831284334,0.9915683948,30,5,1,plug
60.300000,0.8447433674,0.9824092755,0.9911567730,30,5,1,plug
60.350000,0.8428130270,0.9816755201,0.9907301525,30,5,1,plug
60.400000,0.8408741435,0.9809272009,0.9902885529,30,5,1,plug
60.450000,0.8389267960,0.9801643519,0.9898319943,30,5,1,plug
60.500000,0.8369710641,0.9793870081,0.9893604979,30,5,1,plug
60.550000,0.8350070277,0.9785952047,0.9888740850,30,5,1,plug
60.600000,0.8330347665,0.9777889779,0.9883727781,30,5,1,plug
60.650000,0.8310543607,0.9769683644,0.9878566001,30,5,1,plug
60.700000,0.8290658906,0.9761334015,0.9873255746,30,5,1,plug
60.750000,0.8270694367,0.9752841273,0.9867797258,30,5,1,plug
60.800000,0.8250650797,0.9744205803,0.9862190789,30,5,1,plug
60.850000,0.8230529004,0.9735427998,0.9856436593,30,5,1,plug
60.900000,0.8210329798,0.9726508255,0.9850534934,30,5,1,plug
60.950000,0.8190053991,0.9717446981,0.9844486082,30,5,1,plug
61.000000,0.8169702396,0.9708244585,0.9838290312,30,5,1,plug
61.050000,0.8149275827,0.9698901486,0.9831947907,30,5,1,plug
61.100000,0.8128775100,0.9689418105,0.9825459156,30,5,1,plug
61.150000,0.8108201033,0.9679794872,0.9818824356,30,5,1,plug
61.200000,0.8087554445,0.9670032223,0.9812043808,30,5,1,plug
61.250000,0.8066836155,0.9660130599,0.9805117821,30,5,1,plug
61.300000,0.8046046984,0.9650090446,0.9798046711,30,5,1,plug
61.350000,0.8025187756,0.9639912219,0.9790830799,30,5,1,plug
61.400000,0.8004259294,0.9629596376,0.9783470413,30,5,1,plug
61.450000,0.7983262422,0.9619143382,0.9775965888,30,5,1,plug
61.500000,0.7962197965,0.9608553708,0.9768317564,30,5,1,plug
61.550000,0.7941066750,0.9597827830,0.9760525789,30,5,1,plug
61.600000,0.7919869606,0.9586966231,0.9752590915,30,5,1,plug
61.650000,0.7898607358,0.9575969399,0.9744513304,30,5,1,plug
61.700000,0.7877280838,0.9564837828,0.9736293321,30,5,1,plug
61.750000,0.7855890874,0.9553572016,0.9727931338,30,5,1,plug
61.800000,0.7834438297,0.9542172470,0.9719427734,30,5,1,plug
61.850000,0.7812923938,0.9530639699,0.9710782892,30,5,1,plug
61.900000,0.7791348629,0.9518974220,0.9701997205,30,5,1,plug
61.950000,0.7769713201,0.9507176554,0.9693071069,30,5,1,plug
62.000000,0.7748018488,0.9495247229,0.9684004886,30,5,1,plug
62.050000,0.7726265323,0.9483186777,0.9674799067,30,5,1,plug
62.100000,0.7704454538,0.9470995736,0.9665454025,30,5,1,plug
62.150000,0.7682586968,0.9458674649,0.9655970182,30,5,1,plug
62.200000,0.7660663446,0.9446224064,0.9646347966,30,5,1,plug
62.250000,0.7638684807,0.9433644537,0.9636587808,30,5,1,plug
62.300000,0.7616651885,0.9420936624,0.9626690148,30,5,1,plug
62.350000,0.7594565515,0.9408100892,0.9616655430,30,5,1,plug
62.400000,0.7572426531,0.9395137909,0.9606484105,30,5,1,plug
62.450000,0.7550235767,0.9382048250,0.9596176630,30,5,1,plug
62.500000,0.7527994058,0.9368832493,0.9585733465,30,5,1,plug
62.550000,0.7505702239,0.9355491225,0.9575155080,30,5,1,plug
62.600000,0.7483361143,0.9342025033,0.9564441947,30,5,1,plug
62.650000,0.7460971605,0.9328434514,0.9553594546,30,5,1,plug
62.700000,0.7438534458,0.9314720265,0.9542613362,30,5,1,plug
62.750000,0.7416050536,0.9300882891,0.9531498885,30,5,1,plug
62.800000,0.7393520672,0.9286923001,0.9520251610,30,5,1,plug
62.850000,0.7370945698,0.9272841209,0.9508872039,30,5,1,plug
62.900000,0.7348326447,0.9258638133,0.9497360680,30,5,1,plug
62.950000,0.7325663750,0.9244314396,0.9485718044,30,5,1,plug
63.000000,0.7302958440,0.9229870626,0.9473944649,30,5,1,plug
63.050000,0.7280211345,0.9215307455,0.9462041019,30,5,1,plug
63.100000,0.7257423296,0.9200625520,0.9450007681,30,5,1,plug
63.150000,0.7234595123,0.9185825461,0.9437845169,30,5,1,plug
63.200000,0.7211727654,0.9170907925,0.9425554023,30,5,1,plug
63.250000,0.7188821716,0.9155873562,0.9413134786,30,5,1,plug
63.300000,0.7165878137,0.9140723026,0.9400588008,30,5,1,plug
63.350000,0.7142897742,0.9125456975,0.9387914243,30,5,1,plug
63.400000,0.7119881356,0.9110076073,0.9375114051,30,5,1,plug
63.450000,0.7096829803,0.9094580987,0.9362187997,30,5,1,plug
63.500000,0.7073743906,0.9078972387,0.9349136649,30,5,1,plug
63.550000,0.7050624487,0.9063250950,0.9335960582,30,5,1,plug
63.600000,0.7027472368,0.9047417354,0.9322660377,30,5,1,plug
63.650000,0.7004288366,0.9031472283,0.9309236616,30,5,1,plug
63.700000,0.6981073301,0.9015416425,0.9295689890,30,5,1,plug
63.750000,0.6957827990,0.8999250469,0.9282020791,30,5,1,plug
63.800000,0.6934553248,0.8982975113,0.9268229920,30,5,1,plug
63.850000,0.6911249889,0.8966591053,0.9254317879,30,5,1,plug
63.900000,0.6887918728,0.8950098994,0.9240285276,30,5,1,plug
63.950000,0.6864560575,0.8933499641,0.9226132724,30,5,1,plug
64.000000,0.6841176240,0.8916793704,0.9211860840,30,5,1,plug
64.050000,0.6817766532,0.8899981897,0.9197470246,30,5,1,plug
64.100000,0.6794332257,0.8883064937,0.9182961568,30,5,1,plug
64.150000,0.6770874221,0.8866043544,0.9168335437,30,5,1,plug
64.200000,0.6747393227,0.8848918443,0.9153592487,30,5,1,plug
64.250000,0.6723890078,0.8831690361,0.9138733359,30,5,1,plug
64.300000,0.6700365573,0.8814360029,0.9123758695,30,5,1,plug
64.350000,0.6676820510,0.8796928181,0.9108669144,30,5,1,plug
64.400000,0.6653255686,0.8779395554,0.9093465358,30,5,1,plug
64.450000,0.6629671896,0.8761762889,0.9078147993,30,5,1,plug
64.500000,0.6606069932,0.8744030929,0.9062717709,30,5,1,plug
64.550000,0.6582450584,0.8726200421,0.9047175172,30,5,1,plug
64.600000,0.6558814642,0.8708272115,0.9031521048,30,5,1,plug
64.650000,0.6535162891,0.8690246764,0.9015756012,30,5,1,plug
64.700000,0.6511496116,0.8672125123,0.8999880738,30,5,1,plug
64.750000,0.6487815100,0.8653907951,0.8983895908,30,5,1,plug
64.800000,0.6464120623,0.8635596010,0.8967802206,30,5,1,plug
64.850000,0.6440413462,0.8617190062,0.8951600318,30,5,1,plug
64.900000,0.6416694393,0.8598690876,0.8935290938,30,5,1,plug
64.950000,0.6392964189,0.8580099221,0.8918874759,30,5,1,plug
65.000000,0.6369223622,0.8561415869,0.8902352481,30,5,1,plug
65.050000,0.6345473459,0.8542641595,0.8885724806,30,5,1,plug
65.100000,0.6321714468,0.8523777175,0.8868992441,30,5,1,plug
65.150000,0.6297947412,0.8504823390,0.8852156094,30,5,1,plug
65.200000,0.6274173052,0.8485781021,0.8835216478,30,5,1,plug
65.250000,0.6250392146,0.8466650854,0.8818174309,30,5,1,plug
65.300000,0.6226605452,0.8447433674,0.8801030308,30,5,1,plug
65.350000,0.6202813722,0.8428130270,0.8783785197,30,5,1,plug
65.400000,0.6179017707,0.8408741435,0.8766439701,30,5,1,plug
65.450000,0.6155218156,0.8389267960,0.8748994551,30,5,1,plug
65.500000,0.6131415814,0.8369710641,0.8731450478,30,5,1,plug
65.550000,0.6107611423,0.8350070277,0.8713808218,30,5,1,plug
65.600000,0.6083805725,0.8330347665,0.8696068509,30,5,1,plug
65.650000,0.6059999455,0.8310543607,0.8678232093,30,5,1,plug
65.700000,0.6036193349,0.8290658906,0.8660299714,30,5,1,plug
65.750000,0.6012388137,0.8270694367,0.8642272119,30,5,1,plug
65.800000,0.5988584548,0.8250650797,0.8624150058,30,5,1,plug
65.850000,0.5964783308,0.8230529004,0.8605934285,30,5,1,plug
65.900000,0.5940985139,0.8210329798,0.8587625553,30,5,1,plug
65.950000,0.5917190761,0.8190053991,0.8569224622,30,5,1,plug
66.000000,0.5893400890,0.8169702396,0.8550732252,30,5,1,plug
66.050000,0.5869616240,0.8149275827,0.8532149207,30,5,1,plug
66.100000,0.5845837520,0.8128775100,0.8513476252,30,5,1,plug
66.150000,0.5822065439,0.8108201033,0.8494714155,30,5,1,plug
66.200000,0.5798300699,0.8087554445,0.8475863688,30,5,1,plug
66.250000,0.5774544002,0.8066836155,0.8456925622,30,5,1,plug
66.300000,0.5750796046,0.8046046984,0.8437900735,30,5,1,plug
66.350000,0.5727057524,0.8025187756,0.8418789802,30,5,1,plug
66.400000,0.5703329127,0.8004259294,0.8399593603,30,5,1,plug
66.450000,0.5679611544,0.7983262422,0.8380312922,30,5,1,plug
66.500000,0.5655905457,0.7962197965,0.8360948540,30,5,1,plug
66.550000,0.5632211549,0.7941066750,0.8341501245,30,5,1,plug
66.600000,0.5608530497,0.7919869606,0.8321971824,30,5,1,plug
66.650000,0.5584862975,0.7898607358,0.8302361068,30,5,1,plug
66.700000,0.5561209652,0.7877280838,0.8282669767,30,5,1,plug
66.750000,0.5537571198,0.7855890874,0.8262898716,30,5,1,plug
66.800000,0.5513948274,0.7834438297,0.8243048709,30,5,1,plug
66.850000,0.5490341542,0.7812923938,0.8223120544,30,5,1,plug
66.900000,0.5466751657,0.7791348629,0.8203115019,30,5,1,plug
66.950000,0.5443179272,0.7769713201,0.8183032936,30,5,1,plug
67.000000,0.5419625037,0.7748018488,0.8162875094,30,5,1,plug
67.050000,0.5396089598,0.7726265323,0.8142642299,30,5,1,plug
67.100000,0.5372573595,0.7704454538,0.8122335354,30,5,1,plug
67.150000,0.5349077669,0.7682586968,0.8101955066,30,5,1,plug
67.200000,0.5325602452,0.7660663446,0.8081502243,30,5,1,plug
67.250000,0.5302148576,0.7638684807,0.8060977692,30,5,1,plug
67.300000,0.5278716669,0.7616651885,0.8040382225,30,5,1,plug
67.350000,0.5255307352,0.7594565515,0.8019716653,30,5,1,plug
67.400000,0.5231921246,0.7572426531,0.7998981787,30,5,1,plug
67.450000,0.5208558967,0.7550235767,0.7978178442,30,5,1,plug
67.500000,0.5185221126,0.7527994058,0.7957307431,30,5,1,plug
67.550000,0.5161908331,0.7505702239,0.7936369571,30,5,1,plug
67.600000,0.5138621186,0.7483361143,0.7915365677,30,5,1,plug
67.650000,0.5115360292,0.7460971605,0.7894296568,30,5,1,plug
67.700000,0.5092126244,0.7438534458,0.7873163060,30,5,1,plug
67.750000,0.5068919635,0.7416050536,0.7851965973,30,5,1,plug
67.800000,0.5045741054,0.7393520672,0.7830706126,30,5,1,plug
67.850000,0.5022591084,0.7370945698,0.7809384340,30,5,1,plug
67.900000,0.4999470306,0.7348326447,0.7788001435,30,5,1,plug
67.950000,0.4976379296,0.7325663750,0.7766558233,30,5,1,plug
68.000000,0.4953318628,0.7302958440,0.7745055555,30,5,1,plug
68.050000,0.4930288868,0.7280211345,0.7723494224,30,5,1,plug
68.100000,0.4907290581,0.7257423296,0.7701875063,30,5,1,plug
68.150000,0.4884324328,0.7234595123,0.7680198895,30,5,1,plug
68.200000,0.4861390664,0.7211727654,0.7658466542,30,5,1,plug
68.250000,0.4838490141,0.7188821716,0.7636678830,30,5,1,plug
68.300000,0.4815623307,0.7165878137,0.7614836581,30,5,1,plug
68.350000,0.4792790706,0.7142897742,0.7592940619,30,5,1,plug
68.400000,0.4769992878,0.7119881356,0.7570991769,30,5,1,plug
68.450000,0.4747230357,0.7096829803,0.7548990854,30,5,1,plug
68.500000,0.4724503674,0.7073743906,0.7526938700,30,5,1,plug
68.550000,0.4701813358,0.7050624487,0.7504836129,30,5,1,plug
68.600000,0.4679159930,0.7027472368,0.7482683966,30,5,1,plug
68.650000,0.4656543910,0.7004288366,0.7460483034,30,5,1,plug
68.700000,0.4633965810,0.6981073301,0.7438234157,30,5,1,plug
68.750000,0.4611426143,0.6957827990,0.7415938159,30,5,1,plug
68.800000,0.4588925413,0.6934553248,0.7393595863,30,5,1,plug
68.850000,0.4566464121,0.6911249889,0.7371208090,30,5,1,plug
68.900000,0.4544042766,0.6887918728,0.7348775664,30,5,1,plug
68.950000,0.4521661841,0.6864560575,0.7326299406,30,5,1,plug
69.000000,0.4499321833,0.6841176240,0.7303780138,30,5,1,plug
69.050000,0.4477023229,0.6817766532,0.7281218679,30,5,1,plug
69.100000,0.4454766507,0.6794332257,0.7258615851,30,5,1,plug
69.150000,0.4432552143,0.6770874221,0.7235972473,30,5,1,plug
69.200000,0.4410380610,0.6747393227,0.7213289364,30,5,1,plug
69.250000,0.4388252373,0.6723890078,0.7190567341,30,5,1,plug
69.300000,0.4366167897,0.6700365573,0.7167807222,30,5,1,plug
69.350000,0.4344127640,0.6676820510,0.7145009824,30,5,1,plug
69.400000,0.4322132055,0.6653255686,0.7122175962,30,5,1,plug
69.450000,0.4300181593,0.6629671896,0.7099306450,30,5,1,plug
69.500000,0.4278276699,0.6606069932,0.7076402103,30,5,1,plug
69.550000,0.4256417813,0.6582450584,0.7053463732,30,5,1,plug
69.600000,0.4234605374,0.6558814642,0.7030492150,30,5,1,plug
69.650000,0.4212839813,0.6535162891,0.7007488166,30,5,1,plug
69.700000,0.4191121558,0.6511496116,0.6984452591,30,5,1,plug
69.750000,0.4169451032,0.6487815100,0.6961386231,30,5,1,plug
69.800000,0.4147828655,0.6464120623,0.6938289895,30,5,1,plug
69.850000,0.4126254842,0.6440413462,0.6915164386,30,5,1,plug
69.900000,0.4104730003,0.6416694393,0.6892010511,30,5,1,plug
69.950000,0.4083254544,0.6392964189,0.6868829070,30,5,1,plug
70.000000,0.4061828866,0.6369223622,0.6845620866,30,5,1,plug
70.050000,0.4040453367,0.6345473459,0.6822386698,30,5,1,plug
70.100000,0.4019128439,0.6321714468,0.6799127365,30,5,1,plug
70.150000,0.3997854472,0.6297947412,0.6775843663,30,5,1,plug
70.200000,0.3976631848,0.6274173052,0.6752536388,30,5,1,plug
70.250000,0.3955460948,0.6250392146,0.6729206333,30,5,1,plug
70.300000,0.3934342147,0.6226605452,0.6705854289,30,5,1,plug
70.350000,0.3913275815,0.6202813722,0.6682481048,30,5,1,plug
70.400000,0.3892262320,0.6179017707,0.6659087396,30,5,1,plug
70.450000,0.3871302022,0.6155218156,0.6635674121,30,5,1,plug
70.500000,0.3850395279,0.6131415814,0.6612242007,30,5,1,plug
70.550000,0.3829542446,0.6107611423,0.6588791837,30,5,1,plug
70.600000,0.3808743870,0.6083805725,0.6565324391,30,5,1,plug
70.650000,0.3787999895,0.6059999455,0.6541840449,30,5,1,plug
70.700000,0.3767310863,0.6036193349,0.6518340786,30,5,1,plug
70.750000,0.3746677108,0.6012388137,0.6494826178,30,5,1,plug
70.800000,0.3726098962,0.5988584548,0.6471297397,30,5,1,plug
70.850000,0.3705576752,0.5964783308,0.6447755214,30,5,1,plug
70.900000,0.3685110800,0.5940985139,0.6424200396,30,5,1,plug
70.950000,0.3664701424,0.5917190761,0.6400633710,30,5,1,plug
71.000000,0.3644348938,0.5893400890,0.6377055919,30,5,1,plug
71.050000,0.3624053652,0.5869616240,0.6353467785,30,5,1,plug
71.100000,0.3603815870,0.5845837520,0.6329870067,30,5,1,plug
71.150000,0.3583635893,0.5822065439,0.6306263521,30,5,1,plug
71.200000,0.3563514018,0.5798300699,0.6282648902,30,5,1,plug
71.250000,0.3543450536,0.5774544002,0.6259026961,30,5,1,plug
71.300000,0.3523445736,0.5750796046,0.6235398448,30,5,1,plug
71.350000,0.3503499900,0.5727057524,0.6211764110,30,5,1,plug
71.400000,0.3483613307,0.5703329127,0.6188124691,30,5,1,plug
71.450000,0.3463786233,0.5679611544,0.6164480933,30,5,1,plug
71.500000,0.3444018947,0.5655905457,0.6140833573,30,5,1,plug
71.550000,0.3424311716,0.5632211549,0.6117183350,30,5,1,plug
71.600000,0.3404664802,0.5608530497,0.6093530996,30,5,1,plug
71.650000,0.3385078461,0.5584862975,0.6069877243,30,5,1,plug
71.700000,0.3365552948,0.5561209652,0.6046222818,30,5,1,plug
71.750000,0.3346088512,0.5537571198,0.6022568447,30,5,1,plug
71.800000,0.3326685396,0.5513948274,0.5998914852,30,5,1,plug
71.850000,0.3307343842,0.5490341542,0.5975262753,30,5,1,plug
71.900000,0.3288064086,0.5466751657,0.5951612866,30,5,1,plug
71.950000,0.3268846360,0.5443179272,0.5927965906,30,5,1,plug
72.000000,0.3249690892,0.5419625037,0.5904322583,30,5,1,plug
72.050000,0.3230597906,0.5396089598,0.5880683605,30,5,1,plug
72.100000,0.3211567620,0.5372573595,0.5857049676,30,5,1,plug
72.150000,0.3192600250,0.5349077669,0.5833421499,30,5,1,plug
72.200000,0.3173696008,0.5325602452,0.5809799771,30,5,1,plug
72.250000,0.3154855100,0.5302148576,0.5786185189,30,5,1,plug
72.300000,0.3136077728,0.5278716669,0.5762578445,30,5,1,plug
72.350000,0.3117364093,0.5255307352,0.5738980228,30,5,1,plug
72.400000,0.3098714387,0.5231921246,0.5715391223,30,5,1,plug
72.450000,0.3080128803,0.5208558967,0.5691812114,30,5,1,plug
72.500000,0.3061607525,0.5185221126,0.5668243580,30,5,1,plug
72.550000,0.3043150737,0.5161908331,0.5644686297,30,5,1,plug
72.600000,0.3024758615,0.5138621186,0.5621140938,30,5,1,plug
72.650000,0.3006431336,0.5115360292,0.5597608172,30,5,1,plug
72.700000,0.2988169068,0.5092126244,0.5574088665,30,5,1,plug
72.750000,0.2969971978,0.5068919635,0.5550583081,30,5,1,plug
72.800000,0.2951840227,0.5045741054,0.5527092077,30,5,1,plug
72.850000,0.2933773975,0.5022591084,0.5503616311,30,5,1,plug
72.900000,0.2915773374,0.4999470306,0.5480156434,30,5,1,plug
72.950000,0.2897838575,0.4976379296,0.5456713095,30,5,1,plug
73.000000,0.2879969724,0.4953318628,0.5433286939,30,5,1,plug
73.050000,0.2862166964,0.4930288868,0.5409878608,30,5,1,plug
73.100000,0.2844430432,0.4907290581,0.5386488740,30,5,1,plug
73.150000,0.2826760264,0.4884324328,0.5363117970,30,5,1,plug
73.200000,0.2809156588,0.4861390664,0.5339766929,30,5,1,plug
73.250000,0.2791619533,0.4838490141,0.5316436243,30,5,1,plug
73.300000,0.2774149221,0.4815623307,0.5293126537,30,5,1,plug
73.350000,0.2756745770,0.4792790706,0.5269838429,30,5,1,plug
73.400000,0.2739409296,0.4769992878,0.5246572537,30,5,1,plug
73.450000,0.2722139910,0.4747230357,0.5223329473,30,5,1,plug
73.500000,0.2704937720,0.4724503674,0.5200109845,30,5,1,plug
73.550000,0.2687802829,0.4701813358,0.5176914259,30,5,1,plug
73.600000,0.2670735337,0.4679159930,0.5153743314,30,5,1,plug
73.650000,0.2653735341,0.4656543910,0.5130597609,30,5,1,plug
73.700000,0.2636802933,0.4633965810,0.5107477738,30,5,1,plug
73.750000,0.2619938201,0.4611426143,0.5084384288,30,5,1,plug
73.800000,0.2603141232,0.4588925413,0.5061317848,30,5,1,plug
73.850000,0.2586412105,0.4566464121,0.5038278997,30,5,1,plug
73.900000,0.2569750900,0.4544042766,0.5015268314,30,5,1,plug
73.950000,0.2553157689,0.4521661841,0.4992286372,30,5,1,plug
74.000000,0.2536632545,0.4499321833,0.4969333743,30,5,1,plug
74.050000,0.2520175533,0.4477023229,0.4946410992,30,5,1,plug
74.100000,0.2503786718,0.4454766507,0.4923518681,30,5,1,plug
74.150000,0.2487466158,0.4432552143,0.4900657367,30,5,1,plug
74.200000,0.2471213911,0.4410380610,0.4877827606,30,5,1,plug
74.250000,0.2455030028,0.4388252373,0.4855029947,30,5,1,plug
74.300000,0.2438914560,0.4366167897,0.4832264936,30,5,1,plug
74.350000,0.2422867552,0.4344127640,0.4809533115,30,5,1,plug
74.400000,0.2406889047,0.4322132055,0.4786835022,30,5,1,plug
74.450000,0.2390979083,0.4300181593,0.4764171191,30,5,1,plug
74.500000,0.2375137696,0.4278276699,0.4741542152,30,5,1,plug
74.550000,0.2359364918,0.4256417813,0.4718948429,30,5,1,plug
74.600000,0.2343660777,0.4234605374,0.4696390544,30,5,1,plug
74.650000,0.2328025300,0.4212839813,0.4673869016,30,5,1,plug
74.700000,0.2312458509,0.4191121558,0.4651384356,30,5,1,plug
74.750000,0.2296960421,0.4169451032,0.4628937075,30,5,1,plug
74.800000,0.2281531052,0.4147828655,0.4606527676,30,5,1,plug
74.850000,0.2266170415,0.4126254842,0.4584156661,30,5,1,plug
74.900000,0.2250878519,0.4104730003,0.4561824526,30,5,1,plug
74.950000,0.2235655369,0.4083254544,0.4539531763,30,5,1,plug
75.000000,0.2220500968,0.4061828866,0.4517278860,30,5,1,plug
75.050000,0.2205415315,0.4040453367,0.4495066302,30,5,1,plug
75.100000,0.2190398406,0.4019128439,0.4472894567,30,5,1,plug
75.150000,0.2175450235,0.3997854472,0.4450764132,30,5,1,plug
75.200000,0.2160570791,0.3976631848,0.4428675467,30,5,1,plug
75.250000,0.2145760061,0.3955460948,0.4406629040,30,5,1,plug
75.300000,0.2131018028,0.3934342147,0.4384625312,30,5,1,plug
75.350000,0.2116344674,0.3913275815,0.4362664743,30,5,1,plug
75.400000,0.2101739976,0.3892262320,0.4340747787,30,5,1,plug
75.450000,0.2087203909,0.3871302022,0.4318874892,30,5,1,plug
75.500000,0.2072736444,0.3850395279,0.4297046506,30,5,1,plug
75.550000,0.2058337551,0.3829542446,0.4275263069,30,5,1,plug
75.600000,0.2044007194,0.3808743870,0.4253525017,30,5,1,plug
75.650000,0.2029745336,0.3787999895,0.4231832785,30,5,1,plug
75.700000,0.2015551939,0.3767310863,0.4210186799,30,5,1,plug
75.750000,0.2001426958,0.3746677108,0.4188587485,30,5,1,plug
75.800000,0.1987370348,0.3726098962,0.4167035262,30,5,1,plug
75.850000,0.1973382060,0.3705576752,0.4145530544,30,5,1,plug
75.900000,0.1959462044,0.3685110800,0.4124073745,30,5,1,plug
75.950000,0.1945610243,0.3664701424,0.4102665269,30,5,1,plug
76.000000,0.1931826603,0.3644348938,0.4081305521,30,5,1,plug
76.050000,0.1918111063,0.3624053652,0.4059994897,30,5,1,plug
76.100000,0.1904463560,0.3603815870,0.4038733791,30,5,1,plug
76.150000,0.1890884029,0.3583635893,0.4017522594,30,5,1,plug
76.200000,0.1877372404,0.3563514018,0.3996361690,30,5,1,plug
76.250000,0.1863928613,0.3543450536,0.3975251460,30,5,1,plug
76.300000,0.1850552583,0.3523445736,0.3954192280,30,5,1,plug
76.350000,0.1837244239,0.3503499900,0.3933184523,30,5,1,plug
76.400000,0.1824003502,0.3483613307,0.3912228557,30,5,1,plug
76.450000,0.1810830292,0.3463786233,0.3891324745,30,5,1,plug
76.500000,0.1797724526,0.3444018947,0.3870473445,30,5,1,plug
76.550000,0.1784686117,0.3424311716,0.3849675014,30,5,1,plug
76.600000,0.1771714978,0.3404664802,0.3828929801,30,5,1,plug
76.650000,0.1758811018,0.3385078461,0.3808238153,30,5,1,plug
76.700000,0.1745974143,0.3365552948,0.3787600411,30,5,1,plug
76.750000,0.1733204258,0.3346088512,0.3767016914,30,5,1,plug
76.800000,0.1720501265,0.3326685396,0.3746487993,30,5,1,plug
76.850000,0.1707865064,0.3307343842,0.3726013979,30,5,1,plug
76.900000,0.1695295553,0.3288064086,0.3705595195,30,5,1,plug
76.950000,0.1682792625,0.3268846360,0.3685231963,30,5,1,plug
77.000000,0.1670356174,0.3249690892,0.3664924597,30,5,1,plug
77.050000,0.1657986091,0.3230597906,0.3644673411,30,5,1,plug
77.100000,0.1645682263,0.3211567620,0.3624478710,30,5,1,plug
77.150000,0.1633444577,0.3192600250,0.3604340799,30,5,1,plug
77.200000,0.1621272917,0.3173696008,0.3584259975,30,5,1,plug
77.250000,0.1609167163,0.3154855100,0.3564236534,30,5,1,plug
77.300000,0.1597127196,0.3136077728,0.3544270766,30,5,1,plug
77.350000,0.1585152893,0.3117364093,0.3524362957,30,5,1,plug
77.400000,0.1573244129,0.3098714387,0.3504513388,30,5,1,plug
77.450000,0.1561400778,0.3080128803,0.3484722337,30,5,1,plug
77.500000,0.1549622709,0.3061607525,0.3464990077,30,5,1,plug
77.550000,0.1537909794,0.3043150737,0.3445316878,30,5,1,plug
77.600000,0.1526261898,0.3024758615,0.3425703004,30,5,1,plug
77.650000,0.1514678886,0.3006431336,0.3406148715,30,5,1,plug
77.700000,0.1503160623,0.2988169068,0.3386654269,30,5,1,plug
77.750000,0.1491706968,0.2969971978,0.3367219916,30,5,1,plug
77.800000,0.1480317781,0.2951840227,0.3347845906,30,5,1,plug
77.850000,0.1468992920,0.2933773975,0.3328532481,30,5,1,plug
77.900000,0.1457732240,0.2915773374,0.3309279881,30,5,1,plug
77.950000,0.1446535595,0.2897838575,0.3290088342,30,5,1,plug
78.000000,0.1435402836,0.2879969724,0.3270958096,30,5,1,plug
78.050000,0.1424333814,0.2862166964,0.3251889368,30,5,1,plug
78.100000,0.1413328376,0.2844430432,0.3232882382,30,5,1,plug
78.150000,0.1402386370,0.2826760264,0.3213937357,30,5,1,plug
78.200000,0.1391507639,0.2809156588,0.3195054507,30,5,1,plug
78.250000,0.1380692028,0.2791619533,0.3176234043,30,5,1,plug
78.300000,0.1369939376,0.2774149221,0.3157476172,30,5,1,plug
78.350000,0.1359249525,0.2756745770,0.3138781096,30,5,1,plug
78.400000,0.1348622312,0.2739409296,0.3120149014,30,5,1,plug
78.450000,0.1338057573,0.2722139910,0.3101580118,30,5,1,plug
78.500000,0.1327555144,0.2704937720,0.3083074601,30,5,1,plug
78.550000,0.1317114857,0.2687802829,0.3064632648,30,5,1,plug
78.600000,0.1306736545,0.2670735337,0.3046254441,30,5,1,plug
78.650000,0.1296420037,0.2653735341,0.3027940158,30,5,1,plug
78.700000,0.1286165162,0.2636802933,0.3009689974,30,5,1,plug
78.750000,0.1275971747,0.2619938201,0.2991504058,30,5,1,plug
78.800000,0.1265839618,0.2603141232,0.2973382577,30,5,1,plug
78.850000,0.1255768600,0.2586412105,0.2955325694,30,5,1,plug
78.900000,0.1245758514,0.2569750900,0.2937333566,30,5,1,plug
78.950000,0.1235809184,0.2553157689,0.2919406348,30,5,1,plug
79.000000,0.1225920428,0.2536632545,0.2901544190,30,5,1,plug
79.050000,0.1216092066,0.2520175533,0.2883747239,30,5,1,plug
79.100000,0.1206323914,0.2503786718,0.2866015638,30,5,1,plug
79.150000,0.1196615790,0.2487466158,0.2848349525,30,5,1,plug
79.200000,0.1186967508,0.2471213911,0.2830749035,30,5,1,plug
79.250000,0.1177378881,0.2455030028,0.2813214300,30,5,1,plug
79.300000,0.1167849721,0.2438914560,0.2795745447,30,5,1,plug
79.350000,0.1158379841,0.2422867552,0.2778342600,30,5,1,plug
79.400000,0.1148969050,0.2406889047,0.2761005877,30,5,1,plug
79.450000,0.1139617156,0.2390979083,0.2743735395,30,5,1,plug
79.500000,0.1130323967,0.2375137696,0.2726531267,30,5,1,plug
79.550000,0.1121089290,0.2359364918,0.2709393600,30,5,1,plug
79.600000,0.1111912929,0.2343660777,0.2692322500,30,5,1,plug
79.650000,0.1102794690,0.2328025300,0.2675318067,30,5,1,plug
79.700000,0.1093734375,0.2312458509,0.2658380399,30,5,1,plug
79.750000,0.1084731787,0.2296960421,0.2641509589,30,5,1,plug
79.800000,0.1075786726,0.2281531052,0.2624705728,30,5,1,plug
79.850000,0.1066898992,0.2266170415,0.2607968902,30,5,1,plug
79.900000,0.1058068386,0.2250878519,0.2591299193,30,5,1,plug
79.950000,0.1049294704,0.2235655369,0.2574696681,30,5,1,plug
80.000000,0.1040577744,0.2220500968,0.2558161441,30,5,1,plug
80.050000,0.1031917302,0.2205415315,0.2541693545,30,5,1,plug
80.100000,0.1023313174,0.2190398406,0.2525293062,30,5,1,plug
80.150000,0.1014765154,0.2175450235,0.2508960057,30,5,1,plug
80.200000,0.1006273035,0.2160570791,0.2492694591,30,5,1,plug
80.250000,0.0997836611,0.2145760061,0.2476496722,30,5,1,plug
80.300000,0.0989455673,0.2131018028,0.2460366505,30,5,1,plug
80.350000,0.0981130013,0.2116344674,0.2444303990,30,5,1,plug
80.400000,0.0972859420,0.2101739976,0.2428309226,30,5,1,plug
80.450000,0.0964643684,0.2087203909,0.2412382255,30,5,1,plug
80.500000,0.0956482595,0.2072736444,0.2396523120,30,5,1,plug
80.550000,0.0948375939,0.2058337551,0.2380731858,30,5,1,plug
80.600000,0.0940323505,0.2044007194,0.2365008502,30,5,1,plug
80.650000,0.0932325080,0.2029745336,0.2349353083,30,5,1,plug
80.700000,0.0924380448,0.2015551939,0.2333765630,30,5,1,plug
80.750000,0.0916489396,0.2001426958,0.2318246165,30,5,1,plug
80.800000,0.0908651708,0.1987370348,0.2302794710,30,5,1,plug
80.850000,0.0900867168,0.1973382060,0.2287411282,30,5,1,plug
80.900000,0.0893135560,0.1959462044,0.2272095896,30,5,1,plug
80.950000,0.0885456666,0.1945610243,0.2256848563,30,5,1,plug
81.000000,0.0877830270,0.1931826603,0.2241669291,30,5,1,plug
81.050000,0.0870256153,0.1918111063,0.2226558085,30,5,1,plug
81.100000,0.0862734095,0.1904463560,0.2211514946,30,5,1,plug
81.150000,0.0855263879,0.1890884029,0.2196539873,30,5,1,plug
81.200000,0.0847845284,0.1877372404,0.2181632862,30,5,1,plug
81.250000,0.0840478090,0.1863928613,0.2166793904,30,5,1,plug
81.300000,0.0833162076,0.1850552583,0.2152022990,30,5,1,plug
81.350000,0.0825897021,0.1837244239,0.2137320105,30,5,1,plug
81.400000,0.0818682705,0.1824003502,0.2122685232,30,5,1,plug
81.450000,0.0811518904,0.1810830292,0.2108118352,30,5,1,plug
81.500000,0.0804405397,0.1797724526,0.2093619442,30,5,1,plug
81.550000,0.0797341961,0.1784686117,0.2079188477,30,5,1,plug
81.600000,0.0790328373,0.1771714978,0.2064825427,30,5,1,plug
81.650000,0.0783364409,0.1758811018,0.2050530262,30,5,1,plug
81.700000,0.0776449847,0.1745974143,0.2036302947,30,5,1,plug
81.750000,0.0769584462,0.1733204258,0.2022143444,30,5,1,plug
81.800000,0.0762768029,0.1720501265,0.2008051713,30,5,1,plug
81.850000,0.0756000325,0.1707865064,0.1994027713,30,5,1,plug
81.900000,0.0749281125,0.1695295553,0.1980071396,30,5,1,plug
81.950000,0.0742610203,0.1682792625,0.1966182714,30,5,1,plug
82.000000,0.0735987335,0.1670356174,0.1952361616,30,5,1,plug
82.050000,0.0729412295,0.1657986091,0.1938608048,30,5,1,plug
82.100000,0.0722884857,0.1645682263,0.1924921954,30,5,1,plug
82.150000,0.0716404796,0.1633444577,0.1911303274,30,5,1,plug
82.200000,0.0709971885,0.1621272917,0.1897751945,30,5,1,plug
82.250000,0.0703585899,0.1609167163,0.1884267904,30,5,1,plug
82.300000,0.0697246612,0.1597127196,0.1870851082,30,5,1,plug
82.350000,0.0690953796,0.1585152893,0.1857501411,30,5,1,plug
82.400000,0.0684707227,0.1573244129,0.1844218817,30,5,1,plug
82.450000,0.0678506676,0.1561400778,0.1831003225,30,5,1,plug
82.500000,0.0672351919,0.1549622709,0.1817854559,30,5,1,plug
82.550000,0.0666242727,0.1537909794,0.1804772737,30,5,1,plug
82.600000,0.0660178875,0.1526261898,0.1791757678,30,5,1,plug
82.650000,0.0654160135,0.1514678886,0.1778809296,30,5,1,plug
82.700000,0.0648186282,0.1503160623,0.1765927504,30,5,1,plug
82.750000,0.0642257088,0.1491706968,0.1753112212,30,5,1,plug
82.800000,0.0636372326,0.1480317781,0.1740363328,30,5,1,plug
82.850000,0.0630531771,0.1468992920,0.1727680757,30,5,1,plug
82.900000,0.0624735195,0.1457732240,0.1715064402,30,5,1,plug
82.950000,0.0618982372,0.1446535595,0.1702514164,30,5,1,plug
83.000000,0.0613273076,0.1435402836,0.1690029942,30,5,1,plug
83.050000,0.0607607079,0.1424333814,0.1677611632,30,5,1,plug
83.100000,0.0601984157,0.1413328376,0.1665259127,30,5,1,plug
83.150000,0.0596404082,0.1402386370,0.1652972319,30,5,1,plug
83.200000,0.0590866628,0.1391507639,0.1640751098,30,5,1,plug
83.250000,0.0585371571,0.1380692028,0.1628595351,30,5,1,plug
83.300000,0.0579918683,0.1369939376,0.1616504963,30,5,1,plug
83.350000,0.0574507740,0.1359249525,0.1604479818,30,5,1,plug
83.400000,0.0569138515,0.1348622312,0.1592519795,30,5,1,plug
83.450000,0.0563810784,0.1338057573,0.1580624775,30,5,1,plug
83.500000,0.0558524322,0.1327555144,0.1568794633,30,5,1,plug
83.550000,0.0553278904,0.1317114857,0.1557029244,30,5,1,plug
83.600000,0.0548074305,0.1306736545,0.1545328481,30,5,1,plug
83.650000,0.0542910301,0.1296420037,0.1533692215,30,5,1,plug
83.700000,0.0537786667,0.1286165162,0.1522120315,30,5,1,plug
83.750000,0.0532703180,0.1275971747,0.1510612646,30,5,1,plug
83.800000,0.0527659617,0.1265839618,0.1499169074,30,5,1,plug
83.850000,0.0522655753,0.1255768600,0.1487789462,30,5,1,plug
83.900000,0.0517691366,0.1245758514,0.1476473671,30,5,1,plug
83.950000,0.0512766234,0.1235809184,0.1465221560,30,5,1,plug
84.000000,0.0507880133,0.1225920428,0.1454032987,30,5,1,plug
84.050000,0.0503032841,0.1216092066,0.1442907806,30,5,1,plug
84.100000,0.0498224138,0.1206323914,0.1431845872,30,5,1,plug
84.150000,0.0493453801,0.1196615790,0.1420847036,30,5,1,plug
84.200000,0.0488721609,0.1186967508,0.1409911149,30,5,1,plug
84.250000,0.0484027342,0.1177378881,0.1399038060,30,5,1,plug
84.300000,0.0479370779,0.1167849721,0.1388227614,30,5,1,plug
84.350000,0.0474751701,0.1158379841,0.1377479657,30,5,1,plug
84.400000,0.0470169887,0.1148969050,0.1366794033,30,5,1,plug
84.450000,0.0465625119,0.1139617156,0.1356170583,30,5,1,plug
84.500000,0.0461117178,0.1130323967,0.1345609148,30,5,1,plug
84.550000,0.0456645845,0.1121089290,0.1335109566,30,5,1,plug
84.600000,0.0452210903,0.1111912929,0.1324671674,30,5,1,plug
84.650000,0.0447812134,0.1102794690,0.1314295307,30,5,1,plug
84.700000,0.0443449322,0.1093734375,0.1303980301,30,5,1,plug
84.750000,0.0439122249,0.1084731787,0.1293726486,30,5,1,plug
84.800000,0.0434830700,0.1075786726,0.1283533694,30,5,1,plug
84.850000,0.0430574459,0.1066898992,0.1273401755,30,5,1,plug
84.900000,0.0426353311,0.1058068386,0.1263330496,30,5,1,plug
84.950000,0.0422167042,0.1049294704,0.1253319745,30,5,1,plug
85.000000,0.0418015436,0.1040577744,0.1243369326,30,5,1,plug
85.050000,0.0413898281,0.1031917302,0.1233479064,30,5,1,plug
85.100000,0.0409815364,0.1023313174,0.1223648781,30,5,1,plug
85.150000,0.0405766472,0.1014765154,0.1213878298,30,5,1,plug
85.200000,0.0401751393,0.1006273035,0.1204167435,30,5,1,plug
85.250000,0.0397769915,0.0997836611,0.1194516012,30,5,1,plug
85.300000,0.0393821827,0.0989455673,0.1184923844,30,5,1,plug
85.350000,0.0389906920,0.0981130013,0.1175390749,30,5,1,plug
85.400000,0.0386024983,0.0972859420,0.1165916541,30,5,1,plug
85.450000,0.0382175807,0.0964643684,0.1156501034,30,5,1,plug
85.500000,0.0378359184,0.0956482595,0.1147144041,30,5,1,plug
85.550000,0.0374574905,0.0948375939,0.1137845372,30,5,1,plug
85.600000,0.0370822763,0.0940323505,0.1128604839,30,5,1,plug
85.650000,0.0367102551,0.0932325080,0.1119422250,30,5,1,plug
85.700000,0.0363414062,0.0924380448,0.1110297413,30,5,1,plug
85.750000,0.0359757092,0.0916489396,0.1101230136,30,5,1,plug
85.800000,0.0356131434,0.0908651708,0.1092220224,30,5,1,plug
85.850000,0.0352536886,0.0900867168,0.1083267482,30,5,1,plug
85.900000,0.0348973241,0.0893135560,0.1074371713,30,5,1,plug
85.950000,0.0345440299,0.0885456666,0.1065532722,30,5,1,plug
86.000000,0.0341937855,0.0877830270,0.1056750309,30,5,1,plug
86.050000,0.0338465709,0.0870256153,0.1048024276,30,5,1,plug
86.100000,0.0335023659,0.0862734095,0.1039354422,30,5,1,plug
86.150000,0.0331611504,0.0855263879,0.1030740547,30,5,1,plug
86.200000,0.0328229044,0.0847845284,0.1022182449,30,5,1,plug
86.250000,0.0324876081,0.0840478090,0.1013679925,30,5,1,plug
86.300000,0.0321552416,0.0833162076,0.1005232772,30,5,1,plug
86.350000,0.0318257851,0.0825897021,0.0996840785,30,5,1,plug
86.400000,0.0314992189,0.0818682705,0.0988503759,30,5,1,plug
86.450000,0.0311755233,0.0811518904,0.0980221489,30,5,1,plug
86.500000,0.0308546787,0.0804405397,0.0971993767,30,5,1,plug
86.550000,0.0305366657,0.0797341961,0.0963820385,30,5,1,plug
86.600000,0.0302214648,0.0790328373,0.0955701137,30,5,1,plug
86.650000,0.0299090567,0.0783364409,0.0947635812,30,5,1,plug
86.700000,0.0295994220,0.0776449847,0.0939624201,30,5,1,plug
86.750000,0.0292925415,0.0769584462,0.0931666094,30,5,1,plug
86.800000,0.0289883962,0.0762768029,0.0923761279,30,5,1,plug
86.850000,0.0286869668,0.0756000325,0.0915909546,30,5,1,plug
86.900000,0.0283882344,0.0749281125,0.0908110681,30,5,1,plug
86.950000,0.0280921802,0.0742610203,0.0900364472,30,5,1,plug
87.000000,0.0277987851,0.0735987335,0.0892670706,30,5,1,plug
87.050000,0.0275080305,0.0729412295,0.0885029168,30,5,1,plug
87.100000,0.0272198976,0.0722884857,0.0877439643,30,5,1,plug
87.150000,0.0269343678,0.0716404796,0.0869901917,30,5,1,plug
87.200000,0.0266514225,0.0709971885,0.0862415774,30,5,1,plug
87.250000,0.0263710434,0.0703585899,0.0854980998,30,5,1,plug
87.300000,0.0260932119,0.0697246612,0.0847597372,30,5,1,plug
87.350000,0.0258179097,0.0690953796,0.0840264679,30,5,1,plug
87.400000,0.0255451187,0.0684707227,0.0832982701,30,5,1,plug
87.450000,0.0252748205,0.0678506676,0.0825751221,30,5,1,plug
87.500000,0.0250069972,0.0672351919,0.0818570020,30,5,1,plug
87.550000,0.0247416307,0.0666242727,0.0811438879,30,5,1,plug
87.600000,0.0244787031,0.0660178875,0.0804357579,30,5,1,plug
87.650000,0.0242181965,0.0654160135,0.0797325901,30,5,1,plug
87.700000,0.0239600931,0.0648186282,0.0790343624,30,5,1,plug
87.750000,0.0237043753,0.0642257088,0.0783410529,30,5,1,plug
87.800000,0.0234510253,0.0636372326,0.0776526394,30,5,1,plug
87.850000,0.0232000258,0.0630531771,0.0769690999,30,5,1,plug
87.900000,0.0229513591,0.0624735195,0.0762904124,30,5,1,plug
87.950000,0.0227050079,0.0618982372,0.0756165546,30,5,1,plug
88.000000,0.0224609550,0.0613273076,0.0749475043,30,5,1,plug
88.050000,0.0222191830,0.0607607079,0.0742832395,30,5,1,plug
88.100000,0.0219796749,0.0601984157,0.0736237378,30,5,1,plug
88.150000,0.0217424136,0.0596404082,0.0729689772,30,5,1,plug
88.200000,0.0215073821,0.0590866628,0.0723189352,30,5,1,plug
88.250000,0.0212745634,0.0585371571,0.0716735896,30,5,1,plug
88.300000,0.0210439409,0.0579918683,0.0710329183,30,5,1,plug
88.350000,0.0208154977,0.0574507740,0.0703968988,30,5,1,plug
88.400000,0.0205892171,0.0569138515,0.0697655088,30,5,1,plug
88.450000,0.0203650827,0.0563810784,0.0691387261,30,5,1,plug
88.500000,0.0201430779,0.0558524322,0.0685165283,30,5,1,plug
88.550000,0.0199231862,0.0553278904,0.0678988930,30,5,1,plug
88.600000,0.0197053915,0.0548074305,0.0672857980,30,5,1,plug
88.650000,0.0194896773,0.0542910301,0.0666772208,30,5,1,plug
88.700000,0.0192760277,0.0537786667,0.0660731392,30,5,1,plug
88.750000,0.0190644263,0.0532703180,0.0654735307,30,5,1,plug
88.800000,0.0188548574,0.0527659617,0.0648783730,30,5,1,plug
88.850000,0.0186473049,0.0522655753,0.0642876437,30,5,1,plug
88.900000,0.0184417530,0.0517691366,0.0637013205,30,5,1,plug
88.950000,0.0182381860,0.0512766234,0.0631193810,30,5,1,plug
89.000000,0.0180365881,0.0507880133,0.0625418029,30,5,1,plug
89.050000,0.0178369439,0.0503032841,0.0619685638,30,5,1,plug
89.100000,0.0176392377,0.0498224138,0.0613996414,30,5,1,plug
89.150000,0.0174434542,0.0493453801,0.0608350134,30,5,1,plug
89.200000,0.0172495780,0.0488721609,0.0602746573,30,5,1,plug
89.250000,0.0170575938,0.0484027342,0.0597185510,30,5,1,plug
89.300000,0.0168674866,0.0479370779,0.0591666721,30,5,1,plug
89.350000,0.0166792411,0.0474751701,0.0586189984,30,5,1,plug
89.400000,0.0164928425,0.0470169887,0.0580755074,30,5,1,plug
89.450000,0.0163082757,0.0465625119,0.0575361771,30,5,1,plug
89.500000,0.0161255259,0.0461117178,0.0570009851,30,5,1,plug
89.550000,0.0159445783,0.0456645845,0.0564699093,30,5,1,plug
89.600000,0.0157654183,0.0452210903,0.0559429274,30,5,1,plug
89.650000,0.0155880313,0.0447812134,0.0554200172,30,5,1,plug
89.700000,0.0154124028,0.0443449322,0.0549011567,30,5,1,plug
89.750000,0.0152385182,0.0439122249,0.0543863235,30,5,1,plug
89.800000,0.0150663634,0.0434830700,0.0538754957,30,5,1,plug
89.850000,0.0148959239,0.0430574459,0.0533686511,30,5,1,plug
89.900000,0.0147271857,0.0426353311,0.0528657677,30,5,1,plug
89.950000,0.0145601346,0.0422167042,0.0523668234,30,5,1,plug
90.000000,0.0143947566,0.0418015436,0.0518717963,30,5,1,plug
90.050000,0.0142310378,0.0413898281,0.0513806643,30,5,1,plug
90.100000,0.0140689643,0.0409815364,0.0508934054,30,5,1,plug
90.150000,0.0139085224,0.0405766472,0.0504099979,30,5,1,plug
90.200000,0.0137496982,0.0401751393,0.0499304197,30,5,1,plug
90.250000,0.0135924784,0.0397769915,0.0494546491,30,5,1,plug
90.300000,0.0134368492,0.0393821827,0.0489826641,30,5,1,plug
90.350000,0.0132827973,0.0389906920,0.0485144431,30,5,1,plug
90.400000,0.0131303093,0.0386024983,0.0480499643,30,5,1,plug
90.450000,0.0129793720,0.0382175807,0.0475892059,30,5,1,plug
90.500000,0.0128299720,0.0378359184,0.0471321464,30,5,1,plug
90.550000,0.0126820964,0.0374574905,0.0466787640,30,5,1,plug
90.600000,0.0125357320,0.0370822763,0.0462290372,30,5,1,plug
90.650000,0.0123908659,0.0367102551,0.0457829444,30,5,1,plug
90.700000,0.0122474853,0.0363414062,0.0453404641,30,5,1,plug
90.750000,0.0121055773,0.0359757092,0.0449015749,30,5,1,plug
90.800000,0.0119651292,0.0356131434,0.0444662553,30,5,1,plug
90.850000,0.0118261284,0.0352536886,0.0440344839,30,5,1,plug
90.900000,0.0116885623,0.0348973241,0.0436062395,30,5,1,plug
90.950000,0.0115524184,0.0345440299,0.0431815007,30,5,1,plug
91.000000,0.0114176844,0.0341937855,0.0427602462,30,5,1,plug
91.050000,0.0112843480,0.0338465709,0.0423424550,30,5,1,plug
91.100000,0.0111523968,0.0335023659,0.0419281059,30,5,1,plug
91.150000,0.0110218188,0.0331611504,0.0415171777,30,5,1,plug
91.200000,0.0108926018,0.0328229044,0.0411096494,30,5,1,plug
91.250000,0.0107647340,0.0324876081,0.0407055001,30,5,1,plug
91.300000,0.0106382032,0.0321552416,0.0403047088,30,5,1,plug
91.350000,0.0105129978,0.0318257851,0.0399072546,30,5,1,plug
91.400000,0.0103891059,0.0314992189,0.0395131167,30,5,1,plug
91.450000,0.0102665159,0.0311755233,0.0391222742,30,5,1,plug
91.500000,0.0101452161,0.0308546787,0.0387347066,30,5,1,plug
91.550000,0.0100251950,0.0305366657,0.0383503931,30,5,1,plug
91.600000,0.0099064413,0.0302214648,0.0379693131,30,5,1,plug
91.650000,0.0097889434,0.0299090567,0.0375914461,30,5,1,plug
91.700000,0.0096726901,0.0295994220,0.0372167716,30,5,1,plug
91.750000,0.0095576702,0.0292925415,0.0368452691,30,5,1,plug
91.800000,0.0094438725,0.0289883962,0.0364769182,30,5,1,plug
91.850000,0.0093312860,0.0286869668,0.0361116987,30,5,1,plug
91.900000,0.0092198997,0.0283882344,0.0357495902,30,5,1,plug
91.950000,0.0091097026,0.0280921802,0.0353905727,30,5,1,plug
92.000000,0.0090006839,0.0277987851,0.0350346258,30,5,1,plug
92.050000,0.0088928330,0.0275080305,0.0346817297,30,5,1,plug
92.100000,0.0087861389,0.0272198976,0.0343318643,30,5,1,plug
92.150000,0.0086805913,0.0269343678,0.0339850096,30,5,1,plug
92.200000,0.0085761794,0.0266514225,0.0336411457,30,5,1,plug
92.250000,0.0084728930,0.0263710434,0.0333002529,30,5,1,plug
92.300000,0.0083707214,0.0260932119,0.0329623114,30,5,1,plug
92.350000,0.0082696546,0.0258179097,0.0326273014,30,5,1,plug
92.400000,0.0081696821,0.0255451187,0.0322952035,30,5,1,plug
92.450000,0.0080707939,0.0252748205,0.0319659980,30,5,1,plug
92.500000,0.0079729798,0.0250069972,0.0316396654,30,5,1,plug
92.550000,0.0078762298,0.0247416307,0.0313161863,30,5,1,plug
92.600000,0.0077805340,0.0244787031,0.0309955415,30,5,1,plug
92.650000,0.0076858825,0.0242181965,0.0306777115,30,5,1,plug
92.700000,0.0075922655,0.0239600931,0.0303626772,30,5,1,plug
92.750000,0.0074996733,0.0237043753,0.0300504195,30,5,1,plug
92.800000,0.0074080961,0.0234510253,0.0297409193,30,5,1,plug
92.850000,0.0073175244,0.0232000258,0.0294341576,30,5,1,plug
92.900000,0.0072279487,0.0229513591,0.0291301154,30,5,1,plug
92.950000,0.0071393596,0.0227050079,0.0288287739,30,5,1,plug
93.000000,0.0070517476,0.0224609550,0.0285301143,30,5,1,plug
93.050000,0.0069651034,0.0222191830,0.0282341179,30,5,1,plug
93.100000,0.0068794179,0.0219796749,0.0279407660,30,5,1,plug
93.150000,0.0067946817,0.0217424136,0.0276500402,30,5,1,plug
93.200000,0.0067108860,0.0215073821,0.0273619219,30,5,1,plug
93.250000,0.0066280215,0.0212745634,0.0270763926,30,5,1,plug
93.300000,0.0065460794,0.0210439409,0.0267934340,30,5,1,plug
93.350000,0.0064650507,0.0208154977,0.0265130279,30,5,1,plug
93.400000,0.0063849266,0.0205892171,0.0262351561,30,5,1,plug
93.450000,0.0063056984,0.0203650827,0.0259598004,30,5,1,plug
93.500000,0.0062273574,0.0201430779,0.0256869428,30,5,1,plug
93.550000,0.0061498950,0.0199231862,0.0254165653,30,5,1,plug
93.600000,0.0060733025,0.0197053915,0.0251486501,30,5,1,plug
93.650000,0.0059975716,0.0194896773,0.0248831792,30,5,1,plug
93.700000,0.0059226937,0.0192760277,0.0246201350,30,5,1,plug
93.750000,0.0058486605,0.0190644263,0.0243594998,30,5,1,plug
93.800000,0.0057754638,0.0188548574,0.0241012561,30,5,1,plug
93.850000,0.0057030953,0.0186473049,0.0238453862,30,5,1,plug
93.900000,0.0056315468,0.0184417530,0.0235918728,30,5,1,plug
93.950000,0.0055608103,0.0182381860,0.0233406985,30,5,1,plug
94.000000,0.0054908777,0.0180365881,0.0230918460,30,5,1,plug
94.050000,0.0054217411,0.0178369439,0.0228452981,30,5,1,plug
94.100000,0.0053533924,0.0176392377,0.0226010378,30,5,1,plug
94.150000,0.0052858240,0.0174434542,0.0223590480,30,5,1,plug
94.200000,0.0052190280,0.0172495780,0.0221193116,30,5,1,plug
94.250000,0.0051529967,0.0170575938,0.0218818119,30,5,1,plug
94.300000,0.0050877224,0.0168674866,0.0216465320,30,5,1,plug
94.350000,0.0050231977,0.0166792411,0.0214134552,30,5,1,plug
94.400000,0.0049594148,0.0164928425,0.0211825649,30,5,1,plug
94.450000,0.0048963664,0.0163082757,0.0209538444,30,5,1,plug
94.500000,0.0048340450,0.0161255259,0.0207272774,30,5,1,plug
94.550000,0.0047724434,0.0159445783,0.0205028473,30,5,1,plug
94.600000,0.0047115542,0.0157654183,0.0202805379,30,5,1,plug
94.650000,0.0046513702,0.0155880313,0.0200603329,30,5,1,plug
94.700000,0.0045918842,0.0154124028,0.0198422162,30,5,1,plug
94.750000,0.0045330891,0.0152385182,0.0196261716,30,5,1,plug
94.800000,0.0044749779,0.0150663634,0.0194121833,30,5,1,plug
94.850000,0.0044175436,0.0148959239,0.0192002351,30,5,1,plug
94.900000,0.0043607793,0.0147271857,0.0189903114,30,5,1,plug
94.950000,0.0043046781,0.0145601346,0.0187823963,30,5,1,plug
95.000000,0.0042492331,0.0143947566,0.0185764742,30,5,1,plug
95.050000,0.0041944377,0.0142310378,0.0183725294,30,5,1,plug
95.100000,0.0041402850,0.0140689643,0.0181705465,30,5,1,plug
95.150000,0.0040867686,0.0139085224,0.0179705099,30,5,1,plug
95.200000,0.0040338818,0.0137496982,0.0177724045,30,5,1,plug
95.250000,0.0039816180,0.0135924784,0.0175762148,30,5,1,plug
95.300000,0.0039299708,0.0134368492,0.0173819257,30,5,1,plug
95.350000,0.0038789338,0.0132827973,0.0171895220,30,5,1,plug
95.400000,0.0038285006,0.0131303093,0.0169989888,30,5,1,plug
95.450000,0.0037786650,0.0129793720,0.0168103111,30,5,1,plug
95.500000,0.0037294206,0.0128299720,0.0166234740,30,5,1,plug
95.550000,0.0036807612,0.0126820964,0.0164384627,30,5,1,plug
95.600000,0.0036326808,0.0125357320,0.0162552625,30,5,1,plug
95.650000,0.0035851731,0.0123908659,0.0160738589,30,5,1,plug
95.700000,0.0035382323,0.0122474853,0.0158942372,30,5,1,plug
95.750000,0.0034918523,0.0121055773,0.0157163830,30,5,1,plug
95.800000,0.0034460272,0.0119651292,0.0155402820,30,5,1,plug
95.850000,0.0034007510,0.0118261284,0.0153659197,30,5,1,plug
95.900000,0.0033560180,0.0116885623,0.0151932820,30,5,1,plug
95.950000,0.0033118224,0.0115524184,0.0150223548,30,5,1,plug
96.000000,0.0032681585,0.0114176844,0.0148531240,30,5,1,plug
96.050000,0.0032250205,0.0112843480,0.0146855757,30,5,1,plug
96.100000,0.0031824030,0.0111523968,0.0145196958,30,5,1,plug
96.150000,0.0031403002,0.0110218188,0.0143554707,30,5,1,plug
96.200000,0.0030987067,0.0108926018,0.0141928866,30,5,1,plug
96.250000,0.0030576170,0.0107647340,0.0140319298,30,5,1,plug
96.300000,0.0030170257,0.0106382032,0.0138725868,30,5,1,plug
96.350000,0.0029769274,0.0105129978,0.0137148440,30,5,1,plug
96.400000,0.0029373168,0.0103891059,0.0135586882,30,5,1,plug
96.450000,0.0028981885,0.0102665159,0.0134041058,30,5,1,plug
96.500000,0.0028595375,0.0101452161,0.0132510837,30,5,1,plug
96.550000,0.0028213585,0.0100251950,0.0130996088,30,5,1,plug
96.600000,0.0027836463,0.0099064413,0.0129496679,30,5,1,plug
96.650000,0.0027463959,0.0097889434,0.0128012479,30,5,1,plug
96.700000,0.0027096022,0.0096726901,0.0126543361,30,5,1,plug
96.750000,0.0026732603,0.0095576702,0.0125089195,30,5,1,plug
96.800000,0.0026373651,0.0094438725,0.0123649854,30,5,1,plug
96.850000,0.0026019119,0.0093312860,0.0122225210,30,5,1,plug
96.900000,0.0025668957,0.0092198997,0.0120815138,30,5,1,plug
96.950000,0.0025323118,0.0091097026,0.0119419513,30,5,1,plug
97.000000,0.0024981553,0.0090006839,0.0118038209,30,5,1,plug
97.050000,0.0024644215,0.0088928330,0.0116671103,30,5,1,plug
97.100000,0.0024311058,0.0087861389,0.0115318072,30,5,1,plug
97.150000,0.0023982036,0.0086805913,0.0113978994,30,5,1,plug
97.200000,0.0023657102,0.0085761794,0.0112653747,30,5,1,plug
97.250000,0.0023336211,0.0084728930,0.0111342211,30,5,1,plug
97.300000,0.0023019318,0.0083707214,0.0110044266,30,5,1,plug
97.350000,0.0022706379,0.0082696546,0.0108759793,30,5,1,plug
97.400000,0.0022397349,0.0081696821,0.0107488673,30,5,1,plug
97.450000,0.0022092184,0.0080707939,0.0106230790,30,5,1,plug
97.500000,0.0021790842,0.0079729798,0.0104986025,30,5,1,plug
97.550000,0.0021493278,0.0078762298,0.0103754265,30,5,1,plug
97.600000,0.0021199452,0.0077805340,0.0102535392,30,5,1,plug
97.650000,0.0020909320,0.0076858825,0.0101329293,30,5,1,plug
97.700000,0.0020622841,0.0075922655,0.0100135854,30,5,1,plug
97.750000,0.0020339974,0.0074996733,0.0098954963,30,5,1,plug
97.800000,0.0020060678,0.0074080961,0.0097786506,30,5,1,plug
97.850000,0.0019784912,0.0073175244,0.0096630373,30,5,1,plug
97.900000,0.0019512636,0.0072279487,0.0095486453,30,5,1,plug
97.950000,0.0019243811,0.0071393596,0.0094354636,30,5,1,plug
98.000000,0.0018978397,0.0070517476,0.0093234813,30,5,1,plug
98.050000,0.0018716355,0.0069651034,0.0092126875,30,5,1,plug
98.100000,0.0018457647,0.0068794179,0.0091030715,30,5,1,plug
98.150000,0.0018202235,0.0067946817,0.0089946227,30,5,1,plug
98.200000,0.0017950080,0.0067108860,0.0088873303,30,5,1,plug
98.250000,0.0017701146,0.0066280215,0.0087811838,30,5,1,plug
98.300000,0.0017455395,0.0065460794,0.0086761729,30,5,1,plug
98.350000,0.0017212791,0.0064650507,0.0085722870,30,5,1,plug
98.400000,0.0016973297,0.0063849266,0.0084695159,30,5,1,plug
98.450000,0.0016736878,0.0063056984,0.0083678492,30,5,1,plug
98.500000,0.0016503497,0.0062273574,0.0082672770,30,5,1,plug
98.550000,0.0016273120,0.0061498950,0.0081677889,30,5,1,plug
98.600000,0.0016045712,0.0060733025,0.0080693751,30,5,1,plug
98.650000,0.0015821237,0.0059975716,0.0079720255,30,5,1,plug
98.700000,0.0015599663,0.0059226937,0.0078757302,30,5,1,plug
98.750000,0.0015380955,0.0058486605,0.0077804795,30,5,1,plug
98.800000,0.0015165080,0.0057754638,0.0076862636,30,5,1,plug
98.850000,0.0014952004,0.0057030953,0.0075930728,30,5,1,plug
98.900000,0.0014741695,0.0056315468,0.0075008975,30,5,1,plug
98.950000,0.0014534120,0.0055608103,0.0074097282,30,5,1,plug
99.000000,0.0014329247,0.0054908777,0.0073195554,30,5,1,plug
99.050000,0.0014127045,0.0054217411,0.0072303697,30,5,1,plug
99.100000,0.0013927481,0.0053533924,0.0071421619,30,5,1,plug
99.150000,0.0013730525,0.0052858240,0.0070549225,30,5,1,plug
99.200000,0.0013536145,0.0052190280,0.0069686426,30,5,1,plug
99.250000,0.0013344312,0.0051529967,0.0068833129,30,5,1,plug
99.300000,0.0013154994,0.0050877224,0.0067989244,30,5,1,plug
99.350000,0.0012968163,0.0050231977,0.0067154681,30,5,1,plug
99.400000,0.0012783788,0.0049594148,0.0066329351,30,5,1,plug
99.450000,0.0012601841,0.0048963664,0.0065513165,30,5,1,plug
99.500000,0.0012422292,0.0048340450,0.0064706036,30,5,1,plug
99.550000,0.0012245112,0.0047724434,0.0063907877,30,5,1,plug
99.600000,0.0012070273,0.0047115542,0.0063118602,30,5,1,plug
99.650000,0.0011897748,0.0046513702,0.0062338123,30,5,1,plug
99.700000,0.0011727508,0.0045918842,0.0061566357,30,5,1,plug
99.750000,0.0011559525,0.0045330891,0.0060803219,30,5,1,plug
99.800000,0.0011393773,0.0044749779,0.0060048624,30,5,1,plug
99.850000,0.0011230225,0.0044175436,0.0059302491,30,5,1,plug
99.900000,0.0011068854,0.0043607793,0.0058564736,30,5,1,plug
99.950000,0.0010909634,0.0043046781,0.0057835277,30,5,1,plug
100.000000,0.0010752538,0.0042492331,0.0057114033,30,5,1,plug
100.050000,0.0010597542,0.0041944377,0.0056400925,30,5,1,plug
100.100000,0.0010444618,0.0041402850,0.0055695870,30,5,1,plug
100.150000,0.0010293743,0.0040867686,0.0054998792,30,5,1,plug
100.200000,0.0010144891,0.0040338818,0.0054309609,30,5,1,plug
100.250000,0.0009998037,0.0039816180,0.0053628246,30,5,1,plug
100.300000,0.0009853158,0.0039299708,0.0052954624,30,5,1,plug
100.350000,0.0009710228,0.0038789338,0.0052288665,30,5,1,plug
100.400000,0.0009569224,0.0038285006,0.0051630295,30,5,1,plug
100.450000,0.0009430122,0.0037786650,0.0050979438,30,5,1,plug
100.500000,0.0009292899,0.0037294206,0.0050336018,30,5,1,plug
100.550000,0.0009157532,0.0036807612,0.0049699961,30,5,1,plug
100.600000,0.0009023998,0.0036326808,0.0049071194,30,5,1,plug
100.650000,0.0008892274,0.0035851731,0.0048449643,30,5,1,plug
100.700000,0.0008762338,0.0035382323,0.0047835236,30,5,1,plug
100.750000,0.0008634167,0.0034918523,0.0047227900,30,5,1,plug
100.800000,0.0008507740,0.0034460272,0.0046627565,30,5,1,plug
100.850000,0.0008383035,0.0034007510,0.0046034159,30,5,1,plug
100.900000,0.0008260031,0.0033560180,0.0045447612,30,5,1,plug
100.950000,0.0008138707,0.0033118224,0.0044867855,30,5,1,plug
101.000000,0.0008019040,0.0032681585,0.0044294819,30,5,1,plug
101.050000,0.0007901012,0.0032250205,0.0043728435,30,5,1,plug
101.100000,0.0007784601,0.0031824030,0.0043168635,30,5,1,plug
101.150000,0.0007669787,0.0031403002,0.0042615352,30,5,1,plug
101.200000,0.0007556550,0.0030987067,0.0042068519,30,5,1,plug
101.250000,0.0007444869,0.0030576170,0.0041528070,30,5,1,plug
101.300000,0.0007334727,0.0030170257,0.0040993940,30,5,1,plug
101.350000,0.0007226103,0.0029769274,0.0040466063,30,5,1,plug
101.400000,0.0007118977,0.0029373168,0.0039944374,30,5,1,plug
101.450000,0.0007013332,0.0028981885,0.0039428810,30,5,1,plug
101.500000,0.0006909148,0.0028595375,0.0038919308,30,5,1,plug
101.550000,0.0006806407,0.0028213585,0.0038415804,30,5,1,plug
101.600000,0.0006705091,0.0027836463,0.0037918236,30,5,1,plug
101.650000,0.0006605180,0.0027463959,0.0037426542,30,5,1,plug
101.700000,0.0006506659,0.0027096022,0.0036940661,30,5,1,plug
101.750000,0.0006409508,0.0026732603,0.0036460532,30,5,1,plug
101.800000,0.0006313710,0.0026373651,0.0035986095,30,5,1,plug
101.850000,0.0006219248,0.0026019119,0.0035517291,30,5,1,plug
101.900000,0.0006126106,0.0025668957,0.0035054060,30,5,1,plug
101.950000,0.0006034265,0.0025323118,0.0034596343,30,5,1,plug
102.000000,0.0005943709,0.0024981553,0.0034144082,30,5,1,plug
102.050000,0.0005854423,0.0024644215,0.0033697220,30,5,1,plug
102.100000,0.0005766388,0.0024311058,0.0033255700,30,5,1,plug
102.150000,0.0005679590,0.0023982036,0.0032819465,30,5,1,plug
102.200000,0.0005594013,0.0023657102,0.0032388458,30,5,1,plug
102.250000,0.0005509640,0.0023336211,0.0031962625,30,5,1,plug
102.300000,0.0005426456,0.0023019318,0.0031541910,30,5,1,plug
102.350000,0.0005344445,0.0022706379,0.0031126258,30,5,1,plug
102.400000,0.0005263593,0.0022397349,0.0030715616,30,5,1,plug
102.450000,0.0005183884,0.0022092184,0.0030309929,30,5,1,plug
102.500000,0.0005105303,0.0021790842,0.0029909145,30,5,1,plug
102.550000,0.0005027837,0.0021493278,0.0029513211,30,5,1,plug
102.600000,0.0004951469,0.0021199452,0.0029122074,30,5,1,plug
102.650000,0.0004876186,0.0020909320,0.0028735683,30,5,1,plug
102.700000,0.0004801974,0.0020622841,0.0028353987,30,5,1,plug
102.750000,0.0004728819,0.0020339974,0.0027976934,30,5,1,plug
102.800000,0.0004656706,0.0020060678,0.0027604475,30,5,1,plug
102.850000,0.0004585622,0.0019784912,0.0027236560,30,5,1,plug
102.900000,0.0004515554,0.0019512636,0.0026873139,30,5,1,plug
102.950000,0.0004446488,0.0019243811,0.0026514163,30,5,1,plug
103.000000,0.0004378411,0.0018978397,0.0026159584,30,5,1,plug
103.050000,0.0004311309,0.0018716355,0.0025809353,30,5,1,plug
103.100000,0.0004245171,0.0018457647,0.0025463423,30,5,1,plug
103.150000,0.0004179983,0.0018202235,0.0025121748,30,5,1,plug
103.200000,0.0004115732,0.0017950080,0.0024784279,30,5,1,plug
103.250000,0.0004052407,0.0017701146,0.0024450971,30,5,1,plug
103.300000,0.0003989995,0.0017455395,0.0024121778,30,5,1,plug
103.350000,0.0003928483,0.0017212791,0.0023796655,30,5,1,plug
103.400000,0.0003867860,0.0016973297,0.0023475556,30,5,1,plug
103.450000,0.0003808114,0.0016736878,0.0023158437,30,5,1,plug
103.500000,0.0003749233,0.0016503497,0.0022845254,30,5,1,plug
103.550000,0.0003691205,0.0016273120,0.0022535963,30,5,1,plug
103.600000,0.0003634020,0.0016045712,0.0022230520,30,5,1,plug
103.650000,0.0003577665,0.0015821237,0.0021928884,30,5,1,plug
103.700000,0.0003522130,0.0015599663,0.0021631010,30,5,1,plug
103.750000,0.0003467404,0.0015380955,0.0021336858,30,5,1,plug
103.800000,0.0003413475,0.0015165080,0.0021046385,30,5,1,plug
103.850000,0.0003360334,0.0014952004,0.0020759551,30,5,1,plug
103.900000,0.0003307968,0.0014741695,0.0020476313,30,5,1,plug
103.950000,0.0003256369,0.0014534120,0.0020196633,30,5,1,plug
104.000000,0.0003205525,0.0014329247,0.0019920469,30,5,1,plug
104.050000,0.0003155427,0.0014127045,0.0019647782,30,5,1,plug
104.100000,0.0003106063,0.0013927481,0.0019378532,30,5,1,plug
104.150000,0.0003057425,0.0013730525,0.0019112681,30,5,1,plug
104.200000,0.0003009502,0.0013536145,0.0018850190,30,5,1,plug
104.250000,0.0002962284,0.0013344312,0.0018591021,30,5,1,plug
104.300000,0.0002915763,0.0013154994,0.0018335136,30,5,1,plug
104.350000,0.0002869927,0.0012968163,0.0018082498,30,5,1,plug
104.400000,0.0002824769,0.0012783788,0.0017833069,30,5,1,plug
104.450000,0.0002780278,0.0012601841,0.0017586812,30,5,1,plug
104.500000,0.0002736447,0.0012422292,0.0017343692,30,5,1,plug
104.550000,0.0002693264,0.0012245112,0.0017103673,30,5,1,plug
104.600000,0.0002650722,0.0012070273,0.0016866718,30,5,1,plug
104.650000,0.0002608812,0.0011897748,0.0016632793,30,5,1,plug
104.700000,0.0002567525,0.0011727508,0.0016401862,30,5,1,plug
104.750000,0.0002526853,0.0011559525,0.0016173891,30,5,1,plug
104.800000,0.0002486786,0.0011393773,0.0015948846,30,5,1,plug
104.850000,0.0002447317,0.0011230225,0.0015726692,30,5,1,plug
104.900000,0.0002408438,0.0011068854,0.0015507397,30,5,1,plug
104.950000,0.0002370140,0.0010909634,0.0015290927,30,5,1,plug
105.000000,0.0002332414,0.0010752538,0.0015077248,30,5,1,plug
105.050000,0.0002295254,0.0010597542,0.0014866330,30,5,1,plug
105.100000,0.0002258651,0.0010444618,0.0014658139,30,5,1,plug
105.150000,0.0002222597,0.0010293743,0.0014452643,30,5,1,plug
105.200000,0.0002187086,0.0010144891,0.0014249811,30,5,1,plug
105.250000,0.0002152108,0.0009998037,0.0014049611,30,5,1,plug
105.300000,0.0002117658,0.0009853158,0.0013852014,30,5,1,plug
105.350000,0.0002083726,0.0009710228,0.0013656987,30,5,1,plug
105.400000,0.0002050307,0.0009569224,0.0013464502,30,5,1,plug
105.450000,0.0002017393,0.0009430122,0.0013274527,30,5,1,plug
105.500000,0.0001984976,0.0009292899,0.0013087033,30,5,1,plug
105.550000,0.0001953051,0.0009157532,0.0012901991,30,5,1,plug
105.600000,0.0001921609,0.0009023998,0.0012719371,30,5,1,plug
105.650000,0.0001890644,0.0008892274,0.0012539146,30,5,1,plug
105.700000,0.0001860149,0.0008762338,0.0012361286,30,5,1,plug
105.750000,0.0001830119,0.0008634167,0.0012185763,30,5,1,plug
105.800000,0.0001800545,0.0008507740,0.0012012550,30,5,1,plug
105.850000,0.0001771422,0.0008383035,0.0011841618,30,5,1,plug
105.900000,0.0001742743,0.0008260031,0.0011672941,30,5,1,plug
105.950000,0.0001714502,0.0008138707,0.0011506491,30,5,1,plug
106.000000,0.0001686693,0.0008019040,0.0011342243,30,5,1,plug
106.050000,0.0001659309,0.0007901012,0.0011180168,30,5,1,plug
106.100000,0.0001632344,0.0007784601,0.0011020242,30,5,1,plug
106.150000,0.0001605793,0.0007669787,0.0010862438,30,5,1,plug
106.200000,0.0001579650,0.0007556550,0.0010706730,30,5,1,plug
106.250000,0.0001553908,0.0007444869,0.0010553094,30,5,1,plug
106.300000,0.0001528562,0.0007334727,0.0010401504,30,5,1,plug
106.350000,0.0001503607,0.0007226103,0.0010251936,30,5,1,plug
106.400000,0.0001479036,0.0007118977,0.0010104364,30,5,1,plug
106.450000,0.0001454844,0.0007013332,0.0009958765,30,5,1,plug
106.500000,0.0001431026,0.0006909148,0.0009815115,30,5,1,plug
106.550000,0.0001407576,0.0006806407,0.0009673389,30,5,1,plug
106.600000,0.0001384489,0.0006705091,0.0009533565,30,5,1,plug
106.650000,0.0001361760,0.0006605180,0.0009395618,30,5,1,plug
106.700000,0.0001339383,0.0006506659,0.0009259527,30,5,1,plug
106.750000,0.0001317353,0.0006409508,0.0009125268,30,5,1,plug
106.800000,0.0001295666,0.0006313710,0.0008992819,30,5,1,plug
106.850000,0.0001274317,0.0006219248,0.0008862157,30,5,1,plug
106.900000,0.0001253300,0.0006126106,0.0008733261,30,5,1,plug
106.950000,0.0001232610,0.0006034265,0.0008606109,30,5,1,plug
107.000000,0.0001212244,0.0005943709,0.0008480678,30,5,1,plug
107.050000,0.0001192195,0.0005854423,0.0008356949,30,5,1,plug
107.100000,0.0001172460,0.0005766388,0.0008234899,30,5,1,plug
107.150000,0.0001153034,0.0005679590,0.0008114509,30,5,1,plug
107.200000,0.0001133913,0.0005594013,0.0007995756,30,5,1,plug
107.250000,0.0001115091,0.0005509640,0.0007878622,30,5,1,plug
107.300000,0.0001096565,0.0005426456,0.0007763085,30,5,1,plug
107.350000,0.0001078330,0.0005344445,0.0007649126,30,5,1,plug
107.400000,0.0001060382,0.0005263593,0.0007536726,30,5,1,plug
107.450000,0.0001042716,0.0005183884,0.0007425864,30,5,1,plug
107.500000,0.0001025329,0.0005105303,0.0007316521,30,5,1,plug
107.550000,0.0001008217,0.0005027837,0.0007208679,30,5,1,plug
107.600000,0.0000991374,0.0004951469,0.0007102318,30,5,1,plug
107.650000,0.0000974799,0.0004876186,0.0006997420,30,5,1,plug
107.700000,0.0000958485,0.0004801974,0.0006893966,30,5,1,plug
107.750000,0.0000942430,0.0004728819,0.0006791938,30,5,1,plug
107.800000,0.0000926630,0.0004656706,0.0006691319,30,5,1,plug
107.850000,0.0000911080,0.0004585622,0.0006592089,30,5,1,plug
107.900000,0.0000895778,0.0004515554,0.0006494233,30,5,1,plug
107.950000,0.0000880719,0.0004446488,0.0006397732,30,5,1,plug
108.000000,0.0000865900,0.0004378411,0.0006302568,30,5,1,plug
108.050000,0.0000851317,0.0004311309,0.0006208726,30,5,1,plug
108.100000,0.0000836967,0.0004245171,0.0006116188,30,5,1,plug
108.150000,0.0000822846,0.0004179983,0.0006024937,30,5,1,plug
108.200000,0.0000808951,0.0004115732,0.0005934958,30,5,1,plug
108.250000,0.0000795278,0.0004052407,0.0005846233,30,5,1,plug
108.300000,0.0000781824,0.0003989995,0.0005758747,30,5,1,plug
108.350000,0.0000768586,0.0003928483,0.0005672484,30,5,1,plug
108.400000,0.0000755561,0.0003867860,0.0005587428,30,5,1,plug
108.450000,0.0000742745,0.0003808114,0.0005503564,30,5,1,plug
108.500000,0.0000730135,0.0003749233,0.0005420876,30,5,1,plug
108.550000,0.0000717728,0.0003691205,0.0005339349,30,5,1,plug
108.600000,0.0000705521,0.0003634020,0.0005258968,30,5,1,plug
108.650000,0.0000693511,0.0003577665,0.0005179718,30,5,1,plug
108.700000,0.0000681694,0.0003522130,0.0005101585,30,5,1,plug
108.750000,0.0000670069,0.0003467404,0.0005024554,30,5,1,plug
108.800000,0.0000658632,0.0003413475,0.0004948611,30,5,1,plug
108.850000,0.0000647381,0.0003360334,0.0004873742,30,5,1,plug
108.900000,0.0000636311,0.0003307968,0.0004799932,30,5,1,plug
108.950000,0.0000625421,0.0003256369,0.0004727168,30,5,1,plug
109.000000,0.0000614709,0.0003205525,0.0004655436,30,5,1,plug
109.050000,0.0000604170,0.0003155427,0.0004584723,30,5,1,plug
109.100000,0.0000593803,0.0003106063,0.0004515016,30,5,1,plug
109.150000,0.0000583605,0.0003057425,0.0004446300,30,5,1,plug
109.200000,0.0000573573,0.0003009502,0.0004378564,30,5,1,plug
109.250000,0.0000563704,0.0002962284,0.0004311794,30,5,1,plug
109.300000,0.0000553998,0.0002915763,0.0004245978,30,5,1,plug
109.350000,0.0000544449,0.0002869927,0.0004181102,30,5,1,plug
109.400000,0.0000535058,0.0002824769,0.0004117156,30,5,1,plug
109.450000,0.0000525820,0.0002780278,0.0004054125,30,5,1,plug
109.500000,0.0000516733,0.0002736447,0.0003991999,30,5,1,plug
109.550000,0.0000507796,0.0002693264,0.0003930765,30,5,1,plug
109.600000,0.0000499006,0.0002650722,0.0003870411,30,5,1,plug
109.650000,0.0000490360,0.0002608812,0.0003810926,30,5,1,plug
109.700000,0.0000481857,0.0002567525,0.0003752299,30,5,1,plug
109.750000,0.0000473494,0.0002526853,0.0003694516,30,5,1,plug
109.800000,0.0000465268,0.0002486786,0.0003637569,30,5,1,plug
109.850000,0.0000457179,0.0002447317,0.0003581444,30,5,1,plug
109.900000,0.0000449223,0.0002408438,0.0003526132,30,5,1,plug
109.950000,0.0000441400,0.0002370140,0.0003471622,30,5,1,plug
110.000000,0.0000433705,0.0002332414,0.0003417902,30,5,1,plug
110.050000,0.0000426138,0.0002295254,0.0003364962,30,5,1,plug
110.100000,0.0000418697,0.0002258651,0.0003312792,30,5,1,plug
110.150000,0.0000411379,0.0002222597,0.0003261381,30,5,1,plug
110.200000,0.0000404183,0.0002187086,0.0003210719,30,5,1,plug
110.250000,0.0000397107,0.0002152108,0.0003160796,30,5,1,plug
110.300000,0.0000390149,0.0002117658,0.0003111601,30,5,1,plug
110.350000,0.0000383306,0.0002083726,0.0003063126,30,5,1,plug
110.400000,0.0000376578,0.0002050307,0.0003015360,30,5,1,plug
110.450000,0.0000369963,0.0002017393,0.0002968294,30,5,1,plug
110.500000,0.0000363457,0.0001984976,0.0002921918,30,5,1,plug
110.550000,0.0000357061,0.0001953051,0.0002876223,30,5,1,plug
110.600000,0.0000350772,0.0001921609,0.0002831199,30,5,1,plug
110.650000,0.0000344589,0.0001890644,0.0002786838,30,5,1,plug
110.700000,0.0000338509,0.0001860149,0.0002743130,30,5,1,plug
110.750000,0.0000332531,0.0001830119,0.0002700067,30,5,1,plug
110.800000,0.0000326654,0.0001800545,0.0002657639,30,5,1,plug
110.850000,0.0000320876,0.0001771422,0.0002615838,30,5,1,plug
110.900000,0.0000315195,0.0001742743,0.0002574655,30,5,1,plug
110.950000,0.0000309610,0.0001714502,0.0002534082,30,5,1,plug
111.000000,0.0000304119,0.0001686693,0.0002494111,30,5,1,plug
111.050000,0.0000298721,0.0001659309,0.0002454733,30,5,1,plug
111.100000,0.0000293414,0.0001632344,0.0002415939,30,5,1,plug
111.150000,0.0000288197,0.0001605793,0.0002377723,30,5,1,plug
111.200000,0.0000283069,0.0001579650,0.0002340075,30,5,1,plug
111.250000,0.0000278028,0.0001553908,0.0002302989,30,5,1,plug
111.300000,0.0000273072,0.0001528562,0.0002266456,30,5,1,plug
111.350000,0.0000268200,0.0001503607,0.0002230468,30,5,1,plug
111.400000,0.0000263411,0.0001479036,0.0002195019,30,5,1,plug
111.450000,0.0000258704,0.0001454844,0.0002160100,30,5,1,plug
111.500000,0.0000254077,0.0001431026,0.0002125704,30,5,1,plug
111.550000,0.0000249528,0.0001407576,0.0002091824,30,5,1,plug
111.600000,0.0000245058,0.0001384489,0.0002058453,30,5,1,plug
111.650000,0.0000240664,0.0001361760,0.0002025584,30,5,1,plug
111.700000,0.0000236345,0.0001339383,0.0001993209,30,5,1,plug
111.750000,0.0000232099,0.0001317353,0.0001961321,30,5,1,plug
111.800000,0.0000227927,0.0001295666,0.0001929914,30,5,1,plug
111.850000,0.0000223826,0.0001274317,0.0001898982,30,5,1,plug
111.900000,0.0000219796,0.0001253300,0.0001868517,30,5,1,plug
111.950000,0.0000215835,0.0001232610,0.0001838512,30,5,1,plug
112.000000,0.0000211942,0.0001212244,0.0001808962,30,5,1,plug
112.050000,0.0000208116,0.0001192195,0.0001779860,30,5,1,plug
112.100000,0.0000204356,0.0001172460,0.0001751199,30,5,1,plug
112.150000,0.0000200660,0.0001153034,0.0001722973,30,5,1,plug
112.200000,0.0000197029,0.0001133913,0.0001695177,30,5,1,plug
112.250000,0.0000193460,0.0001115091,0.0001667804,30,5,1,plug
112.300000,0.0000189953,0.0001096565,0.0001640848,30,5,1,plug
112.350000,0.0000186507,0.0001078330,0.0001614303,30,5,1,plug
112.400000,0.0000183120,0.0001060382,0.0001588163,30,5,1,plug
112.450000,0.0000179792,0.0001042716,0.0001562423,30,5,1,plug
112.500000,0.0000176522,0.0001025329,0.0001537077,30,5,1,plug
112.550000,0.0000173309,0.0001008217,0.0001512118,30,5,1,plug
112.600000,0.0000170151,0.0000991374,0.0001487543,30,5,1,plug
112.650000,0.0000167049,0.0000974799,0.0001463344,30,5,1,plug
112.700000,0.0000164000,0.0000958485,0.0001439518,30,5,1,plug
112.750000,0.0000161005,0.0000942430,0.0001416057,30,5,1,plug
112.800000,0.0000158062,0.0000926630,0.0001392958,30,5,1,plug
112.850000,0.0000155171,0.0000911080,0.0001370215,30,5,1,plug
112.900000,0.0000152329,0.0000895778,0.0001347823,30,5,1,plug
112.950000,0.0000149538,0.0000880719,0.0001325776,30,5,1,plug
113.000000,0.0000146796,0.0000865900,0.0001304071,30,5,1,plug
113.050000,0.0000144101,0.0000851317,0.0001282701,30,5,1,plug
113.100000,0.0000141454,0.0000836967,0.0001261662,30,5,1,plug
113.150000,0.0000138853,0.0000822846,0.0001240949,30,5,1,plug
113.200000,0.0000136299,0.0000808951,0.0001220558,30,5,1,plug
113.250000,0.0000133789,0.0000795278,0.0001200484,30,5,1,plug
113.300000,0.0000131323,0.0000781824,0.0001180722,30,5,1,plug
113.350000,0.0000128901,0.0000768586,0.0001161267,30,5,1,plug
113.400000,0.0000126521,0.0000755561,0.0001142116,30,5,1,plug
113.450000,0.0000124183,0.0000742745,0.0001123264,30,5,1,plug
113.500000,0.0000121887,0.0000730135,0.0001104705,30,5,1,plug
113.550000,0.0000119631,0.0000717728,0.0001086437,30,5,1,plug
113.600000,0.0000117416,0.0000705521,0.0001068455,30,5,1,plug
113.650000,0.0000115239,0.0000693511,0.0001050755,30,5,1,plug
113.700000,0.0000113102,0.0000681694,0.0001033332,30,5,1,plug
113.750000,0.0000111002,0.0000670069,0.0001016182,30,5,1,plug
113.800000,0.0000108939,0.0000658632,0.0000999302,30,5,1,plug
113.850000,0.0000106913,0.0000647381,0.0000982687,30,5,1,plug
113.900000,0.0000104923,0.0000636311,0.0000966334,30,5,1,plug
113.950000,0.0000102969,0.0000625421,0.0000950239,30,5,1,plug
114.000000,0.0000101049,0.0000614709,0.0000934397,30,5,1,plug
114.050000,0.0000099164,0.0000604170,0.0000918806,30,5,1,plug
114.100000,0.0000097312,0.0000593803,0.0000903461,30,5,1,plug
114.150000,0.0000095494,0.0000583605,0.0000888359,30,5,1,plug
114.200000,0.0000093708,0.0000573573,0.0000873496,30,5,1,plug
114.250000,0.0000091954,0.0000563704,0.0000858868,30,5,1,plug
114.300000,0.0000090231,0.0000553998,0.0000844473,30,5,1,plug
114.350000,0.0000088540,0.0000544449,0.0000830306,30,5,1,plug
114.400000,0.0000086879,0.0000535058,0.0000816365,30,5,1,plug
114.450000,0.0000085247,0.0000525820,0.0000802645,30,5,1,plug
114.500000,0.0000083645,0.0000516733,0.0000789144,30,5,1,plug
114.550000,0.0000082072,0.0000507796,0.0000775859,30,5,1,plug
114.600000,0.0000080527,0.0000499006,0.0000762785,30,5,1,plug
114.650000,0.0000079010,0.0000490360,0.0000749921,30,5,1,plug
114.700000,0.0000077520,0.0000481857,0.0000737262,30,5,1,plug
114.750000,0.0000076058,0.0000473494,0.0000724805,30,5,1,plug
114.800000,0.0000074621,0.0000465268,0.0000712549,30,5,1,plug
114.850000,0.0000073211,0.0000457179,0.0000700489,30,5,1,plug
114.900000,0.0000071826,0.0000449223,0.0000688622,30,5,1,plug
114.950000,0.0000070467,0.0000441400,0.0000676947,30,5,1,plug
115.000000,0.0000069132,0.0000433705,0.0000665459,30,5,1,plug
115.050000,0.0000067821,0.0000426138,0.0000654156,30,5,1,plug
115.100000,0.0000066534,0.0000418697,0.0000643036,30,5,1,plug
115.150000,0.0000065271,0.0000411379,0.0000632095,30,5,1,plug
115.200000,0.0000064030,0.0000404183,0.0000621330,30,5,1,plug
115.250000,0.0000062812,0.0000397107,0.0000610740,30,5,1,plug
115.300000,0.0000061617,0.0000390149,0.0000600321,30,5,1,plug
115.350000,0.0000060443,0.0000383306,0.0000590071,30,5,1,plug
115.400000,0.0000059291,0.0000376578,0.0000579987,30,5,1,plug
115.450000,0.0000058159,0.0000369963,0.0000570066,30,5,1,plug
115.500000,0.0000057049,0.0000363457,0.0000560307,30,5,1,plug
115.550000,0.0000055959,0.0000357061,0.0000550707,30,5,1,plug
115.600000,0.0000054888,0.0000350772,0.0000541262,30,5,1,plug
115.650000,0.0000053838,0.0000344589,0.0000531972,30,5,1,plug
115.700000,0.0000052806,0.0000338509,0.0000522833,30,5,1,plug
115.750000,0.0000051794,0.0000332531,0.0000513844,30,5,1,plug
115.800000,0.0000050800,0.0000326654,0.0000505001,30,5,1,plug
115.850000,0.0000049825,0.0000320876,0.0000496303,30,5,1,plug
115.900000,0.0000048867,0.0000315195,0.0000487747,30,5,1,plug
