time_min,C_in,C_f,S,T_min,tau_transport_min,tau_sensor_min,topology
0.000000,0.0001800545,0.0000664665,0.0000491072,30,5,1,cstr
0.050000,0.0001830119,0.0000675967,0.0000499538,30,5,1,cstr
0.100000,0.0001860149,0.0000687451,0.0000508143,30,5,1,cstr
0.150000,0.0001890644,0.0000699120,0.0000516888,30,5,1,cstr
0.200000,0.0001921609,0.0000710976,0.0000525775,30,5,1,cstr
0.250000,0.0001953051,0.0000723022,0.0000534808,30,5,1,cstr
0.300000,0.0001984976,0.0000735261,0.0000543987,30,5,1,cstr
0.350000,0.0002017393,0.0000747696,0.0000553315,30,5,1,cstr
0.400000,0.0002050307,0.0000760329,0.0000562795,30,5,1,cstr
0.450000,0.0002083726,0.0000773165,0.0000572429,30,5,1,cstr
0.500000,0.0002117658,0.0000786205,0.0000582219,30,5,1,cstr
0.550000,0.0002152108,0.0000799453,0.0000592168,30,5,1,cstr
0.600000,0.0002187086,0.0000812912,0.0000602277,30,5,1,cstr
0.650000,0.0002222597,0.0000826586,0.0000612550,30,5,1,cstr
0.700000,0.0002258651,0.0000840476,0.0000622989,30,5,1,cstr
0.750000,0.0002295254,0.0000854587,0.0000633596,30,5,1,cstr
0.800000,0.0002332414,0.0000868922,0.0000644374,30,5,1,cstr
0.850000,0.0002370140,0.0000883484,0.0000655325,30,5,1,cstr
0.900000,0.0002408438,0.0000898277,0.0000666452,30,5,1,cstr
0.950000,0.0002447317,0.0000913303,0.0000677759,30,5,1,cstr
1.000000,0.0002486786,0.0000928567,0.0000689246,30,5,1,cstr
1.050000,0.0002526853,0.0000944071,0.0000700918,30,5,1,cstr
1.100000,0.0002567525,0.0000959820,0.0000712777,30,5,1,cstr
1.150000,0.0002608812,0.0000975817,0.0000724825,30,5,1,cstr
1.200000,0.0002650722,0.0000992066,0.0000737066,30,5,1,cstr
1.250000,0.0002693264,0.0001008570,0.0000749503,30,5,1,cstr
1.300000,0.0002736447,0.0001025333,0.0000762138,30,5,1,cstr
1.350000,0.0002780278,0.0001042359,0.0000774974,30,5,1,cstr
1.400000,0.0002824769,0.0001059651,0.0000788014,30,5,1,cstr
1.450000,0.0002869927,0.0001077214,0.0000801262,30,5,1,cstr
1.500000,0.0002915763,0.0001095052,0.0000814720,30,5,1,cstr
1.550000,0.0002962284,0.0001113168,0.0000828392,30,5,1,cstr
1.600000,0.0003009502,0.0001131567,0.0000842281,30,5,1,cstr
1.650000,0.0003057425,0.0001150253,0.0000856390,30,5,1,cstr
1.700000,0.0003106063,0.0001169230,0.0000870722,30,5,1,cstr
1.750000,0.0003155427,0.0001188502,0.0000885280,30,5,1,cstr
1.800000,0.0003205525,0.0001208073,0.0000900068,30,5,1,cstr
1.850000,0.0003256369,0.0001227948,0.0000915090,30,5,1,cstr
1.900000,0.0003307968,0.0001248131,0.0000930348,30,5,1,cstr
1.950000,0.0003360334,0.0001268627,0.0000945847,30,5,1,cstr
2.000000,0.0003413475,0.0001289440,0.0000961589,30,5,1,cstr
2.050000,0.0003467404,0.0001310574,0.0000977578,30,5,1,cstr
2.100000,0.0003522130,0.0001332035,0.0000993819,30,5,1,cstr
2.150000,0.0003577665,0.0001353827,0.0001010314,30,5,1,cstr
2.200000,0.0003634020,0.0001375954,0.0001027067,30,5,1,cstr
2.250000,0.0003691205,0.0001398422,0.0001044082,30,5,1,cstr
2.300000,0.0003749233,0.0001421236,0.0001061364,30,5,1,cstr
2.350000,0.0003808114,0.0001444400,0.0001078915,30,5,1,cstr
2.400000,0.0003867860,0.0001467919,0.0001096740,30,5,1,cstr
2.450000,0.0003928483,0.0001491799,0.0001114843,30,5,1,cstr
2.500000,0.0003989995,0.0001516045,0.0001133227,30,5,1,cstr
2.550000,0.0004052407,0.0001540661,0.0001151897,30,5,1,cstr
2.600000,0.0004115732,0.0001565653,0.0001170857,30,5,1,cstr
2.650000,0.0004179983,0.0001591027,0.0001190112,30,5,1,cstr
2.700000,0.0004245171,0.0001616787,0.0001209665,30,5,1,cstr
2.750000,0.0004311309,0.0001642940,0.0001229520,30,5,1,cstr
2.800000,0.0004378411,0.0001669491,0.0001249683,30,5,1,cstr
2.850000,0.0004446488,0.0001696445,0.0001270157,30,5,1,cstr
2.900000,0.0004515554,0.0001723808,0.0001290948,30,5,1,cstr
2.950000,0.0004585622,0.0001751587,0.0001312058,30,5,1,cstr
3.000000,0.0004656706,0.0001779786,0.0001333494,30,5,1,cstr
3.050000,0.0004728819,0.0001808412,0.0001355260,30,5,1,cstr
3.100000,0.0004801974,0.0001837470,0.0001377361,30,5,1,cstr
3.150000,0.0004876186,0.0001866968,0.0001399801,30,5,1,cstr
3.200000,0.0004951469,0.0001896910,0.0001422585,30,5,1,cstr
3.250000,0.0005027837,0.0001927303,0.0001445718,30,5,1,cstr
3.300000,0.0005105303,0.0001958154,0.0001469205,30,5,1,cstr
3.350000,0.0005183884,0.0001989469,0.0001493051,30,5,1,cstr
3.400000,0.0005263593,0.0002021254,0.0001517262,30,5,1,cstr
3.450000,0.0005344445,0.0002053515,0.0001541842,30,5,1,cstr
3.500000,0.0005426456,0.0002086261,0.0001566796,30,5,1,cstr
3.550000,0.0005509640,0.0002119496,0.0001592131,30,5,1,cstr
3.600000,0.0005594013,0.0002153229,0.0001617851,30,5,1,cstr
3.650000,0.0005679590,0.0002187465,0.0001643962,30,5,1,cstr
3.700000,0.0005766388,0.0002222212,0.0001670469,30,5,1,cstr
3.750000,0.0005854423,0.0002257477,0.0001697377,30,5,1,cstr
3.800000,0.0005943709,0.0002293268,0.0001724694,30,5,1,cstr
3.850000,0.0006034265,0.0002329590,0.0001752423,30,5,1,cstr
3.900000,0.0006126106,0.0002366452,0.0001780572,30,5,1,cstr
3.950000,0.0006219248,0.0002403861,0.0001809146,30,5,1,cstr
4.000000,0.0006313710,0.0002441825,0.0001838151,30,5,1,cstr
4.050000,0.0006409508,0.0002480351,0.0001867592,30,5,1,cstr
4.100000,0.0006506659,0.0002519447,0.0001897477,30,5,1,cstr
4.150000,0.0006605180,0.0002559120,0.0001927811,30,5,1,cstr
4.200000,0.0006705091,0.0002599379,0.0001958600,30,5,1,cstr
4.250000,0.0006806407,0.0002640232,0.0001989851,30,5,1,cstr
4.300000,0.0006909148,0.0002681686,0.0002021571,30,5,1,cstr
4.350000,0.0007013332,0.0002723750,0.0002053765,30,5,1,cstr
4.400000,0.0007118977,0.0002766432,0.0002086440,30,5,1,cstr
4.450000,0.0007226103,0.0002809740,0.0002119604,30,5,1,cstr
4.500000,0.0007334727,0.0002853684,0.0002153262,30,5,1,cstr
4.550000,0.0007444869,0.0002898271,0.0002187422,30,5,1,cstr
4.600000,0.0007556550,0.0002943511,0.0002222091,30,5,1,cstr
4.650000,0.0007669787,0.0002989411,0.0002257275,30,5,1,cstr
4.700000,0.0007784601,0.0003035982,0.0002292981,30,5,1,cstr
4.750000,0.0007901012,0.0003083231,0.0002329218,30,5,1,cstr
4.800000,0.0008019040,0.0003131169,0.0002365992,30,5,1,cstr
4.850000,0.0008138707,0.0003179804,0.0002403310,30,5,1,cstr
4.900000,0.0008260031,0.0003229146,0.0002441180,30,5,1,cstr
4.950000,0.0008383035,0.0003279204,0.0002479609,30,5,1,cstr
5.000000,0.0008507740,0.0003329988,0.0002518606,30,5,1,cstr
5.050000,0.0008634167,0.0003381507,0.0002558178,30,5,1,cstr
5.100000,0.0008762338,0.0003433772,0.0002598332,30,5,1,cstr
5.150000,0.0008892274,0.0003486792,0.0002639077,30,5,1,cstr
5.200000,0.0009023998,0.0003540578,0.0002680420,30,5,1,cstr
5.250000,0.0009157532,0.0003595139,0.0002722371,30,5,1,cstr
5.300000,0.0009292899,0.0003650486,0.0002764936,30,5,1,cstr
5.350000,0.0009430122,0.0003706629,0.0002808125,30,5,1,cstr
5.400000,0.0009569224,0.0003763578,0.0002851945,30,5,1,cstr
5.450000,0.0009710228,0.0003821345,0.0002896406,30,5,1,cstr
5.500000,0.0009853158,0.0003879941,0.0002941516,30,5,1,cstr
5.550000,0.0009998037,0.0003939375,0.0002987284,30,5,1,cstr
5.600000,0.0010144891,0.0003999660,0.0003033718,30,5,1,cstr
5.650000,0.0010293743,0.0004060806,0.0003080827,30,5,1,cstr
5.700000,0.0010444618,0.0004122825,0.0003128621,30,5,1,cstr
5.750000,0.0010597542,0.0004185728,0.0003177109,30,5,1,cstr
5.800000,0.0010752538,0.0004249526,0.0003226300,30,5,1,cstr
5.850000,0.0010909634,0.0004314232,0.0003276203,30,5,1,cstr
5.900000,0.0011068854,0.0004379858,0.0003326829,30,5,1,cstr
5.950000,0.0011230225,0.0004446414,0.0003378186,30,5,1,cstr
6.000000,0.0011393773,0.0004513914,0.0003430284,30,5,1,cstr
6.050000,0.0011559525,0.0004582370,0.0003483133,30,5,1,cstr
6.100000,0.0011727508,0.0004651794,0.0003536743,30,5,1,cstr
6.150000,0.0011897748,0.0004722198,0.0003591125,30,5,1,cstr
6.200000,0.0012070273,0.0004793596,0.0003646288,30,5,1,cstr
6.250000,0.0012245112,0.0004866000,0.0003702243,30,5,1,cstr
6.300000,0.0012422292,0.0004939424,0.0003759000,30,5,1,cstr
6.350000,0.0012601841,0.0005013880,0.0003816570,30,5,1,cstr
6.400000,0.0012783788,0.0005089381,0.0003874964,30,5,1,cstr
6.450000,0.0012968163,0.0005165942,0.0003934191,30,5,1,cstr
6.500000,0.0013154994,0.0005243575,0.0003994265,30,5,1,cstr
6.550000,0.0013344312,0.0005322295,0.0004055194,30,5,1,cstr
6.600000,0.0013536145,0.0005402116,0.0004116991,30,5,1,cstr
6.650000,0.0013730525,0.0005483050,0.0004179668,30,5,1,cstr
6.700000,0.0013927481,0.0005565114,0.0004243234,30,5,1,cstr
6.750000,0.0014127045,0.0005648321,0.0004307703,30,5,1,cstr
6.800000,0.0014329247,0.0005732686,0.0004373086,30,5,1,cstr
6.850000,0.0014534120,0.0005818223,0.0004439394,30,5,1,cstr
6.900000,0.0014741695,0.0005904948,0.0004506641,30,5,1,cstr
6.950000,0.0014952004,0.0005992875,0.0004574837,30,5,1,cstr
7.000000,0.0015165080,0.0006082020,0.0004643995,30,5,1,cstr
7.050000,0.0015380955,0.0006172398,0.0004714129,30,5,1,cstr
7.100000,0.0015599663,0.0006264024,0.0004785249,30,5,1,cstr
7.150000,0.0015821237,0.0006356915,0.0004857370,30,5,1,cstr
7.200000,0.0016045712,0.0006451087,0.0004930504,30,5,1,cstr
7.250000,0.0016273120,0.0006546555,0.0005004663,30,5,1,cstr
7.300000,0.0016503497,0.0006643336,0.0005079862,30,5,1,cstr
7.350000,0.0016736878,0.0006741446,0.0005156114,30,5,1,cstr
7.400000,0.0016973297,0.0006840902,0.0005233431,30,5,1,cstr
7.450000,0.0017212791,0.0006941721,0.0005311829,30,5,1,cstr
7.500000,0.0017455395,0.0007043920,0.0005391320,30,5,1,cstr
7.550000,0.0017701146,0.0007147516,0.0005471918,30,5,1,cstr
7.600000,0.0017950080,0.0007252527,0.0005553638,30,5,1,cstr
7.650000,0.0018202235,0.0007358969,0.0005636494,30,5,1,cstr
7.700000,0.0018457647,0.0007466861,0.0005720500,30,5,1,cstr
7.750000,0.0018716355,0.0007576221,0.0005805671,30,5,1,cstr
7.800000,0.0018978397,0.0007687068,0.0005892021,30,5,1,cstr
7.850000,0.0019243811,0.0007799418,0.0005979567,30,5,1,cstr
7.900000,0.0019512636,0.0007913292,0.0006068322,30,5,1,cstr
7.950000,0.0019784912,0.0008028707,0.0006158302,30,5,1,cstr
8.000000,0.0020060678,0.0008145683,0.0006249523,30,5,1,cstr
8.050000,0.0020339974,0.0008264240,0.0006342000,30,5,1,cstr
8.100000,0.0020622841,0.0008384395,0.0006435749,30,5,1,cstr
8.150000,0.0020909320,0.0008506170,0.0006530785,30,5,1,cstr
8.200000,0.0021199452,0.0008629583,0.0006627126,30,5,1,cstr
8.250000,0.0021493278,0.0008754655,0.0006724787,30,5,1,cstr
8.300000,0.0021790842,0.0008881407,0.0006823785,30,5,1,cstr
8.350000,0.0022092184,0.0009009858,0.0006924136,30,5,1,cstr
8.400000,0.0022397349,0.0009140029,0.0007025858,30,5,1,cstr
8.450000,0.0022706379,0.0009271942,0.0007128967,30,5,1,cstr
8.500000,0.0023019318,0.0009405617,0.0007233481,30,5,1,cstr
8.550000,0.0023336211,0.0009541075,0.0007339418,30,5,1,cstr
8.600000,0.0023657102,0.0009678339,0.0007446794,30,5,1,cstr
8.650000,0.0023982036,0.0009817430,0.0007555628,30,5,1,cstr
8.700000,0.0024311058,0.0009958370,0.0007665937,30,5,1,cstr
8.750000,0.0024644215,0.0010101182,0.0007777740,30,5,1,cstr
8.800000,0.0024981553,0.0010245888,0.0007891056,30,5,1,cstr
8.850000,0.0025323118,0.0010392510,0.0008005902,30,5,1,cstr
8.900000,0.0025668957,0.0010541072,0.0008122299,30,5,1,cstr
8.950000,0.0026019119,0.0010691597,0.0008240264,30,5,1,cstr
9.000000,0.0026373651,0.0010844108,0.0008359816,30,5,1,cstr
9.050000,0.0026732603,0.0010998630,0.0008480977,30,5,1,cstr
9.100000,0.0027096022,0.0011155185,0.0008603764,30,5,1,cstr
9.150000,0.0027463959,0.0011313799,0.0008728198,30,5,1,cstr
9.200000,0.0027836463,0.0011474496,0.0008854300,30,5,1,cstr
9.250000,0.0028213585,0.0011637300,0.0008982088,30,5,1,cstr
9.300000,0.0028595375,0.0011802237,0.0009111584,30,5,1,cstr
9.350000,0.0028981885,0.0011969332,0.0009242809,30,5,1,cstr
9.400000,0.0029373168,0.0012138610,0.0009375783,30,5,1,cstr
9.450000,0.0029769274,0.0012310096,0.0009510528,30,5,1,cstr
9.500000,0.0030170257,0.0012483818,0.0009647064,30,5,1,cstr
9.550000,0.0030576170,0.0012659801,0.0009785415,30,5,1,cstr
9.600000,0.0030987067,0.0012838072,0.0009925600,30,5,1,cstr
9.650000,0.0031403002,0.0013018657,0.0010067643,30,5,1,cstr
9.700000,0.0031824030,0.0013201585,0.0010211566,30,5,1,cstr
9.750000,0.0032250205,0.0013386881,0.0010357391,30,5,1,cstr
9.800000,0.0032681585,0.0013574574,0.0010505141,30,5,1,cstr
9.850000,0.0033118224,0.0013764692,0.0010654839,30,5,1,cstr
9.900000,0.0033560180,0.0013957263,0.0010806508,30,5,1,cstr
9.950000,0.0034007510,0.0014152315,0.0010960172,30,5,1,cstr
10.000000,0.0034460272,0.0014349878,0.0011115855,30,5,1,cstr
10.050000,0.0034918523,0.0014549980,0.0011273580,30,5,1,cstr
10.100000,0.0035382323,0.0014752650,0.0011433372,30,5,1,cstr
10.150000,0.0035851731,0.0014957919,0.0011595255,30,5,1,cstr
10.200000,0.0036326808,0.0015165816,0.0011759254,30,5,1,cstr
10.250000,0.0036807612,0.0015376371,0.0011925394,30,5,1,cstr
10.300000,0.0037294206,0.0015589615,0.0012093700,30,5,1,cstr
10.350000,0.0037786650,0.0015805580,0.0012264198,30,5,1,cstr
10.400000,0.0038285006,0.0016024295,0.0012436913,30,5,1,cstr
10.450000,0.0038789338,0.0016245793,0.0012611872,30,5,1,cstr
10.500000,0.0039299708,0.0016470105,0.0012789100,30,5,1,cstr
10.550000,0.0039816180,0.0016697263,0.0012968625,30,5,1,cstr
10.600000,0.0040338818,0.0016927300,0.0013150473,30,5,1,cstr
10.650000,0.0040867686,0.0017160249,0.0013334671,30,5,1,cstr
10.700000,0.0041402850,0.0017396142,0.0013521246,30,5,1,cstr
10.750000,0.0041944377,0.0017635012,0.0013710227,30,5,1,cstr
10.800000,0.0042492331,0.0017876895,0.0013901641,30,5,1,cstr
10.850000,0.0043046781,0.0018121822,0.0014095517,30,5,1,cstr
10.900000,0.0043607793,0.0018369830,0.0014291882,30,5,1,cstr
10.950000,0.0044175436,0.0018620952,0.0014490766,30,5,1,cstr
11.000000,0.0044749779,0.0018875223,0.0014692197,30,5,1,cstr
11.050000,0.0045330891,0.0019132679,0.0014896206,30,5,1,cstr
11.100000,0.0045918842,0.0019393356,0.0015102821,30,5,1,cstr
11.150000,0.0046513702,0.0019657289,0.0015312073,30,5,1,cstr
11.200000,0.0047115542,0.0019924514,0.0015523992,30,5,1,cstr
11.250000,0.0047724434,0.0020195070,0.0015738608,30,5,1,cstr
11.300000,0.0048340450,0.0020468991,0.0015955952,30,5,1,cstr
11.350000,0.0048963664,0.0020746317,0.0016176055,30,5,1,cstr
11.400000,0.0049594148,0.0021027084,0.0016398950,30,5,1,cstr
11.450000,0.0050231977,0.0021311331,0.0016624667,30,5,1,cstr
11.500000,0.0050877224,0.0021599097,0.0016853238,30,5,1,cstr
11.550000,0.0051529967,0.0021890419,0.0017084696,30,5,1,cstr
11.600000,0.0052190280,0.0022185337,0.0017319074,30,5,1,cstr
11.650000,0.0052858240,0.0022483892,0.0017556404,30,5,1,cstr
11.700000,0.0053533924,0.0022786121,0.0017796721,30,5,1,cstr
11.750000,0.0054217411,0.0023092067,0.0018040057,30,5,1,cstr
11.800000,0.0054908777,0.0023401769,0.0018286446,30,5,1,cstr
11.850000,0.0055608103,0.0023715269,0.0018535923,30,5,1,cstr
11.900000,0.0056315468,0.0024032608,0.0018788523,30,5,1,cstr
11.950000,0.0057030953,0.0024353828,0.0019044280,30,5,1,cstr
12.000000,0.0057754638,0.0024678971,0.0019303230,30,5,1,cstr
12.050000,0.0058486605,0.0025008079,0.0019565408,30,5,1,cstr
12.100000,0.0059226937,0.0025341196,0.0019830850,30,5,1,cstr
12.150000,0.0059975716,0.0025678365,0.0020099593,30,5,1,cstr
12.200000,0.0060733025,0.0026019629,0.0020371673,30,5,1,cstr
12.250000,0.0061498950,0.0026365033,0.0020647127,30,5,1,cstr
12.300000,0.0062273574,0.0026714622,0.0020925992,30,5,1,cstr
12.350000,0.0063056984,0.0027068439,0.0021208307,30,5,1,cstr
12.400000,0.0063849266,0.0027426531,0.0021494109,30,5,1,cstr
12.450000,0.0064650507,0.0027788944,0.0021783437,30,5,1,cstr
12.500000,0.0065460794,0.0028155722,0.0022076329,30,5,1,cstr
12.550000,0.0066280215,0.0028526914,0.0022372824,30,5,1,cstr
12.600000,0.0067108860,0.0028902565,0.0022672963,30,5,1,cstr
12.650000,0.0067946817,0.0029282724,0.0022976784,30,5,1,cstr
12.700000,0.0068794179,0.0029667439,0.0023284329,30,5,1,cstr
12.750000,0.0069651034,0.0030056756,0.0023595637,30,5,1,cstr
12.800000,0.0070517476,0.0030450726,0.0023910749,30,5,1,cstr
12.850000,0.0071393596,0.0030849397,0.0024229707,30,5,1,cstr
12.900000,0.0072279487,0.0031252818,0.0024552554,30,5,1,cstr
12.950000,0.0073175244,0.0031661040,0.0024879329,30,5,1,cstr
13.000000,0.0074080961,0.0032074114,0.0025210077,30,5,1,cstr
13.050000,0.0074996733,0.0032492089,0.0025544840,30,5,1,cstr
13.100000,0.0075922655,0.0032915017,0.0025883662,30,5,1,cstr
13.150000,0.0076858825,0.0033342950,0.0026226585,30,5,1,cstr
13.200000,0.0077805340,0.0033775940,0.0026573654,30,5,1,cstr
13.250000,0.0078762298,0.0034214040,0.0026924914,30,5,1,cstr
13.300000,0.0079729798,0.0034657303,0.0027280409,30,5,1,cstr
13.350000,0.0080707939,0.0035105782,0.0027640184,30,5,1,cstr
13.400000,0.0081696821,0.0035559531,0.0028004285,30,5,1,cstr
13.450000,0.0082696546,0.0036018604,0.0028372759,30,5,1,cstr
13.500000,0.0083707214,0.0036483058,0.0028745651,30,5,1,cstr
13.550000,0.0084728930,0.0036952946,0.0029123009,30,5,1,cstr
13.600000,0.0085761794,0.0037428325,0.0029504880,30,5,1,cstr
13.650000,0.0086805913,0.0037909251,0.0029891311,30,5,1,cstr
13.700000,0.0087861389,0.0038395781,0.0030282350,30,5,1,cstr
13.750000,0.0088928330,0.0038887972,0.0030678047,30,5,1,cstr
13.800000,0.0090006839,0.0039385882,0.0031078450,30,5,1,cstr
13.850000,0.0091097026,0.0039889569,0.0031483608,30,5,1,cstr
13.900000,0.0092198997,0.0040399091,0.0031893571,30,5,1,cstr
13.950000,0.0093312860,0.0040914509,0.0032308391,30,5,1,cstr
14.000000,0.0094438725,0.0041435881,0.0032728116,30,5,1,cstr
14.050000,0.0095576702,0.0041963268,0.0033152799,30,5,1,cstr
14.100000,0.0096726901,0.0042496731,0.0033582490,30,5,1,cstr
14.150000,0.0097889434,0.0043036330,0.0034017243,30,5,1,cstr
14.200000,0.0099064413,0.0043582128,0.0034457109,30,5,1,cstr
14.250000,0.0100251950,0.0044134186,0.0034902141,30,5,1,cstr
14.300000,0.0101452161,0.0044692567,0.0035352394,30,5,1,cstr
14.350000,0.0102665159,0.0045257334,0.0035807919,30,5,1,cstr
14.400000,0.0103891059,0.0045828552,0.0036268773,30,5,1,cstr
14.450000,0.0105129978,0.0046406283,0.0036735008,30,5,1,cstr
14.500000,0.0106382032,0.0046990594,0.0037206682,30,5,1,cstr
14.550000,0.0107647340,0.0047581548,0.0037683849,30,5,1,cstr
14.600000,0.0108926018,0.0048179213,0.0038166566,30,5,1,cstr
14.650000,0.0110218188,0.0048783654,0.0038654888,30,5,1,cstr
14.700000,0.0111523968,0.0049394938,0.0039148874,30,5,1,cstr
14.750000,0.0112843480,0.0050013132,0.0039648580,30,5,1,cstr
14.800000,0.0114176844,0.0050638304,0.0040154065,30,5,1,cstr
14.850000,0.0115524184,0.0051270523,0.0040665388,30,5,1,cstr
14.900000,0.0116885623,0.0051909858,0.0041182606,30,5,1,cstr
14.950000,0.0118261284,0.0052556377,0.0041705781,30,5,1,cstr
15.000000,0.0119651292,0.0053210152,0.0042234970,30,5,1,cstr
15.050000,0.0121055773,0.0053871253,0.0042770236,30,5,1,cstr
15.100000,0.0122474853,0.0054539750,0.0043311639,30,5,1,cstr
15.150000,0.0123908659,0.0055215715,0.0043859241,30,5,1,cstr
15.200000,0.0125357320,0.0055899222,0.0044413103,30,5,1,cstr
15.250000,0.0126820964,0.0056590341,0.0044973287,30,5,1,cstr
15.300000,0.0128299720,0.0057289148,0.0045539858,30,5,1,cstr
15.350000,0.0129793720,0.0057995715,0.0046112877,30,5,1,cstr
15.400000,0.0131303093,0.0058710117,0.0046692410,30,5,1,cstr
15.450000,0.0132827973,0.0059432429,0.0047278521,30,5,1,cstr
15.500000,0.0134368492,0.0060162727,0.0047871274,30,5,1,cstr
15.550000,0.0135924784,0.0060901086,0.0048470735,30,5,1,cstr
15.600000,0.0137496982,0.0061647585,0.0049076970,30,5,1,cstr
15.650000,0.0139085224,0.0062402299,0.0049690046,30,5,1,cstr
15.700000,0.0140689643,0.0063165307,0.0050310030,30,5,1,cstr
15.750000,0.0142310378,0.0063936687,0.0050936989,30,5,1,cstr
15.800000,0.0143947566,0.0064716518,0.0051570992,30,5,1,cstr
15.850000,0.0145601346,0.0065504880,0.0052212107,30,5,1,cstr
15.900000,0.0147271857,0.0066301853,0.0052860403,30,5,1,cstr
15.950000,0.0148959239,0.0067107518,0.0053515950,30,5,1,cstr
16.000000,0.0150663634,0.0067921956,0.0054178819,30,5,1,cstr
16.050000,0.0152385182,0.0068745250,0.0054849080,30,5,1,cstr
16.100000,0.0154124028,0.0069577481,0.0055526804,30,5,1,cstr
16.150000,0.0155880313,0.0070418733,0.0056212064,30,5,1,cstr
16.200000,0.0157654183,0.0071269090,0.0056904931,30,5,1,cstr
16.250000,0.0159445783,0.0072128636,0.0057605479,30,5,1,cstr
16.300000,0.0161255259,0.0072997456,0.0058313782,30,5,1,cstr
16.350000,0.0163082757,0.0073875636,0.0059029913,30,5,1,cstr
16.400000,0.0164928425,0.0074763262,0.0059753948,30,5,1,cstr
16.450000,0.0166792411,0.0075660420,0.0060485961,30,5,1,cstr
16.500000,0.0168674866,0.0076567199,0.0061226028,30,5,1,cstr
16.550000,0.0170575938,0.0077483685,0.0061974226,30,5,1,cstr
16.600000,0.0172495780,0.0078409969,0.0062730631,30,5,1,cstr
16.650000,0.0174434542,0.0079346138,0.0063495321,30,5,1,cstr
16.700000,0.0176392377,0.0080292284,0.0064268375,30,5,1,cstr
16.750000,0.0178369439,0.0081248495,0.0065049870,30,5,1,cstr
16.800000,0.0180365881,0.0082214865,0.0065839886,30,5,1,cstr
16.850000,0.0182381860,0.0083191484,0.0066638503,30,5,1,cstr
16.900000,0.0184417530,0.0084178445,0.0067445802,30,5,1,cstr
16.950000,0.0186473049,0.0085175840,0.0068261862,30,5,1,cstr
17.000000,0.0188548574,0.0086183764,0.0069086767,30,5,1,cstr
17.050000,0.0190644263,0.0087202311,0.0069920597,30,5,1,cstr
17.100000,0.0192760277,0.0088231576,0.0070763436,30,5,1,cstr
17.150000,0.0194896773,0.0089271654,0.0071615368,30,5,1,cstr
17.200000,0.0197053915,0.0090322641,0.0072476475,30,5,1,cstr
17.250000,0.0199231862,0.0091384635,0.0073346843,30,5,1,cstr
17.300000,0.0201430779,0.0092457733,0.0074226556,30,5,1,cstr
17.350000,0.0203650827,0.0093542033,0.0075115701,30,5,1,cstr
17.400000,0.0205892171,0.0094637634,0.0076014364,30,5,1,cstr
17.450000,0.0208154977,0.0095744635,0.0076922631,30,5,1,cstr
17.500000,0.0210439409,0.0096863136,0.0077840591,30,5,1,cstr
17.550000,0.0212745634,0.0097993239,0.0078768332,30,5,1,cstr
17.600000,0.0215073821,0.0099135045,0.0079705942,30,5,1,cstr
17.650000,0.0217424136,0.0100288655,0.0080653510,30,5,1,cstr
17.700000,0.0219796749,0.0101454172,0.0081611128,30,5,1,cstr
17.750000,0.0222191830,0.0102631701,0.0082578884,30,5,1,cstr
17.800000,0.0224609550,0.0103821344,0.0083556872,30,5,1,cstr
17.850000,0.0227050079,0.0105023206,0.0084545182,30,5,1,cstr
17.900000,0.0229513591,0.0106237394,0.0085543907,30,5,1,cstr
17.950000,0.0232000258,0.0107464013,0.0086553140,30,5,1,cstr
18.000000,0.0234510253,0.0108703169,0.0087572975,30,5,1,cstr
18.050000,0.0237043753,0.0109954971,0.0088603507,30,5,1,cstr
18.100000,0.0239600931,0.0111219525,0.0089644830,30,5,1,cstr
18.150000,0.0242181965,0.0112496941,0.0090697040,30,5,1,cstr
18.200000,0.0244787031,0.0113787329,0.0091760234,30,5,1,cstr
18.250000,0.0247416307,0.0115090798,0.0092834508,30,5,1,cstr
18.300000,0.0250069972,0.0116407459,0.0093919960,30,5,1,cstr
18.350000,0.0252748205,0.0117737423,0.0095016689,30,5,1,cstr
18.400000,0.0255451187,0.0119080803,0.0096124792,30,5,1,cstr
18.450000,0.0258179097,0.0120437711,0.0097244370,30,5,1,cstr
18.500000,0.0260932119,0.0121808260,0.0098375522,30,5,1,cstr
18.550000,0.0263710434,0.0123192566,0.0099518350,30,5,1,cstr
18.600000,0.0266514225,0.0124590742,0.0100672955,30,5,1,cstr
18.650000,0.0269343678,0.0126002904,0.0101839440,30,5,1,cstr
18.700000,0.0272198976,0.0127429169,0.0103017906,30,5,1,cstr
18.750000,0.0275080305,0.0128869652,0.0104208457,30,5,1,cstr
18.800000,0.0277987851,0.0130324473,0.0105411198,30,5,1,cstr
18.850000,0.0280921802,0.0131793748,0.0106626233,30,5,1,cstr
18.900000,0.0283882344,0.0133277597,0.0107853667,30,5,1,cstr
18.950000,0.0286869668,0.0134776139,0.0109093606,30,5,1,cstr
19.000000,0.0289883962,0.0136289495,0.0110346158,30,5,1,cstr
19.050000,0.0292925415,0.0137817785,0.0111611430,30,5,1,cstr
19.100000,0.0295994220,0.0139361132,0.0112889529,30,5,1,cstr
19.150000,0.0299090567,0.0140919657,0.0114180564,30,5,1,cstr
19.200000,0.0302214648,0.0142493484,0.0115484645,30,5,1,cstr
19.250000,0.0305366657,0.0144082736,0.0116801882,30,5,1,cstr
19.300000,0.0308546787,0.0145687538,0.0118132385,30,5,1,cstr
19.350000,0.0311755233,0.0147308015,0.0119476265,30,5,1,cstr
19.400000,0.0314992189,0.0148944292,0.0120833636,30,5,1,cstr
19.450000,0.0318257851,0.0150596496,0.0122204609,30,5,1,cstr
19.500000,0.0321552416,0.0152264754,0.0123589297,30,5,1,cstr
19.550000,0.0324876081,0.0153949195,0.0124987816,30,5,1,cstr
19.600000,0.0328229044,0.0155649946,0.0126400279,30,5,1,cstr
19.650000,0.0331611504,0.0157367136,0.0127826802,30,5,1,cstr
19.700000,0.0335023659,0.0159100897,0.0129267501,30,5,1,cstr
19.750000,0.0338465709,0.0160851358,0.0130722493,30,5,1,cstr
19.800000,0.0341937855,0.0162618650,0.0132191895,30,5,1,cstr
19.850000,0.0345440299,0.0164402906,0.0133675826,30,5,1,cstr
19.900000,0.0348973241,0.0166204258,0.0135174403,30,5,1,cstr
19.950000,0.0352536886,0.0168022840,0.0136687747,30,5,1,cstr
20.000000,0.0356131434,0.0169858785,0.0138215977,30,5,1,cstr
20.050000,0.0359757092,0.0171712229,0.0139759215,30,5,1,cstr
20.100000,0.0363414062,0.0173583307,0.0141317582,30,5,1,cstr
20.150000,0.0367102551,0.0175472154,0.0142891200,30,5,1,cstr
20.200000,0.0370822763,0.0177378909,0.0144480192,30,5,1,cstr
20.250000,0.0374574905,0.0179303707,0.0146084681,30,5,1,cstr
20.300000,0.0378359184,0.0181246688,0.0147704792,30,5,1,cstr
20.350000,0.0382175807,0.0183207990,0.0149340650,30,5,1,cstr
20.400000,0.0386024983,0.0185187753,0.0150992380,30,5,1,cstr
20.450000,0.0389906920,0.0187186117,0.0152660108,30,5,1,cstr
20.500000,0.0393821827,0.0189203222,0.0154343961,30,5,1,cstr
20.550000,0.0397769915,0.0191239212,0.0156044067,30,5,1,cstr
20.600000,0.0401751393,0.0193294226,0.0157760555,30,5,1,cstr
20.650000,0.0405766472,0.0195368410,0.0159493552,30,5,1,cstr
20.700000,0.0409815364,0.0197461906,0.0161243190,30,5,1,cstr
20.750000,0.0413898281,0.0199574858,0.0163009597,30,5,1,cstr
20.800000,0.0418015436,0.0201707411,0.0164792906,30,5,1,cstr
20.850000,0.0422167042,0.0203859712,0.0166593248,30,5,1,cstr
20.900000,0.0426353311,0.0206031907,0.0168410755,30,5,1,cstr
20.950000,0.0430574459,0.0208224141,0.0170245560,30,5,1,cstr
21.000000,0.0434830700,0.0210436564,0.0172097797,30,5,1,cstr
21.050000,0.0439122249,0.0212669323,0.0173967601,30,5,1,cstr
21.100000,0.0443449322,0.0214922567,0.0175855106,30,5,1,cstr
21.150000,0.0447812134,0.0217196446,0.0177760449,30,5,1,cstr
21.200000,0.0452210903,0.0219491111,0.0179683765,30,5,1,cstr
21.250000,0.0456645845,0.0221806711,0.0181625192,30,5,1,cstr
21.300000,0.0461117178,0.0224143400,0.0183584868,30,5,1,cstr
21.350000,0.0465625119,0.0226501328,0.0185562931,30,5,1,cstr
21.400000,0.0470169887,0.0228880650,0.0187559520,30,5,1,cstr
21.450000,0.0474751701,0.0231281518,0.0189574775,30,5,1,cstr
21.500000,0.0479370779,0.0233704086,0.0191608837,30,5,1,cstr
21.550000,0.0484027342,0.0236148511,0.0193661847,30,5,1,cstr
21.600000,0.0488721609,0.0238614946,0.0195733946,30,5,1,cstr
21.650000,0.0493453801,0.0241103549,0.0197825277,30,5,1,cstr
21.700000,0.0498224138,0.0243614476,0.0199935983,30,5,1,cstr
21.750000,0.0503032841,0.0246147885,0.0202066208,30,5,1,cstr
21.800000,0.0507880133,0.0248703933,0.0204216097,30,5,1,cstr
21.850000,0.0512766234,0.0251282779,0.0206385794,30,5,1,cstr
21.900000,0.0517691366,0.0253884583,0.0208575446,30,5,1,cstr
21.950000,0.0522655753,0.0256509504,0.0210785199,30,5,1,cstr
22.000000,0.0527659617,0.0259157704,0.0213015200,30,5,1,cstr
22.050000,0.0532703180,0.0261829342,0.0215265596,30,5,1,cstr
22.100000,0.0537786667,0.0264524582,0.0217536537,30,5,1,cstr
22.150000,0.0542910301,0.0267243585,0.0219828171,30,5,1,cstr
22.200000,0.0548074305,0.0269986515,0.0222140648,30,5,1,cstr
22.250000,0.0553278904,0.0272753535,0.0224474118,30,5,1,cstr
22.300000,0.0558524322,0.0275544809,0.0226828733,30,5,1,cstr
22.350000,0.0563810784,0.0278360502,0.0229204644,30,5,1,cstr
22.400000,0.0569138515,0.0281200780,0.0231602004,30,5,1,cstr
22.450000,0.0574507740,0.0284065808,0.0234020965,30,5,1,cstr
22.500000,0.0579918683,0.0286955754,0.0236461680,30,5,1,cstr
22.550000,0.0585371571,0.0289870783,0.0238924305,30,5,1,cstr
22.600000,0.0590866628,0.0292811065,0.0241408994,30,5,1,cstr
22.650000,0.0596404082,0.0295776768,0.0243915903,30,5,1,cstr
22.700000,0.0601984157,0.0298768060,0.0246445187,30,5,1,cstr
22.750000,0.0607607079,0.0301785110,0.0248997004,30,5,1,cstr
22.800000,0.0613273076,0.0304828090,0.0251571510,30,5,1,cstr
22.850000,0.0618982372,0.0307897168,0.0254168864,30,5,1,cstr
22.900000,0.0624735195,0.0310992518,0.0256789225,30,5,1,cstr
22.950000,0.0630531771,0.0314114310,0.0259432750,30,5,1,cstr
23.000000,0.0636372326,0.0317262716,0.0262099601,30,5,1,cstr
23.050000,0.0642257088,0.0320437910,0.0264789938,30,5,1,cstr
23.100000,0.0648186282,0.0323640064,0.0267503922,30,5,1,cstr
23.150000,0.0654160135,0.0326869353,0.0270241714,30,5,1,cstr
23.200000,0.0660178875,0.0330125951,0.0273003476,30,5,1,cstr
23.250000,0.0666242727,0.0333410032,0.0275789372,30,5,1,cstr
23.300000,0.0672351919,0.0336721773,0.0278599565,30,5,1,cstr
23.350000,0.0678506676,0.0340061348,0.0281434219,30,5,1,cstr
23.400000,0.0684707227,0.0343428936,0.0284293497,30,5,1,cstr
23.450000,0.0690953796,0.0346824711,0.0287177567,30,5,1,cstr
23.500000,0.0697246612,0.0350248853,0.0290086592,30,5,1,cstr
23.550000,0.0703585899,0.0353701538,0.0293020740,30,5,1,cstr
23.600000,0.0709971885,0.0357182946,0.0295980178,30,5,1,cstr
23.650000,0.0716404796,0.0360693255,0.0298965072,30,5,1,cstr
23.700000,0.0722884857,0.0364232644,0.0301975591,30,5,1,cstr
23.750000,0.0729412295,0.0367801293,0.0305011903,30,5,1,cstr
23.800000,0.0735987335,0.0371399382,0.0308074178,30,5,1,cstr
23.850000,0.0742610203,0.0375027093,0.0311162585,30,5,1,cstr
23.900000,0.0749281125,0.0378684606,0.0314277294,30,5,1,cstr
23.950000,0.0756000325,0.0382372103,0.0317418475,30,5,1,cstr
24.000000,0.0762768029,0.0386089766,0.0320586301,30,5,1,cstr
24.050000,0.0769584462,0.0389837777,0.0323780943,30,5,1,cstr
24.100000,0.0776449847,0.0393616320,0.0327002573,30,5,1,cstr
24.150000,0.0783364409,0.0397425577,0.0330251363,30,5,1,cstr
24.200000,0.0790328373,0.0401265733,0.0333527488,30,5,1,cstr
24.250000,0.0797341961,0.0405136971,0.0336831122,30,5,1,cstr
24.300000,0.0804405397,0.0409039476,0.0340162437,30,5,1,cstr
24.350000,0.0811518904,0.0412973432,0.0343521610,30,5,1,cstr
24.400000,0.0818682705,0.0416939026,0.0346908815,30,5,1,cstr
24.450000,0.0825897021,0.0420936442,0.0350324229,30,5,1,cstr
24.500000,0.0833162076,0.0424965867,0.0353768027,30,5,1,cstr
24.550000,0.0840478090,0.0429027488,0.0357240387,30,5,1,cstr
24.600000,0.0847845284,0.0433121489,0.0360741485,30,5,1,cstr
24.650000,0.0855263879,0.0437248060,0.0364271500,30,5,1,cstr
24.700000,0.0862734095,0.0441407387,0.0367830608,30,5,1,cstr
24.750000,0.0870256153,0.0445599658,0.0371418990,30,5,1,cstr
24.800000,0.0877830270,0.0449825061,0.0375036824,30,5,1,cstr
24.850000,0.0885456666,0.0454083784,0.0378684289,30,5,1,cstr
24.900000,0.0893135560,0.0458376015,0.0382361566,30,5,1,cstr
24.950000,0.0900867168,0.0462701945,0.0386068835,30,5,1,cstr
25.000000,0.0908651708,0.0467061762,0.0389806276,30,5,1,cstr
25.050000,0.0916489396,0.0471455655,0.0393574070,30,5,1,cstr
25.100000,0.0924380448,0.0475883815,0.0397372400,30,5,1,cstr
25.150000,0.0932325080,0.0480346431,0.0401201447,30,5,1,cstr
25.200000,0.0940323505,0.0484843694,0.0405061393,30,5,1,cstr
25.250000,0.0948375939,0.0489375794,0.0408952422,30,5,1,cstr
25.300000,0.0956482595,0.0493942921,0.0412874716,30,5,1,cstr
25.350000,0.0964643684,0.0498545268,0.0416828459,30,5,1,cstr
25.400000,0.0972859420,0.0503183025,0.0420813835,30,5,1,cstr
25.450000,0.0981130013,0.0507856383,0.0424831028,30,5,1,cstr
25.500000,0.0989455673,0.0512565534,0.0428880222,30,5,1,cstr
25.550000,0.0997836611,0.0517310670,0.0432961603,30,5,1,cstr
25.600000,0.1006273035,0.0522091983,0.0437075355,30,5,1,cstr
25.650000,0.1014765154,0.0526909665,0.0441221665,30,5,1,cstr
25.700000,0.1023313174,0.0531763909,0.0445400718,30,5,1,cstr
25.750000,0.1031917302,0.0536654906,0.0449612701,30,5,1,cstr
25.800000,0.1040577744,0.0541582849,0.0453857799,30,5,1,cstr
25.850000,0.1049294704,0.0546547931,0.0458136200,30,5,1,cstr
25.900000,0.1058068386,0.0551550345,0.0462448091,30,5,1,cstr
25.950000,0.1066898992,0.0556590284,0.0466793660,30,5,1,cstr
26.000000,0.1075786726,0.0561667940,0.0471173093,30,5,1,cstr
26.050000,0.1084731787,0.0566783507,0.0475586578,30,5,1,cstr
26.100000,0.1093734375,0.0571937179,0.0480034305,30,5,1,cstr
26.150000,0.1102794690,0.0577129148,0.0484516461,30,5,1,cstr
26.200000,0.1111912929,0.0582359607,0.0489033235,30,5,1,cstr
26.250000,0.1121089290,0.0587628751,0.0493584816,30,5,1,cstr
26.300000,0.1130323967,0.0592936772,0.0498171393,30,5,1,cstr
26.350000,0.1139617156,0.0598283864,0.0502793155,30,5,1,cstr
26.400000,0.1148969050,0.0603670220,0.0507450292,30,5,1,cstr
26.450000,0.1158379841,0.0609096034,0.0512142993,30,5,1,cstr
26.500000,0.1167849721,0.0614561499,0.0516871449,30,5,1,cstr
26.550000,0.1177378881,0.0620066809,0.0521635849,30,5,1,cstr
26.600000,0.1186967508,0.0625612157,0.0526436383,30,5,1,cstr
26.650000,0.1196615790,0.0631197736,0.0531273243,30,5,1,cstr
26.700000,0.1206323914,0.0636823740,0.0536146618,30,5,1,cstr
26.750000,0.1216092066,0.0642490361,0.0541056699,30,5,1,cstr
26.800000,0.1225920428,0.0648197793,0.0546003677,30,5,1,cstr
26.850000,0.1235809184,0.0653946230,0.0550987743,30,5,1,cstr
26.900000,0.1245758514,0.0659735863,0.0556009088,30,5,1,cstr
26.950000,0.1255768600,0.0665566886,0.0561067902,30,5,1,cstr
27.000000,0.1265839618,0.0671439491,0.0566164378,30,5,1,cstr
27.050000,0.1275971747,0.0677353871,0.0571298706,30,5,1,cstr
27.100000,0.1286165162,0.0683310218,0.0576471077,30,5,1,cstr
27.150000,0.1296420037,0.0689308725,0.0581681683,30,5,1,cstr
27.200000,0.1306736545,0.0695349584,0.0586930716,30,5,1,cstr
27.250000,0.1317114857,0.0701432986,0.0592218367,30,5,1,cstr
27.300000,0.1327555144,0.0707559123,0.0597544827,30,5,1,cstr
27.350000,0.1338057573,0.0713728186,0.0602910287,30,5,1,cstr
27.400000,0.1348622312,0.0719940367,0.0608314940,30,5,1,cstr
27.450000,0.1359249525,0.0726195857,0.0613758976,30,5,1,cstr
27.500000,0.1369939376,0.0732494846,0.0619242588,30,5,1,cstr
27.550000,0.1380692028,0.0738837525,0.0624765965,30,5,1,cstr
27.600000,0.1391507639,0.0745224084,0.0630329301,30,5,1,cstr
27.650000,0.1402386370,0.0751654713,0.0635932786,30,5,1,cstr
27.700000,0.1413328376,0.0758129601,0.0641576611,30,5,1,cstr
27.750000,0.1424333814,0.0764648938,0.0647260967,30,5,1,cstr
27.800000,0.1435402836,0.0771212912,0.0652986046,30,5,1,cstr
27.850000,0.1446535595,0.0777821712,0.0658752038,30,5,1,cstr
27.900000,0.1457732240,0.0784475527,0.0664559135,30,5,1,cstr
27.950000,0.1468992920,0.0791174543,0.0670407526,30,5,1,cstr
28.000000,0.1480317781,0.0797918949,0.0676297403,30,5,1,cstr
28.050000,0.1491706968,0.0804708930,0.0682228956,30,5,1,cstr
28.100000,0.1503160623,0.0811544675,0.0688202375,30,5,1,cstr
28.150000,0.1514678886,0.0818426369,0.0694217850,30,5,1,cstr
28.200000,0.1526261898,0.0825354197,0.0700275571,30,5,1,cstr
28.250000,0.1537909794,0.0832328345,0.0706375727,30,5,1,cstr
28.300000,0.1549622709,0.0839348998,0.0712518509,30,5,1,cstr
28.350000,0.1561400778,0.0846416339,0.0718704105,30,5,1,cstr
28.400000,0.1573244129,0.0853530553,0.0724932704,30,5,1,cstr
28.450000,0.1585152893,0.0860691823,0.0731204495,30,5,1,cstr
28.500000,0.1597127196,0.0867900331,0.0737519667,30,5,1,cstr
28.550000,0.1609167163,0.0875156260,0.0743878407,30,5,1,cstr
28.600000,0.1621272917,0.0882459790,0.0750280903,30,5,1,cstr
28.650000,0.1633444577,0.0889811104,0.0756727344,30,5,1,cstr
28.700000,0.1645682263,0.0897210380,0.0763217915,30,5,1,cstr
28.750000,0.1657986091,0.0904657800,0.0769752805,30,5,1,cstr
28.800000,0.1670356174,0.0912153542,0.0776332199,30,5,1,cstr
28.850000,0.1682792625,0.0919697784,0.0782956284,30,5,1,cstr
28.900000,0.1695295553,0.0927290705,0.0789625246,30,5,1,cstr
28.950000,0.1707865064,0.0934932481,0.0796339269,30,5,1,cstr
29.000000,0.1720501265,0.0942623288,0.0803098540,30,5,1,cstr
29.050000,0.1733204258,0.0950363303,0.0809903242,30,5,1,cstr
29.100000,0.1745974143,0.0958152701,0.0816753560,30,5,1,cstr
29.150000,0.1758811018,0.0965991655,0.0823649678,30,5,1,cstr
29.200000,0.1771714978,0.0973880340,0.0830591778,30,5,1,cstr
29.250000,0.1784686117,0.0981818927,0.0837580044,30,5,1,cstr
29.300000,0.1797724526,0.0989807589,0.0844614657,30,5,1,cstr
29.350000,0.1810830292,0.0997846497,0.0851695800,30,5,1,cstr
29.400000,0.1824003502,0.1005935821,0.0858823653,30,5,1,cstr
29.450000,0.1837244239,0.1014075730,0.0865998399,30,5,1,cstr
29.500000,0.1850552583,0.1022266394,0.0873220215,30,5,1,cstr
29.550000,0.1863928613,0.1030507979,0.0880489283,30,5,1,cstr
29.600000,0.1877372404,0.1038800653,0.0887805781,30,5,1,cstr
29.650000,0.1890884029,0.1047144581,0.0895169888,30,5,1,cstr
29.700000,0.1904463560,0.1055539929,0.0902581781,30,5,1,cstr
29.750000,0.1918111063,0.1063986860,0.0910041638,30,5,1,cstr
29.800000,0.1931826603,0.1072485538,0.0917549635,30,5,1,cstr
29.850000,0.1945610243,0.1081036125,0.0925105948,30,5,1,cstr
29.900000,0.1959462044,0.1089638781,0.0932710753,30,5,1,cstr
29.950000,0.1973382060,0.1098293667,0.0940364223,30,5,1,cstr
30.000000,0.1987370348,0.1107000942,0.0948066533,30,5,1,cstr
30.050000,0.2001426958,0.1115760764,0.0955817856,30,5,1,cstr
30.100000,0.2015551939,0.1124573290,0.0963618363,30,5,1,cstr
30.150000,0.2029745336,0.1133438675,0.0971468228,30,5,1,cstr
30.200000,0.2044007194,0.1142357076,0.0979367620,30,5,1,cstr
30.250000,0.2058337551,0.1151328644,0.0987316709,30,5,1,cstr
30.300000,0.2072736444,0.1160353534,0.0995315666,30,5,1,cstr
30.350000,0.2087203909,0.1169431895,0.1003364657,30,5,1,cstr
30.400000,0.2101739976,0.1178563879,0.1011463852,30,5,1,cstr
30.450000,0.2116344674,0.1187749635,0.1019613417,30,5,1,cstr
30.500000,0.2131018028,0.1196989310,0.1027813517,30,5,1,cstr
30.550000,0.2145760061,0.1206283051,0.1036064318,30,5,1,cstr
30.600000,0.2160570791,0.1215631004,0.1044365983,30,5,1,cstr
30.650000,0.2175450235,0.1225033312,0.1052718677,30,5,1,cstr
30.700000,0.2190398406,0.1234490118,0.1061122561,30,5,1,cstr
30.750000,0.2205415315,0.1244001564,0.1069577796,30,5,1,cstr
30.800000,0.2220500968,0.1253567791,0.1078084544,30,5,1,cstr
30.850000,0.2235655369,0.1263188937,0.1086642963,30,5,1,cstr
30.900000,0.2250878519,0.1272865140,0.1095253212,30,5,1,cstr
30.950000,0.2266170415,0.1282596535,0.1103915447,30,5,1,cstr
31.000000,0.2281531052,0.1292383259,0.1112629827,30,5,1,cstr
31.050000,0.2296960421,0.1302225444,0.1121396505,30,5,1,cstr
31.100000,0.2312458509,0.1312123222,0.1130215637,30,5,1,cstr
31.150000,0.2328025300,0.1322076725,0.1139087374,30,5,1,cstr
31.200000,0.2343660777,0.1332086080,0.1148011870,30,5,1,cstr
31.250000,0.2359364918,0.1342151417,0.1156989275,30,5,1,cstr
31.300000,0.2375137696,0.1352272860,0.1166019740,30,5,1,cstr
31.350000,0.2390979083,0.1362450535,0.1175103411,30,5,1,cstr
31.400000,0.2406889047,0.1372684565,0.1184240439,30,5,1,cstr
31.450000,0.2422867552,0.1382975072,0.1193430967,30,5,1,cstr
31.500000,0.2438914560,0.1393322175,0.1202675142,30,5,1,cstr
31.550000,0.2455030028,0.1403725993,0.1211973108,30,5,1,cstr
31.600000,0.2471213911,0.1414186643,0.1221325006,30,5,1,cstr
31.650000,0.2487466158,0.1424704240,0.1230730979,30,5,1,cstr
31.700000,0.2503786718,0.1435278898,0.1240191167,30,5,1,cstr
31.750000,0.2520175533,0.1445910728,0.1249705708,30,5,1,cstr
31.800000,0.2536632545,0.1456599842,0.1259274739,30,5,1,cstr
31.850000,0.2553157689,0.1467346347,0.1268898398,30,5,1,cstr
31.900000,0.2569750900,0.1478150350,0.1278576819,30,5,1,cstr
31.950000,0.2586412105,0.1489011957,0.1288310135,30,5,1,cstr
32.000000,0.2603141232,0.1499931271,0.1298098478,30,5,1,cstr
32.050000,0.2619938201,0.1510908393,0.1307941980,30,5,1,cstr
32.100000,0.2636802933,0.1521943424,0.1317840768,30,5,1,cstr
32.150000,0.2653735341,0.1533036462,0.1327794972,30,5,1,cstr
32.200000,0.2670735337,0.1544187602,0.1337804718,30,5,1,cstr
32.250000,0.2687802829,0.1555396939,0.1347870130,30,5,1,cstr
32.300000,0.2704937720,0.1566664566,0.1357991332,30,5,1,cstr
32.350000,0.2722139910,0.1577990573,0.1368168446,30,5,1,cstr
32.400000,0.2739409296,0.1589375049,0.1378401592,30,5,1,cstr
32.450000,0.2756745770,0.1600818081,0.1388690889,30,5,1,cstr
32.500000,0.2774149221,0.1612319754,0.1399036454,30,5,1,cstr
32.550000,0.2791619533,0.1623880150,0.1409438403,30,5,1,cstr
32.600000,0.2809156588,0.1635499351,0.1419896851,30,5,1,cstr
32.650000,0.2826760264,0.1647177436,0.1430411909,30,5,1,cstr
32.700000,0.2844430432,0.1658914481,0.1440983688,30,5,1,cstr
32.750000,0.2862166964,0.1670710562,0.1451612298,30,5,1,cstr
32.800000,0.2879969724,0.1682565751,0.1462297847,30,5,1,cstr
32.850000,0.2897838575,0.1694480120,0.1473040439,30,5,1,cstr
32.900000,0.2915773374,0.1706453737,0.1483840180,30,5,1,cstr
32.950000,0.2933773975,0.1718486668,0.1494697171,30,5,1,cstr
33.000000,0.2951840227,0.1730578979,0.1505611514,30,5,1,cstr
33.050000,0.2969971978,0.1742730731,0.1516583306,30,5,1,cstr
33.100000,0.2988169068,0.1754941986,0.1527612646,30,5,1,cstr
33.150000,0.3006431336,0.1767212800,0.1538699629,30,5,1,cstr
33.200000,0.3024758615,0.1779543231,0.1549844348,30,5,1,cstr
33.250000,0.3043150737,0.1791933331,0.1561046895,30,5,1,cstr
33.300000,0.3061607525,0.1804383152,0.1572307359,30,5,1,cstr
33.350000,0.3080128803,0.1816892743,0.1583625829,30,5,1,cstr
33.400000,0.3098714387,0.1829462152,0.1595002391,30,5,1,cstr
33.450000,0.3117364093,0.1842091423,0.1606437128,30,5,1,cstr
33.500000,0.3136077728,0.1854780598,0.1617930124,30,5,1,cstr
33.550000,0.3154855100,0.1867529717,0.1629481458,30,5,1,cstr
33.600000,0.3173696008,0.1880338819,0.1641091208,30,5,1,cstr
33.650000,0.3192600250,0.1893207938,0.1652759452,30,5,1,cstr
33.700000,0.3211567620,0.1906137108,0.1664486263,30,5,1,cstr
33.750000,0.3230597906,0.1919126358,0.1676271714,30,5,1,cstr
33.800000,0.3249690892,0.1932175718,0.1688115875,30,5,1,cstr
33.850000,0.3268846360,0.1945285213,0.1700018814,30,5,1,cstr
33.900000,0.3288064086,0.1958454867,0.1711980597,30,5,1,cstr
33.950000,0.3307343842,0.1971684699,0.1724001289,30,5,1,cstr
34.000000,0.3326685396,0.1984974730,0.1736080951,30,5,1,cstr
34.050000,0.3346088512,0.1998324974,0.1748219644,30,5,1,cstr
34.100000,0.3365552948,0.2011735445,0.1760417425,30,5,1,cstr
34.150000,0.3385078461,0.2025206155,0.1772674350,30,5,1,cstr
34.200000,0.3404664802,0.2038737110,0.1784990471,30,5,1,cstr
34.250000,0.3424311716,0.2052328318,0.1797365841,30,5,1,cstr
34.300000,0.3444018947,0.2065979781,0.1809800507,30,5,1,cstr
34.350000,0.3463786233,0.2079691499,0.1822294518,30,5,1,cstr
34.400000,0.3483613307,0.2093463472,0.1834847917,30,5,1,cstr
34.450000,0.3503499900,0.2107295694,0.1847460746,30,5,1,cstr
34.500000,0.3523445736,0.2121188158,0.1860133046,30,5,1,cstr
34.550000,0.3543450536,0.2135140854,0.1872864854,30,5,1,cstr
34.600000,0.3563514018,0.2149153770,0.1885656206,30,5,1,cstr
34.650000,0.3583635893,0.2163226889,0.1898507134,30,5,1,cstr
34.700000,0.3603815870,0.2177360195,0.1911417669,30,5,1,cstr
34.750000,0.3624053652,0.2191553666,0.1924387839,30,5,1,cstr
34.800000,0.3644348938,0.2205807279,0.1937417670,30,5,1,cstr
34.850000,0.3664701424,0.2220121008,0.1950507185,30,5,1,cstr
34.900000,0.3685110800,0.2234494823,0.1963656407,30,5,1,cstr
34.950000,0.3705576752,0.2248928693,0.1976865352,30,5,1,cstr
35.000000,0.3726098962,0.2263422584,0.1990134038,30,5,1,cstr
35.050000,0.3746677108,0.2277976457,0.2003462478,30,5,1,cstr
35.100000,0.3767310863,0.2292590272,0.2016850682,30,5,1,cstr
35.150000,0.3787999895,0.2307263987,0.2030298661,30,5,1,cstr
35.200000,0.3808743870,0.2321997556,0.2043806419,30,5,1,cstr
35.250000,0.3829542446,0.2336790929,0.2057373961,30,5,1,cstr
35.300000,0.3850395279,0.2351644055,0.2071001287,30,5,1,cstr
35.350000,0.3871302022,0.2366556878,0.2084688397,30,5,1,cstr
35.400000,0.3892262320,0.2381529343,0.2098435285,30,5,1,cstr
35.450000,0.3913275815,0.2396561387,0.2112241945,30,5,1,cstr
35.500000,0.3934342147,0.2411652948,0.2126108368,30,5,1,cstr
35.550000,0.3955460948,0.2426803958,0.2140034541,30,5,1,cstr
35.600000,0.3976631848,0.2442014350,0.2154020451,30,5,1,cstr
35.650000,0.3997854472,0.2457284049,0.2168066079,30,5,1,cstr
35.700000,0.4019128439,0.2472612981,0.2182171406,30,5,1,cstr
35.750000,0.4040453367,0.2488001067,0.2196336408,30,5,1,cstr
35.800000,0.4061828866,0.2503448225,0.2210561062,30,5,1,cstr
35.850000,0.4083254544,0.2518954372,0.2224845337,30,5,1,cstr
35.900000,0.4104730003,0.2534519418,0.2239189204,30,5,1,cstr
35.950000,0.4126254842,0.2550143275,0.2253592629,30,5,1,cstr
36.000000,0.4147828655,0.2565825847,0.2268055574,30,5,1,cstr
36.050000,0.4169451032,0.2581567038,0.2282578002,30,5,1,cstr
36.100000,0.4191121558,0.2597366748,0.2297159869,30,5,1,cstr
36.150000,0.4212839813,0.2613224873,0.2311801131,30,5,1,cstr
36.200000,0.4234605374,0.2629141307,0.2326501741,30,5,1,cstr
36.250000,0.4256417813,0.2645115942,0.2341261647,30,5,1,cstr
36.300000,0.4278276699,0.2661148663,0.2356080795,30,5,1,cstr
36.350000,0.4300181593,0.2677239356,0.2370959131,30,5,1,cstr
36.400000,0.4322132055,0.2693387901,0.2385896594,30,5,1,cstr
36.450000,0.4344127640,0.2709594176,0.2400893122,30,5,1,cstr
36.500000,0.4366167897,0.2725858056,0.2415948650,30,5,1,cstr
36.550000,0.4388252373,0.2742179412,0.2431063110,30,5,1,cstr
36.600000,0.4410380610,0.2758558111,0.2446236431,30,5,1,cstr
36.650000,0.4432552143,0.2774994020,0.2461468539,30,5,1,cstr
36.700000,0.4454766507,0.2791486999,0.2476759357,30,5,1,cstr
36.750000,0.4477023229,0.2808036906,0.2492108805,30,5,1,cstr
36.800000,0.4499321833,0.2824643598,0.2507516801,30,5,1,cstr
36.850000,0.4521661841,0.2841306925,0.2522983257,30,5,1,cstr
36.900000,0.4544042766,0.2858026735,0.2538508086,30,5,1,cstr
36.950000,0.4566464121,0.2874802875,0.2554091194,30,5,1,cstr
37.000000,0.4588925413,0.2891635186,0.2569732487,30,5,1,cstr
37.050000,0.4611426143,0.2908523506,0.2585431867,30,5,1,cstr
37.100000,0.4633965810,0.2925467670,0.2601189232,30,5,1,cstr
37.150000,0.4656543910,0.2942467511,0.2617004478,30,5,1,cstr
37.200000,0.4679159930,0.2959522856,0.2632877498,30,5,1,cstr
37.250000,0.4701813358,0.2976633530,0.2648808180,30,5,1,cstr
37.300000,0.4724503674,0.2993799357,0.2664796411,30,5,1,cstr
37.350000,0.4747230357,0.3011020152,0.2680842074,30,5,1,cstr
37.400000,0.4769992878,0.3028295732,0.2696945049,30,5,1,cstr
37.450000,0.4792790706,0.3045625909,0.2713105212,30,5,1,cstr
37.500000,0.4815623307,0.3063010489,0.2729322438,30,5,1,cstr
37.550000,0.4838490141,0.3080449278,0.2745596596,30,5,1,cstr
37.600000,0.4861390664,0.3097942077,0.2761927554,30,5,1,cstr
37.650000,0.4884324328,0.3115488683,0.2778315176,30,5,1,cstr
37.700000,0.4907290581,0.3133088892,0.2794759322,30,5,1,cstr
37.750000,0.4930288868,0.3150742494,0.2811259850,30,5,1,cstr
37.800000,0.4953318628,0.3168449276,0.2827816614,30,5,1,cstr
37.850000,0.4976379296,0.3186209023,0.2844429465,30,5,1,cstr
37.900000,0.4999470306,0.3204021515,0.2861098250,30,5,1,cstr
37.950000,0.5022591084,0.3221886529,0.2877822815,30,5,1,cstr
38.000000,0.5045741054,0.3239803838,0.2894603001,30,5,1,cstr
38.050000,0.5068919635,0.3257773214,0.2911438644,30,5,1,cstr
38.100000,0.5092126244,0.3275794422,0.2928329580,30,5,1,cstr
38.150000,0.5115360292,0.3293867225,0.2945275641,30,5,1,cstr
38.200000,0.5138621186,0.3311991384,0.2962276653,30,5,1,cstr
38.250000,0.5161908331,0.3330166654,0.2979332442,30,5,1,cstr
38.300000,0.5185221126,0.3348392789,0.2996442828,30,5,1,cstr
38.350000,0.5208558967,0.3366669536,0.3013607630,30,5,1,cstr
38.400000,0.5231921246,0.3384996642,0.3030826663,30,5,1,cstr
38.450000,0.5255307352,0.3403373849,0.3048099736,30,5,1,cstr
38.500000,0.5278716669,0.3421800895,0.3065426659,30,5,1,cstr
38.550000,0.5302148576,0.3440277516,0.3082807236,30,5,1,cstr
38.600000,0.5325602452,0.3458803442,0.3100241267,30,5,1,cstr
38.650000,0.5349077669,0.3477378403,0.3117728551,30,5,1,cstr
38.700000,0.5372573595,0.3496002122,0.3135268881,30,5,1,cstr
38.750000,0.5396089598,0.3514674320,0.3152862049,30,5,1,cstr
38.800000,0.5419625037,0.3533394715,0.3170507841,30,5,1,cstr
38.850000,0.5443179272,0.3552163020,0.3188206043,30,5,1,cstr
38.900000,0.5466751657,0.3570978946,0.3205956434,30,5,1,cstr
38.950000,0.5490341542,0.3589842200,0.3223758792,30,5,1,cstr
39.000000,0.5513948274,0.3608752484,0.3241612891,30,5,1,cstr
39.050000,0.5537571198,0.3627709499,0.3259518500,30,5,1,cstr
39.100000,0.5561209652,0.3646712940,0.3277475387,30,5,1,cstr
39.150000,0.5584862975,0.3665762501,0.3295483315,30,5,1,cstr
39.200000,0.5608530497,0.3684857870,0.3313542044,30,5,1,cstr
39.250000,0.5632211549,0.3703998732,0.3331651330,30,5,1,cstr
39.300000,0.5655905457,0.3723184770,0.3349810927,30,5,1,cstr
39.350000,0.5679611544,0.3742415662,0.3368020585,30,5,1,cstr
39.400000,0.5703329127,0.3761691084,0.3386280048,30,5,1,cstr
39.450000,0.5727057524,0.3781010705,0.3404589060,30,5,1,cstr
39.500000,0.5750796046,0.3800374194,0.3422947361,30,5,1,cstr
39.550000,0.5774544002,0.3819781216,0.3441354684,30,5,1,cstr
39.600000,0.5798300699,0.3839231431,0.3459810764,30,5,1,cstr
39.650000,0.5822065439,0.3858724496,0.3478315328,30,5,1,cstr
39.700000,0.5845837520,0.3878260064,0.3496868102,30,5,1,cstr
39.750000,0.5869616240,0.3897837787,0.3515468808,30,5,1,cstr
39.800000,0.5893400890,0.3917457311,0.3534117163,30,5,1,cstr
39.850000,0.5917190761,0.3937118278,0.3552812883,30,5,1,cstr
39.900000,0.5940985139,0.3956820328,0.3571555678,30,5,1,cstr
39.950000,0.5964783308,0.3976563098,0.3590345257,30,5,1,cstr
40.000000,0.5988584548,0.3996346219,0.3609181323,30,5,1,cstr
40.050000,0.6012388137,0.4016169322,0.3628063578,30,5,1,cstr
40.100000,0.6036193349,0.4036032031,0.3646991718,30,5,1,cstr
40.150000,0.6059999455,0.4055933969,0.3665965438,30,5,1,cstr
40.200000,0.6083805725,0.4075874754,0.3684984428,30,5,1,cstr
40.250000,0.6107611423,0.4095854001,0.3704048374,30,5,1,cstr
40.300000,0.6131415814,0.4115871321,0.3723156960,30,5,1,cstr
40.350000,0.6155218156,0.4135926324,0.3742309865,30,5,1,cstr
40.400000,0.6179017707,0.4156018614,0.3761506767,30,5,1,cstr
40.450000,0.6202813722,0.4176147791,0.3780747336,30,5,1,cstr
40.500000,0.6226605452,0.4196313454,0.3800031244,30,5,1,cstr
40.550000,0.6250392146,0.4216515197,0.3819358156,30,5,1,cstr
40.600000,0.6274173052,0.4236752611,0.3838727733,30,5,1,cstr
40.650000,0.6297947412,0.4257025283,0.3858139635,30,5,1,cstr
40.700000,0.6321714468,0.4277332797,0.3877593518,30,5,1,cstr
40.750000,0.6345473459,0.4297674735,0.3897089033,30,5,1,cstr
40.800000,0.6369223622,0.4318050672,0.3916625828,30,5,1,cstr
40.850000,0.6392964189,0.4338460184,0.3936203549,30,5,1,cstr
40.900000,0.6416694393,0.4358902841,0.3955821836,30,5,1,cstr
40.950000,0.6440413462,0.4379378209,0.3975480329,30,5,1,cstr
41.000000,0.6464120623,0.4399885852,0.3995178661,30,5,1,cstr
41.050000,0.6487815100,0.4420425331,0.4014916463,30,5,1,cstr
41.100000,0.6511496116,0.4440996203,0.4034693364,30,5,1,cstr
41.150000,0.6535162891,0.4461598022,0.4054508988,30,5,1,cstr
41.200000,0.6558814642,0.4482230337,0.4074362954,30,5,1,cstr
41.250000,0.6582450584,0.4502892696,0.4094254881,30,5,1,cstr
41.300000,0.6606069932,0.4523584642,0.4114184382,30,5,1,cstr
41.350000,0.6629671896,0.4544305717,0.4134151069,30,5,1,cstr
41.400000,0.6653255686,0.4565055458,0.4154154547,30,5,1,cstr
41.450000,0.6676820510,0.4585833397,0.4174194421,30,5,1,cstr
41.500000,0.6700365573,0.4606639066,0.4194270291,30,5,1,cstr
41.550000,0.6723890078,0.4627471993,0.4214381753,30,5,1,cstr
41.600000,0.6747393227,0.4648331702,0.4234528402,30,5,1,cstr
41.650000,0.6770874221,0.4669217713,0.4254709827,30,5,1,cstr
41.700000,0.6794332257,0.4690129544,0.4274925615,30,5,1,cstr
41.750000,0.6817766532,0.4711066711,0.4295175350,30,5,1,cstr
41.800000,0.6841176240,0.4732028725,0.4315458611,30,5,1,cstr
41.850000,0.6864560575,0.4753015093,0.4335774975,30,5,1,cstr
41.900000,0.6887918728,0.4774025322,0.4356124016,30,5,1,cstr
41.950000,0.6911249889,0.4795058913,0.4376505303,30,5,1,cstr
42.000000,0.6934553248,0.4816115365,0.4396918403,30,5,1,cstr
42.050000,0.6957827990,0.4837194174,0.4417362880,30,5,1,cstr
42.100000,0.6981073301,0.4858294833,0.4437838294,30,5,1,cstr
42.150000,0.7004288366,0.4879416831,0.4458344201,30,5,1,cstr
42.200000,0.7027472368,0.4900559656,0.4478880156,30,5,1,cstr
42.250000,0.7050624487,0.4921722792,0.4499445708,30,5,1,cstr
42.300000,0.7073743906,0.4942905717,0.4520040404,30,5,1,cstr
42.350000,0.7096829803,0.4964107912,0.4540663789,30,5,1,cstr
42.400000,0.7119881356,0.4985328849,0.4561315402,30,5,1,cstr
42.450000,0.7142897742,0.5006568001,0.4581994782,30,5,1,cstr
42.500000,0.7165878137,0.5027824837,0.4602701462,30,5,1,cstr
42.550000,0.7188821716,0.5049098823,0.4623434974,30,5,1,cstr
42.600000,0.7211727654,0.5070389422,0.4644194845,30,5,1,cstr
42.650000,0.7234595123,0.5091696093,0.4664980600,30,5,1,cstr
42.700000,0.7257423296,0.5113018295,0.4685791760,30,5,1,cstr
42.750000,0.7280211345,0.5134355481,0.4706627844,30,5,1,cstr
42.800000,0.7302958440,0.5155707104,0.4727488367,30,5,1,cstr
42.850000,0.7325663750,0.5177072611,0.4748372841,30,5,1,cstr
42.900000,0.7348326447,0.5198451450,0.4769280776,30,5,1,cstr
42.950000,0.7370945698,0.5219843064,0.4790211676,30,5,1,cstr
43.000000,0.7393520672,0.5241246893,0.4811165047,30,5,1,cstr
43.050000,0.7416050536,0.5262662375,0.4832140386,30,5,1,cstr
43.100000,0.7438534458,0.5284088945,0.4853137191,30,5,1,cstr
43.150000,0.7460971605,0.5305526036,0.4874154956,30,5,1,cstr
43.200000,0.7483361143,0.5326973078,0.4895193172,30,5,1,cstr
43.250000,0.7505702239,0.5348429497,0.4916251326,30,5,1,cstr
43.300000,0.7527994058,0.5369894720,0.4937328904,30,5,1,cstr
43.350000,0.7550235767,0.5391368167,0.4958425388,30,5,1,cstr
43.400000,0.7572426531,0.5412849259,0.4979540257,30,5,1,cstr
43.450000,0.7594565515,0.5434337412,0.5000672986,30,5,1,cstr
43.500000,0.7616651885,0.5455832040,0.5021823050,30,5,1,cstr
43.550000,0.7638684807,0.5477332557,0.5042989918,30,5,1,cstr
43.600000,0.7660663446,0.5498838371,0.5064173058,30,5,1,cstr
43.650000,0.7682586968,0.5520348890,0.5085371936,30,5,1,cstr
43.700000,0.7704454538,0.5541863518,0.5106586012,30,5,1,cstr
43.750000,0.7726265323,0.5563381659,0.5127814747,30,5,1,cstr
43.800000,0.7748018488,0.5584902711,0.5149057596,30,5,1,cstr
43.850000,0.7769713201,0.5606426072,0.5170314013,30,5,1,cstr
43.900000,0.7791348629,0.5627951139,0.5191583449,30,5,1,cstr
43.950000,0.7812923938,0.5649477304,0.5212865352,30,5,1,cstr
44.000000,0.7834438297,0.5671003957,0.5234159168,30,5,1,cstr
44.050000,0.7855890874,0.5692530489,0.5255464340,30,5,1,cstr
44.100000,0.7877280838,0.5714056284,0.5276780308,30,5,1,cstr
44.150000,0.7898607358,0.5735580728,0.5298106509,30,5,1,cstr
44.200000,0.7919869606,0.5757103203,0.5319442378,30,5,1,cstr
44.250000,0.7941066750,0.5778623088,0.5340787348,30,5,1,cstr
44.300000,0.7962197965,0.5800139762,0.5362140849,30,5,1,cstr
44.350000,0.7983262422,0.5821652600,0.5383502308,30,5,1,cstr
44.400000,0.8004259294,0.5843160977,0.5404871150,30,5,1,cstr
44.450000,0.8025187756,0.5864664265,0.5426246797,30,5,1,cstr
44.500000,0.8046046984,0.5886161833,0.5447628670,30,5,1,cstr
44.550000,0.8066836155,0.5907653049,0.5469016184,30,5,1,cstr
44.600000,0.8087554445,0.5929137280,0.5490408757,30,5,1,cstr
44.650000,0.8108201033,0.5950613890,0.5511805799,30,5,1,cstr
44.700000,0.8128775100,0.5972082241,0.5533206722,30,5,1,cstr
44.750000,0.8149275827,0.5993541693,0.5554610934,30,5,1,cstr
44.800000,0.8169702396,0.6014991606,0.5576017840,30,5,1,cstr
44.850000,0.8190053991,0.6036431337,0.5597426843,30,5,1,cstr
44.900000,0.8210329798,0.6057860240,0.5618837345,30,5,1,cstr
44.950000,0.8230529004,0.6079277670,0.5640248744,30,5,1,cstr
45.000000,0.8250650797,0.6100682978,0.5661660437,30,5,1,cstr
45.050000,0.8270694367,0.6122075516,0.5683071819,30,5,1,cstr
45.100000,0.8290658906,0.6143454631,0.5704482282,30,5,1,cstr
45.150000,0.8310543607,0.6164819670,0.5725891216,30,5,1,cstr
45.200000,0.8330347665,0.6186169980,0.5747298010,30,5,1,cstr
45.250000,0.8350070277,0.6207504904,0.5768702048,30,5,1,cstr
45.300000,0.8369710641,0.6228823786,0.5790102716,30,5,1,cstr
45.350000,0.8389267960,0.6250125966,0.5811499395,30,5,1,cstr
45.400000,0.8408741435,0.6271410785,0.5832891465,30,5,1,cstr
45.450000,0.8428130270,0.6292677580,0.5854278305,30,5,1,cstr
45.500000,0.8447433674,0.6313925689,0.5875659290,30,5,1,cstr
45.550000,0.8466650854,0.6335154448,0.5897033794,30,5,1,cstr
45.600000,0.8485781021,0.6356363192,0.5918401191,30,5,1,cstr
45.650000,0.8504823390,0.6377551253,0.5939760850,30,5,1,cstr
45.700000,0.8523777175,0.6398717965,0.5961112140,30,5,1,cstr
45.750000,0.8542641595,0.6419862657,0.5982454428,30,5,1,cstr
45.800000,0.8561415869,0.6440984661,0.6003787079,30,5,1,cstr
45.850000,0.8580099221,0.6462083304,0.6025109456,30,5,1,cstr
45.900000,0.8598690876,0.6483157914,0.6046420922,30,5,1,cstr
45.950000,0.8617190062,0.6504207819,0.6067720837,30,5,1,cstr
46.000000,0.8635596010,0.6525232343,0.6089008558,30,5,1,cstr
46.050000,0.8653907951,0.6546230813,0.6110283443,30,5,1,cstr
46.100000,0.8672125123,0.6567202551,0.6131544847,30,5,1,cstr
46.150000,0.8690246764,0.6588146880,0.6152792124,30,5,1,cstr
46.200000,0.8708272115,0.6609063124,0.6174024626,30,5,1,cstr
46.250000,0.8726200421,0.6629950602,0.6195241704,30,5,1,cstr
46.300000,0.8744030929,0.6650808636,0.6216442707,30,5,1,cstr
46.350000,0.8761762889,0.6671636546,0.6237626983,30,5,1,cstr
46.400000,0.8779395554,0.6692433651,0.6258793880,30,5,1,cstr
46.450000,0.8796928181,0.6713199268,0.6279942741,30,5,1,cstr
46.500000,0.8814360029,0.6733932718,0.6301072911,30,5,1,cstr
46.550000,0.8831690361,0.6754633315,0.6322183733,30,5,1,cstr
46.600000,0.8848918443,0.6775300378,0.6343274548,30,5,1,cstr
46.650000,0.8866043544,0.6795933223,0.6364344696,30,5,1,cstr
46.700000,0.8883064937,0.6816531164,0.6385393517,30,5,1,cstr
46.750000,0.8899981897,0.6837093519,0.6406420348,30,5,1,cstr
46.800000,0.8916793704,0.6857619601,0.6427424527,30,5,1,cstr
46.850000,0.8933499641,0.6878108726,0.6448405388,30,5,1,cstr
46.900000,0.8950098994,0.6898560207,0.6469362267,30,5,1,cstr
46.950000,0.8966591053,0.6918973359,0.6490294498,30,5,1,cstr
47.000000,0.8982975113,0.6939347496,0.6511201412,30,5,1,cstr
47.050000,0.8999250469,0.6959681930,0.6532082343,30,5,1,cstr
47.100000,0.9015416425,0.6979975976,0.6552936621,30,5,1,cstr
47.150000,0.9031472283,0.7000228947,0.6573763576,30,5,1,cstr
47.200000,0.9047417354,0.7020440156,0.6594562538,30,5,1,cstr
47.250000,0.9063250950,0.7040608916,0.6615332834,30,5,1,cstr
47.300000,0.9078972387,0.7060734541,0.6636073794,30,5,1,cstr
47.350000,0.9094580987,0.7080816343,0.6656784743,30,5,1,cstr
47.400000,0.9110076073,0.7100853636,0.6677465008,30,5,1,cstr
47.450000,0.9125456975,0.7120845733,0.6698113915,30,5,1,cstr
47.500000,0.9140723026,0.7140791948,0.6718730789,30,5,1,cstr
47.550000,0.9155873562,0.7160691595,0.6739314955,30,5,1,cstr
47.600000,0.9170907925,0.7180543987,0.6759865736,30,5,1,cstr
47.650000,0.9185825461,0.7200348439,0.6780382456,30,5,1,cstr
47.700000,0.9200625520,0.7220104266,0.6800864439,30,5,1,cstr
47.750000,0.9215307455,0.7239810782,0.6821311007,30,5,1,cstr
47.800000,0.9229870626,0.7259467302,0.6841721482,30,5,1,cstr
47.850000,0.9244314396,0.7279073143,0.6862095186,30,5,1,cstr
47.900000,0.9258638133,0.7298627620,0.6882431441,30,5,1,cstr
47.950000,0.9272841209,0.7318130050,0.6902729568,30,5,1,cstr
48.000000,0.9286923001,0.7337579751,0.6922988888,30,5,1,cstr
48.050000,0.9300882891,0.7356976041,0.6943208723,30,5,1,cstr
48.100000,0.9314720265,0.7376318237,0.6963388393,30,5,1,cstr
48.150000,0.9328434514,0.7395605659,0.6983527220,30,5,1,cstr
48.200000,0.9342025033,0.7414837628,0.7003624522,30,5,1,cstr
48.250000,0.9355491225,0.7434013463,0.7023679622,30,5,1,cstr
48.300000,0.9368832493,0.7453132486,0.7043691840,30,5,1,cstr
48.350000,0.9382048250,0.7472194020,0.7063660496,30,5,1,cstr
48.400000,0.9395137909,0.7491197387,0.7083584911,30,5,1,cstr
48.450000,0.9408100892,0.7510141911,0.7103464406,30,5,1,cstr
48.500000,0.9420936624,0.7529026919,0.7123298302,30,5,1,cstr
48.550000,0.9433644537,0.7547851735,0.7143085920,30,5,1,cstr
48.600000,0.9446224064,0.7566615687,0.7162826582,30,5,1,cstr
48.650000,0.9458674649,0.7585318103,0.7182519609,30,5,1,cstr
48.700000,0.9470995736,0.7603958312,0.7202164323,30,5,1,cstr
48.750000,0.9483186777,0.7622535645,0.7221760047,30,5,1,cstr
48.800000,0.9495247229,0.7641049433,0.7241306104,30,5,1,cstr
48.850000,0.9507176554,0.7659499009,0.7260801816,30,5,1,cstr
48.900000,0.9518974220,0.7677883708,0.7280246507,30,5,1,cstr
48.950000,0.9530639699,0.7696202864,0.7299639502,30,5,1,cstr
49.000000,0.9542172470,0.7714455816,0.7318980126,30,5,1,cstr
49.050000,0.9553572016,0.7732641900,0.7338267703,30,5,1,cstr
49.100000,0.9564837828,0.7750760458,0.7357501559,30,5,1,cstr
49.150000,0.9575969399,0.7768810829,0.7376681022,30,5,1,cstr
49.200000,0.9586966231,0.7786792357,0.7395805419,30,5,1,cstr
49.250000,0.9597827830,0.7804704387,0.7414874077,30,5,1,cstr
49.300000,0.9608553708,0.7822546263,0.7433886325,30,5,1,cstr
49.350000,0.9619143382,0.7840317334,0.7452841494,30,5,1,cstr
49.400000,0.9629596376,0.7858016949,0.7471738914,30,5,1,cstr
49.450000,0.9639912219,0.7875644459,0.7490577916,30,5,1,cstr
49.500000,0.9650090446,0.7893199216,0.7509357833,30,5,1,cstr
49.550000,0.9660130599,0.7910680576,0.7528077998,30,5,1,cstr
49.600000,0.9670032223,0.7928087895,0.7546737746,30,5,1,cstr
49.650000,0.9679794872,0.7945420530,0.7565336412,30,5,1,cstr
49.700000,0.9689418105,0.7962677844,0.7583873333,30,5,1,cstr
49.750000,0.9698901486,0.7979859196,0.7602347847,30,5,1,cstr
49.800000,0.9708244585,0.7996963953,0.7620759293,30,5,1,cstr
49.850000,0.9717446981,0.8013991480,0.7639107011,30,5,1,cstr
49.900000,0.9726508255,0.8030941145,0.7657390342,30,5,1,cstr
49.950000,0.9735427998,0.8047812320,0.7675608630,30,5,1,cstr
50.000000,0.9744205803,0.8064604376,0.7693761218,30,5,1,cstr
50.050000,0.9752841273,0.8081316690,0.7711847452,30,5,1,cstr
50.100000,0.9761334015,0.8097948637,0.7729866679,30,5,1,cstr
50.150000,0.9769683644,0.8114499598,0.7747818248,30,5,1,cstr
50.200000,0.9777889779,0.8130968955,0.7765701509,30,5,1,cstr
50.250000,0.9785952047,0.8147356091,0.7783515812,30,5,1,cstr
50.300000,0.9793870081,0.8163660393,0.7801260512,30,5,1,cstr
50.350000,0.9801643519,0.8179881250,0.7818934963,30,5,1,cstr
50.400000,0.9809272009,0.8196018054,0.7836538521,30,5,1,cstr
50.450000,0.9816755201,0.8212070199,0.7854070545,30,5,1,cstr
50.500000,0.9824092755,0.8228037082,0.7871530394,30,5,1,cstr
50.550000,0.9831284334,0.8243918101,0.7888917430,30,5,1,cstr
50.600000,0.9838329612,0.8259712659,0.7906231017,30,5,1,cstr
50.650000,0.9845228265,0.8275420160,0.7923470520,30,5,1,cstr
50.700000,0.9851979978,0.8291040012,0.7940635307,30,5,1,cstr
50.750000,0.9858584443,0.8306571624,0.7957724746,30,5,1,cstr
50.800000,0.9865041357,0.8322014410,0.7974738209,30,5,1,cstr
50.850000,0.9871350424,0.8337367784,0.7991675069,30,5,1,cstr
50.900000,0.9877511356,0.8352631167,0.8008534702,30,5,1,cstr
50.950000,0.9883523870,0.8367803978,0.8025316484,30,5,1,cstr
51.000000,0.9889387691,0.8382885643,0.8042019797,30,5,1,cstr
51.050000,0.9895102549,0.8397875589,0.8058644020,30,5,1,cstr
51.100000,0.9900668182,0.8412773246,0.8075188539,30,5,1,cstr
51.150000,0.9906084335,0.8427578048,0.8091652739,30,5,1,cstr
51.200000,0.9911350760,0.8442289431,0.8108036010,30,5,1,cstr
51.250000,0.9916467213,0.8456906836,0.8124337742,30,5,1,cstr
51.300000,0.9921433461,0.8471429704,0.8140557328,30,5,1,cstr
51.350000,0.9926249275,0.8485857483,0.8156694164,30,5,1,cstr
51.400000,0.9930914433,0.8500189620,0.8172747649,30,5,1,cstr
51.450000,0.9935428721,0.8514425570,0.8188717182,30,5,1,cstr
51.500000,0.9939791931,0.8528564788,0.8204602167,30,5,1,cstr
51.550000,0.9944003863,0.8542606732,0.8220402011,30,5,1,cstr
51.600000,0.9948064322,0.8556550867,0.8236116121,30,5,1,cstr
51.650000,0.9951973122,0.8570396657,0.8251743908,30,5,1,cstr
51.700000,0.9955730081,0.8584143573,0.8267284786,30,5,1,cstr
51.750000,0.9959335029,0.8597791086,0.8282738171,30,5,1,cstr
51.800000,0.9962787797,0.8611338675,0.8298103483,30,5,1,cstr
51.850000,0.9966088228,0.8624785818,0.8313380144,30,5,1,cstr
51.900000,0.9969236168,0.8638132000,0.8328567578,30,5,1,cstr
51.950000,0.9972231473,0.8651376708,0.8343665213,30,5,1,cstr
52.000000,0.9975074004,0.8664519433,0.8358672479,30,5,1,cstr
52.050000,0.9977763631,0.8677559669,0.8373588811,30,5,1,cstr
52.100000,0.9980300230,0.8690496914,0.8388413645,30,5,1,cstr
52.150000,0.9982683682,0.8703330672,0.8403146420,30,5,1,cstr
52.200000,0.9984913879,0.8716060447,0.8417786578,30,5,1,cstr
52.250000,0.9986990716,0.8728685749,0.8432333567,30,5,1,cstr
52.300000,0.9988914099,0.8741206093,0.8446786833,30,5,1,cstr
52.350000,0.9990683939,0.8753620995,0.8461145830,30,5,1,cstr
52.400000,0.9992300153,0.8765929977,0.8475410012,30,5,1,cstr
52.450000,0.9993762668,0.8778132564,0.8489578838,30,5,1,cstr
52.500000,0.9995071415,0.8790228286,0.8503651769,30,5,1,cstr
52.550000,0.9996226334,0.8802216675,0.8517628271,30,5,1,cstr
52.600000,0.9997227372,0.8814097270,0.8531507811,30,5,1,cstr
52.650000,0.9998074482,0.8825869611,0.8545289862,30,5,1,cstr
52.700000,0.9998767626,0.8837533244,0.8558973897,30,5,1,cstr
52.750000,0.9999306771,0.8849087719,0.8572559397,30,5,1,cstr
52.800000,0.9999691892,0.8860532590,0.8586045843,30,5,1,cstr
52.850000,0.9999922972,0.8871867415,0.8599432719,30,5,1,cstr
52.900000,1.0000000000,0.8883091755,0.8612719516,30,5,1,cstr
52.950000,0.9999922972,0.8894205178,0.8625905726,30,5,1,cstr
53.000000,0.9999691892,0.8905207254,0.8638990844,30,5,1,cstr
53.050000,0.9999306771,0.8916097558,0.8651974372,30,5,1,cstr
53.100000,0.9998767626,0.8926875670,0.8664855812,30,5,1,cstr
53.150000,0.9998074482,0.8937541173,0.8677634671,30,5,1,cstr
53.200000,0.9997227372,0.8948093655,0.8690310461,30,5,1,cstr
53.250000,0.9996226334,0.8958532710,0.8702882695,30,5,1,cstr
53.300000,0.9995071415,0.8968857934,0.8715350894,30,5,1,cstr
53.350000,0.9993762668,0.8979068929,0.8727714578,30,5,1,cstr
53.400000,0.9992300153,0.8989165301,0.8739973274,30,5,1,cstr
53.450000,0.9990683939,0.8999146659,0.8752126513,30,5,1,cstr
53.500000,0.9988914099,0.9009012620,0.8764173828,30,5,1,cstr
53.550000,0.9986990716,0.9018762803,0.8776114756,30,5,1,cstr
53.600000,0.9984913879,0.9028396831,0.8787948841,30,5,1,cstr
53.650000,0.9982683682,0.9037914335,0.8799675628,30,5,1,cstr
53.700000,0.9980300230,0.9047314947,0.8811294667,30,5,1,cstr
53.750000,0.9977763631,0.9056598306,0.8822805512,30,5,1,cstr
53.800000,0.9975074004,0.9065764054,0.8834207721,30,5,1,cstr
53.850000,0.9972231473,0.9074811839,0.8845500857,30,5,1,cstr
53.900000,0.9969236168,0.9083741313,0.8856684485,30,5,1,cstr
53.950000,0.9966088228,0.9092552135,0.8867758177,30,5,1,cstr
54.000000,0.9962787797,0.9101243964,0.8878721508,30,5,1,cstr
54.050000,0.9959335029,0.9109816468,0.8889574056,30,5,1,cstr
54.100000,0.9955730081,0.9118269319,0.8900315405,30,5,1,cstr
54.150000,0.9951973122,0.9126602193,0.8910945143,30,5,1,cstr
54.200000,0.9948064322,0.9134814771,0.8921462862,30,5,1,cstr
54.250000,0.9944003863,0.9142906739,0.8931868157,30,5,1,cstr
54.300000,0.9939791931,0.9150877789,0.8942160630,30,5,1,cstr
54.350000,0.9935428721,0.9158727616,0.8952339886,30,5,1,cstr
54.400000,0.9930914433,0.9166455921,0.8962405534,30,5,1,cstr
54.450000,0.9926249275,0.9174062410,0.8972357189,30,5,1,cstr
54.500000,0.9921433461,0.9181546794,0.8982194469,30,5,1,cstr
54.550000,0.9916467213,0.9188908790,0.8991916997,30,5,1,cstr
54.600000,0.9911350760,0.9196148117,0.9001524400,30,5,1,cstr
54.650000,0.9906084335,0.9203264502,0.9011016310,30,5,1,cstr
54.700000,0.9900668182,0.9210257676,0.9020392365,30,5,1,cstr
54.750000,0.9895102549,0.9217127376,0.9029652206,30,5,1,cstr
54.800000,0.9889387691,0.9223873341,0.9038795478,30,5,1,cstr
54.850000,0.9883523870,0.9230495320,0.9047821832,30,5,1,cstr
54.900000,0.9877511356,0.9236993062,0.9056730923,30,5,1,cstr
54.950000,0.9871350424,0.9243366326,0.9065522411,30,5,1,cstr
55.000000,0.9865041357,0.9249614872,0.9074195961,30,5,1,cstr
55.050000,0.9858584443,0.9255738468,0.9082751242,30,5,1,cstr
55.100000,0.9851979978,0.9261736886,0.9091187929,30,5,1,cstr
55.150000,0.9845228265,0.9267609903,0.9099505700,30,5,1,cstr
55.200000,0.9838329612,0.9273357301,0.9107704238,30,5,1,cstr
55.250000,0.9831284334,0.9278978870,0.9115783234,30,5,1,cstr
55.300000,0.9824092755,0.9284474401,0.9123742379,30,5,1,cstr
55.350000,0.9816755201,0.9289843693,0.9131581372,30,5,1,cstr
55.400000,0.9809272009,0.9295086550,0.9139299916,30,5,1,cstr
55.450000,0.9801643519,0.9300202781,0.9146897720,30,5,1,cstr
55.500000,0.9793870081,0.9305192200,0.9154374496,30,5,1,cstr
55.550000,0.9785952047,0.9310054626,0.9161729962,30,5,1,cstr
55.600000,0.9777889779,0.9314789884,0.9168963842,30,5,1,cstr
55.650000,0.9769683644,0.9319397805,0.9176075862,30,5,1,cstr
55.700000,0.9761334015,0.9323878224,0.9183065755,30,5,1,cstr
55.750000,0.9752841273,0.9328230982,0.9189933261,30,5,1,cstr
55.800000,0.9744205803,0.9332455925,0.9196678120,30,5,1,cstr
55.850000,0.9735427998,0.9336552905,0.9203300082,30,5,1,cstr
55.900000,0.9726508255,0.9340521778,0.9209798899,30,5,1,cstr
55.950000,0.9717446981,0.9344362408,0.9216174329,30,5,1,cstr
56.000000,0.9708244585,0.9348074662,0.9222426135,30,5,1,cstr
56.050000,0.9698901486,0.9351658412,0.9228554086,30,5,1,cstr
56.100000,0.9689418105,0.9355113538,0.9234557955,30,5,1,cstr
56.150000,0.9679794872,0.9358439924,0.9240437520,30,5,1,cstr
56.200000,0.9670032223,0.9361637460,0.9246192565,30,5,1,cstr
56.250000,0.9660130599,0.9364706039,0.9251822879,30,5,1,cstr
56.300000,0.9650090446,0.9367645562,0.9257328256,30,5,1,cstr
56.350000,0.9639912219,0.9370455936,0.9262708494,30,5,1,cstr
56.400000,0.9629596376,0.9373137071,0.9267963399,30,5,1,cstr
56.450000,0.9619143382,0.9375688883,0.9273092780,30,5,1,cstr
56.500000,0.9608553708,0.9378111296,0.9278096451,30,5,1,cstr
56.550000,0.9597827830,0.9380404236,0.9282974232,30,5,1,cstr
56.600000,0.9586966231,0.9382567637,0.9287725950,30,5,1,cstr
56.650000,0.9575969399,0.9384601437,0.9292351433,30,5,1,cstr
56.700000,0.9564837828,0.9386505580,0.9296850519,30,5,1,cstr
56.750000,0.9553572016,0.9388280016,0.9301223048,30,5,1,cstr
56.800000,0.9542172470,0.9389924699,0.9305468866,30,5,1,cstr
56.850000,0.9530639699,0.9391439589,0.9309587826,30,5,1,cstr
56.900000,0.9518974220,0.9392824654,0.9313579784,30,5,1,cstr
56.950000,0.9507176554,0.9394079863,0.9317444601,30,5,1,cstr
57.000000,0.9495247229,0.9395205194,0.9321182147,30,5,1,cstr
57.050000,0.9483186777,0.9396200629,0.9324792294,30,5,1,cstr
57.100000,0.9470995736,0.9397066155,0.9328274919,30,5,1,cstr
57.150000,0.9458674649,0.9397801767,0.9331629908,30,5,1,cstr
57.200000,0.9446224064,0.9398407462,0.9334857147,30,5,1,cstr
57.250000,0.9433644537,0.9398883245,0.9337956533,30,5,1,cstr
57.300000,0.9420936624,0.9399229126,0.9340927963,30,5,1,cstr
57.350000,0.9408100892,0.9399445119,0.9343771345,30,5,1,cstr
57.400000,0.9395137909,0.9399531245,0.9346486587,30,5,1,cstr
57.450000,0.9382048250,0.9399487531,0.9349073605,30,5,1,cstr
57.500000,0.9368832493,0.9399314007,0.9351532321,30,5,1,cstr
57.550000,0.9355491225,0.9399010711,0.9353862662,30,5,1,cstr
57.600000,0.9342025033,0.9398577685,0.9356064558,30,5,1,cstr
57.650000,0.9328434514,0.9398014977,0.9358137948,30,5,1,cstr
57.700000,0.9314720265,0.9397322640,0.9360082773,30,5,1,cstr
57.750000,0.9300882891,0.9396500732,0.9361898983,30,5,1,cstr
57.800000,0.9286923001,0.9395549319,0.9363586530,30,5,1,cstr
57.850000,0.9272841209,0.9394468469,0.9365145374,30,5,1,cstr
57.900000,0.9258638133,0.9393258257,0.9366575478,30,5,1,cstr
57.950000,0.9244314396,0.9391918765,0.9367876813,30,5,1,cstr
58.000000,0.9229870626,0.9390450077,0.9369049352,30,5,1,cstr
58.050000,0.9215307455,0.9388852285,0.9370093078,30,5,1,cstr
58.100000,0.9200625520,0.9387125485,0.9371007975,30,5,1,cstr
58.150000,0.9185825461,0.9385269779,0.9371794036,30,5,1,cstr
58.200000,0.9170907925,0.9383285275,0.9372451255,30,5,1,cstr
58.250000,0.9155873562,0.9381172085,0.9372979637,30,5,1,cstr
58.300000,0.9140723026,0.9378930327,0.9373379187,30,5,1,cstr
58.350000,0.9125456975,0.9376560125,0.9373649919,30,5,1,cstr
58.400000,0.9110076073,0.9374061607,0.9373791852,30,5,1,cstr
58.450000,0.9094580987,0.9371434907,0.9373805008,30,5,1,cstr
58.500000,0.9078972387,0.9368680164,0.9373689417,30,5,1,cstr
58.550000,0.9063250950,0.9365797524,0.9373445113,30,5,1,cstr
58.600000,0.9047417354,0.9362787135,0.9373072135,30,5,1,cstr
58.650000,0.9031472283,0.9359649153,0.9372570530,30,5,1,cstr
58.700000,0.9015416425,0.9356383739,0.9371940347,30,5,1,cstr
58.750000,0.8999250469,0.9352991057,0.9371181642,30,5,1,cstr
58.800000,0.8982975113,0.9349471280,0.9370294477,30,5,1,cstr
58.850000,0.8966591053,0.9345824582,0.9369278918,30,5,1,cstr
58.900000,0.8950098994,0.9342051145,0.9368135036,30,5,1,cstr
58.950000,0.8933499641,0.9338151156,0.9366862910,30,5,1,cstr
59.000000,0.8916793704,0.9334124806,0.9365462621,30,5,1,cstr
59.050000,0.8899981897,0.9329972293,0.9363934258,30,5,1,cstr
59.100000,0.8883064937,0.9325693817,0.9362277913,30,5,1,cstr
59.150000,0.8866043544,0.9321289586,0.9360493686,30,5,1,cstr
59.200000,0.8848918443,0.9316759812,0.9358581679,30,5,1,cstr
59.250000,0.8831690361,0.9312104713,0.9356542003,30,5,1,cstr
59.300000,0.8814360029,0.9307324510,0.9354374771,30,5,1,cstr
59.350000,0.8796928181,0.9302419431,0.9352080102,30,5,1,cstr
59.400000,0.8779395554,0.9297389709,0.9349658123,30,5,1,cstr
59.450000,0.8761762889,0.9292235581,0.9347108962,30,5,1,cstr
59.500000,0.8744030929,0.9286957290,0.9344432756,30,5,1,cstr
59.550000,0.8726200421,0.9281555082,0.9341629644,30,5,1,cstr
59.600000,0.8708272115,0.9276029211,0.9338699773,30,5,1,cstr
59.650000,0.8690246764,0.9270379934,0.9335643294,30,5,1,cstr
59.700000,0.8672125123,0.9264607512,0.9332460362,30,5,1,cstr
59.750000,0.8653907951,0.9258712214,0.9329151140,30,5,1,cstr
59.800000,0.8635596010,0.9252694311,0.9325715793,30,5,1,cstr
59.850000,0.8617190062,0.9246554080,0.9322154493,30,5,1,cstr
59.900000,0.8598690876,0.9240291804,0.9318467417,30,5,1,cstr
59.950000,0.8580099221,0.9233907768,0.9314654748,30,5,1,cstr
60.000000,0.8561415869,0.9227402264,0.9310716671,30,5,1,cstr
60.050000,0.8542641595,0.9220775589,0.9306653379,30,5,1,cstr
60.100000,0.8523777175,0.9214028043,0.9302465070,30,5,1,cstr
60.150000,0.8504823390,0.9207159932,0.9298151945,30,5,1,cstr
60.200000,0.8485781021,0.9200171566,0.9293714213,30,5,1,cstr
60.250000,0.8466650854,0.9193063262,0.9289152084,30,5,1,cstr
60.300000,0.8447433674,0.9185835337,0.9284465777,30,5,1,cstr
60.350000,0.8428130270,0.9178488118,0.9279655513,30,5,1,cstr
60.400000,0.8408741435,0.9171021933,0.9274721521,30,5,1,cstr
60.450000,0.8389267960,0.9163437115,0.9269664033,30,5,1,cstr
60.500000,0.8369710641,0.9155734003,0.9264483285,30,5,1,cstr
60.550000,0.8350070277,0.9147912940,0.9259179520,30,5,1,cstr
60.600000,0.8330347665,0.9139974273,0.9253752985,30,5,1,cstr
60.650000,0.8310543607,0.9131918354,0.9248203931,30,5,1,cstr
60.700000,0.8290658906,0.9123745538,0.9242532617,30,5,1,cstr
60.750000,0.8270694367,0.9115456188,0.9236739303,30,5,1,cstr
60.800000,0.8250650797,0.9107050667,0.9230824255,30,5,1,cstr
60.850000,0.8230529004,0.9098529346,0.9224787746,30,5,1,cstr
60.900000,0.8210329798,0.9089892599,0.9218630051,30,5,1,cstr
60.950000,0.8190053991,0.9081140802,0.9212351452,30,5,1,cstr
61.000000,0.8169702396,0.9072274341,0.9205952233,30,5,1,cstr
61.050000,0.8149275827,0.9063293600,0.9199432685,30,5,1,cstr
61.100000,0.8128775100,0.9054198971,0.9192793104,30,5,1,cstr
61.150000,0.8108201033,0.9044990850,0.9186033788,30,5,1,cstr
61.200000,0.8087554445,0.9035669635,0.9179155043,30,5,1,cstr
61.250000,0.8066836155,0.9026235731,0.9172157177,30,5,1,cstr
61.300000,0.8046046984,0.9016689546,0.9165040504,30,5,1,cstr
61.350000,0.8025187756,0.9007031491,0.9157805342,30,5,1,cstr
61.400000,0.8004259294,0.8997261983,0.9150452015,30,5,1,cstr
61.450000,0.7983262422,0.8987381441,0.9142980849,30,5,1,cstr
61.500000,0.7962197965,0.8977390290,0.9135392176,30,5,1,cstr
61.550000,0.7941066750,0.8967288957,0.9127686333,30,5,1,cstr
61.600000,0.7919869606,0.8957077876,0.9119863661,30,5,1,cstr
61.650000,0.7898607358,0.8946757481,0.9111924504,30,5,1,cstr
61.700000,0.7877280838,0.8936328213,0.9103869214,30,5,1,cstr
61.750000,0.7855890874,0.8925790516,0.9095698143,30,5,1,cstr
61.800000,0.7834438297,0.8915144836,0.9087411650,30,5,1,cstr
61.850000,0.7812923938,0.8904391627,0.9079010098,30,5,1,cstr
61.900000,0.7791348629,0.8893531342,0.9070493855,30,5,1,cstr
61.950000,0.7769713201,0.8882564440,0.9061863291,30,5,1,cstr
62.000000,0.7748018488,0.8871491386,0.9053118783,30,5,1,cstr
62.050000,0.7726265323,0.8860312643,0.9044260710,30,5,1,cstr
62.100000,0.7704454538,0.8849028684,0.9035289457,30,5,1,cstr
62.150000,0.7682586968,0.8837639981,0.9026205412,30,5,1,cstr
62.200000,0.7660663446,0.8826147012,0.9017008968,30,5,1,cstr
62.250000,0.7638684807,0.8814550256,0.9007700520,30,5,1,cstr
62.300000,0.7616651885,0.8802850200,0.8998280471,30,5,1,cstr
62.350000,0.7594565515,0.8791047329,0.8988749224,30,5,1,cstr
62.400000,0.7572426531,0.8779142136,0.8979107189,30,5,1,cstr
62.450000,0.7550235767,0.8767135115,0.8969354778,30,5,1,cstr
62.500000,0.7527994058,0.8755026764,0.8959492409,30,5,1,cstr
62.550000,0.7505702239,0.8742817585,0.8949520502,30,5,1,cstr
62.600000,0.7483361143,0.8730508082,0.8939439481,30,5,1,cstr
62.650000,0.7460971605,0.8718098762,0.8929249777,30,5,1,cstr
62.700000,0.7438534458,0.8705590138,0.8918951820,30,5,1,cstr
62.750000,0.7416050536,0.8692982723,0.8908546048,30,5,1,cstr
62.800000,0.7393520672,0.8680277036,0.8898032901,30,5,1,cstr
62.850000,0.7370945698,0.8667473596,0.8887412822,30,5,1,cstr
62.900000,0.7348326447,0.8654572928,0.8876686259,30,5,1,cstr
62.950000,0.7325663750,0.8641575558,0.8865853664,30,5,1,cstr
63.000000,0.7302958440,0.8628482017,0.8854915492,30,5,1,cstr
63.050000,0.7280211345,0.8615292837,0.8843872201,30,5,1,cstr
63.100000,0.7257423296,0.8602008554,0.8832724254,30,5,1,cstr
63.150000,0.7234595123,0.8588629707,0.8821472117,30,5,1,cstr
63.200000,0.7211727654,0.8575156838,0.8810116258,30,5,1,cstr
63.250000,0.7188821716,0.8561590491,0.8798657152,30,5,1,cstr
63.300000,0.7165878137,0.8547931214,0.8787095275,30,5,1,cstr
63.350000,0.7142897742,0.8534179556,0.8775431106,30,5,1,cstr
63.400000,0.7119881356,0.8520336070,0.8763665129,30,5,1,cstr
63.450000,0.7096829803,0.8506401313,0.8751797831,30,5,1,cstr
63.500000,0.7073743906,0.8492375842,0.8739829701,30,5,1,cstr
63.550000,0.7050624487,0.8478260219,0.8727761234,30,5,1,cstr
63.600000,0.7027472368,0.8464055006,0.8715592926,30,5,1,cstr
63.650000,0.7004288366,0.8449760770,0.8703325277,30,5,1,cstr
63.700000,0.6981073301,0.8435378079,0.8690958790,30,5,1,cstr
63.750000,0.6957827990,0.8420907505,0.8678493972,30,5,1,cstr
63.800000,0.6934553248,0.8406349620,0.8665931331,30,5,1,cstr
63.850000,0.6911249889,0.8391705002,0.8653271382,30,5,1,cstr
63.900000,0.6887918728,0.8376974227,0.8640514639,30,5,1,cstr
63.950000,0.6864560575,0.8362157877,0.8627661621,30,5,1,cstr
64.000000,0.6841176240,0.8347256535,0.8614712851,30,5,1,cstr
64.050000,0.6817766532,0.8332270786,0.8601668853,30,5,1,cstr
64.100000,0.6794332257,0.8317201217,0.8588530154,30,5,1,cstr
64.150000,0.6770874221,0.8302048417,0.8575297285,30,5,1,cstr
64.200000,0.6747393227,0.8286812980,0.8561970781,30,5,1,cstr
64.250000,0.6723890078,0.8271495497,0.8548551177,30,5,1,cstr
64.300000,0.6700365573,0.8256096566,0.8535039012,30,5,1,cstr
64.350000,0.6676820510,0.8240616784,0.8521434828,30,5,1,cstr
64.400000,0.6653255686,0.8225056751,0.8507739170,30,5,1,cstr
64.450000,0.6629671896,0.8209417069,0.8493952586,30,5,1,cstr
64.500000,0.6606069932,0.8193698342,0.8480075625,30,5,1,cstr
64.550000,0.6582450584,0.8177901175,0.8466108840,30,5,1,cstr
64.600000,0.6558814642,0.8162026177,0.8452052787,30,5,1,cstr
64.650000,0.6535162891,0.8146073955,0.8437908022,30,5,1,cstr
64.700000,0.6511496116,0.8130045123,0.8423675107,30,5,1,cstr
64.750000,0.6487815100,0.8113940291,0.8409354603,30,5,1,cstr
64.800000,0.6464120623,0.8097760075,0.8394947077,30,5,1,cstr
64.850000,0.6440413462,0.8081505091,0.8380453096,30,5,1,cstr
64.900000,0.6416694393,0.8065175956,0.8365873230,30,5,1,cstr
64.950000,0.6392964189,0.8048773291,0.8351208051,30,5,1,cstr
65.000000,0.6369223622,0.8032297715,0.8336458133,30,5,1,cstr
65.050000,0.6345473459,0.8015749851,0.8321624055,30,5,1,cstr
65.100000,0.6321714468,0.7999130323,0.8306706394,30,5,1,cstr
65.150000,0.6297947412,0.7982439757,0.8291705732,30,5,1,cstr
65.200000,0.6274173052,0.7965678778,0.8276622652,30,5,1,cstr
65.250000,0.6250392146,0.7948848015,0.8261457741,30,5,1,cstr
65.300000,0.6226605452,0.7931948096,0.8246211584,30,5,1,cstr
65.350000,0.6202813722,0.7914979653,0.8230884773,30,5,1,cstr
65.400000,0.6179017707,0.7897943318,0.8215477899,30,5,1,cstr
65.450000,0.6155218156,0.7880839722,0.8199991554,30,5,1,cstr
65.500000,0.6131415814,0.7863669501,0.8184426336,30,5,1,cstr
65.550000,0.6107611423,0.7846433289,0.8168782840,30,5,1,cstr
65.600000,0.6083805725,0.7829131722,0.8153061667,30,5,1,cstr
65.650000,0.6059999455,0.7811765438,0.8137263417,30,5,1,cstr
65.700000,0.6036193349,0.7794335075,0.8121388694,30,5,1,cstr
65.750000,0.6012388137,0.7776841273,0.8105438100,30,5,1,cstr
65.800000,0.5988584548,0.7759284671,0.8089412244,30,5,1,cstr
65.850000,0.5964783308,0.7741665910,0.8073311732,30,5,1,cstr
65.900000,0.5940985139,0.7723985633,0.8057137175,30,5,1,cstr
65.950000,0.5917190761,0.7706244482,0.8040889182,30,5,1,cstr
66.000000,0.5893400890,0.7688443100,0.8024568368,30,5,1,cstr
66.050000,0.5869616240,0.7670582131,0.8008175345,30,5,1,cstr
66.100000,0.5845837520,0.7652662221,0.7991710730,30,5,1,cstr
66.150000,0.5822065439,0.7634684015,0.7975175139,30,5,1,cstr
66.200000,0.5798300699,0.7616648159,0.7958569191,30,5,1,cstr
66.250000,0.5774544002,0.7598555299,0.7941893505,30,5,1,cstr
66.300000,0.5750796046,0.7580406084,0.7925148703,30,5,1,cstr
66.350000,0.5727057524,0.7562201160,0.7908335407,30,5,1,cstr
66.400000,0.5703329127,0.7543941175,0.7891454241,30,5,1,cstr
66.450000,0.5679611544,0.7525626779,0.7874505829,30,5,1,cstr
66.500000,0.5655905457,0.7507258621,0.7857490797,30,5,1,cstr
66.550000,0.5632211549,0.7488837349,0.7840409772,30,5,1,cstr
66.600000,0.5608530497,0.7470363614,0.7823263382,30,5,1,cstr
66.650000,0.5584862975,0.7451838065,0.7806052258,30,5,1,cstr
66.700000,0.5561209652,0.7433261352,0.7788777028,30,5,1,cstr
66.750000,0.5537571198,0.7414634127,0.7771438324,30,5,1,cstr
66.800000,0.5513948274,0.7395957038,0.7754036778,30,5,1,cstr
66.850000,0.5490341542,0.7377230738,0.7736573023,30,5,1,cstr
66.900000,0.5466751657,0.7358455877,0.7719047693,30,5,1,cstr
66.950000,0.5443179272,0.7339633106,0.7701461422,30,5,1,cstr
67.000000,0.5419625037,0.7320763075,0.7683814847,30,5,1,cstr
67.050000,0.5396089598,0.7301846435,0.7666108603,30,5,1,cstr
67.100000,0.5372573595,0.7282883838,0.7648343328,30,5,1,cstr
67.150000,0.5349077669,0.7263875933,0.7630519658,30,5,1,cstr
67.200000,0.5325602452,0.7244823372,0.7612638232,30,5,1,cstr
67.250000,0.5302148576,0.7225726805,0.7594699690,30,5,1,cstr
67.300000,0.5278716669,0.7206586882,0.7576704670,30,5,1,cstr
67.350000,0.5255307352,0.7187404253,0.7558653813,30,5,1,cstr
67.400000,0.5231921246,0.7168179567,0.7540547758,30,5,1,cstr
67.450000,0.5208558967,0.7148913475,0.7522387147,30,5,1,cstr
67.500000,0.5185221126,0.7129606625,0.7504172621,30,5,1,cstr
67.550000,0.5161908331,0.7110259666,0.7485904822,30,5,1,cstr
67.600000,0.5138621186,0.7090873246,0.7467584391,30,5,1,cstr
67.650000,0.5115360292,0.7071448014,0.7449211972,30,5,1,cstr
67.700000,0.5092126244,0.7051984616,0.7430788206,30,5,1,cstr
67.750000,0.5068919635,0.7032483699,0.7412313737,30,5,1,cstr
67.800000,0.5045741054,0.7012945910,0.7393789208,30,5,1,cstr
67.850000,0.5022591084,0.6993371895,0.7375215261,30,5,1,cstr
67.900000,0.4999470306,0.6973762298,0.7356592540,30,5,1,cstr
67.950000,0.4976379296,0.6954117765,0.7337921689,30,5,1,cstr
68.000000,0.4953318628,0.6934438938,0.7319203351,30,5,1,cstr
68.050000,0.4930288868,0.6914726462,0.7300438169,30,5,1,cstr
68.100000,0.4907290581,0.6894980978,0.7281626787,30,5,1,cstr
68.150000,0.4884324328,0.6875203128,0.7262769848,30,5,1,cstr
68.200000,0.4861390664,0.6855393553,0.7243867996,30,5,1,cstr
68.250000,0.4838490141,0.6835552893,0.7224921874,30,5,1,cstr
68.300000,0.4815623307,0.6815681786,0.7205932125,30,5,1,cstr
68.350000,0.4792790706,0.6795780872,0.7186899391,30,5,1,cstr
68.400000,0.4769992878,0.6775850787,0.7167824316,30,5,1,cstr
68.450000,0.4747230357,0.6755892167,0.7148707541,30,5,1,cstr
68.500000,0.4724503674,0.6735905648,0.7129549709,30,5,1,cstr
68.550000,0.4701813358,0.6715891864,0.7110351462,30,5,1,cstr
68.600000,0.4679159930,0.6695851448,0.7091113440,30,5,1,cstr
68.650000,0.4656543910,0.6675785032,0.7071836286,30,5,1,cstr
68.700000,0.4633965810,0.6655693247,0.7052520638,30,5,1,cstr
68.750000,0.4611426143,0.6635576723,0.7033167138,30,5,1,cstr
68.800000,0.4588925413,0.6615436088,0.7013776424,30,5,1,cstr
68.850000,0.4566464121,0.6595271970,0.6994349137,30,5,1,cstr
68.900000,0.4544042766,0.6575084995,0.6974885914,30,5,1,cstr
68.950000,0.4521661841,0.6554875787,0.6955387393,30,5,1,cstr
69.000000,0.4499321833,0.6534644970,0.6935854212,30,5,1,cstr
69.050000,0.4477023229,0.6514393167,0.6916287006,30,5,1,cstr
69.100000,0.4454766507,0.6494120997,0.6896686412,30,5,1,cstr
69.150000,0.4432552143,0.6473829081,0.6877053065,30,5,1,cstr
69.200000,0.4410380610,0.6453518036,0.6857387599,30,5,1,cstr
69.250000,0.4388252373,0.6433188479,0.6837690648,30,5,1,cstr
69.300000,0.4366167897,0.6412841025,0.6817962845,30,5,1,cstr
69.350000,0.4344127640,0.6392476287,0.6798204820,30,5,1,cstr
69.400000,0.4322132055,0.6372094877,0.6778417206,30,5,1,cstr
69.450000,0.4300181593,0.6351697406,0.6758600632,30,5,1,cstr
69.500000,0.4278276699,0.6331284483,0.6738755728,30,5,1,cstr
69.550000,0.4256417813,0.6310856714,0.6718883121,30,5,1,cstr
69.600000,0.4234605374,0.6290414705,0.6698983438,30,5,1,cstr
69.650000,0.4212839813,0.6269959061,0.6679057306,30,5,1,cstr
69.700000,0.4191121558,0.6249490382,0.6659105349,30,5,1,cstr
69.750000,0.4169451032,0.6229009270,0.6639128191,30,5,1,cstr
69.800000,0.4147828655,0.6208516323,0.6619126456,30,5,1,cstr
69.850000,0.4126254842,0.6188012139,0.6599100763,30,5,1,cstr
69.900000,0.4104730003,0.6167497311,0.6579051734,30,5,1,cstr
69.950000,0.4083254544,0.6146972433,0.6558979988,30,5,1,cstr
70.000000,0.4061828866,0.6126438097,0.6538886143,30,5,1,cstr
70.050000,0.4040453367,0.6105894892,0.6518770814,30,5,1,cstr
70.100000,0.4019128439,0.6085343405,0.6498634618,30,5,1,cstr
70.150000,0.3997854472,0.6064784223,0.6478478168,30,5,1,cstr
70.200000,0.3976631848,0.6044217928,0.6458302076,30,5,1,cstr
70.250000,0.3955460948,0.6023645103,0.6438106954,30,5,1,cstr
70.300000,0.3934342147,0.6003066327,0.6417893411,30,5,1,cstr
70.350000,0.3913275815,0.5982482177,0.6397662055,30,5,1,cstr
70.400000,0.3892262320,0.5961893230,0.6377413493,30,5,1,cstr
70.450000,0.3871302022,0.5941300058,0.6357148331,30,5,1,cstr
70.500000,0.3850395279,0.5920703234,0.6336867171,30,5,1,cstr
70.550000,0.3829542446,0.5900103325,0.6316570617,30,5,1,cstr
70.600000,0.3808743870,0.5879500900,0.6296259267,30,5,1,cstr
70.650000,0.3787999895,0.5858896524,0.6275933722,30,5,1,cstr
70.700000,0.3767310863,0.5838290758,0.6255594578,30,5,1,cstr
70.750000,0.3746677108,0.5817684164,0.6235242430,30,5,1,cstr
70.800000,0.3726098962,0.5797077299,0.6214877873,30,5,1,cstr
70.850000,0.3705576752,0.5776470720,0.6194501499,30,5,1,cstr
70.900000,0.3685110800,0.5755864981,0.6174113897,30,5,1,cstr
70.950000,0.3664701424,0.5735260633,0.6153715657,30,5,1,cstr
71.000000,0.3644348938,0.5714658224,0.6133307365,30,5,1,cstr
71.050000,0.3624053652,0.5694058303,0.6112889605,30,5,1,cstr
71.100000,0.3603815870,0.5673461412,0.6092462961,30,5,1,cstr
71.150000,0.3583635893,0.5652868095,0.6072028015,30,5,1,cstr
71.200000,0.3563514018,0.5632278891,0.6051585344,30,5,1,cstr
71.250000,0.3543450536,0.5611694336,0.6031135527,30,5,1,cstr
71.300000,0.3523445736,0.5591114967,0.6010679139,30,5,1,cstr
71.350000,0.3503499900,0.5570541314,0.5990216753,30,5,1,cstr
71.400000,0.3483613307,0.5549973908,0.5969748940,30,5,1,cstr
71.450000,0.3463786233,0.5529413277,0.5949276270,30,5,1,cstr
71.500000,0.3444018947,0.5508859944,0.5928799310,30,5,1,cstr
71.550000,0.3424311716,0.5488314433,0.5908318626,30,5,1,cstr
71.600000,0.3404664802,0.5467777263,0.5887834780,30,5,1,cstr
71.650000,0.3385078461,0.5447248951,0.5867348333,30,5,1,cstr
71.700000,0.3365552948,0.5426730012,0.5846859844,30,5,1,cstr
71.750000,0.3346088512,0.5406220957,0.5826369870,30,5,1,cstr
71.800000,0.3326685396,0.5385722297,0.5805878966,30,5,1,cstr
71.850000,0.3307343842,0.5365234538,0.5785387684,30,5,1,cstr
71.900000,0.3288064086,0.5344758183,0.5764896573,30,5,1,cstr
71.950000,0.3268846360,0.5324293735,0.5744406182,30,5,1,cstr
72.000000,0.3249690892,0.5303841692,0.5723917056,30,5,1,cstr
72.050000,0.3230597906,0.5283402550,0.5703429739,30,5,1,cstr
72.100000,0.3211567620,0.5262976802,0.5682944771,30,5,1,cstr
72.150000,0.3192600250,0.5242564940,0.5662462691,30,5,1,cstr
72.200000,0.3173696008,0.5222167450,0.5641984036,30,5,1,cstr
72.250000,0.3154855100,0.5201784819,0.5621509340,30,5,1,cstr
72.300000,0.3136077728,0.5181417528,0.5601039134,30,5,1,cstr
72.350000,0.3117364093,0.5161066057,0.5580573946,30,5,1,cstr
72.400000,0.3098714387,0.5140730883,0.5560114305,30,5,1,cstr
72.450000,0.3080128803,0.5120412479,0.5539660734,30,5,1,cstr
72.500000,0.3061607525,0.5100111317,0.5519213756,30,5,1,cstr
72.550000,0.3043150737,0.5079827866,0.5498773888,30,5,1,cstr
72.600000,0.3024758615,0.5059562590,0.5478341650,30,5,1,cstr
72.650000,0.3006431336,0.5039315952,0.5457917554,30,5,1,cstr
72.700000,0.2988169068,0.5019088412,0.5437502113,30,5,1,cstr
72.750000,0.2969971978,0.4998880427,0.5417095836,30,5,1,cstr
72.800000,0.2951840227,0.4978692450,0.5396699230,30,5,1,cstr
72.850000,0.2933773975,0.4958524934,0.5376312799,30,5,1,cstr
72.900000,0.2915773374,0.4938378325,0.5355937044,30,5,1,cstr
72.950000,0.2897838575,0.4918253070,0.5335572465,30,5,1,cstr
73.000000,0.2879969724,0.4898149609,0.5315219558,30,5,1,cstr
73.050000,0.2862166964,0.4878068384,0.5294878816,30,5,1,cstr
73.100000,0.2844430432,0.4858009830,0.5274550732,30,5,1,cstr
73.150000,0.2826760264,0.4837974380,0.5254235792,30,5,1,cstr
73.200000,0.2809156588,0.4817962465,0.5233934484,30,5,1,cstr
73.250000,0.2791619533,0.4797974513,0.5213647289,30,5,1,cstr
73.300000,0.2774149221,0.4778010947,0.5193374688,30,5,1,cstr
73.350000,0.2756745770,0.4758072190,0.5173117160,30,5,1,cstr
73.400000,0.2739409296,0.4738158659,0.5152875178,30,5,1,cstr
73.450000,0.2722139910,0.4718270771,0.5132649214,30,5,1,cstr
73.500000,0.2704937720,0.4698408937,0.5112439739,30,5,1,cstr
73.550000,0.2687802829,0.4678573567,0.5092247219,30,5,1,cstr
73.600000,0.2670735337,0.4658765067,0.5072072117,30,5,1,cstr
73.650000,0.2653735341,0.4638983841,0.5051914894,30,5,1,cstr
73.700000,0.2636802933,0.4619230288,0.5031776009,30,5,1,cstr
73.750000,0.2619938201,0.4599504806,0.5011655917,30,5,1,cstr
73.800000,0.2603141232,0.4579807789,0.4991555070,30,5,1,cstr
73.850000,0.2586412105,0.4560139629,0.4971473918,30,5,1,cstr
73.900000,0.2569750900,0.4540500712,0.4951412908,30,5,1,cstr
73.950000,0.2553157689,0.4520891423,0.4931372484,30,5,1,cstr
74.000000,0.2536632545,0.4501312146,0.4911353086,30,5,1,cstr
74.050000,0.2520175533,0.4481763257,0.4891355153,30,5,1,cstr
74.100000,0.2503786718,0.4462245133,0.4871379121,30,5,1,cstr
74.150000,0.2487466158,0.4442758146,0.4851425421,30,5,1,cstr
74.200000,0.2471213911,0.4423302666,0.4831494483,30,5,1,cstr
74.250000,0.2455030028,0.4403879058,0.4811586733,30,5,1,cstr
74.300000,0.2438914560,0.4384487686,0.4791702595,30,5,1,cstr
74.350000,0.2422867552,0.4365128910,0.4771842490,30,5,1,cstr
74.400000,0.2406889047,0.4345803087,0.4752006834,30,5,1,cstr
74.450000,0.2390979083,0.4326510570,0.4732196044,30,5,1,cstr
74.500000,0.2375137696,0.4307251710,0.4712410530,30,5,1,cstr
74.550000,0.2359364918,0.4288026854,0.4692650701,30,5,1,cstr
74.600000,0.2343660777,0.4268836347,0.4672916963,30,5,1,cstr
74.650000,0.2328025300,0.4249680530,0.4653209719,30,5,1,cstr
74.700000,0.2312458509,0.4230559741,0.4633529368,30,5,1,cstr
74.750000,0.2296960421,0.4211474315,0.4613876307,30,5,1,cstr
74.800000,0.2281531052,0.4192424583,0.4594250931,30,5,1,cstr
74.850000,0.2266170415,0.4173410875,0.4574653628,30,5,1,cstr
74.900000,0.2250878519,0.4154433515,0.4555084788,30,5,1,cstr
74.950000,0.2235655369,0.4135492827,0.4535544795,30,5,1,cstr
75.000000,0.2220500968,0.4116589128,0.4516034031,30,5,1,cstr
75.050000,0.2205415315,0.4097722736,0.4496552873,30,5,1,cstr
75.100000,0.2190398406,0.4078893962,0.4477101697,30,5,1,cstr
75.150000,0.2175450235,0.4060103118,0.4457680877,30,5,1,cstr
75.200000,0.2160570791,0.4041350508,0.4438290781,30,5,1,cstr
75.250000,0.2145760061,0.4022636437,0.4418931775,30,5,1,cstr
75.300000,0.2131018028,0.4003961205,0.4399604224,30,5,1,cstr
75.350000,0.2116344674,0.3985325109,0.4380308486,30,5,1,cstr
75.400000,0.2101739976,0.3966728443,0.4361044919,30,5,1,cstr
75.450000,0.2087203909,0.3948171498,0.4341813878,30,5,1,cstr
75.500000,0.2072736444,0.3929654561,0.4322615712,30,5,1,cstr
75.550000,0.2058337551,0.3911177917,0.4303450771,30,5,1,cstr
75.600000,0.2044007194,0.3892741847,0.4284319398,30,5,1,cstr
75.650000,0.2029745336,0.3874346630,0.4265221936,30,5,1,cstr
75.700000,0.2015551939,0.3855992541,0.4246158722,30,5,1,cstr
75.750000,0.2001426958,0.3837679851,0.4227130093,30,5,1,cstr
75.800000,0.1987370348,0.3819408829,0.4208136380,30,5,1,cstr
75.850000,0.1973382060,0.3801179742,0.4189177914,30,5,1,cstr
75.900000,0.1959462044,0.3782992851,0.4170255020,30,5,1,cstr
75.950000,0.1945610243,0.3764848416,0.4151368021,30,5,1,cstr
76.000000,0.1931826603,0.3746746694,0.4132517237,30,5,1,cstr
76.050000,0.1918111063,0.3728687937,0.4113702986,30,5,1,cstr
76.100000,0.1904463560,0.3710672396,0.4094925581,30,5,1,cstr
76.150000,0.1890884029,0.3692700318,0.4076185332,30,5,1,cstr
76.200000,0.1877372404,0.3674771947,0.4057482547,30,5,1,cstr
76.250000,0.1863928613,0.3656887522,0.4038817531,30,5,1,cstr
76.300000,0.1850552583,0.3639047283,0.4020190584,30,5,1,cstr
76.350000,0.1837244239,0.3621251463,0.4001602006,30,5,1,cstr
76.400000,0.1824003502,0.3603500295,0.3983052091,30,5,1,cstr
76.450000,0.1810830292,0.3585794006,0.3964541132,30,5,1,cstr
76.500000,0.1797724526,0.3568132822,0.3946069416,30,5,1,cstr
76.550000,0.1784686117,0.3550516965,0.3927637231,30,5,1,cstr
76.600000,0.1771714978,0.3532946655,0.3909244859,30,5,1,cstr
76.650000,0.1758811018,0.3515422107,0.3890892579,30,5,1,cstr
76.700000,0.1745974143,0.3497943534,0.3872580668,30,5,1,cstr
76.750000,0.1733204258,0.3480511148,0.3854309399,30,5,1,cstr
76.800000,0.1720501265,0.3463125153,0.3836079043,30,5,1,cstr
76.850000,0.1707865064,0.3445785756,0.3817889868,30,5,1,cstr
76.900000,0.1695295553,0.3428493156,0.3799742136,30,5,1,cstr
76.950000,0.1682792625,0.3411247552,0.3781636109,30,5,1,cstr
77.000000,0.1670356174,0.3394049138,0.3763572046,30,5,1,cstr
77.050000,0.1657986091,0.3376898107,0.3745550201,30,5,1,cstr
77.100000,0.1645682263,0.3359794646,0.3727570827,30,5,1,cstr
77.150000,0.1633444577,0.3342738943,0.3709634171,30,5,1,cstr
77.200000,0.1621272917,0.3325731180,0.3691740479,30,5,1,cstr
77.250000,0.1609167163,0.3308771537,0.3673889995,30,5,1,cstr
77.300000,0.1597127196,0.3291860191,0.3656082958,30,5,1,cstr
77.350000,0.1585152893,0.3274997316,0.3638319604,30,5,1,cstr
77.400000,0.1573244129,0.3258183083,0.3620600167,30,5,1,cstr
77.450000,0.1561400778,0.3241417660,0.3602924877,30,5,1,cstr
77.500000,0.1549622709,0.3224701213,0.3585293962,30,5,1,cstr
77.550000,0.1537909794,0.3208033903,0.3567707646,30,5,1,cstr
77.600000,0.1526261898,0.3191415891,0.3550166151,30,5,1,cstr
77.650000,0.1514678886,0.3174847332,0.3532669694,30,5,1,cstr
77.700000,0.1503160623,0.3158328380,0.3515218491,30,5,1,cstr
77.750000,0.1491706968,0.3141859185,0.3497812755,30,5,1,cstr
77.800000,0.1480317781,0.3125439896,0.3480452695,30,5,1,cstr
77.850000,0.1468992920,0.3109070658,0.3463138516,30,5,1,cstr
77.900000,0.1457732240,0.3092751612,0.3445870423,30,5,1,cstr
77.950000,0.1446535595,0.3076482897,0.3428648615,30,5,1,cstr
78.000000,0.1435402836,0.3060264650,0.3411473291,30,5,1,cstr
78.050000,0.1424333814,0.3044097005,0.3394344643,30,5,1,cstr
78.100000,0.1413328376,0.3027980092,0.3377262864,30,5,1,cstr
78.150000,0.1402386370,0.3011914039,0.3360228142,30,5,1,cstr
78.200000,0.1391507639,0.2995898971,0.3343240663,30,5,1,cstr
78.250000,0.1380692028,0.2979935011,0.3326300609,30,5,1,cstr
78.300000,0.1369939376,0.2964022277,0.3309408159,30,5,1,cstr
78.350000,0.1359249525,0.2948160887,0.3292563491,30,5,1,cstr
78.400000,0.1348622312,0.2932350955,0.3275766778,30,5,1,cstr
78.450000,0.1338057573,0.2916592592,0.3259018191,30,5,1,cstr
78.500000,0.1327555144,0.2900885906,0.3242317897,30,5,1,cstr
78.550000,0.1317114857,0.2885231003,0.3225666062,30,5,1,cstr
78.600000,0.1306736545,0.2869627987,0.3209062849,30,5,1,cstr
78.650000,0.1296420037,0.2854076957,0.3192508415,30,5,1,cstr
78.700000,0.1286165162,0.2838578012,0.3176002918,30,5,1,cstr
78.750000,0.1275971747,0.2823131246,0.3159546511,30,5,1,cstr
78.800000,0.1265839618,0.2807736752,0.3143139345,30,5,1,cstr
78.850000,0.1255768600,0.2792394619,0.3126781568,30,5,1,cstr
78.900000,0.1245758514,0.2777104935,0.3110473324,30,5,1,cstr
78.950000,0.1235809184,0.2761867783,0.3094214756,30,5,1,cstr
79.000000,0.1225920428,0.2746683246,0.3078006002,30,5,1,cstr
79.050000,0.1216092066,0.2731551403,0.3061847201,30,5,1,cstr
79.100000,0.1206323914,0.2716472331,0.3045738485,30,5,1,cstr
79.150000,0.1196615790,0.2701446103,0.3029679985,30,5,1,cstr
79.200000,0.1186967508,0.2686472791,0.3013671830,30,5,1,cstr
79.250000,0.1177378881,0.2671552465,0.2997714144,30,5,1,cstr
79.300000,0.1167849721,0.2656685189,0.2981807051,30,5,1,cstr
79.350000,0.1158379841,0.2641871029,0.2965950671,30,5,1,cstr
79.400000,0.1148969050,0.2627110045,0.2950145120,30,5,1,cstr
79.450000,0.1139617156,0.2612402296,0.2934390514,30,5,1,cstr
79.500000,0.1130323967,0.2597747839,0.2918686963,30,5,1,cstr
79.550000,0.1121089290,0.2583146728,0.2903034577,30,5,1,cstr
79.600000,0.1111912929,0.2568599013,0.2887433463,30,5,1,cstr
79.650000,0.1102794690,0.2554104744,0.2871883723,30,5,1,cstr
79.700000,0.1093734375,0.2539663968,0.2856385460,30,5,1,cstr
79.750000,0.1084731787,0.2525276728,0.2840938770,30,5,1,cstr
79.800000,0.1075786726,0.2510943066,0.2825543751,30,5,1,cstr
79.850000,0.1066898992,0.2496663022,0.2810200494,30,5,1,cstr
79.900000,0.1058068386,0.2482436632,0.2794909091,30,5,1,cstr
79.950000,0.1049294704,0.2468263932,0.2779669630,30,5,1,cstr
80.000000,0.1040577744,0.2454144952,0.2764482195,30,5,1,cstr
80.050000,0.1031917302,0.2440079723,0.2749346869,30,5,1,cstr
80.100000,0.1023313174,0.2426068273,0.2734263732,30,5,1,cstr
80.150000,0.1014765154,0.2412110627,0.2719232862,30,5,1,cstr
80.200000,0.1006273035,0.2398206807,0.2704254334,30,5,1,cstr
80.250000,0.0997836611,0.2384356834,0.2689328220,30,5,1,cstr
80.300000,0.0989455673,0.2370560728,0.2674454590,30,5,1,cstr
80.350000,0.0981130013,0.2356818503,0.2659633511,30,5,1,cstr
80.400000,0.0972859420,0.2343130174,0.2644865049,30,5,1,cstr
80.450000,0.0964643684,0.2329495752,0.2630149266,30,5,1,cstr
80.500000,0.0956482595,0.2315915247,0.2615486221,30,5,1,cstr
80.550000,0.0948375939,0.2302388666,0.2600875972,30,5,1,cstr
80.600000,0.0940323505,0.2288916014,0.2586318574,30,5,1,cstr
80.650000,0.0932325080,0.2275497294,0.2571814080,30,5,1,cstr
80.700000,0.0924380448,0.2262132508,0.2557362540,30,5,1,cstr
80.750000,0.0916489396,0.2248821652,0.2542964001,30,5,1,cstr
80.800000,0.0908651708,0.2235564725,0.2528618510,30,5,1,cstr
80.850000,0.0900867168,0.2222361720,0.2514326108,30,5,1,cstr
80.900000,0.0893135560,0.2209212629,0.2500086837,30,5,1,cstr
80.950000,0.0885456666,0.2196117443,0.2485900734,30,5,1,cstr
81.000000,0.0877830270,0.2183076151,0.2471767836,30,5,1,cstr
81.050000,0.0870256153,0.2170088737,0.2457688177,30,5,1,cstr
81.100000,0.0862734095,0.2157155187,0.2443661787,30,5,1,cstr
81.150000,0.0855263879,0.2144275482,0.2429688695,30,5,1,cstr
81.200000,0.0847845284,0.2131449602,0.2415768928,30,5,1,cstr
81.250000,0.0840478090,0.2118677526,0.2401902511,30,5,1,cstr
81.300000,0.0833162076,0.2105959229,0.2388089466,30,5,1,cstr
81.350000,0.0825897021,0.2093294686,0.2374329812,30,5,1,cstr
81.400000,0.0818682705,0.2080683868,0.2360623567,30,5,1,cstr
81.450000,0.0811518904,0.2068126747,0.2346970746,30,5,1,cstr
81.500000,0.0804405397,0.2055623290,0.2333371364,30,5,1,cstr
81.550000,0.0797341961,0.2043173464,0.2319825431,30,5,1,cstr
81.600000,0.0790328373,0.2030777233,0.2306332955,30,5,1,cstr
81.650000,0.0783364409,0.2018434561,0.2292893944,30,5,1,cstr
81.700000,0.0776449847,0.2006145408,0.2279508402,30,5,1,cstr
81.750000,0.0769584462,0.1993909732,0.2266176331,30,5,1,cstr
81.800000,0.0762768029,0.1981727492,0.2252897733,30,5,1,cstr
81.850000,0.0756000325,0.1969598643,0.2239672604,30,5,1,cstr
81.900000,0.0749281125,0.1957523138,0.2226500941,30,5,1,cstr
81.950000,0.0742610203,0.1945500929,0.2213382739,30,5,1,cstr
82.000000,0.0735987335,0.1933531966,0.2200317989,30,5,1,cstr
82.050000,0.0729412295,0.1921616198,0.2187306681,30,5,1,cstr
82.100000,0.0722884857,0.1909753571,0.2174348803,30,5,1,cstr
82.150000,0.0716404796,0.1897944030,0.2161444342,30,5,1,cstr
82.200000,0.0709971885,0.1886187518,0.2148593280,30,5,1,cstr
82.250000,0.0703585899,0.1874483977,0.2135795600,30,5,1,cstr
82.300000,0.0697246612,0.1862833347,0.2123051282,30,5,1,cstr
82.350000,0.0690953796,0.1851235565,0.2110360303,30,5,1,cstr
82.400000,0.0684707227,0.1839690568,0.2097722641,30,5,1,cstr
82.450000,0.0678506676,0.1828198292,0.2085138268,30,5,1,cstr
82.500000,0.0672351919,0.1816758669,0.2072607157,30,5,1,cstr
82.550000,0.0666242727,0.1805371632,0.2060129279,30,5,1,cstr
82.600000,0.0660178875,0.1794037110,0.2047704602,30,5,1,cstr
82.650000,0.0654160135,0.1782755032,0.2035333093,30,5,1,cstr
82.700000,0.0648186282,0.1771525325,0.2023014715,30,5,1,cstr
82.750000,0.0642257088,0.1760347915,0.2010749433,30,5,1,cstr
82.800000,0.0636372326,0.1749222725,0.1998537207,30,5,1,cstr
82.850000,0.0630531771,0.1738149679,0.1986377996,30,5,1,cstr
82.900000,0.0624735195,0.1727128697,0.1974271758,30,5,1,cstr
82.950000,0.0618982372,0.1716159698,0.1962218449,30,5,1,cstr
83.000000,0.0613273076,0.1705242601,0.1950218022,30,5,1,cstr
83.050000,0.0607607079,0.1694377323,0.1938270430,30,5,1,cstr
83.100000,0.0601984157,0.1683563778,0.1926375623,30,5,1,cstr
83.150000,0.0596404082,0.1672801881,0.1914533549,30,5,1,cstr
83.200000,0.0590866628,0.1662091544,0.1902744157,30,5,1,cstr
83.250000,0.0585371571,0.1651432678,0.1891007390,30,5,1,cstr
83.300000,0.0579918683,0.1640825193,0.1879323194,30,5,1,cstr
83.350000,0.0574507740,0.1630268997,0.1867691509,30,5,1,cstr
83.400000,0.0569138515,0.1619763997,0.1856112276,30,5,1,cstr
83.450000,0.0563810784,0.1609310098,0.1844585435,30,5,1,cstr
83.500000,0.0558524322,0.1598907206,0.1833110921,30,5,1,cstr
83.550000,0.0553278904,0.1588555224,0.1821688671,30,5,1,cstr
83.600000,0.0548074305,0.1578254052,0.1810318619,30,5,1,cstr
83.650000,0.0542910301,0.1568003593,0.1799000696,30,5,1,cstr
83.700000,0.0537786667,0.1557803744,0.1787734835,30,5,1,cstr
83.750000,0.0532703180,0.1547654404,0.1776520963,30,5,1,cstr
83.800000,0.0527659617,0.1537555471,0.1765359009,30,5,1,cstr
83.850000,0.0522655753,0.1527506839,0.1754248900,30,5,1,cstr
83.900000,0.0517691366,0.1517508404,0.1743190559,30,5,1,cstr
83.950000,0.0512766234,0.1507560058,0.1732183910,30,5,1,cstr
84.000000,0.0507880133,0.1497661694,0.1721228876,30,5,1,cstr
84.050000,0.0503032841,0.1487813203,0.1710325376,30,5,1,cstr
84.100000,0.0498224138,0.1478014475,0.1699473329,30,5,1,cstr
84.150000,0.0493453801,0.1468265398,0.1688672653,30,5,1,cstr
84.200000,0.0488721609,0.1458565861,0.1677923264,30,5,1,cstr
84.250000,0.0484027342,0.1448915749,0.1667225078,30,5,1,cstr
84.300000,0.0479370779,0.1439314949,0.1656578006,30,5,1,cstr
84.350000,0.0474751701,0.1429763345,0.1645981962,30,5,1,cstr
84.400000,0.0470169887,0.1420260820,0.1635436855,30,5,1,cstr
84.450000,0.0465625119,0.1410807258,0.1624942596,30,5,1,cstr
84.500000,0.0461117178,0.1401402538,0.1614499093,30,5,1,cstr
84.550000,0.0456645845,0.1392046542,0.1604106251,30,5,1,cstr
84.600000,0.0452210903,0.1382739150,0.1593763977,30,5,1,cstr
84.650000,0.0447812134,0.1373480239,0.1583472175,30,5,1,cstr
84.700000,0.0443449322,0.1364269688,0.1573230747,30,5,1,cstr
84.750000,0.0439122249,0.1355107372,0.1563039596,30,5,1,cstr
84.800000,0.0434830700,0.1345993168,0.1552898622,30,5,1,cstr
84.850000,0.0430574459,0.1336926950,0.1542807724,30,5,1,cstr
84.900000,0.0426353311,0.1327908592,0.1532766800,30,5,1,cstr
84.950000,0.0422167042,0.1318937967,0.1522775747,30,5,1,cstr
85.000000,0.0418015436,0.1310014947,0.1512834461,30,5,1,cstr
85.050000,0.0413898281,0.1301139404,0.1502942837,30,5,1,cstr
85.100000,0.0409815364,0.1292311207,0.1493100767,30,5,1,cstr
85.150000,0.0405766472,0.1283530227,0.1483308145,30,5,1,cstr
85.200000,0.0401751393,0.1274796331,0.1473564861,30,5,1,cstr
85.250000,0.0397769915,0.1266109389,0.1463870805,30,5,1,cstr
85.300000,0.0393821827,0.1257469267,0.1454225867,30,5,1,cstr
85.350000,0.0389906920,0.1248875831,0.1444629935,30,5,1,cstr
85.400000,0.0386024983,0.1240328948,0.1435082894,30,5,1,cstr
85.450000,0.0382175807,0.1231828481,0.1425584632,30,5,1,cstr
85.500000,0.0378359184,0.1223374296,0.1416135033,30,5,1,cstr
85.550000,0.0374574905,0.1214966255,0.1406733981,30,5,1,cstr
85.600000,0.0370822763,0.1206604221,0.1397381359,30,5,1,cstr
85.650000,0.0367102551,0.1198288057,0.1388077048,30,5,1,cstr
85.700000,0.0363414062,0.1190017623,0.1378820930,30,5,1,cstr
85.750000,0.0359757092,0.1181792780,0.1369612884,30,5,1,cstr
85.800000,0.0356131434,0.1173613388,0.1360452789,30,5,1,cstr
85.850000,0.0352536886,0.1165479307,0.1351340524,30,5,1,cstr
85.900000,0.0348973241,0.1157390395,0.1342275966,30,5,1,cstr
85.950000,0.0345440299,0.1149346510,0.1333258990,30,5,1,cstr
86.000000,0.0341937855,0.1141347509,0.1324289472,30,5,1,cstr
86.050000,0.0338465709,0.1133393250,0.1315367288,30,5,1,cstr
86.100000,0.0335023659,0.1125483589,0.1306492309,30,5,1,cstr
86.150000,0.0331611504,0.1117618381,0.1297664410,30,5,1,cstr
86.200000,0.0328229044,0.1109797482,0.1288883461,30,5,1,cstr
86.250000,0.0324876081,0.1102020746,0.1280149335,30,5,1,cstr
86.300000,0.0321552416,0.1094288028,0.1271461901,30,5,1,cstr
86.350000,0.0318257851,0.1086599180,0.1262821029,30,5,1,cstr
86.400000,0.0314992189,0.1078954056,0.1254226588,30,5,1,cstr
86.450000,0.0311755233,0.1071352508,0.1245678446,30,5,1,cstr
86.500000,0.0308546787,0.1063794389,0.1237176470,30,5,1,cstr
86.550000,0.0305366657,0.1056279550,0.1228720526,30,5,1,cstr
86.600000,0.0302214648,0.1048807842,0.1220310480,30,5,1,cstr
86.650000,0.0299090567,0.1041379116,0.1211946198,30,5,1,cstr
86.700000,0.0295994220,0.1033993221,0.1203627543,30,5,1,cstr
86.750000,0.0292925415,0.1026650008,0.1195354380,30,5,1,cstr
86.800000,0.0289883962,0.1019349327,0.1187126570,30,5,1,cstr
86.850000,0.0286869668,0.1012091025,0.1178943978,30,5,1,cstr
86.900000,0.0283882344,0.1004874952,0.1170806463,30,5,1,cstr
86.950000,0.0280921802,0.0997700956,0.1162713888,30,5,1,cstr
87.000000,0.0277987851,0.0990568884,0.1154666112,30,5,1,cstr
87.050000,0.0275080305,0.0983478584,0.1146662996,30,5,1,cstr
87.100000,0.0272198976,0.0976429903,0.1138704398,30,5,1,cstr
87.150000,0.0269343678,0.0969422689,0.1130790178,30,5,1,cstr
87.200000,0.0266514225,0.0962456786,0.1122920192,30,5,1,cstr
87.250000,0.0263710434,0.0955532042,0.1115094300,30,5,1,cstr
87.300000,0.0260932119,0.0948648302,0.1107312357,30,5,1,cstr
87.350000,0.0258179097,0.0941805412,0.1099574219,30,5,1,cstr
87.400000,0.0255451187,0.0935003216,0.1091879744,30,5,1,cstr
87.450000,0.0252748205,0.0928241560,0.1084228785,30,5,1,cstr
87.500000,0.0250069972,0.0921520289,0.1076621199,30,5,1,cstr
87.550000,0.0247416307,0.0914839247,0.1069056838,30,5,1,cstr
87.600000,0.0244787031,0.0908198278,0.1061535557,30,5,1,cstr
87.650000,0.0242181965,0.0901597226,0.1054057210,30,5,1,cstr
87.700000,0.0239600931,0.0895035934,0.1046621649,30,5,1,cstr
87.750000,0.0237043753,0.0888514247,0.1039228726,30,5,1,cstr
87.800000,0.0234510253,0.0882032007,0.1031878294,30,5,1,cstr
87.850000,0.0232000258,0.0875589058,0.1024570205,30,5,1,cstr
87.900000,0.0229513591,0.0869185242,0.1017304308,30,5,1,cstr
87.950000,0.0227050079,0.0862820403,0.1010080456,30,5,1,cstr
88.000000,0.0224609550,0.0856494383,0.1002898499,30,5,1,cstr
88.050000,0.0222191830,0.0850207024,0.0995758286,30,5,1,cstr
88.100000,0.0219796749,0.0843958168,0.0988659667,30,5,1,cstr
88.150000,0.0217424136,0.0837747658,0.0981602492,30,5,1,cstr
88.200000,0.0215073821,0.0831575336,0.0974586609,30,5,1,cstr
88.250000,0.0212745634,0.0825441043,0.0967611866,30,5,1,cstr
88.300000,0.0210439409,0.0819344622,0.0960678114,30,5,1,cstr
88.350000,0.0208154977,0.0813285914,0.0953785198,30,5,1,cstr
88.400000,0.0205892171,0.0807264761,0.0946932967,30,5,1,cstr
88.450000,0.0203650827,0.0801281003,0.0940121268,30,5,1,cstr
88.500000,0.0201430779,0.0795334484,0.0933349949,30,5,1,cstr
88.550000,0.0199231862,0.0789425043,0.0926618855,30,5,1,cstr
88.600000,0.0197053915,0.0783552523,0.0919927834,30,5,1,cstr
88.650000,0.0194896773,0.0777716764,0.0913276731,30,5,1,cstr
88.700000,0.0192760277,0.0771917608,0.0906665394,30,5,1,cstr
88.750000,0.0190644263,0.0766154897,0.0900093667,30,5,1,cstr
88.800000,0.0188548574,0.0760428470,0.0893561396,30,5,1,cstr
88.850000,0.0186473049,0.0754738170,0.0887068426,30,5,1,cstr
88.900000,0.0184417530,0.0749083838,0.0880614604,30,5,1,cstr
88.950000,0.0182381860,0.0743465314,0.0874199773,30,5,1,cstr
89.000000,0.0180365881,0.0737882440,0.0867823778,30,5,1,cstr
89.050000,0.0178369439,0.0732335058,0.0861486464,30,5,1,cstr
89.100000,0.0176392377,0.0726823008,0.0855187676,30,5,1,cstr
89.150000,0.0174434542,0.0721346132,0.0848927257,30,5,1,cstr
89.200000,0.0172495780,0.0715904270,0.0842705052,30,5,1,cstr
89.250000,0.0170575938,0.0710497266,0.0836520905,30,5,1,cstr
89.300000,0.0168674866,0.0705124959,0.0830374659,30,5,1,cstr
89.350000,0.0166792411,0.0699787191,0.0824266159,30,5,1,cstr
89.400000,0.0164928425,0.0694483804,0.0818195249,30,5,1,cstr
89.450000,0.0163082757,0.0689214640,0.0812161770,30,5,1,cstr
89.500000,0.0161255259,0.0683979541,0.0806165568,30,5,1,cstr
89.550000,0.0159445783,0.0678778347,0.0800206485,30,5,1,cstr
89.600000,0.0157654183,0.0673610902,0.0794284365,30,5,1,cstr
89.650000,0.0155880313,0.0668477047,0.0788399051,30,5,1,cstr
89.700000,0.0154124028,0.0663376624,0.0782550386,30,5,1,cstr
89.750000,0.0152385182,0.0658309476,0.0776738213,30,5,1,cstr
89.800000,0.0150663634,0.0653275445,0.0770962375,30,5,1,cstr
89.850000,0.0148959239,0.0648274374,0.0765222716,30,5,1,cstr
89.900000,0.0147271857,0.0643306105,0.0759519078,30,5,1,cstr
89.950000,0.0145601346,0.0638370482,0.0753851304,30,5,1,cstr
90.000000,0.0143947566,0.0633467347,0.0748219238,30,5,1,cstr
90.050000,0.0142310378,0.0628596544,0.0742622722,30,5,1,cstr
90.100000,0.0140689643,0.0623757916,0.0737061600,30,5,1,cstr
90.150000,0.0139085224,0.0618951306,0.0731535714,30,5,1,cstr
90.200000,0.0137496982,0.0614176559,0.0726044908,30,5,1,cstr
90.250000,0.0135924784,0.0609433518,0.0720589024,30,5,1,cstr
90.300000,0.0134368492,0.0604722027,0.0715167906,30,5,1,cstr
90.350000,0.0132827973,0.0600041931,0.0709781397,30,5,1,cstr
90.400000,0.0131303093,0.0595393075,0.0704429340,30,5,1,cstr
90.450000,0.0129793720,0.0590775302,0.0699111579,30,5,1,cstr
90.500000,0.0128299720,0.0586188459,0.0693827956,30,5,1,cstr
90.550000,0.0126820964,0.0581632390,0.0688578316,30,5,1,cstr
90.600000,0.0125357320,0.0577106941,0.0683362502,30,5,1,cstr
90.650000,0.0123908659,0.0572611957,0.0678180357,30,5,1,cstr
90.700000,0.0122474853,0.0568147284,0.0673031725,30,5,1,cstr
90.750000,0.0121055773,0.0563712770,0.0667916451,30,5,1,cstr
90.800000,0.0119651292,0.0559308259,0.0662834377,30,5,1,cstr
90.850000,0.0118261284,0.0554933599,0.0657785349,30,5,1,cstr
90.900000,0.0116885623,0.0550588637,0.0652769210,30,5,1,cstr
90.950000,0.0115524184,0.0546273220,0.0647785804,30,5,1,cstr
91.000000,0.0114176844,0.0541987195,0.0642834977,30,5,1,cstr
91.050000,0.0112843480,0.0537730411,0.0637916573,30,5,1,cstr
91.100000,0.0111523968,0.0533502716,0.0633030436,30,5,1,cstr
91.150000,0.0110218188,0.0529303957,0.0628176412,30,5,1,cstr
91.200000,0.0108926018,0.0525133984,0.0623354345,30,5,1,cstr
91.250000,0.0107647340,0.0520992645,0.0618564082,30,5,1,cstr
91.300000,0.0106382032,0.0516879791,0.0613805467,30,5,1,cstr
91.350000,0.0105129978,0.0512795270,0.0609078346,30,5,1,cstr
91.400000,0.0103891059,0.0508738932,0.0604382565,30,5,1,cstr
91.450000,0.0102665159,0.0504710629,0.0599717970,30,5,1,cstr
91.500000,0.0101452161,0.0500710210,0.0595084407,30,5,1,cstr
91.550000,0.0100251950,0.0496737526,0.0590481723,30,5,1,cstr
91.600000,0.0099064413,0.0492792428,0.0585909765,30,5,1,cstr
91.650000,0.0097889434,0.0488874769,0.0581368378,30,5,1,cstr
91.700000,0.0096726901,0.0484984400,0.0576857412,30,5,1,cstr
91.750000,0.0095576702,0.0481121173,0.0572376712,30,5,1,cstr
91.800000,0.0094438725,0.0477284942,0.0567926127,30,5,1,cstr
91.850000,0.0093312860,0.0473475558,0.0563505504,30,5,1,cstr
91.900000,0.0092198997,0.0469692876,0.0559114692,30,5,1,cstr
91.950000,0.0091097026,0.0465936749,0.0554753539,30,5,1,cstr
92.000000,0.0090006839,0.0462207032,0.0550421893,30,5,1,cstr
92.050000,0.0088928330,0.0458503578,0.0546119603,30,5,1,cstr
92.100000,0.0087861389,0.0454826243,0.0541846519,30,5,1,cstr
92.150000,0.0086805913,0.0451174881,0.0537602490,30,5,1,cstr
92.200000,0.0085761794,0.0447549350,0.0533387366,30,5,1,cstr
92.250000,0.0084728930,0.0443949503,0.0529200997,30,5,1,cstr
92.300000,0.0083707214,0.0440375199,0.0525043232,30,5,1,cstr
92.350000,0.0082696546,0.0436826293,0.0520913923,30,5,1,cstr
92.400000,0.0081696821,0.0433302643,0.0516812921,30,5,1,cstr
92.450000,0.0080707939,0.0429804107,0.0512740077,30,5,1,cstr
92.500000,0.0079729798,0.0426330542,0.0508695242,30,5,1,cstr
92.550000,0.0078762298,0.0422881807,0.0504678268,30,5,1,cstr
92.600000,0.0077805340,0.0419457761,0.0500689008,30,5,1,cstr
92.650000,0.0076858825,0.0416058262,0.0496727313,30,5,1,cstr
92.700000,0.0075922655,0.0412683171,0.0492793037,30,5,1,cstr
92.750000,0.0074996733,0.0409332348,0.0488886033,30,5,1,cstr
92.800000,0.0074080961,0.0406005653,0.0485006154,30,5,1,cstr
92.850000,0.0073175244,0.0402702947,0.0481153254,30,5,1,cstr
92.900000,0.0072279487,0.0399424092,0.0477327187,30,5,1,cstr
92.950000,0.0071393596,0.0396168949,0.0473527809,30,5,1,cstr
93.000000,0.0070517476,0.0392937380,0.0469754972,30,5,1,cstr
93.050000,0.0069651034,0.0389729248,0.0466008534,30,5,1,cstr
93.100000,0.0068794179,0.0386544417,0.0462288350,30,5,1,cstr
93.150000,0.0067946817,0.0383382749,0.0458594274,30,5,1,cstr
93.200000,0.0067108860,0.0380244109,0.0454926165,30,5,1,cstr
93.250000,0.0066280215,0.0377128362,0.0451283878,30,5,1,cstr
93.300000,0.0065460794,0.0374035371,0.0447667271,30,5,1,cstr
93.350000,0.0064650507,0.0370965002,0.0444076201,30,5,1,cstr
93.400000,0.0063849266,0.0367917122,0.0440510526,30,5,1,cstr
93.450000,0.0063056984,0.0364891597,0.0436970104,30,5,1,cstr
93.500000,0.0062273574,0.0361888292,0.0433454793,30,5,1,cstr
93.550000,0.0061498950,0.0358907076,0.0429964454,30,5,1,cstr
93.600000,0.0060733025,0.0355947815,0.0426498945,30,5,1,cstr
93.650000,0.0059975716,0.0353010379,0.0423058125,30,5,1,cstr
93.700000,0.0059226937,0.0350094636,0.0419641857,30,5,1,cstr
93.750000,0.0058486605,0.0347200454,0.0416249999,30,5,1,cstr
93.800000,0.0057754638,0.0344327703,0.0412882412,30,5,1,cstr
93.850000,0.0057030953,0.0341476253,0.0409538960,30,5,1,cstr
93.900000,0.0056315468,0.0338645975,0.0406219502,30,5,1,cstr
93.950000,0.0055608103,0.0335836740,0.0402923903,30,5,1,cstr
94.000000,0.0054908777,0.0333048418,0.0399652023,30,5,1,cstr
94.050000,0.0054217411,0.0330280882,0.0396403727,30,5,1,cstr
94.100000,0.0053533924,0.0327534005,0.0393178878,30,5,1,cstr
94.150000,0.0052858240,0.0324807659,0.0389977340,30,5,1,cstr
94.200000,0.0052190280,0.0322101717,0.0386798977,30,5,1,cstr
94.250000,0.0051529967,0.0319416053,0.0383643654,30,5,1,cstr
94.300000,0.0050877224,0.0316750542,0.0380511237,30,5,1,cstr
94.350000,0.0050231977,0.0314105058,0.0377401591,30,5,1,cstr
94.400000,0.0049594148,0.0311479477,0.0374314583,30,5,1,cstr
94.450000,0.0048963664,0.0308873675,0.0371250079,30,5,1,cstr
94.500000,0.0048340450,0.0306287527,0.0368207946,30,5,1,cstr
94.550000,0.0047724434,0.0303720911,0.0365188051,30,5,1,cstr
94.600000,0.0047115542,0.0301173703,0.0362190263,30,5,1,cstr
94.650000,0.0046513702,0.0298645782,0.0359214451,30,5,1,cstr
94.700000,0.0045918842,0.0296137026,0.0356260482,30,5,1,cstr
94.750000,0.0045330891,0.0293647313,0.0353328226,30,5,1,cstr
94.800000,0.0044749779,0.0291176524,0.0350417554,30,5,1,cstr
94.850000,0.0044175436,0.0288724537,0.0347528335,30,5,1,cstr
94.900000,0.0043607793,0.0286291233,0.0344660440,30,5,1,cstr
94.950000,0.0043046781,0.0283876492,0.0341813740,30,5,1,cstr
95.000000,0.0042492331,0.0281480196,0.0338988107,30,5,1,cstr
95.050000,0.0041944377,0.0279102227,0.0336183413,30,5,1,cstr
95.100000,0.0041402850,0.0276742467,0.0333399531,30,5,1,cstr
95.150000,0.0040867686,0.0274400799,0.0330636333,30,5,1,cstr
95.200000,0.0040338818,0.0272077106,0.0327893694,30,5,1,cstr
95.250000,0.0039816180,0.0269771271,0.0325171487,30,5,1,cstr
95.300000,0.0039299708,0.0267483180,0.0322469586,30,5,1,cstr
95.350000,0.0038789338,0.0265212716,0.0319787867,30,5,1,cstr
95.400000,0.0038285006,0.0262959766,0.0317126206,30,5,1,cstr
95.450000,0.0037786650,0.0260724215,0.0314484478,30,5,1,cstr
95.500000,0.0037294206,0.0258505949,0.0311862559,30,5,1,cstr
95.550000,0.0036807612,0.0256304855,0.0309260326,30,5,1,cstr
95.600000,0.0036326808,0.0254120821,0.0306677657,30,5,1,cstr
95.650000,0.0035851731,0.0251953735,0.0304114430,30,5,1,cstr
95.700000,0.0035382323,0.0249803484,0.0301570523,30,5,1,cstr
95.750000,0.0034918523,0.0247669958,0.0299045815,30,5,1,cstr
95.800000,0.0034460272,0.0245553045,0.0296540185,30,5,1,cstr
95.850000,0.0034007510,0.0243452637,0.0294053512,30,5,1,cstr
95.900000,0.0033560180,0.0241368623,0.0291585679,30,5,1,cstr
95.950000,0.0033118224,0.0239300895,0.0289136564,30,5,1,cstr
96.000000,0.0032681585,0.0237249343,0.0286706050,30,5,1,cstr
96.050000,0.0032250205,0.0235213860,0.0284294018,30,5,1,cstr
96.100000,0.0031824030,0.0233194338,0.0281900350,30,5,1,cstr
96.150000,0.0031403002,0.0231190670,0.0279524930,30,5,1,cstr
96.200000,0.0030987067,0.0229202749,0.0277167640,30,5,1,cstr
96.250000,0.0030576170,0.0227230470,0.0274828365,30,5,1,cstr
96.300000,0.0030170257,0.0225273727,0.0272506988,30,5,1,cstr
96.350000,0.0029769274,0.0223332415,0.0270203395,30,5,1,cstr
96.400000,0.0029373168,0.0221406430,0.0267917470,30,5,1,cstr
96.450000,0.0028981885,0.0219495667,0.0265649100,30,5,1,cstr
96.500000,0.0028595375,0.0217600023,0.0263398170,30,5,1,cstr
96.550000,0.0028213585,0.0215719395,0.0261164568,30,5,1,cstr
96.600000,0.0027836463,0.0213853681,0.0258948181,30,5,1,cstr
96.650000,0.0027463959,0.0212002779,0.0256748896,30,5,1,cstr
96.700000,0.0027096022,0.0210166587,0.0254566603,30,5,1,cstr
96.750000,0.0026732603,0.0208345005,0.0252401188,30,5,1,cstr
96.800000,0.0026373651,0.0206537931,0.0250252543,30,5,1,cstr
96.850000,0.0026019119,0.0204745267,0.0248120556,30,5,1,cstr
96.900000,0.0025668957,0.0202966912,0.0246005118,30,5,1,cstr
96.950000,0.0025323118,0.0201202768,0.0243906120,30,5,1,cstr
97.000000,0.0024981553,0.0199452736,0.0241823453,30,5,1,cstr
97.050000,0.0024644215,0.0197716718,0.0239757009,30,5,1,cstr
97.100000,0.0024311058,0.0195994618,0.0237706680,30,5,1,cstr
97.150000,0.0023982036,0.0194286338,0.0235672358,30,5,1,cstr
97.200000,0.0023657102,0.0192591782,0.0233653938,30,5,1,cstr
97.250000,0.0023336211,0.0190910854,0.0231651313,30,5,1,cstr
97.300000,0.0023019318,0.0189243459,0.0229664378,30,5,1,cstr
97.350000,0.0022706379,0.0187589501,0.0227693026,30,5,1,cstr
97.400000,0.0022397349,0.0185948886,0.0225737154,30,5,1,cstr
97.450000,0.0022092184,0.0184321521,0.0223796658,30,5,1,cstr
97.500000,0.0021790842,0.0182707312,0.0221871432,30,5,1,cstr
97.550000,0.0021493278,0.0181106167,0.0219961376,30,5,1,cstr
97.600000,0.0021199452,0.0179517992,0.0218066385,30,5,1,cstr
97.650000,0.0020909320,0.0177942696,0.0216186358,30,5,1,cstr
97.700000,0.0020622841,0.0176380188,0.0214321192,30,5,1,cstr
97.750000,0.0020339974,0.0174830376,0.0212470788,30,5,1,cstr
97.800000,0.0020060678,0.0173293171,0.0210635043,30,5,1,cstr
97.850000,0.0019784912,0.0171768482,0.0208813858,30,5,1,cstr
97.900000,0.0019512636,0.0170256221,0.0207007134,30,5,1,cstr
97.950000,0.0019243811,0.0168756297,0.0205214771,30,5,1,cstr
98.000000,0.0018978397,0.0167268623,0.0203436670,30,5,1,cstr
98.050000,0.0018716355,0.0165793110,0.0201672734,30,5,1,cstr
98.100000,0.0018457647,0.0164329672,0.0199922864,30,5,1,cstr
98.150000,0.0018202235,0.0162878221,0.0198186963,30,5,1,cstr
98.200000,0.0017950080,0.0161438671,0.0196464936,30,5,1,cstr
98.250000,0.0017701146,0.0160010936,0.0194756685,30,5,1,cstr
98.300000,0.0017455395,0.0158594930,0.0193062114,30,5,1,cstr
98.350000,0.0017212791,0.0157190568,0.0191381130,30,5,1,cstr
98.400000,0.0016973297,0.0155797766,0.0189713637,30,5,1,cstr
98.450000,0.0016736878,0.0154416439,0.0188059540,30,5,1,cstr
98.500000,0.0016503497,0.0153046505,0.0186418747,30,5,1,cstr
98.550000,0.0016273120,0.0151687879,0.0184791163,30,5,1,cstr
98.600000,0.0016045712,0.0150340480,0.0183176697,30,5,1,cstr
98.650000,0.0015821237,0.0149004225,0.0181575256,30,5,1,cstr
98.700000,0.0015599663,0.0147679032,0.0179986748,30,5,1,cstr
98.750000,0.0015380955,0.0146364820,0.0178411082,30,5,1,cstr
98.800000,0.0015165080,0.0145061509,0.0176848167,30,5,1,cstr
98.850000,0.0014952004,0.0143769018,0.0175297914,30,5,1,cstr
98.900000,0.0014741695,0.0142487267,0.0173760231,30,5,1,cstr
98.950000,0.0014534120,0.0141216177,0.0172235031,30,5,1,cstr
99.000000,0.0014329247,0.0139955670,0.0170722224,30,5,1,cstr
99.050000,0.0014127045,0.0138705666,0.0169221721,30,5,1,cstr
99.100000,0.0013927481,0.0137466088,0.0167733435,30,5,1,cstr
99.150000,0.0013730525,0.0136236858,0.0166257279,30,5,1,cstr
99.200000,0.0013536145,0.0135017900,0.0164793166,30,5,1,cstr
99.250000,0.0013344312,0.0133809136,0.0163341009,30,5,1,cstr
99.300000,0.0013154994,0.0132610491,0.0161900723,30,5,1,cstr
99.350000,0.0012968163,0.0131421889,0.0160472221,30,5,1,cstr
99.400000,0.0012783788,0.0130243255,0.0159055420,30,5,1,cstr
99.450000,0.0012601841,0.0129074514,0.0157650234,30,5,1,cstr
99.500000,0.0012422292,0.0127915591,0.0156256580,30,5,1,cstr
99.550000,0.0012245112,0.0126766414,0.0154874374,30,5,1,cstr
99.600000,0.0012070273,0.0125626908,0.0153503532,30,5,1,cstr
99.650000,0.0011897748,0.0124497000,0.0152143973,30,5,1,cstr
99.700000,0.0011727508,0.0123376619,0.0150795614,30,5,1,cstr
99.750000,0.0011559525,0.0122265692,0.0149458374,30,5,1,cstr
99.800000,0.0011393773,0.0121164147,0.0148132171,30,5,1,cstr
99.850000,0.0011230225,0.0120071914,0.0146816925,30,5,1,cstr
99.900000,0.0011068854,0.0118988921,0.0145512556,30,5,1,cstr
99.950000,0.0010909634,0.0117915098,0.0144218983,30,5,1,cstr
100.000000,0.0010752538,0.0116850376,0.0142936127,30,5,1,cstr
100.050000,0.0010597542,0.0115794685,0.0141663910,30,5,1,cstr
100.100000,0.0010444618,0.0114747956,0.0140402253,30,5,1,cstr
100.150000,0.0010293743,0.0113710120,0.0139151078,30,5,1,cstr
100.200000,0.0010144891,0.0112681110,0.0137910308,30,5,1,cstr
100.250000,0.0009998037,0.0111660858,0.0136679866,30,5,1,cstr
100.300000,0.0009853158,0.0110649296,0.0135459674,30,5,1,cstr
100.350000,0.0009710228,0.0109646357,0.0134249658,30,5,1,cstr
100.400000,0.0009569224,0.0108651976,0.0133049741,30,5,1,cstr
100.450000,0.0009430122,0.0107666086,0.0131859848,30,5,1,cstr
100.500000,0.0009292899,0.0106688622,0.0130679904,30,5,1,cstr
100.550000,0.0009157532,0.0105719519,0.0129509835,30,5,1,cstr
100.600000,0.0009023998,0.0104758711,0.0128349568,30,5,1,cstr
100.650000,0.0008892274,0.0103806134,0.0127199028,30,5,1,cstr
100.700000,0.0008762338,0.0102861726,0.0126058143,30,5,1,cstr
100.750000,0.0008634167,0.0101925421,0.0124926841,30,5,1,cstr
100.800000,0.0008507740,0.0100997158,0.0123805048,30,5,1,cstr
100.850000,0.0008383035,0.0100076873,0.0122692694,30,5,1,cstr
100.900000,0.0008260031,0.0099164504,0.0121589708,30,5,1,cstr
100.950000,0.0008138707,0.0098259989,0.0120496018,30,5,1,cstr
101.000000,0.0008019040,0.0097363267,0.0119411554,30,5,1,cstr
101.050000,0.0007901012,0.0096474277,0.0118336246,30,5,1,cstr
101.100000,0.0007784601,0.0095592959,0.0117270025,30,5,1,cstr
101.150000,0.0007669787,0.0094719251,0.0116212822,30,5,1,cstr
101.200000,0.0007556550,0.0093853094,0.0115164568,30,5,1,cstr
101.250000,0.0007444869,0.0092994429,0.0114125196,30,5,1,cstr
101.300000,0.0007334727,0.0092143197,0.0113094636,30,5,1,cstr
101.350000,0.0007226103,0.0091299339,0.0112072822,30,5,1,cstr
101.400000,0.0007118977,0.0090462796,0.0111059687,30,5,1,cstr
101.450000,0.0007013332,0.0089633511,0.0110055165,30,5,1,cstr
101.500000,0.0006909148,0.0088811427,0.0109059189,30,5,1,cstr
101.550000,0.0006806407,0.0087996485,0.0108071694,30,5,1,cstr
101.600000,0.0006705091,0.0087188631,0.0107092615,30,5,1,cstr
101.650000,0.0006605180,0.0086387806,0.0106121886,30,5,1,cstr
101.700000,0.0006506659,0.0085593956,0.0105159444,30,5,1,cstr
101.750000,0.0006409508,0.0084807024,0.0104205223,30,5,1,cstr
101.800000,0.0006313710,0.0084026955,0.0103259162,30,5,1,cstr
101.850000,0.0006219248,0.0083253696,0.0102321196,30,5,1,cstr
101.900000,0.0006126106,0.0082487190,0.0101391263,30,5,1,cstr
101.950000,0.0006034265,0.0081727385,0.0100469301,30,5,1,cstr
102.000000,0.0005943709,0.0080974226,0.0099555247,30,5,1,cstr
102.050000,0.0005854423,0.0080227659,0.0098649040,30,5,1,cstr
102.100000,0.0005766388,0.0079487633,0.0097750618,30,5,1,cstr
102.150000,0.0005679590,0.0078754095,0.0096859922,30,5,1,cstr
102.200000,0.0005594013,0.0078026991,0.0095976890,30,5,1,cstr
102.250000,0.0005509640,0.0077306271,0.0095101464,30,5,1,cstr
102.300000,0.0005426456,0.0076591883,0.0094233582,30,5,1,cstr
102.350000,0.0005344445,0.0075883775,0.0093373186,30,5,1,cstr
102.400000,0.0005263593,0.0075181897,0.0092520217,30,5,1,cstr
102.450000,0.0005183884,0.0074486198,0.0091674617,30,5,1,cstr
102.500000,0.0005105303,0.0073796628,0.0090836328,30,5,1,cstr
102.550000,0.0005027837,0.0073113138,0.0090005292,30,5,1,cstr
102.600000,0.0004951469,0.0072435678,0.0089181452,30,5,1,cstr
102.650000,0.0004876186,0.0071764199,0.0088364751,30,5,1,cstr
102.700000,0.0004801974,0.0071098652,0.0087555133,30,5,1,cstr
102.750000,0.0004728819,0.0070438989,0.0086752541,30,5,1,cstr
102.800000,0.0004656706,0.0069785162,0.0085956919,30,5,1,cstr
102.850000,0.0004585622,0.0069137123,0.0085168214,30,5,1,cstr
102.900000,0.0004515554,0.0068494825,0.0084386368,30,5,1,cstr
102.950000,0.0004446488,0.0067858221,0.0083611328,30,5,1,cstr
103.000000,0.0004378411,0.0067227263,0.0082843040,30,5,1,cstr
103.050000,0.0004311309,0.0066601907,0.0082081450,30,5,1,cstr
103.100000,0.0004245171,0.0065982105,0.0081326504,30,5,1,cstr
103.150000,0.0004179983,0.0065367812,0.0080578148,30,5,1,cstr
103.200000,0.0004115732,0.0064758983,0.0079836332,30,5,1,cstr
103.250000,0.0004052407,0.0064155573,0.0079101001,30,5,1,cstr
103.300000,0.0003989995,0.0063557536,0.0078372104,30,5,1,cstr
103.350000,0.0003928483,0.0062964829,0.0077649589,30,5,1,cstr
103.400000,0.0003867860,0.0062377408,0.0076933404,30,5,1,cstr
103.450000,0.0003808114,0.0061795228,0.0076223500,30,5,1,cstr
103.500000,0.0003749233,0.0061218247,0.0075519825,30,5,1,cstr
103.550000,0.0003691205,0.0060646421,0.0074822329,30,5,1,cstr
103.600000,0.0003634020,0.0060079707,0.0074130962,30,5,1,cstr
103.650000,0.0003577665,0.0059518063,0.0073445674,30,5,1,cstr
103.700000,0.0003522130,0.0058961446,0.0072766416,30,5,1,cstr
103.750000,0.0003467404,0.0058409816,0.0072093140,30,5,1,cstr
103.800000,0.0003413475,0.0057863130,0.0071425796,30,5,1,cstr
103.850000,0.0003360334,0.0057321347,0.0070764337,30,5,1,cstr
103.900000,0.0003307968,0.0056784426,0.0070108715,30,5,1,cstr
103.950000,0.0003256369,0.0056252326,0.0069458882,30,5,1,cstr
104.000000,0.0003205525,0.0055725008,0.0068814790,30,5,1,cstr
104.050000,0.0003155427,0.0055202430,0.0068176394,30,5,1,cstr
104.100000,0.0003106063,0.0054684554,0.0067543646,30,5,1,cstr
104.150000,0.0003057425,0.0054171339,0.0066916501,30,5,1,cstr
104.200000,0.0003009502,0.0053662747,0.0066294912,30,5,1,cstr
104.250000,0.0002962284,0.0053158739,0.0065678834,30,5,1,cstr
104.300000,0.0002915763,0.0052659276,0.0065068222,30,5,1,cstr
104.350000,0.0002869927,0.0052164320,0.0064463030,30,5,1,cstr
104.400000,0.0002824769,0.0051673832,0.0063863215,30,5,1,cstr
104.450000,0.0002780278,0.0051187776,0.0063268732,30,5,1,cstr
104.500000,0.0002736447,0.0050706113,0.0062679537,30,5,1,cstr
104.550000,0.0002693264,0.0050228807,0.0062095586,30,5,1,cstr
104.600000,0.0002650722,0.0049755821,0.0061516836,30,5,1,cstr
104.650000,0.0002608812,0.0049287117,0.0060943245,30,5,1,cstr
104.700000,0.0002567525,0.0048822660,0.0060374769,30,5,1,cstr
104.750000,0.0002526853,0.0048362414,0.0059811366,30,5,1,cstr
104.800000,0.0002486786,0.0047906342,0.0059252994,30,5,1,cstr
104.850000,0.0002447317,0.0047454410,0.0058699611,30,5,1,cstr
104.900000,0.0002408438,0.0047006582,0.0058151176,30,5,1,cstr
104.950000,0.0002370140,0.0046562823,0.0057607648,30,5,1,cstr
105.000000,0.0002332414,0.0046123099,0.0057068986,30,5,1,cstr
105.050000,0.0002295254,0.0045687374,0.0056535148,30,5,1,cstr
105.100000,0.0002258651,0.0045255615,0.0056006096,30,5,1,cstr
105.150000,0.0002222597,0.0044827788,0.0055481789,30,5,1,cstr
105.200000,0.0002187086,0.0044403860,0.0054962187,30,5,1,cstr
105.250000,0.0002152108,0.0043983796,0.0054447252,30,5,1,cstr
105.300000,0.0002117658,0.0043567563,0.0053936943,30,5,1,cstr
105.350000,0.0002083726,0.0043155130,0.0053431222,30,5,1,cstr
105.400000,0.0002050307,0.0042746463,0.0052930051,30,5,1,cstr
105.450000,0.0002017393,0.0042341529,0.0052433392,30,5,1,cstr
105.500000,0.0001984976,0.0041940297,0.0051941206,30,5,1,cstr
105.550000,0.0001953051,0.0041542735,0.0051453456,30,5,1,cstr
105.600000,0.0001921609,0.0041148811,0.0050970104,30,5,1,cstr
105.650000,0.0001890644,0.0040758494,0.0050491114,30,5,1,cstr
105.700000,0.0001860149,0.0040371753,0.0050016449,30,5,1,cstr
105.750000,0.0001830119,0.0039988556,0.0049546071,30,5,1,cstr
105.800000,0.0001800545,0.0039608873,0.0049079946,30,5,1,cstr
105.850000,0.0001771422,0.0039232674,0.0048618036,30,5,1,cstr
105.900000,0.0001742743,0.0038859928,0.0048160307,30,5,1,cstr
105.950000,0.0001714502,0.0038490606,0.0047706722,30,5,1,cstr
106.000000,0.0001686693,0.0038124678,0.0047257246,30,5,1,cstr
106.050000,0.0001659309,0.0037762114,0.0046811846,30,5,1,cstr
106.100000,0.0001632344,0.0037402885,0.0046370485,30,5,1,cstr
106.150000,0.0001605793,0.0037046962,0.0045933130,30,5,1,cstr
106.200000,0.0001579650,0.0036694316,0.0045499747,30,5,1,cstr
106.250000,0.0001553908,0.0036344920,0.0045070301,30,5,1,cstr
106.300000,0.0001528562,0.0035998743,0.0044644759,30,5,1,cstr
106.350000,0.0001503607,0.0035655759,0.0044223088,30,5,1,cstr
106.400000,0.0001479036,0.0035315940,0.0043805254,30,5,1,cstr
106.450000,0.0001454844,0.0034979257,0.0043391225,30,5,1,cstr
106.500000,0.0001431026,0.0034645683,0.0042980969,30,5,1,cstr
106.550000,0.0001407576,0.0034315192,0.0042574452,30,5,1,cstr
106.600000,0.0001384489,0.0033987756,0.0042171643,30,5,1,cstr
106.650000,0.0001361760,0.0033663348,0.0041772510,30,5,1,cstr
106.700000,0.0001339383,0.0033341942,0.0041377022,30,5,1,cstr
106.750000,0.0001317353,0.0033023511,0.0040985146,30,5,1,cstr
106.800000,0.0001295666,0.0032708029,0.0040596853,30,5,1,cstr
106.850000,0.0001274317,0.0032395471,0.0040212110,30,5,1,cstr
106.900000,0.0001253300,0.0032085810,0.0039830888,30,5,1,cstr
106.950000,0.0001232610,0.0031779022,0.0039453156,30,5,1,cstr
107.000000,0.0001212244,0.0031475080,0.0039078884,30,5,1,cstr
107.050000,0.0001192195,0.0031173960,0.0038708043,30,5,1,cstr
107.100000,0.0001172460,0.0030875636,0.0038340601,30,5,1,cstr
107.150000,0.0001153034,0.0030580085,0.0037976530,30,5,1,cstr
107.200000,0.0001133913,0.0030287280,0.0037615801,30,5,1,cstr
107.250000,0.0001115091,0.0029997200,0.0037258385,30,5,1,cstr
107.300000,0.0001096565,0.0029709818,0.0036904253,30,5,1,cstr
107.350000,0.0001078330,0.0029425111,0.0036553376,30,5,1,cstr
107.400000,0.0001060382,0.0029143056,0.0036205727,30,5,1,cstr
107.450000,0.0001042716,0.0028863629,0.0035861276,30,5,1,cstr
107.500000,0.0001025329,0.0028586806,0.0035519997,30,5,1,cstr
107.550000,0.0001008217,0.0028312565,0.0035181861,30,5,1,cstr
107.600000,0.0000991374,0.0028040882,0.0034846842,30,5,1,cstr
107.650000,0.0000974799,0.0027771735,0.0034514911,30,5,1,cstr
107.700000,0.0000958485,0.0027505101,0.0034186042,30,5,1,cstr
107.750000,0.0000942430,0.0027240958,0.0033860209,30,5,1,cstr
107.800000,0.0000926630,0.0026979283,0.0033537384,30,5,1,cstr
107.850000,0.0000911080,0.0026720055,0.0033217542,30,5,1,cstr
107.900000,0.0000895778,0.0026463251,0.0032900656,30,5,1,cstr
107.950000,0.0000880719,0.0026208850,0.0032586700,30,5,1,cstr
108.000000,0.0000865900,0.0025956831,0.0032275649,30,5,1,cstr
108.050000,0.0000851317,0.0025707172,0.0031967476,30,5,1,cstr
108.100000,0.0000836967,0.0025459853,0.0031662158,30,5,1,cstr
108.150000,0.0000822846,0.0025214851,0.0031359668,30,5,1,cstr
108.200000,0.0000808951,0.0024972146,0.0031059981,30,5,1,cstr
108.250000,0.0000795278,0.0024731718,0.0030763074,30,5,1,cstr
108.300000,0.0000781824,0.0024493547,0.0030468921,30,5,1,cstr
108.350000,0.0000768586,0.0024257611,0.0030177499,30,5,1,cstr
108.400000,0.0000755561,0.0024023892,0.0029888783,30,5,1,cstr
108.450000,0.0000742745,0.0023792368,0.0029602749,30,5,1,cstr
108.500000,0.0000730135,0.0023563020,0.0029319373,30,5,1,cstr
108.550000,0.0000717728,0.0023335829,0.0029038632,30,5,1,cstr
108.600000,0.0000705521,0.0023110775,0.0028760503,30,5,1,cstr
108.650000,0.0000693511,0.0022887839,0.0028484963,30,5,1,cstr
108.700000,0.0000681694,0.0022667002,0.0028211988,30,5,1,cstr
108.750000,0.0000670069,0.0022448245,0.0027941556,30,5,1,cstr
108.800000,0.0000658632,0.0022231548,0.0027673644,30,5,1,cstr
108.850000,0.0000647381,0.0022016894,0.0027408230,30,5,1,cstr
108.900000,0.0000636311,0.0021804264,0.0027145291,30,5,1,cstr
108.950000,0.0000625421,0.0021593639,0.0026884806,30,5,1,cstr
109.000000,0.0000614709,0.0021385002,0.0026626753,30,5,1,cstr
109.050000,0.0000604170,0.0021178334,0.0026371110,30,5,1,cstr
109.100000,0.0000593803,0.0020973618,0.0026117855,30,5,1,cstr
109.150000,0.0000583605,0.0020770835,0.0025866968,30,5,1,cstr
109.200000,0.0000573573,0.0020569969,0.0025618426,30,5,1,cstr
109.250000,0.0000563704,0.0020371001,0.0025372210,30,5,1,cstr
109.300000,0.0000553998,0.0020173916,0.0025128298,30,5,1,cstr
109.350000,0.0000544449,0.0019978694,0.0024886670,30,5,1,cstr
109.400000,0.0000535058,0.0019785320,0.0024647305,30,5,1,cstr
109.450000,0.0000525820,0.0019593777,0.0024410184,30,5,1,cstr
109.500000,0.0000516733,0.0019404047,0.0024175285,30,5,1,cstr
109.550000,0.0000507796,0.0019216116,0.0023942589,30,5,1,cstr
109.600000,0.0000499006,0.0019029965,0.0023712076,30,5,1,cstr
109.650000,0.0000490360,0.0018845579,0.0023483727,30,5,1,cstr
109.700000,0.0000481857,0.0018662941,0.0023257521,30,5,1,cstr
109.750000,0.0000473494,0.0018482036,0.0023033441,30,5,1,cstr
109.800000,0.0000465268,0.0018302848,0.0022811466,30,5,1,cstr
109.850000,0.0000457179,0.0018125361,0.0022591579,30,5,1,cstr
109.900000,0.0000449223,0.0017949560,0.0022373759,30,5,1,cstr
109.950000,0.0000441400,0.0017775429,0.0022157988,30,5,1,cstr
110.000000,0.0000433705,0.0017602952,0.0021944248,30,5,1,cstr
110.050000,0.0000426138,0.0017432115,0.0021732520,30,5,1,cstr
110.100000,0.0000418697,0.0017262903,0.0021522787,30,5,1,cstr
110.150000,0.0000411379,0.0017095300,0.0021315030,30,5,1,cstr
110.200000,0.0000404183,0.0016929293,0.0021109232,30,5,1,cstr
110.250000,0.0000397107,0.0016764865,0.0020905374,30,5,1,cstr
110.300000,0.0000390149,0.0016602003,0.0020703439,30,5,1,cstr
110.350000,0.0000383306,0.0016440693,0.0020503409,30,5,1,cstr
110.400000,0.0000376578,0.0016280919,0.0020305268,30,5,1,cstr
110.450000,0.0000369963,0.0016122668,0.0020108998,30,5,1,cstr
110.500000,0.0000363457,0.0015965926,0.0019914583,30,5,1,cstr
110.550000,0.0000357061,0.0015810679,0.0019722004,30,5,1,cstr
110.600000,0.0000350772,0.0015656913,0.0019531247,30,5,1,cstr
110.650000,0.0000344589,0.0015504614,0.0019342293,30,5,1,cstr
110.700000,0.0000338509,0.0015353769,0.0019155128,30,5,1,cstr
110.750000,0.0000332531,0.0015204365,0.0018969733,30,5,1,cstr
110.800000,0.0000326654,0.0015056388,0.0018786094,30,5,1,cstr
110.850000,0.0000320876,0.0014909824,0.0018604194,30,5,1,cstr
110.900000,0.0000315195,0.0014764662,0.0018424017,30,5,1,cstr
110.950000,0.0000309610,0.0014620887,0.0018245549,30,5,1,cstr
111.000000,0.0000304119,0.0014478488,0.0018068772,30,5,1,cstr
111.050000,0.0000298721,0.0014337451,0.0017893672,30,5,1,cstr
111.100000,0.0000293414,0.0014197763,0.0017720233,30,5,1,cstr
111.150000,0.0000288197,0.0014059412,0.0017548440,30,5,1,cstr
111.200000,0.0000283069,0.0013922386,0.0017378278,30,5,1,cstr
111.250000,0.0000278028,0.0013786673,0.0017209732,30,5,1,cstr
111.300000,0.0000273072,0.0013652260,0.0017042787,30,5,1,cstr
111.350000,0.0000268200,0.0013519134,0.0016877429,30,5,1,cstr
111.400000,0.0000263411,0.0013387285,0.0016713644,30,5,1,cstr
111.450000,0.0000258704,0.0013256701,0.0016551415,30,5,1,cstr
111.500000,0.0000254077,0.0013127369,0.0016390730,30,5,1,cstr
111.550000,0.0000249528,0.0012999277,0.0016231574,30,5,1,cstr
111.600000,0.0000245058,0.0012872415,0.0016073933,30,5,1,cstr
111.650000,0.0000240664,0.0012746771,0.0015917793,30,5,1,cstr
111.700000,0.0000236345,0.0012622333,0.0015763141,30,5,1,cstr
111.750000,0.0000232099,0.0012499090,0.0015609962,30,5,1,cstr
111.800000,0.0000227927,0.0012377032,0.0015458243,30,5,1,cstr
111.850000,0.0000223826,0.0012256146,0.0015307970,30,5,1,cstr
111.900000,0.0000219796,0.0012136422,0.0015159131,30,5,1,cstr
111.950000,0.0000215835,0.0012017850,0.0015011712,30,5,1,cstr
112.000000,0.0000211942,0.0011900418,0.0014865699,30,5,1,cstr
112.050000,0.0000208116,0.0011784116,0.0014721081,30,5,1,cstr
112.100000,0.0000204356,0.0011668933,0.0014577843,30,5,1,cstr
112.150000,0.0000200660,0.0011554858,0.0014435974,30,5,1,cstr
112.200000,0.0000197029,0.0011441882,0.0014295460,30,5,1,cstr
112.250000,0.0000193460,0.0011329994,0.0014156290,30,5,1,cstr
112.300000,0.0000189953,0.0011219183,0.0014018450,30,5,1,cstr
112.350000,0.0000186507,0.0011109441,0.0013881928,30,5,1,cstr
112.400000,0.0000183120,0.0011000756,0.0013746712,30,5,1,cstr
112.450000,0.0000179792,0.0010893119,0.0013612790,30,5,1,cstr
112.500000,0.0000176522,0.0010786519,0.0013480150,30,5,1,cstr
112.550000,0.0000173309,0.0010680948,0.0013348780,30,5,1,cstr
112.600000,0.0000170151,0.0010576395,0.0013218669,30,5,1,cstr
112.650000,0.0000167049,0.0010472851,0.0013089803,30,5,1,cstr
112.700000,0.0000164000,0.0010370307,0.0012962173,30,5,1,cstr
112.750000,0.0000161005,0.0010268752,0.0012835766,30,5,1,cstr
112.800000,0.0000158062,0.0010168179,0.0012710572,30,5,1,cstr
112.850000,0.0000155171,0.0010068576,0.0012586578,30,5,1,cstr
112.900000,0.0000152329,0.0009969936,0.0012463773,30,5,1,cstr
112.950000,0.0000149538,0.0009872249,0.0012342147,30,5,1,cstr
113.000000,0.0000146796,0.0009775507,0.0012221689,30,5,1,cstr
113.050000,0.0000144101,0.0009679700,0.0012102387,30,5,1,cstr
113.100000,0.0000141454,0.0009584819,0.0011984231,30,5,1,cstr
113.150000,0.0000138853,0.0009490856,0.0011867211,30,5,1,cstr
113.200000,0.0000136299,0.0009397802,0.0011751315,30,5,1,cstr
113.250000,0.0000133789,0.0009305648,0.0011636532,30,5,1,cstr
113.300000,0.0000131323,0.0009214387,0.0011522854,30,5,1,cstr
113.350000,0.0000128901,0.0009124009,0.0011410269,30,5,1,cstr
113.400000,0.0000126521,0.0009034506,0.0011298766,30,5,1,cstr
113.450000,0.0000124183,0.0008945870,0.0011188337,30,5,1,cstr
113.500000,0.0000121887,0.0008858093,0.0011078971,30,5,1,cstr
113.550000,0.0000119631,0.0008771166,0.0010970657,30,5,1,cstr
113.600000,0.0000117416,0.0008685082,0.0010863387,30,5,1,cstr
113.650000,0.0000115239,0.0008599832,0.0010757149,30,5,1,cstr
113.700000,0.0000113102,0.0008515409,0.0010651936,30,5,1,cstr
113.750000,0.0000111002,0.0008431805,0.0010547736,30,5,1,cstr
113.800000,0.0000108939,0.0008349011,0.0010444541,30,5,1,cstr
113.850000,0.0000106913,0.0008267021,0.0010342341,30,5,1,cstr
113.900000,0.0000104923,0.0008185827,0.0010241126,30,5,1,cstr
113.950000,0.0000102969,0.0008105420,0.0010140888,30,5,1,cstr
114.000000,0.0000101049,0.0008025795,0.0010041617,30,5,1,cstr
114.050000,0.0000099164,0.0007946942,0.0009943304,30,5,1,cstr
114.100000,0.0000097312,0.0007868855,0.0009845941,30,5,1,cstr
114.150000,0.0000095494,0.0007791527,0.0009749517,30,5,1,cstr
114.200000,0.0000093708,0.0007714951,0.0009654025,30,5,1,cstr
114.250000,0.0000091954,0.0007639118,0.0009559455,30,5,1,cstr
114.300000,0.0000090231,0.0007564022,0.0009465799,30,5,1,cstr
114.350000,0.0000088540,0.0007489657,0.0009373048,30,5,1,cstr
114.400000,0.0000086879,0.0007416015,0.0009281194,30,5,1,cstr
114.450000,0.0000085247,0.0007343088,0.0009190228,30,5,1,cstr
114.500000,0.0000083645,0.0007270872,0.0009100142,30,5,1,cstr
114.550000,0.0000082072,0.0007199358,0.0009010928,30,5,1,cstr
114.600000,0.0000080527,0.0007128539,0.0008922576,30,5,1,cstr
114.650000,0.0000079010,0.0007058411,0.0008835080,30,5,1,cstr
114.700000,0.0000077520,0.0006988964,0.0008748431,30,5,1,cstr
114.750000,0.0000076058,0.0006920194,0.0008662621,30,5,1,cstr
114.800000,0.0000074621,0.0006852094,0.0008577642,30,5,1,cstr
114.850000,0.0000073211,0.0006784657,0.0008493486,30,5,1,cstr
114.900000,0.0000071826,0.0006717877,0.0008410145,30,5,1,cstr
114.950000,0.0000070467,0.0006651748,0.0008327612,30,5,1,cstr
115.000000,0.0000069132,0.0006586263,0.0008245879,30,5,1,cstr
115.050000,0.0000067821,0.0006521416,0.0008164939,30,5,1,cstr
115.100000,0.0000066534,0.0006457202,0.0008084783,30,5,1,cstr
115.150000,0.0000065271,0.0006393614,0.0008005405,30,5,1,cstr
115.200000,0.0000064030,0.0006330646,0.0007926797,30,5,1,cstr
115.250000,0.0000062812,0.0006268292,0.0007848952,30,5,1,cstr
115.300000,0.0000061617,0.0006206546,0.0007771862,30,5,1,cstr
115.350000,0.0000060443,0.0006145403,0.0007695521,30,5,1,cstr
115.400000,0.0000059291,0.0006084857,0.0007619921,30,5,1,cstr
115.450000,0.0000058159,0.0006024901,0.0007545055,30,5,1,cstr
115.500000,0.0000057049,0.0005965531,0.0007470916,30,5,1,cstr
115.550000,0.0000055959,0.0005906741,0.0007397498,30,5,1,cstr
115.600000,0.0000054888,0.0005848525,0.0007324793,30,5,1,cstr
115.650000,0.0000053838,0.0005790877,0.0007252794,30,5,1,cstr
115.700000,0.0000052806,0.0005733793,0.0007181496,30,5,1,cstr
115.750000,0.0000051794,0.0005677266,0.0007110890,30,5,1,cstr
115.800000,0.0000050800,0.0005621291,0.0007040972,30,5,1,cstr
115.850000,0.0000049825,0.0005565864,0.0006971733,30,5,1,cstr
115.900000,0.0000048867,0.0005510979,0.0006903168,30,5,1,cstr
115.950000,0.0000047928,0.0005456630,0.0006835270,30,5,1,cstr
116.000000,0.0000047005,0.0005402812,0.0006768033,30,5,1,cstr
116.050000,0.0000046100,0.0005349521,0.0006701450,30,5,1,cstr
116.100000,0.0000045211,0.0005296751,0.0006635516,30,5,1,cstr
116.150000,0.0000044339,0.0005244497,0.0006570224,30,5,1,cstr
116.200000,0.0000043483,0.0005192755,0.0006505567,30,5,1,cstr
116.250000,0.0000042643,0.0005141519,0.0006441541,30,5,1,cstr
116.300000,0.0000041818,0.0005090784,0.0006378138,30,5,1,cstr
116.350000,0.0000041009,0.0005040546,0.0006315353,30,5,1,cstr
116.400000,0.0000040215,0.0004990800,0.0006253180,30,5,1,cstr
116.450000,0.0000039435,0.0004941541,0.0006191613,30,5,1,cstr
116.500000,0.0000038670,0.0004892764,0.0006130646,30,5,1,cstr
116.550000,0.0000037919,0.0004844465,0.0006070274,30,5,1,cstr
116.600000,0.0000037183,0.0004796639,0.0006010490,30,5,1,cstr
116.650000,0.0000036460,0.0004749282,0.0005951290,30,5,1,cstr
116.700000,0.0000035750,0.0004702388,0.0005892668,30,5,1,cstr
116.750000,0.0000035054,0.0004655955,0.0005834617,30,5,1,cstr
116.800000,0.0000034371,0.0004609976,0.0005777133,30,5,1,cstr
116.850000,0.0000033701,0.0004564448,0.0005720210,30,5,1,cstr
116.900000,0.0000033043,0.0004519366,0.0005663843,30,5,1,cstr
116.950000,0.0000032397,0.0004474726,0.0005608026,30,5,1,cstr
117.000000,0.0000031764,0.0004430525,0.0005552754,30,5,1,cstr
117.050000,0.0000031143,0.0004386756,0.0005498023,30,5,1,cstr
117.100000,0.0000030533,0.0004343417,0.0005443825,30,5,1,cstr
117.150000,0.0000029935,0.0004300503,0.0005390158,30,5,1,cstr
117.200000,0.0000029348,0.0004258010,0.0005337015,30,5,1,cstr
117.250000,0.0000028772,0.0004215934,0.0005284391,30,5,1,cstr
117.300000,0.0000028207,0.0004174271,0.0005232282,30,5,1,cstr
117.350000,0.0000027652,0.0004133017,0.0005180682,30,5,1,cstr
117.400000,0.0000027108,0.0004092168,0.0005129587,30,5,1,cstr
117.450000,0.0000026575,0.0004051720,0.0005078991,30,5,1,cstr
117.500000,0.0000026051,0.0004011669,0.0005028891,30,5,1,cstr
117.550000,0.0000025538,0.0003972012,0.0004979280,30,5,1,cstr
117.600000,0.0000025034,0.0003932744,0.0004930155,30,5,1,cstr
117.650000,0.0000024540,0.0003893861,0.0004881511,30,5,1,cstr
117.700000,0.0000024055,0.0003855361,0.0004833343,30,5,1,cstr
117.750000,0.0000023579,0.0003817239,0.0004785646,30,5,1,cstr
117.800000,0.0000023112,0.0003779491,0.0004738416,30,5,1,cstr
117.850000,0.0000022655,0.0003742115,0.0004691649,30,5,1,cstr
117.900000,0.0000022206,0.0003705105,0.0004645340,30,5,1,cstr
117.950000,0.0000021765,0.0003668460,0.0004599484,30,5,1,cstr
118.000000,0.0000021333,0.0003632175,0.0004554077,30,5,1,cstr
118.050000,0.0000020909,0.0003596246,0.0004509116,30,5,1,cstr
118.100000,0.0000020494,0.0003560671,0.0004464594,30,5,1,cstr
118.150000,0.0000020086,0.0003525446,0.0004420510,30,5,1,cstr
118.200000,0.0000019686,0.0003490567,0.0004376857,30,5,1,cstr
118.250000,0.0000019294,0.0003456031,0.0004333632,30,5,1,cstr
118.300000,0.0000018909,0.0003421835,0.0004290831,30,5,1,cstr
118.350000,0.0000018532,0.0003387975,0.0004248449,30,5,1,cstr
118.400000,0.0000018161,0.0003354449,0.0004206484,30,5,1,cstr
118.450000,0.0000017798,0.0003321252,0.0004164929,30,5,1,cstr
118.500000,0.0000017442,0.0003288382,0.0004123783,30,5,1,cstr
118.550000,0.0000017093,0.0003255836,0.0004083040,30,5,1,cstr
118.600000,0.0000016751,0.0003223610,0.0004042696,30,5,1,cstr
118.650000,0.0000016415,0.0003191701,0.0004002749,30,5,1,cstr
118.700000,0.0000016086,0.0003160106,0.0003963194,30,5,1,cstr
118.750000,0.0000015763,0.0003128823,0.0003924027,30,5,1,cstr
118.800000,0.0000015446,0.0003097847,0.0003885244,30,5,1,cstr
118.850000,0.0000015135,0.0003067177,0.0003846842,30,5,1,cstr
118.900000,0.0000014831,0.0003036809,0.0003808818,30,5,1,cstr
118.950000,0.0000014532,0.0003006739,0.0003771166,30,5,1,cstr
119.000000,0.0000014239,0.0002976966,0.0003733885,30,5,1,cstr
119.050000,0.0000013952,0.0002947487,0.0003696970,30,5,1,cstr
119.100000,0.0000013671,0.0002918298,0.0003660417,30,5,1,cstr
119.150000,0.0000013395,0.0002889396,0.0003624223,30,5,1,cstr
119.200000,0.0000013124,0.0002860779,0.0003588385,30,5,1,cstr
119.250000,0.0000012858,0.0002832445,0.0003552900,30,5,1,cstr
119.300000,0.0000012598,0.0002804389,0.0003517763,30,5,1,cstr
119.350000,0.0000012343,0.0002776611,0.0003482971,30,5,1,cstr
119.400000,0.0000012093,0.0002749106,0.0003448521,30,5,1,cstr
119.450000,0.0000011847,0.0002721872,0.0003414410,30,5,1,cstr
119.500000,0.0000011607,0.0002694907,0.0003380635,30,5,1,cstr
119.550000,0.0000011371,0.0002668208,0.0003347192,30,5,1,cstr
119.600000,0.0000011140,0.0002641772,0.0003314077,30,5,1,cstr
119.650000,0.0000010913,0.0002615596,0.0003281288,30,5,1,cstr
119.700000,0.0000010691,0.0002589679,0.0003248822,30,5,1,cstr
119.750000,0.0000010473,0.0002564018,0.0003216675,30,5,1,cstr
119.800000,0.0000010259,0.0002538610,0.0003184845,30,5,1,cstr
119.850000,0.0000010050,0.0002513452,0.0003153328,30,5,1,cstr
119.900000,0.0000009845,0.0002488543,0.0003122121,30,5,1,cstr
119.950000,0.0000009643,0.0002463880,0.0003091221,30,5,1,cstr
120.000000,0.0000009446,0.0002439459,0.0003060625,30,5,1,cstr
120.050000,0.0000009253,0.0002415280,0.0003030330,30,5,1,cstr
120.100000,0.0000009063,0.0002391340,0.0003000334,30,5,1,cstr
120.150000,0.0000008877,0.0002367636,0.0002970633,30,5,1,cstr
120.200000,0.0000008695,0.0002344166,0.0002941224,30,5,1,cstr
120.250000,0.0000008517,0.0002320928,0.0002912106,30,5,1,cstr
120.300000,0.0000008342,0.0002297919,0.0002883273,30,5,1,cstr
120.350000,0.0000008170,0.0002275137,0.0002854725,30,5,1,cstr
120.400000,0.0000008002,0.0002252580,0.0002826459,30,5,1,cstr
120.450000,0.0000007837,0.0002230246,0.0002798470,30,5,1,cstr
120.500000,0.0000007676,0.0002208133,0.0002770758,30,5,1,cstr
120.550000,0.0000007518,0.0002186238,0.0002743318,30,5,1,cstr
120.600000,0.0000007363,0.0002164560,0.0002716149,30,5,1,cstr
120.650000,0.0000007211,0.0002143095,0.0002689248,30,5,1,cstr
120.700000,0.0000007061,0.0002121843,0.0002662611,30,5,1,cstr
120.750000,0.0000006915,0.0002100800,0.0002636238,30,5,1,cstr
120.800000,0.0000006772,0.0002079966,0.0002610124,30,5,1,cstr
120.850000,0.0000006632,0.0002059337,0.0002584268,30,5,1,cstr
120.900000,0.0000006495,0.0002038912,0.0002558667,30,5,1,cstr
120.950000,0.0000006360,0.0002018690,0.0002533318,30,5,1,cstr
121.000000,0.0000006228,0.0001998667,0.0002508219,30,5,1,cstr
121.050000,0.0000006099,0.0001978841,0.0002483368,30,5,1,cstr
121.100000,0.0000005972,0.0001959212,0.0002458762,30,5,1,cstr
121.150000,0.0000005848,0.0001939777,0.0002434399,30,5,1,cstr
121.200000,0.0000005726,0.0001920534,0.0002410276,30,5,1,cstr
121.250000,0.0000005607,0.0001901482,0.0002386391,30,5,1,cstr
121.300000,0.0000005490,0.0001882617,0.0002362742,30,5,1,cstr
121.350000,0.0000005375,0.0001863940,0.0002339326,30,5,1,cstr
121.400000,0.0000005263,0.0001845447,0.0002316141,30,5,1,cstr
121.450000,0.0000005153,0.0001827136,0.0002293185,30,5,1,cstr
121.500000,0.0000005045,0.0001809007,0.0002270455,30,5,1,cstr
121.550000,0.0000004940,0.0001791058,0.0002247950,30,5,1,cstr
121.600000,0.0000004836,0.0001773286,0.0002225667,30,5,1,cstr
121.650000,0.0000004735,0.0001755689,0.0002203604,30,5,1,cstr
121.700000,0.0000004636,0.0001738267,0.0002181759,30,5,1,cstr
121.750000,0.0000004538,0.0001721017,0.0002160130,30,5,1,cstr
121.800000,0.0000004443,0.0001703938,0.0002138714,30,5,1,cstr
121.850000,0.0000004350,0.0001687027,0.0002117510,30,5,1,cstr
121.900000,0.0000004258,0.0001670285,0.0002096515,30,5,1,cstr
121.950000,0.0000004169,0.0001653707,0.0002075728,30,5,1,cstr
122.000000,0.0000004081,0.0001637294,0.0002055145,30,5,1,cstr
122.050000,0.0000003995,0.0001621043,0.0002034766,30,5,1,cstr
122.100000,0.0000003911,0.0001604953,0.0002014589,30,5,1,cstr
122.150000,0.0000003828,0.0001589023,0.0001994611,30,5,1,cstr
122.200000,0.0000003747,0.0001573250,0.0001974830,30,5,1,cstr
122.250000,0.0000003668,0.0001557633,0.0001955245,30,5,1,cstr
122.300000,0.0000003590,0.0001542171,0.0001935853,30,5,1,cstr
122.350000,0.0000003515,0.0001526862,0.0001916653,30,5,1,cstr
122.400000,0.0000003440,0.0001511704,0.0001897643,30,5,1,cstr
