waveform_type,T_min,topology,tau_transport_min,tau_sensor_min,amplitude_retention,NRMSE,pearson_r,feature_delay_min,pass_strict
pulse,2,plug,0.05,1,0.7435824389,0.05281542693,0.8132723787,0.75,FAIL
pulse,2,plug,0.05498641,1,0.7435695807,0.05305875702,0.8114067742,0.75,FAIL
pulse,2,plug,0.0604701,1,0.7435554402,0.05332637091,0.8093452633,0.75,FAIL
pulse,2,plug,0.06650068,1,0.7435398895,0.0536206945,0.8070663252,0.75,FAIL
pulse,2,plug,0.07313267,1,0.7435227879,0.05394439439,0.8045459238,0.75,FAIL
pulse,2,plug,0.08042606,1,0.7435039808,0.0543004054,0.8017571603,0.75,FAIL
pulse,2,plug,0.0884468,1,0.7434832981,0.05469195475,0.7986699295,0.75,FAIL
pulse,2,plug,0.09726744,1,0.7434982284,0.05512259354,0.7952504909,0.8,FAIL
pulse,2,plug,0.1,1,0.7435824389,0.05525601029,0.79418606,0.8,FAIL
pulse,2,plug,0.10696774,1,0.7435644716,0.05559342347,0.7914764738,0.8,FAIL
pulse,2,plug,0.11763544,1,0.7435369633,0.05611012186,0.7872966326,0.8,FAIL
pulse,2,plug,0.12936701,1,0.7435067117,0.05667850549,0.7826566592,0.8,FAIL
pulse,2,plug,0.14226855,1,0.7434734431,0.05730375594,0.7775025217,0.8,FAIL
pulse,2,plug,0.15645673,1,0.7435657893,0.05798803062,0.7717939644,0.85,FAIL
pulse,2,plug,0.17205988,1,0.7435255542,0.05873628446,0.7654682148,0.85,FAIL
pulse,2,plug,0.1892191,1,0.7434813066,0.05955969598,0.7584219838,0.85,FAIL
pulse,2,plug,0.20808957,1,0.7435615788,0.0604602908,0.7506011708,0.9,FAIL
pulse,2,plug,0.22884197,1,0.7435080656,0.06144359669,0.7419209197,0.9,FAIL
pulse,2,plug,0.25,1,0.7435824389,0.06244731618,0.7329349309,0.95,FAIL
pulse,2,plug,0.25166396,1,0.7435781482,0.06252493551,0.7322311795,0.95,FAIL
pulse,2,plug,0.27676195,1,0.7435134292,0.06369694137,0.7215127318,0.95,FAIL
pulse,2,plug,0.30436292,1,0.7435711885,0.06498431656,0.7095349256,1,FAIL
pulse,2,plug,0.33471648,1,0.7434929173,0.06637962828,0.6962607342,1,FAIL
pulse,2,plug,0.36809714,1,0.7435357727,0.06789979354,0.68148629,1.05,FAIL
pulse,2,plug,0.4048068,1,0.7435700439,0.0695549976,0.6650336829,1.1,FAIL
pulse,2,plug,0.44517744,1,0.7434659421,0.07134361256,0.6467963478,1.1,FAIL
pulse,2,plug,0.48957418,1,0.743480391,0.07327295577,0.6265963698,1.15,FAIL
pulse,2,plug,0.5,1,0.7435824389,0.07372666344,0.6217884552,1.2,FAIL
pulse,2,plug,0.53839852,1,0.7434834226,0.07535274637,0.604224633,1.2,FAIL
pulse,2,plug,0.59209203,1,0.7434738983,0.07758638577,0.5795084051,1.25,FAIL
pulse,2,plug,0.65114029,1,0.7435794985,0.07997519531,0.5522867343,1.35,FAIL
pulse,2,plug,0.71607733,1,0.7435409811,0.08250137768,0.5225529084,1.4,FAIL
pulse,2,plug,0.75,1,0.7435824389,0.08379717632,0.5069954361,1.45,FAIL
pulse,2,plug,0.78749042,1,0.7434857642,0.0851801008,0.4900512584,1.45,FAIL
pulse,2,plug,0.8660254,1,0.743541115,0.08798691475,0.4548698379,1.55,FAIL
pulse,2,plug,0.95239254,1,0.7435762694,0.09091613879,0.4169817247,1.65,FAIL
pulse,2,plug,1,1,0.7435824389,0.09245287719,0.3966005142,1.7,FAIL
pulse,2,plug,1.0473729,1,0.743501479,0.09392379128,0.3767505881,1.75,FAIL
pulse,2,plug,1.1518255,1,0.7435777316,0.09698447961,0.3344707562,1.85,FAIL
pulse,2,plug,1.266695,1,0.7435393884,0.1000435573,0.2908014729,1.95,FAIL
pulse,2,plug,1.3930202,1,0.743471505,0.1030734045,0.2462946414,2.05,FAIL
pulse,2,plug,1.5319435,1,0.7435000677,0.1059878968,0.2021637892,2.2,FAIL
pulse,2,plug,1.6847215,1,0.7434929044,0.1087382614,0.1594293208,2.35,FAIL
pulse,2,plug,1.8527357,1,0.7435753846,0.1112571656,0.1193851525,2.55,FAIL
pulse,2,plug,2,1,0.7435824389,0.1130643311,0.09006950266,2.7,FAIL
pulse,2,plug,2.0375056,1,0.743485725,0.1134620004,0.08347713572,2.7,FAIL
pulse,2,plug,2.2407024,1,0.7434774817,0.1153250444,0.05264479263,2.9,FAIL
pulse,2,plug,2.4641635,1,0.7435459161,0.116807199,0.02772405144,3.15,FAIL
pulse,2,plug,2.7099101,1,0.7435568843,0.1179158663,0.008910067774,3.4,FAIL
pulse,2,plug,2.9801645,1,0.7435046552,0.1186748759,-0.004120878477,3.65,FAIL
pulse,2,plug,3,1,0.7435824389,0.1187238382,-0.004856999624,3.7,FAIL
pulse,2,plug,3.2773709,1,0.743511859,0.1191494091,-0.01229220712,3.95,FAIL
pulse,2,plug,3.6042171,1,0.7435715645,0.119416473,-0.01682728136,4.3,FAIL
pulse,2,plug,3.7,1,0.7435824389,0.1194638024,-0.01761103216,4.4,FAIL
pulse,2,plug,3.9636591,1,0.7435472168,0.119538636,-0.01899391958,4.65,FAIL
pulse,2,plug,4.3589477,1,0.743559366,0.1195902495,-0.01986406559,5.05,FAIL
pulse,2,plug,4.7936576,1,0.7434698613,0.1196074799,-0.02014615991,5.45,FAIL
pulse,2,plug,5,1,0.7435824389,0.1196128649,-0.02018986528,5.7,FAIL
pulse,2,plug,5.2717203,1,0.7435264298,0.11960818,-0.02021861205,5.95,FAIL
pulse,2,plug,5.7974594,1,0.7435041444,0.1196139238,-0.02022975876,6.5,FAIL
pulse,2,plug,6.3756295,1,0.7435163494,0.1196089371,-0.02023357188,7.05,FAIL
pulse,2,plug,7.0114594,1,0.7435528891,0.1196107909,-0.02023294409,7.7,FAIL
pulse,2,plug,7.7106995,1,0.7435548486,0.1196110047,-0.02023286208,8.4,FAIL
pulse,2,plug,8.4796736,1,0.7435059212,0.119609162,-0.02023363028,9.15,FAIL
pulse,2,plug,9.325336,1,0.7435171063,0.1196089428,-0.02023372165,10,FAIL
pulse,2,plug,10,1,0.7435824389,0.1196152466,-0.02023109458,10.7,FAIL
pulse,2,plug,10.255335,1,0.7435686824,0.1196128429,-0.0202320962,10.95,FAIL
pulse,2,plug,11.278081,1,0.7435100287,0.1196090374,-0.02023368222,11.95,FAIL
pulse,2,plug,12.402823,1,0.7435751591,0.119613903,-0.02023165442,13.1,FAIL
pulse,2,plug,13.639734,1,0.7434799785,0.1196111317,-0.02023280933,14.3,FAIL
pulse,2,plug,15,1,0.7435824389,0.1196152466,-0.02023109458,15.7,FAIL
pulse,2,cstr,0.05,1,0.7429294861,0.05422705706,0.8023198615,0.75,FAIL
pulse,2,cstr,0.05498641,1,0.7427192079,0.05444959953,0.8005646524,0.75,FAIL
pulse,2,cstr,0.0604701,1,0.7424507025,0.05469682337,0.798605501,0.75,FAIL
pulse,2,cstr,0.06650068,1,0.7421100441,0.05497071917,0.7964235016,0.75,FAIL
pulse,2,cstr,0.07313267,1,0.7418592536,0.05527342367,0.7939978436,0.8,FAIL
pulse,2,cstr,0.08042606,1,0.741558117,0.05560722088,0.7913056507,0.8,FAIL
pulse,2,cstr,0.0884468,1,0.7411478018,0.05597453226,0.7883218803,0.8,FAIL
pulse,2,cstr,0.09726744,1,0.7406009281,0.05637790448,0.7850192145,0.8,FAIL
pulse,2,cstr,0.1,1,0.740411269,0.05650263121,0.7839924464,0.8,FAIL
pulse,2,cstr,0.10696774,1,0.7398845987,0.05681998464,0.7813680231,0.8,FAIL
pulse,2,cstr,0.11763544,1,0.7389595672,0.05730348942,0.7773363454,0.8,FAIL
pulse,2,cstr,0.12936701,1,0.7381302047,0.05783115778,0.7728899802,0.85,FAIL
pulse,2,cstr,0.14226855,1,0.7370554262,0.05840569241,0.7679926449,0.85,FAIL
pulse,2,cstr,0.15645673,1,0.7356436676,0.05902968287,0.7626062734,0.85,FAIL
pulse,2,cstr,0.17205988,1,0.7339015191,0.05970551369,0.7566914416,0.9,FAIL
pulse,2,cstr,0.1892191,1,0.7321217165,0.06043525085,0.7502079977,0.9,FAIL
pulse,2,cstr,0.20808957,1,0.7297994623,0.06122051525,0.7431158547,0.9,FAIL
pulse,2,cstr,0.22884197,1,0.7270394132,0.06206234157,0.7353759947,0.95,FAIL
pulse,2,cstr,0.25,1,0.7242122012,0.06289647413,0.7275625085,0.95,FAIL
pulse,2,cstr,0.25166396,1,0.7239724619,0.06296102555,0.7269517064,0.95,FAIL
pulse,2,cstr,0.27676195,1,0.7200908144,0.06391597639,0.7178099525,1,FAIL
pulse,2,cstr,0.30436292,1,0.7159614896,0.06492557446,0.7079229186,1,FAIL
pulse,2,cstr,0.33471648,1,0.7108269249,0.06598705369,0.6972696063,1.05,FAIL
pulse,2,cstr,0.36809714,1,0.7052551352,0.06709642013,0.6858373975,1.05,FAIL
pulse,2,cstr,0.4048068,1,0.6986765701,0.06824841901,0.67362348,1.1,FAIL
pulse,2,cstr,0.44517744,1,0.691255051,0.06943655979,0.660636029,1.1,FAIL
pulse,2,cstr,0.48957418,1,0.6830104972,0.07065321009,0.6468949833,1.15,FAIL
pulse,2,cstr,0.5,1,0.681012806,0.07092591109,0.6437500222,1.15,FAIL
pulse,2,cstr,0.53839852,1,0.673671526,0.07188975297,0.6324323927,1.2,FAIL
pulse,2,cstr,0.59209203,1,0.6632539648,0.07313680915,0.6172922024,1.25,FAIL
pulse,2,cstr,0.65114029,1,0.6520003111,0.07438450653,0.601529529,1.25,FAIL
pulse,2,cstr,0.71607733,1,0.6396504726,0.07562278591,0.5852093985,1.3,FAIL
pulse,2,cstr,0.75,1,0.6331424647,0.07621928731,0.5770832588,1.35,FAIL
pulse,2,cstr,0.78749042,1,0.6262312286,0.07684171874,0.5684050737,1.35,FAIL
pulse,2,cstr,0.8660254,1,0.6117847012,0.07803181924,0.5511960436,1.4,FAIL
pulse,2,cstr,0.95239254,1,0.5963624489,0.0791843297,0.5336658225,1.45,FAIL
pulse,2,cstr,1,1,0.5880652172,0.07975852762,0.5245738986,1.45,FAIL
pulse,2,cstr,1.0473729,1,0.5800263197,0.08029146173,0.51589971,1.5,FAIL
pulse,2,cstr,1.1518255,1,0.5628487615,0.08134658324,0.4979826148,1.55,FAIL
pulse,2,cstr,1.266695,1,0.5449125617,0.08234434345,0.479997064,1.6,FAIL
pulse,2,cstr,1.3930202,1,0.5263100545,0.08328073299,0.4620215041,1.65,FAIL
pulse,2,cstr,1.5319435,1,0.5071418025,0.08415308535,0.4441288961,1.7,FAIL
pulse,2,cstr,1.6847215,1,0.4875148988,0.08496002322,0.426385684,1.75,FAIL
pulse,2,cstr,1.8527357,1,0.467540953,0.08570136197,0.4088510844,1.8,FAIL
pulse,2,cstr,2,1,0.4513141067,0.08625075666,0.3949301743,1.85,FAIL
pulse,2,cstr,2.0375056,1,0.4473339192,0.08637797954,0.391576708,1.85,FAIL
pulse,2,cstr,2.2407024,1,0.42701803,0.08699166488,0.3746064519,1.95,FAIL
pulse,2,cstr,2.4641635,1,0.4067539313,0.08754495511,0.3579766279,2,FAIL
pulse,2,cstr,2.7099101,1,0.3865824071,0.08804097104,0.3417162748,2.05,FAIL
pulse,2,cstr,2.9801645,1,0.3666050862,0.08848325895,0.3258475959,2.1,FAIL
pulse,2,cstr,3,1,0.365215855,0.08851221501,0.3247552962,2.1,FAIL
pulse,2,cstr,3.2773709,1,0.3469167254,0.08887564398,0.310386497,2.15,FAIL
pulse,2,cstr,3.6042171,1,0.3276620984,0.08922209994,0.2953431612,2.25,FAIL
pulse,2,cstr,3.7,1,0.3224246864,0.08931014045,0.2912669725,2.25,FAIL
pulse,2,cstr,3.9636591,1,0.3088521073,0.08952663725,0.2807226494,2.3,FAIL
pulse,2,cstr,4.3589477,1,0.2905530763,0.08979321039,0.2665254853,2.35,FAIL
pulse,2,cstr,4.7936576,1,0.2728641831,0.09002564441,0.252748215,2.45,FAIL
pulse,2,cstr,5,1,0.2652078222,0.09011872313,0.2467730009,2.45,FAIL
pulse,2,cstr,5.2717203,1,0.2557928431,0.09022757934,0.2393839209,2.5,FAIL
pulse,2,cstr,5.7974594,1,0.2393789781,0.0904024309,0.2264226843,2.6,FAIL
pulse,2,cstr,6.3756295,1,0.2236718365,0.09055336535,0.2138519883,2.65,FAIL
pulse,2,cstr,7.0114594,1,0.2086589364,0.0906832862,0.2016570583,2.7,FAIL
pulse,2,cstr,7.7106995,1,0.1943809336,0.09079483075,0.1898211395,2.8,FAIL
pulse,2,cstr,8.4796736,1,0.1808163755,0.09089037409,0.1783257123,2.85,FAIL
pulse,2,cstr,9.325336,1,0.1679812112,0.09097203894,0.1671506511,2.95,FAIL
pulse,2,cstr,10,1,0.1590031696,0.0910243025,0.1591311542,3,FAIL
pulse,2,cstr,10.255335,1,0.1558528558,0.09104170947,0.156274339,3,FAIL
pulse,2,cstr,11.278081,1,0.1444319298,0.09110104778,0.1456737607,3.1,FAIL
pulse,2,cstr,12.402823,1,0.133689114,0.09115151195,0.1353246068,3.2,FAIL
pulse,2,cstr,13.639734,1,0.1236167346,0.09119437458,0.1252014371,3.25,FAIL
pulse,2,cstr,15,1,0.1141826771,0.0912307411,0.1152779527,3.35,FAIL
pulse,2,gamma_rtd,0.05,1,0.7435153336,0.0533141683,0.8094387128,0.75,FAIL
pulse,2,gamma_rtd,0.05498641,1,0.7434756314,0.05347604034,0.8081864859,0.75,FAIL
pulse,2,gamma_rtd,0.0604701,1,0.7434158553,0.0536709598,0.8066734125,0.75,FAIL
pulse,2,gamma_rtd,0.06650068,1,0.7433280333,0.05390142887,0.8048770466,0.75,FAIL
pulse,2,gamma_rtd,0.07313267,1,0.7432019833,0.05416974571,0.8027756436,0.75,FAIL
pulse,2,gamma_rtd,0.08042606,1,0.743024923,0.05447810639,0.8003472546,0.75,FAIL
pulse,2,gamma_rtd,0.0884468,1,0.7427810083,0.05482871387,0.79756874,0.75,FAIL
pulse,2,gamma_rtd,0.09726744,1,0.7425818157,0.05522388669,0.7944147441,0.8,FAIL
pulse,2,gamma_rtd,0.1,1,0.7425532468,0.055347802,0.7934208545,0.8,FAIL
pulse,2,gamma_rtd,0.10696774,1,0.7424532368,0.05566614811,0.7908567701,0.8,FAIL
pulse,2,gamma_rtd,0.11763544,1,0.7422222489,0.05615829678,0.7868623376,0.8,FAIL
pulse,2,gamma_rtd,0.12936701,1,0.7418562459,0.0567034481,0.7823943027,0.8,FAIL
pulse,2,gamma_rtd,0.14226855,1,0.7413154463,0.0573050534,0.7774102807,0.8,FAIL
pulse,2,gamma_rtd,0.15645673,1,0.7409520701,0.05796689285,0.7718622031,0.85,FAIL
pulse,2,gamma_rtd,0.17205988,1,0.7404271475,0.05869304774,0.7656959635,0.85,FAIL
pulse,2,gamma_rtd,0.1892191,1,0.7396022344,0.05948784589,0.7588512107,0.85,FAIL
pulse,2,gamma_rtd,0.20808957,1,0.7388536572,0.060355787,0.75126124,0.9,FAIL
pulse,2,gamma_rtd,0.22884197,1,0.7378561635,0.06130144062,0.7428530604,0.9,FAIL
pulse,2,gamma_rtd,0.25,1,0.7366521332,0.06225482304,0.7342279288,0.95,FAIL
pulse,2,gamma_rtd,0.25166396,1,0.7365801101,0.06232931059,0.7335477211,0.95,FAIL
pulse,2,gamma_rtd,0.27676195,1,0.7352044593,0.06344367138,0.7232608862,0.95,FAIL
pulse,2,gamma_rtd,0.30436292,1,0.7334213353,0.06464836079,0.7119038601,1,FAIL
pulse,2,gamma_rtd,0.33471648,1,0.7313226002,0.06594653349,0.6993851041,1,FAIL
pulse,2,gamma_rtd,0.36809714,1,0.7289270548,0.06734037212,0.685612383,1.05,FAIL
pulse,2,gamma_rtd,0.4048068,1,0.725919813,0.06883075791,0.6704956621,1.1,FAIL
pulse,2,gamma_rtd,0.44517744,1,0.7223124363,0.07041690672,0.6539508601,1.15,FAIL
pulse,2,gamma_rtd,0.48957418,1,0.7182297188,0.07209599079,0.6359044377,1.15,FAIL
pulse,2,gamma_rtd,0.5,1,0.7172303454,0.07248029288,0.6316947113,1.2,FAIL
pulse,2,gamma_rtd,0.53839852,1,0.7134027001,0.07386275966,0.6162988676,1.2,FAIL
pulse,2,gamma_rtd,0.59209203,1,0.7077029253,0.07570920053,0.5950987266,1.25,FAIL
pulse,2,gamma_rtd,0.65114029,1,0.7010735612,0.07762426758,0.5722972011,1.35,FAIL
pulse,2,gamma_rtd,0.71607733,1,0.6935479218,0.07959373135,0.5479224554,1.4,FAIL
pulse,2,gamma_rtd,0.75,1,0.6893411461,0.08056722474,0.5355041864,1.4,FAIL
pulse,2,gamma_rtd,0.78749042,1,0.68480023,0.0816001854,0.522043329,1.45,FAIL
pulse,2,gamma_rtd,0.8660254,1,0.6747063393,0.08362325274,0.4947735934,1.55,FAIL
pulse,2,gamma_rtd,0.95239254,1,0.6634906992,0.08564001426,0.4662740664,1.6,FAIL
pulse,2,gamma_rtd,1,1,0.6571714225,0.08666437562,0.4512388472,1.65,FAIL
pulse,2,gamma_rtd,1.0473729,1,0.6508097997,0.08762566168,0.4367519695,1.7,FAIL
pulse,2,gamma_rtd,1.1518255,1,0.6366695287,0.08955435708,0.4064570746,1.8,FAIL
pulse,2,gamma_rtd,1.266695,1,0.6211234798,0.09140024956,0.3756745685,1.9,FAIL
pulse,2,gamma_rtd,1.3930202,1,0.6041831172,0.09313857587,0.3447149818,2,FAIL
pulse,2,gamma_rtd,1.5319435,1,0.5858314364,0.09474676354,0.3139017881,2.1,FAIL
pulse,2,gamma_rtd,1.6847215,1,0.5661305008,0.09620543914,0.2835577689,2.25,FAIL
pulse,2,gamma_rtd,1.8527357,1,0.5452939737,0.09749926231,0.2539912376,2.35,FAIL
pulse,2,gamma_rtd,2,1,0.5277310535,0.09841311194,0.2309595994,2.5,FAIL
pulse,2,gamma_rtd,2.0375056,1,0.5234050214,0.09861751596,0.2254833586,2.5,FAIL
pulse,2,gamma_rtd,2.2407024,1,0.5005982054,0.09955441412,0.1982775461,2.65,FAIL
pulse,2,gamma_rtd,2.4641635,1,0.4771066596,0.1003091157,0.1725716943,2.85,FAIL
pulse,2,gamma_rtd,2.7099101,1,0.4531239404,0.1008854614,0.1485136157,3,FAIL
pulse,2,gamma_rtd,2.9801645,1,0.4288566575,0.1012914769,0.1261996847,3.2,FAIL
pulse,2,gamma_rtd,3,1,0.4271296714,0.1013137309,0.1247091379,3.25,FAIL
pulse,2,gamma_rtd,3.2773709,1,0.4044829751,0.1015386969,0.1056764255,3.4,FAIL
pulse,2,gamma_rtd,3.6042171,1,0.3802837109,0.1016413803,0.08694447887,3.65,FAIL
pulse,2,gamma_rtd,3.7,1,0.3736309989,0.1016463948,0.0820871516,3.7,FAIL
pulse,2,gamma_rtd,3.9636591,1,0.3563741002,0.1016156791,0.0699643316,3.9,FAIL
pulse,2,gamma_rtd,4.3589477,1,0.3329387693,0.1014788244,0.05466310401,4.2,FAIL
pulse,2,gamma_rtd,4.7936576,1,0.3101736522,0.1012483756,0.04094177096,4.45,FAIL
pulse,2,gamma_rtd,5,1,0.3003267447,0.1011207845,0.03533392753,4.6,FAIL
pulse,2,gamma_rtd,5.2717203,1,0.2881854268,0.1009415712,0.02868227448,4.8,FAIL
pulse,2,gamma_rtd,5.7974594,1,0.2670734318,0.1005748004,0.01775412064,5.15,FAIL
pulse,2,gamma_rtd,6.3756295,1,0.246923501,0.1001632063,0.008020180347,5.55,FAIL
pulse,2,gamma_rtd,7.0114594,1,0.2278142833,0.09972041512,-0.0006584615792,5.95,FAIL
pulse,2,gamma_rtd,7.7106995,1,0.2097675569,0.09925838451,-0.00841866354,6.4,FAIL
pulse,2,gamma_rtd,8.4796736,1,0.1928094579,0.09878735061,-0.01539236809,6.9,FAIL
pulse,2,gamma_rtd,9.325336,1,0.1769429374,0.09831585738,-0.02170465221,7.45,FAIL
pulse,2,gamma_rtd,10,1,0.1659745514,0.09797321381,-0.02598956229,7.9,FAIL
pulse,2,gamma_rtd,10.255335,1,0.1621549988,0.09785084692,-0.02747258008,8.05,FAIL
pulse,2,gamma_rtd,11.278081,1,0.1484238546,0.09739779226,-0.03280474052,8.75,FAIL
pulse,2,gamma_rtd,12.402823,1,0.1357096319,0.09696085562,-0.03780135339,9.5,FAIL
pulse,2,gamma_rtd,13.639734,1,0.1239729196,0.09654305842,-0.04255483991,10.3,FAIL
pulse,2,gamma_rtd,15,1,0.1131629576,0.09614645195,-0.04715077292,11.2,FAIL
pulse,5,plug,0.05,1,0.9200047509,0.04561370155,0.9466594142,0.95,FAIL
pulse,5,plug,0.05498641,1,0.9199895019,0.04582495477,0.9461538169,0.95,FAIL
pulse,5,plug,0.0604701,1,0.919972732,0.04605727871,0.9455951045,0.95,FAIL
pulse,5,plug,0.06650068,1,0.9199542898,0.04631277604,0.94497742,0.95,FAIL
pulse,5,plug,0.07313267,1,0.9199340083,0.04659375762,0.9442942108,0.95,FAIL
pulse,5,plug,0.08042606,1,0.9199117042,0.0469027663,0.9435381294,0.95,FAIL
pulse,5,plug,0.0884468,1,0.9199378974,0.0472425977,0.9427009313,1,FAIL
pulse,5,plug,0.09726744,1,0.9199889388,0.04761632736,0.9417733477,1,FAIL
pulse,5,plug,0.1,1,0.9200047509,0.04773210718,0.9414845287,1,FAIL
pulse,5,plug,0.10696774,1,0.9199834427,0.04802683649,0.940745749,1,FAIL
pulse,5,plug,0.11763544,1,0.9199508195,0.04847809137,0.9396058983,1,FAIL
pulse,5,plug,0.12936701,1,0.9199149429,0.04897437696,0.938340163,1,FAIL
pulse,5,plug,0.14226855,1,0.9199600123,0.04952018903,0.9369334918,1.05,FAIL
pulse,5,plug,0.15645673,1,0.9199850054,0.05011983666,0.9353699046,1.05,FAIL
pulse,5,plug,0.17205988,1,0.919937289,0.05077852273,0.9336303039,1.05,FAIL
pulse,5,plug,0.1892191,1,0.9199423664,0.05150299469,0.9316912895,1.1,FAIL
pulse,5,plug,0.20808957,1,0.919980012,0.05229882711,0.9295295063,1.1,FAIL
pulse,5,plug,0.22884197,1,0.9199165485,0.05317274736,0.9271169576,1.1,FAIL
pulse,5,plug,0.25,1,0.9200047509,0.05406396574,0.9246167058,1.15,FAIL
pulse,5,plug,0.25166396,1,0.9199996623,0.05413381587,0.9244188083,1.15,FAIL
pulse,5,plug,0.27676195,1,0.9199229095,0.05518761438,0.9214031167,1.15,FAIL
pulse,5,plug,0.30436292,1,0.9199914086,0.05634622879,0.9180220068,1.2,FAIL
pulse,5,plug,0.33471648,1,0.9199163117,0.05761665068,0.914232462,1.25,FAIL
pulse,5,plug,0.36809714,1,0.9199494076,0.05901112825,0.9099761634,1.25,FAIL
pulse,5,plug,0.4048068,1,0.9199900511,0.06054161404,0.9051885474,1.3,FAIL
pulse,5,plug,0.44517744,1,0.9199768448,0.06221883363,0.8998002695,1.35,FAIL
pulse,5,plug,0.48957418,1,0.9199444211,0.0640562201,0.8937278608,1.4,FAIL
pulse,5,plug,0.5,1,0.9200047509,0.06448782128,0.8922772065,1.4,FAIL
pulse,5,plug,0.53839852,1,0.9199376181,0.06606884459,0.8868739844,1.45,FAIL
pulse,5,plug,0.59209203,1,0.9199589909,0.06827184842,0.8791292621,1.5,FAIL
pulse,5,plug,0.65114029,1,0.9200012638,0.07068131487,0.8703686081,1.55,FAIL
pulse,5,plug,0.71607733,1,0.9199555844,0.07331091208,0.8604574276,1.6,FAIL
pulse,5,plug,0.75,1,0.9200047509,0.07467974989,0.8551586376,1.65,FAIL
pulse,5,plug,0.78749042,1,0.9199323633,0.07618240742,0.8492237199,1.7,FAIL
pulse,5,plug,0.8660254,1,0.9199557432,0.0793110319,0.8364919934,1.75,FAIL
pulse,5,plug,0.95239254,1,0.9199974342,0.0827175067,0.8220502099,1.85,FAIL
pulse,5,plug,1,1,0.9200047509,0.08457781576,0.8139064281,1.9,FAIL
pulse,5,plug,1.0473729,1,0.9199895491,0.08641553528,0.805682044,1.95,FAIL
pulse,5,plug,1.1518255,1,0.9199991683,0.09042383339,0.7871325785,2.05,FAIL
pulse,5,plug,1.266695,1,0.9199536956,0.09475479862,0.7661400824,2.15,FAIL
pulse,5,plug,1.3930202,1,0.9199643615,0.09942741441,0.7423974224,2.3,FAIL
pulse,5,plug,1.5319435,1,0.9199070635,0.1044438117,0.7156301633,2.4,FAIL
pulse,5,plug,1.6847215,1,0.9199163405,0.1098124104,0.6855282087,2.6,FAIL
pulse,5,plug,1.8527357,1,0.9199963849,0.1155301683,0.6518149988,2.75,FAIL
pulse,5,plug,2,1,0.9200047509,0.1203727211,0.621921524,2.9,FAIL
pulse,5,plug,2.0375056,1,0.9199324513,0.1215770303,0.6142883106,2.95,FAIL
pulse,5,plug,2.2407024,1,0.9199509495,0.1279358648,0.5727680941,3.15,FAIL
pulse,5,plug,2.4641635,1,0.919961437,0.1345627189,0.5272414911,3.35,FAIL
pulse,5,plug,2.7099101,1,0.9199744446,0.1414040004,0.4778355622,3.6,FAIL
pulse,5,plug,2.9801645,1,0.919912504,0.1483783265,0.4249395924,3.85,FAIL
pulse,5,plug,3,1,0.9200047509,0.1488725001,0.4211110792,3.9,FAIL
pulse,5,plug,3.2773709,1,0.9199210473,0.155390316,0.3691955365,4.15,FAIL
pulse,5,plug,3.6042171,1,0.9199918544,0.1623206468,0.3115860068,4.5,FAIL
pulse,5,plug,3.7,1,0.9200047509,0.1641998267,0.2955347172,4.6,FAIL
pulse,5,plug,3.9636591,1,0.9199629795,0.1690179836,0.2535023971,4.85,FAIL
pulse,5,plug,4.3589477,1,0.9199773879,0.1753350863,0.1965787763,5.25,FAIL
pulse,5,plug,4.7936576,1,0.91996805,0.1811071124,0.1427402869,5.7,FAIL
pulse,5,plug,5,1,0.9200047509,0.1834534608,0.1203662798,5.9,FAIL
pulse,5,plug,5.2717203,1,0.9199383274,0.1861811056,0.09395519258,6.15,FAIL
pulse,5,plug,5.7974594,1,0.9199900496,0.1904463259,0.0519371125,6.7,FAIL
pulse,5,plug,6.3756295,1,0.9199263727,0.1938224474,0.01796282138,7.25,FAIL
pulse,5,plug,7.0114594,1,0.9199697066,0.1963220834,-0.00755036306,7.9,FAIL
pulse,5,plug,7.7106995,1,0.9199720304,0.1980176413,-0.02504738131,8.6,FAIL
pulse,5,plug,8.4796736,1,0.9199140054,0.1990527171,-0.03581217536,9.35,FAIL
pulse,5,plug,9.325336,1,0.9199272703,0.1996097355,-0.04162469466,10.2,FAIL
pulse,5,plug,10,1,0.9200047509,0.1998215198,-0.04380774936,10.9,FAIL
pulse,5,plug,10.255335,1,0.9199884365,0.1998680381,-0.0443060607,11.15,FAIL
pulse,5,plug,11.278081,1,0.9199188767,0.1999642141,-0.04533101656,12.15,FAIL
pulse,5,plug,12.402823,1,0.9199961174,0.1999961954,-0.04564196446,13.3,FAIL
pulse,5,plug,13.639734,1,0.9199453466,0.2000018717,-0.04571494168,14.55,FAIL
pulse,5,plug,15,1,0.9200047509,0.2000048652,-0.04572614537,15.9,FAIL
pulse,5,cstr,0.05,1,0.9197658418,0.04684499739,0.9436789959,0.95,FAIL
pulse,5,cstr,0.05498641,1,0.9197093252,0.04704037734,0.943198629,1,FAIL
pulse,5,cstr,0.0604701,1,0.9196729673,0.04725791255,0.9426613833,1,FAIL
pulse,5,cstr,0.06650068,1,0.9196215511,0.0474995542,0.9420616234,1,FAIL
pulse,5,cstr,0.07313267,1,0.919550964,0.04776744544,0.9413930401,1,FAIL
pulse,5,cstr,0.08042606,1,0.9194561624,0.04806394061,0.9406485589,1,FAIL
pulse,5,cstr,0.0884468,1,0.9193309764,0.04839161974,0.9398202512,1,FAIL
pulse,5,cstr,0.09726744,1,0.9191678744,0.0487533067,0.9388992246,1,FAIL
pulse,5,cstr,0.1,1,0.9191119319,0.04886555573,0.9386119413,1,FAIL
pulse,5,cstr,0.10696774,1,0.9189679392,0.04915208336,0.9378755118,1.05,FAIL
pulse,5,cstr,0.11763544,1,0.9187917181,0.04959130652,0.9367379358,1.05,FAIL
pulse,5,cstr,0.12936701,1,0.9185530099,0.05007461958,0.9354739721,1.05,FAIL
pulse,5,cstr,0.14226855,1,0.9182362916,0.05060596456,0.9340695882,1.05,FAIL
pulse,5,cstr,0.15645673,1,0.9178227451,0.05118958842,0.9325090755,1.05,FAIL
pulse,5,cstr,0.17205988,1,0.9174223489,0.05183004649,0.9307748607,1.1,FAIL
pulse,5,cstr,0.1892191,1,0.9168897735,0.05253219515,0.9288473168,1.1,FAIL
pulse,5,cstr,0.20808957,1,0.9161953963,0.05330117856,0.9267045568,1.15,FAIL
pulse,5,cstr,0.22884197,1,0.9154699967,0.05414240239,0.9243222272,1.15,FAIL
pulse,5,cstr,0.25,1,0.9145870985,0.05499470493,0.9218674267,1.15,FAIL
pulse,5,cstr,0.25166396,1,0.914511615,0.05506148883,0.9216733185,1.15,FAIL
pulse,5,cstr,0.27676195,1,0.9134172697,0.0560642181,0.9187279776,1.2,FAIL
pulse,5,cstr,0.30436292,1,0.9120555248,0.05715644236,0.9154533689,1.2,FAIL
pulse,5,cstr,0.33471648,1,0.910489837,0.05834397521,0.9118135834,1.25,FAIL
pulse,5,cstr,0.36809714,1,0.9085533848,0.05963245175,0.907769626,1.3,FAIL
pulse,5,cstr,0.4048068,1,0.9063161855,0.06102715648,0.903279512,1.3,FAIL
pulse,5,cstr,0.44517744,1,0.9036590933,0.06253281717,0.8982985086,1.35,FAIL
pulse,5,cstr,0.48957418,1,0.9004995722,0.06415337252,0.8927795379,1.4,FAIL
pulse,5,cstr,0.5,1,0.8997344626,0.0645284624,0.8914784677,1.4,FAIL
pulse,5,cstr,0.53839852,1,0.8967818582,0.06589171116,0.8866737972,1.45,FAIL
pulse,5,cstr,0.59209203,1,0.8924393831,0.06774940089,0.879931591,1.5,FAIL
pulse,5,cstr,0.65114029,1,0.8873950447,0.06972641407,0.8725034135,1.55,FAIL
pulse,5,cstr,0.71607733,1,0.8815621912,0.07182087539,0.8643412476,1.6,FAIL
pulse,5,cstr,0.75,1,0.87839962,0.07288205872,0.860087836,1.6,FAIL
pulse,5,cstr,0.78749042,1,0.874846445,0.07402884718,0.8554000741,1.65,FAIL
pulse,5,cstr,0.8660254,1,0.8671484087,0.07634417992,0.8456395165,1.7,FAIL
pulse,5,cstr,0.95239254,1,0.8583672342,0.07875844729,0.8350255472,1.75,FAIL
pulse,5,cstr,1,1,0.853474292,0.08003225936,0.8292392812,1.8,FAIL
pulse,5,cstr,1.0473729,1,0.8485152662,0.08126098081,0.8235321629,1.85,FAIL
pulse,5,cstr,1.1518255,1,0.8374327152,0.08383901702,0.8111428994,1.9,FAIL
pulse,5,cstr,1.266695,1,0.825109167,0.08647795564,0.797852079,2,FAIL
pulse,5,cstr,1.3930202,1,0.8114724181,0.08916171499,0.7836657072,2.05,FAIL
pulse,5,cstr,1.5319435,1,0.7965611286,0.09187317145,0.7686019089,2.15,FAIL
pulse,5,cstr,1.6847215,1,0.7803027089,0.09459464744,0.7526909034,2.25,FAIL
pulse,5,cstr,1.8527357,1,0.762733169,0.0973084226,0.7359744818,2.35,FAIL
pulse,5,cstr,2,1,0.747720887,0.09947448187,0.7219756835,2.4,FAIL
pulse,5,cstr,2.0375056,1,0.7439272282,0.09999723088,0.7185050449,2.4,FAIL
pulse,5,cstr,2.2407024,1,0.7239263479,0.1026447166,0.7003442541,2.5,FAIL
pulse,5,cstr,2.4641635,1,0.7027998978,0.105235824,0.681561392,2.6,FAIL
pulse,5,cstr,2.7099101,1,0.6806496314,0.107757104,0.6622315363,2.7,FAIL
pulse,5,cstr,2.9801645,1,0.6575917155,0.1101969307,0.6424336369,2.8,FAIL
pulse,5,cstr,3,1,0.6559428763,0.1103638877,0.6410366879,2.8,FAIL
pulse,5,cstr,3.2773709,1,0.6337548096,0.112545625,0.6222486181,2.9,FAIL
pulse,5,cstr,3.6042171,1,0.609277571,0.1147954939,0.6017575582,3,FAIL
pulse,5,cstr,3.7,1,0.6024484729,0.1153980334,0.59606082,3.05,FAIL
pulse,5,cstr,3.9636591,1,0.5843160871,0.1169407929,0.5810400383,3.15,FAIL
pulse,5,cstr,4.3589477,1,0.5590195327,0.1189776283,0.560172685,3.25,FAIL
pulse,5,cstr,4.7936576,1,0.5335276143,0.1209038124,0.5392279458,3.35,FAIL
pulse,5,cstr,5,1,0.5222014809,0.1217221222,0.5299355147,3.4,FAIL
pulse,5,cstr,5.2717203,1,0.5079879576,0.1227186864,0.5182730983,3.45,FAIL
pulse,5,cstr,5.7974594,1,0.4825434338,0.1244229258,0.4973694926,3.55,FAIL
pulse,5,cstr,6.3756295,1,0.4573323885,0.1260183389,0.476572008,3.7,FAIL
pulse,5,cstr,7.0114594,1,0.4324934845,0.1275076682,0.455928699,3.8,FAIL
pulse,5,cstr,7.7106995,1,0.4081230344,0.1288944015,0.4354806047,3.9,FAIL
pulse,5,cstr,8.4796736,1,0.3843240385,0.1301825983,0.4152616899,4,FAIL
pulse,5,cstr,9.325336,1,0.3611865071,0.1313767335,0.3952988889,4.1,FAIL
pulse,5,cstr,10,1,0.3446630472,0.1321969621,0.380805819,4.2,FAIL
pulse,5,cstr,10.255335,1,0.338798723,0.1324815613,0.3756122326,4.25,FAIL
pulse,5,cstr,11.278081,1,0.3172096185,0.1335019979,0.3562150479,4.35,FAIL
pulse,5,cstr,12.402823,1,0.2964695481,0.1344430234,0.337114227,4.45,FAIL
pulse,5,cstr,13.639734,1,0.2766166199,0.1353096016,0.3183105869,4.55,FAIL
pulse,5,cstr,15,1,0.25768308,0.1361066144,0.2997993407,4.7,FAIL
pulse,5,gamma_rtd,0.05,1,0.919962868,0.04604704168,0.9456197331,0.95,FAIL
pulse,5,gamma_rtd,0.05498641,1,0.9199446056,0.04618784016,0.9452797954,0.95,FAIL
pulse,5,gamma_rtd,0.0604701,1,0.9199195008,0.04635749119,0.9448688086,0.95,FAIL
pulse,5,gamma_rtd,0.06650068,1,0.9198853601,0.04655824248,0.9443805186,0.95,FAIL
pulse,5,gamma_rtd,0.07313267,1,0.9198394282,0.04679219081,0.943808799,0.95,FAIL
pulse,5,gamma_rtd,0.08042606,1,0.9197915287,0.04706137778,0.9431473869,1,FAIL
pulse,5,gamma_rtd,0.0884468,1,0.9197750972,0.04736789379,0.9423895912,1,FAIL
pulse,5,gamma_rtd,0.09726744,1,0.9197423837,0.04771398467,0.9415279809,1,FAIL
pulse,5,gamma_rtd,0.1,1,0.9197289869,0.04782265058,0.9412561438,1,FAIL
pulse,5,gamma_rtd,0.10696774,1,0.9196876187,0.04810214487,0.9405540912,1,FAIL
pulse,5,gamma_rtd,0.11763544,1,0.9196037314,0.04853519945,0.939458136,1,FAIL
pulse,5,gamma_rtd,0.12936701,1,0.9194820773,0.04901636643,0.9382287461,1,FAIL
pulse,5,gamma_rtd,0.14226855,1,0.9194045859,0.04954930734,0.9368527098,1.05,FAIL
pulse,5,gamma_rtd,0.15645673,1,0.9192969778,0.05013816407,0.9353147172,1.05,FAIL
pulse,5,gamma_rtd,0.17205988,1,0.9191252574,0.0507875892,0.9335970861,1.05,FAIL
pulse,5,gamma_rtd,0.1892191,1,0.9189327929,0.05150276649,0.9316794733,1.1,FAIL
pulse,5,gamma_rtd,0.20808957,1,0.9187401984,0.05228943037,0.929538542,1.1,FAIL
pulse,5,gamma_rtd,0.22884197,1,0.9184329329,0.05315388088,0.9271475881,1.1,FAIL
pulse,5,gamma_rtd,0.25,1,0.9181707637,0.05403385912,0.9246723528,1.15,FAIL
pulse,5,gamma_rtd,0.25166396,1,0.9181482144,0.05410299112,0.9244761253,1.15,FAIL
pulse,5,gamma_rtd,0.27676195,1,0.9177301872,0.05514421483,0.9214893997,1.15,FAIL
pulse,5,gamma_rtd,0.30436292,1,0.9172927474,0.05628558131,0.9181478601,1.2,FAIL
pulse,5,gamma_rtd,0.33471648,1,0.9166818498,0.05753568133,0.9144065655,1.25,FAIL
pulse,5,gamma_rtd,0.36809714,1,0.9160375249,0.05890363794,0.9102145382,1.25,FAIL
pulse,5,gamma_rtd,0.4048068,1,0.9152245702,0.06039905617,0.9055140759,1.3,FAIL
pulse,5,gamma_rtd,0.44517744,1,0.9142219877,0.06203194346,0.9002400453,1.35,FAIL
pulse,5,gamma_rtd,0.48957418,1,0.9130165351,0.06381259885,0.8943191688,1.4,FAIL
pulse,5,gamma_rtd,0.5,1,0.9127469851,0.06422836053,0.8929110874,1.4,FAIL
pulse,5,gamma_rtd,0.53839852,1,0.9115826515,0.0657514534,0.8876693747,1.45,FAIL
pulse,5,gamma_rtd,0.59209203,1,0.909879199,0.06785886149,0.8801992417,1.5,FAIL
pulse,5,gamma_rtd,0.65114029,1,0.9078457617,0.07014482333,0.871807653,1.55,FAIL
pulse,5,gamma_rtd,0.71607733,1,0.9053985823,0.07261863698,0.8623837397,1.6,FAIL
pulse,5,gamma_rtd,0.75,1,0.9040246718,0.07389361028,0.8573859401,1.65,FAIL
pulse,5,gamma_rtd,0.78749042,1,0.9024263148,0.07528846364,0.8518072793,1.65,FAIL
pulse,5,gamma_rtd,0.8660254,1,0.8989902746,0.07816080633,0.8399496929,1.75,FAIL
pulse,5,gamma_rtd,0.95239254,1,0.8948359635,0.08123989974,0.8266758381,1.85,FAIL
pulse,5,gamma_rtd,1,1,0.8924180749,0.08290063195,0.8192699445,1.9,FAIL
pulse,5,gamma_rtd,1.0473729,1,0.88993157,0.08452701752,0.8118468018,1.9,FAIL
pulse,5,gamma_rtd,1.1518255,1,0.8841878295,0.08801972206,0.7953238567,2,FAIL
pulse,5,gamma_rtd,1.266695,1,0.8774620679,0.09171109035,0.7769737198,2.15,FAIL
pulse,5,gamma_rtd,1.3930202,1,0.8696347629,0.09558896338,0.7566751794,2.25,FAIL
pulse,5,gamma_rtd,1.5319435,1,0.860482139,0.09963529803,0.7343269419,2.35,FAIL
pulse,5,gamma_rtd,1.6847215,1,0.8500181827,0.1038256932,0.7098564692,2.5,FAIL
pulse,5,gamma_rtd,1.8527357,1,0.8380054161,0.1081291897,0.6832292465,2.65,FAIL
pulse,5,gamma_rtd,2,1,0.8271563484,0.1116485569,0.6602471191,2.8,FAIL
pulse,5,gamma_rtd,2.0375056,1,0.8243314494,0.1125084232,0.6544577905,2.8,FAIL
pulse,5,gamma_rtd,2.2407024,1,0.80896966,0.1169202008,0.6236094669,3,FAIL
pulse,5,gamma_rtd,2.4641635,1,0.7917448219,0.1213165344,0.590812134,3.2,FAIL
pulse,5,gamma_rtd,2.7099101,1,0.7726764326,0.1256461177,0.556256674,3.4,FAIL
pulse,5,gamma_rtd,2.9801645,1,0.7517474251,0.1298561847,0.5201956408,3.6,FAIL
pulse,5,gamma_rtd,3,1,0.7502071922,0.1301441609,0.5176306385,3.6,FAIL
pulse,5,gamma_rtd,3.2773709,1,0.7289413958,0.1338946277,0.4829376892,3.85,FAIL
pulse,5,gamma_rtd,3.6042171,1,0.7043867141,0.1377122222,0.4448377969,4.1,FAIL
pulse,5,gamma_rtd,3.7,1,0.6973356672,0.1387205835,0.4342289541,4.15,FAIL
pulse,5,gamma_rtd,3.9636591,1,0.6782073374,0.1412647729,0.4062838887,4.35,FAIL
pulse,5,gamma_rtd,4.3589477,1,0.6505234226,0.144515006,0.3676808232,4.65,FAIL
pulse,5,gamma_rtd,4.7936576,1,0.6215900429,0.1474340492,0.3294330624,4.95,FAIL
pulse,5,gamma_rtd,5,1,0.6084124005,0.1486167502,0.3126922393,5.1,FAIL
pulse,5,gamma_rtd,5.2717203,1,0.5916178307,0.1500023929,0.2919274463,5.25,FAIL
pulse,5,gamma_rtd,5.7974594,1,0.5609037526,0.1522102755,0.2555174459,5.65,FAIL
pulse,5,gamma_rtd,6.3756295,1,0.529735543,0.1540575009,0.2205100296,6,FAIL
pulse,5,gamma_rtd,7.0114594,1,0.4983975712,0.1555527443,0.1871559321,6.45,FAIL
pulse,5,gamma_rtd,7.7106995,1,0.4671990377,0.1567124463,0.1556437141,6.9,FAIL
pulse,5,gamma_rtd,8.4796736,1,0.4364156273,0.1575594178,0.1260976058,7.4,FAIL
pulse,5,gamma_rtd,9.325336,1,0.4063173397,0.1581212866,0.09857878406,7.9,FAIL
pulse,5,gamma_rtd,10,1,0.3847738963,0.1583702762,0.07965406644,8.35,FAIL
pulse,5,gamma_rtd,10.255335,1,0.3771333296,0.1584289104,0.07308949319,8.5,FAIL
pulse,5,gamma_rtd,11.278081,1,0.3490578982,0.1585148625,0.04957926885,9.15,FAIL
pulse,5,gamma_rtd,12.402823,1,0.3222483903,0.158412071,0.02795246858,9.85,FAIL
pulse,5,gamma_rtd,13.639734,1,0.2968267664,0.1581526679,0.008076351012,10.65,FAIL
pulse,5,gamma_rtd,15,1,0.2728633914,0.1577670756,-0.01021097861,11.55,FAIL
pulse,10,plug,0.05,1,0.9750869369,0.0352365614,0.9836627713,1.05,PASS
pulse,10,plug,0.05498641,1,0.9750859287,0.03539991446,0.983509998,1.05,PASS
pulse,10,plug,0.0604701,1,0.9750848199,0.0355795589,0.9833411737,1.05,PASS
pulse,10,plug,0.06650068,1,0.9750836005,0.0357771201,0.9831545268,1.05,PASS
pulse,10,plug,0.07313267,1,0.9750822594,0.03599438436,0.9829480748,1.05,PASS
pulse,10,plug,0.08042606,1,0.9750807847,0.03623331721,0.9827195936,1.05,PASS
pulse,10,plug,0.0884468,1,0.9750791629,0.03649607949,0.9824665863,1.05,PASS
pulse,10,plug,0.09726744,1,0.9750804438,0.03678504831,0.9821862437,1.1,PASS
pulse,10,plug,0.1,1,0.9750869369,0.03687456874,0.9820989492,1.1,PASS
pulse,10,plug,0.10696774,1,0.975085528,0.03710273065,0.9818754662,1.1,PASS
pulse,10,plug,0.11763544,1,0.975083371,0.03745205384,0.9815306439,1.1,PASS
pulse,10,plug,0.12936701,1,0.9750809988,0.03783622034,0.9811477113,1.1,PASS
pulse,10,plug,0.14226855,1,0.9750783901,0.03825870608,0.9807220938,1.1,PASS
pulse,10,plug,0.15645673,1,0.9750856314,0.03872319822,0.9802486866,1.15,PASS
pulse,10,plug,0.17205988,1,0.9750824764,0.03923385098,0.9797216066,1.15,PASS
pulse,10,plug,0.1892191,1,0.9750790067,0.03979545066,0.9791340169,1.15,PASS
pulse,10,plug,0.20808957,1,0.9750853012,0.04041286781,0.9784783791,1.2,PASS
pulse,10,plug,0.22884197,1,0.975081105,0.04109158656,0.9777459571,1.2,PASS
pulse,10,plug,0.25,1,0.9750869369,0.04178361783,0.9769867181,1.25,PASS
pulse,10,plug,0.25166396,1,0.9750866005,0.04183799115,0.9769265108,1.25,PASS
pulse,10,plug,0.27676195,1,0.9750815256,0.04265816865,0.9760089159,1.25,PASS
pulse,10,plug,0.30436292,1,0.9750860547,0.04356008174,0.9749794572,1.3,PASS
pulse,10,plug,0.33471648,1,0.9750799172,0.0445511421,0.9738232827,1.3,PASS
pulse,10,plug,0.36809714,1,0.9750832776,0.0456404738,0.9725225087,1.35,PASS
pulse,10,plug,0.4048068,1,0.975085965,0.04683778786,0.9710566311,1.4,PASS
pulse,10,plug,0.44517744,1,0.9750778019,0.04815324367,0.9694022733,1.4,PASS
pulse,10,plug,0.48957418,1,0.9750789349,0.04959836348,0.9675319776,1.45,PASS
pulse,10,plug,0.5,1,0.9750869369,0.0499377517,0.9670848406,1.5,PASS
pulse,10,plug,0.53839852,1,0.9750791726,0.05118588142,0.9654136894,1.5,PASS
pulse,10,plug,0.59209203,1,0.9750784258,0.05292949249,0.9630102691,1.55,PASS
pulse,10,plug,0.65114029,1,0.9750867064,0.05484413091,0.9602784354,1.65,PASS
pulse,10,plug,0.71607733,1,0.9750836861,0.0569453435,0.9571683755,1.7,PASS
pulse,10,plug,0.75,1,0.9750869369,0.05804195043,0.9554991644,1.75,PASS
pulse,10,plug,0.78749042,1,0.9750793563,0.05925168058,0.9536203557,1.75,PASS
pulse,10,plug,0.8660254,1,0.9750836966,0.06178163688,0.9495662571,1.85,FAIL
pulse,10,plug,0.95239254,1,0.9750864532,0.06455640356,0.9449252803,1.95,FAIL
pulse,10,plug,1,1,0.9750869369,0.0660820754,0.9422865783,2,FAIL
pulse,10,plug,1.0473729,1,0.9750806944,0.06759725611,0.9396048713,2.05,FAIL
pulse,10,plug,1.1518255,1,0.9750865678,0.07092834269,0.9334956768,2.15,FAIL
pulse,10,plug,1.266695,1,0.9750835612,0.07457432693,0.9264717451,2.25,FAIL
pulse,10,plug,1.3930202,1,0.9750782381,0.07856343172,0.9183841942,2.35,FAIL
pulse,10,plug,1.5319435,1,0.9750804779,0.08292228131,0.9090647219,2.5,FAIL
pulse,10,plug,1.6847215,1,0.9750799161,0.08768127257,0.8983155895,2.65,FAIL
pulse,10,plug,1.8527357,1,0.9750863838,0.09287061671,0.8859114467,2.85,FAIL
pulse,10,plug,2,1,0.9750869369,0.0973781007,0.8745582548,3,FAIL
pulse,10,plug,2.0375056,1,0.9750793532,0.09851893998,0.8715986422,3,FAIL
pulse,10,plug,2.2407024,1,0.9750787068,0.104657949,0.8550851009,3.2,FAIL
pulse,10,plug,2.4641635,1,0.975084073,0.1113149601,0.8360499434,3.45,FAIL
pulse,10,plug,2.7099101,1,0.9750849331,0.1185164911,0.8141369736,3.7,FAIL
pulse,10,plug,2.9801645,1,0.9750808376,0.1262825524,0.7889664617,3.95,FAIL
pulse,10,plug,3,1,0.9750869369,0.1268473611,0.7870753204,4,FAIL
pulse,10,plug,3.2773709,1,0.9750814025,0.1346285518,0.7601364464,4.25,FAIL
pulse,10,plug,3.6042171,1,0.9750860842,0.1435601184,0.7272422603,4.6,FAIL
pulse,10,plug,3.7,1,0.9750869369,0.1461267574,0.7173991807,4.7,FAIL
pulse,10,plug,3.9636591,1,0.975084175,0.1530662963,0.6899085455,4.95,FAIL
pulse,10,plug,4.3589477,1,0.9750851277,0.1631249402,0.6478014718,5.35,FAIL
pulse,10,plug,4.7936576,1,0.9750781092,0.1736881382,0.6006981846,5.75,FAIL
pulse,10,plug,5,1,0.9750869369,0.1785152154,0.5781912044,6,FAIL
pulse,10,plug,5.2717203,1,0.975082545,0.1846812081,0.5485380773,6.25,FAIL
pulse,10,plug,5.7974594,1,0.9750809,0.1960026216,0.4914807644,6.8,FAIL
pulse,10,plug,6.3756295,1,0.9750817546,0.207505063,0.4300281547,7.35,FAIL
pulse,10,plug,7.0114594,1,0.9750846198,0.2190130293,0.3650453905,8,FAIL
pulse,10,plug,7.7106995,1,0.9750847735,0.230304331,0.2978765579,8.7,FAIL
pulse,10,plug,8.4796736,1,0.9750809369,0.2411261039,0.2303304016,9.45,FAIL
pulse,10,plug,9.325336,1,0.9750818139,0.2512062542,0.1646251553,10.3,FAIL
pulse,10,plug,10,1,0.9750869369,0.2579827823,0.1189494675,11,FAIL
pulse,10,plug,10.255335,1,0.9750858582,0.2602731672,0.1032311605,11.25,FAIL
pulse,10,plug,11.278081,1,0.9750812589,0.2680825726,0.04859809027,12.25,FAIL
pulse,10,plug,12.402823,1,0.9750863661,0.2744671022,0.00274414824,13.4,FAIL
pulse,10,plug,13.639734,1,0.9750789026,0.2793554128,-0.03310248177,14.6,FAIL
pulse,10,plug,15,1,0.9750869369,0.2828138981,-0.05883729908,16,FAIL
pulse,10,cstr,0.05,1,0.9750373911,0.0361895098,0.9827615218,1.05,PASS
pulse,10,cstr,0.05498641,1,0.9750214768,0.0363409078,0.982616111,1.05,PASS
pulse,10,cstr,0.0604701,1,0.9750011528,0.03650954531,0.982453423,1.05,PASS
pulse,10,cstr,0.06650068,1,0.9749753529,0.03669696481,0.9822717254,1.05,PASS
pulse,10,cstr,0.07313267,1,0.9749553308,0.03690486737,0.9820690733,1.1,PASS
pulse,10,cstr,0.08042606,1,0.9749325266,0.03713513065,0.9818432777,1.1,PASS
pulse,10,cstr,0.0884468,1,0.9749013527,0.03738982408,0.9815918755,1.1,PASS
pulse,10,cstr,0.09726744,1,0.9748596398,0.03767122803,0.9813120902,1.1,PASS
pulse,10,cstr,0.1,1,0.9748451314,0.03775862378,0.9812247659,1.1,PASS
pulse,10,cstr,0.10696774,1,0.9748047309,0.03798185144,0.9810007921,1.1,PASS
pulse,10,cstr,0.11763544,1,0.9747333775,0.03832445355,0.9806544473,1.1,PASS
pulse,10,cstr,0.12936701,1,0.9746668931,0.03870206391,0.9802690643,1.15,PASS
pulse,10,cstr,0.14226855,1,0.9745826497,0.03911800592,0.9798401283,1.15,PASS
pulse,10,cstr,0.15645673,1,0.9744705807,0.0395759198,0.979362529,1.15,PASS
pulse,10,cstr,0.17205988,1,0.9743289569,0.04007978818,0.9788304741,1.2,PASS
pulse,10,cstr,0.1892191,1,0.9741828917,0.04063395949,0.9782373941,1.2,PASS
pulse,10,cstr,0.20808957,1,0.9739880252,0.04124317402,0.9775758295,1.2,PASS
pulse,10,cstr,0.22884197,1,0.9737534155,0.04191258879,0.9768373025,1.25,PASS
pulse,10,cstr,0.25,1,0.973502258,0.04259423382,0.9760727855,1.25,PASS
pulse,10,cstr,0.25166396,1,0.9734806126,0.04264779827,0.9760121736,1.25,PASS
pulse,10,cstr,0.27676195,1,0.9731348778,0.04345485662,0.9750894738,1.3,PASS
pulse,10,cstr,0.30436292,1,0.9727371056,0.04434029178,0.9740567192,1.3,PASS
pulse,10,cstr,0.33471648,1,0.9722455598,0.04531111479,0.9728997019,1.35,PASS
pulse,10,cstr,0.36809714,1,0.9716502975,0.04637482033,0.9716022568,1.35,PASS
pulse,10,cstr,0.4048068,1,0.970951883,0.04753937493,0.9701460069,1.4,PASS
pulse,10,cstr,0.44517744,1,0.9701019626,0.04881318788,0.9685100891,1.45,PASS
pulse,10,cstr,0.48957418,1,0.9690790327,0.05020506481,0.9666708613,1.5,PASS
pulse,10,cstr,0.5,1,0.9688301399,0.05053049044,0.9662330262,1.5,PASS
pulse,10,cstr,0.53839852,1,0.967855314,0.05172413229,0.9646016044,1.55,PASS
pulse,10,cstr,0.59209203,1,0.9663956234,0.0533797355,0.9622722234,1.6,PASS
pulse,10,cstr,0.65114029,1,0.9646562043,0.05518129603,0.9596489709,1.65,PASS
pulse,10,cstr,0.71607733,1,0.9625835786,0.05713813152,0.9566942074,1.7,PASS
pulse,10,cstr,0.75,1,0.9614323882,0.05814981232,0.955123217,1.75,PASS
pulse,10,cstr,0.78749042,1,0.9601135131,0.05925922684,0.9533662331,1.75,PASS
pulse,10,cstr,0.8660254,1,0.9572104679,0.06155295957,0.94961922,1.85,FAIL
pulse,10,cstr,0.95239254,1,0.9537725695,0.06402677863,0.9454032844,1.9,FAIL
pulse,10,cstr,1,1,0.9517913858,0.06536809807,0.9430406841,1.95,FAIL
pulse,10,cstr,1.0473729,1,0.9497537487,0.06668683992,0.9406647456,2,FAIL
pulse,10,cstr,1.1518255,1,0.9450461862,0.06953761304,0.9353466072,2.1,FAIL
pulse,10,cstr,1.266695,1,0.9395715759,0.07258147493,0.929389297,2.2,FAIL
pulse,10,cstr,1.3930202,1,0.9332419186,0.07581830919,0.9227316986,2.3,FAIL
pulse,10,cstr,1.5319435,1,0.9259614119,0.07924514719,0.9153124641,2.4,FAIL
pulse,10,cstr,1.6847215,1,0.9176292582,0.08285587264,0.9070716084,2.5,FAIL
pulse,10,cstr,1.8527357,1,0.9081871273,0.08664102869,0.8979523191,2.65,FAIL
pulse,10,cstr,2,1,0.8997086466,0.08980441836,0.8899423269,2.75,FAIL
pulse,10,cstr,2.0375056,1,0.8975155155,0.09058774877,0.8879029187,2.8,FAIL
pulse,10,cstr,2.2407024,1,0.8855811183,0.0946798341,0.8768788662,2.9,FAIL
pulse,10,cstr,2.4641635,1,0.872306113,0.09889798486,0.8648446802,3.05,FAIL
pulse,10,cstr,2.7099101,1,0.8576506708,0.1032201796,0.8517756555,3.2,FAIL
pulse,10,cstr,2.9801645,1,0.8415928726,0.1076221891,0.8376592401,3.35,FAIL
pulse,10,cstr,3,1,0.8404181593,0.107931696,0.836634992,3.4,FAIL
pulse,10,cstr,3.2773709,1,0.8241381343,0.1120781898,0.8224959887,3.55,FAIL
pulse,10,cstr,3.6042171,1,0.805311393,0.1165614459,0.8062999967,3.7,FAIL
pulse,10,cstr,3.7,1,0.7998778904,0.1177995861,0.801653048,3.75,FAIL
pulse,10,cstr,3.9636591,1,0.7851363968,0.1210450142,0.7890988033,3.85,FAIL
pulse,10,cstr,4.3589477,1,0.7637093098,0.1255024325,0.7709327546,4.05,FAIL
pulse,10,cstr,4.7936576,1,0.7410913962,0.1299083553,0.7518538802,4.25,FAIL
pulse,10,cstr,5,1,0.7307162058,0.1318389118,0.7431194939,4.3,FAIL
pulse,10,cstr,5.2717203,1,0.7174038866,0.1342391064,0.7319243541,4.4,FAIL
pulse,10,cstr,5.7974594,1,0.6927745734,0.1384731279,0.7112146406,4.6,FAIL
pulse,10,cstr,6.3756295,1,0.6673346254,0.1425913147,0.6898014283,4.8,FAIL
pulse,10,cstr,7.0114594,1,0.6412356745,0.1465772328,0.6677654609,5,FAIL
pulse,10,cstr,7.7106995,1,0.6146356048,0.1504172262,0.6451893646,5.2,FAIL
pulse,10,cstr,8.4796736,1,0.5876953849,0.1541004239,0.6221555553,5.4,FAIL
pulse,10,cstr,9.325336,1,0.5605758607,0.157618661,0.5987442925,5.6,FAIL
pulse,10,cstr,10,1,0.540626466,0.1600952942,0.5813462377,5.75,FAIL
pulse,10,cstr,10.255335,1,0.5334346657,0.1609663324,0.5750319332,5.8,FAIL
pulse,10,cstr,11.278081,1,0.5064233823,0.1641401949,0.5510894225,6,FAIL
pulse,10,cstr,12.402823,1,0.4796850496,0.1671391341,0.5269810463,6.2,FAIL
pulse,10,cstr,13.639734,1,0.4533520953,0.1699639114,0.5027634724,6.4,FAIL
pulse,10,cstr,15,1,0.4275447235,0.172616901,0.4784850961,6.6,FAIL
pulse,10,gamma_rtd,0.05,1,0.9750817831,0.03557169486,0.9833485776,1.05,PASS
pulse,10,gamma_rtd,0.05498641,1,0.9750787542,0.03568060681,0.9832458291,1.05,PASS
pulse,10,gamma_rtd,0.0604701,1,0.9750742024,0.0358118527,0.9831215923,1.05,PASS
pulse,10,gamma_rtd,0.06650068,1,0.9750675258,0.0359671816,0.9829739679,1.05,PASS
pulse,10,gamma_rtd,0.07313267,1,0.9750579566,0.03614822969,0.9828010918,1.05,PASS
pulse,10,gamma_rtd,0.08042606,1,0.9750445314,0.03635659542,0.982601054,1.05,PASS
pulse,10,gamma_rtd,0.0884468,1,0.9750260568,0.03659392135,0.982371809,1.05,PASS
pulse,10,gamma_rtd,0.09726744,1,0.9750102268,0.03686197841,0.9821110801,1.1,PASS
pulse,10,gamma_rtd,0.1,1,0.9750080978,0.03694616382,0.9820288023,1.1,PASS
pulse,10,gamma_rtd,0.10696774,1,0.9750006095,0.03716274043,0.9818162677,1.1,PASS
pulse,10,gamma_rtd,0.11763544,1,0.9749832429,0.0374984507,0.9814843589,1.1,PASS
pulse,10,gamma_rtd,0.12936701,1,0.9749556592,0.03787167438,0.9811118442,1.1,PASS
pulse,10,gamma_rtd,0.14226855,1,0.9749148373,0.03828534301,0.9806946323,1.1,PASS
pulse,10,gamma_rtd,0.15645673,1,0.9748855148,0.03874279006,0.980227965,1.15,PASS
pulse,10,gamma_rtd,0.17205988,1,0.9748460959,0.03924778344,0.9797063229,1.15,PASS
pulse,10,gamma_rtd,0.1892191,1,0.9747837741,0.03980455317,0.9791233233,1.15,PASS
pulse,10,gamma_rtd,0.20808957,1,0.9747238012,0.04041782155,0.9784715992,1.2,PASS
pulse,10,gamma_rtd,0.22884197,1,0.9746482944,0.04109283415,0.9777426598,1.2,PASS
pulse,10,gamma_rtd,0.25,1,0.9745515271,0.04178125034,0.9769867158,1.25,PASS
pulse,10,gamma_rtd,0.25166396,1,0.9745460752,0.04183539048,0.976926728,1.25,PASS
pulse,10,gamma_rtd,0.27676195,1,0.97444094,0.04265188163,0.9760125456,1.25,PASS
pulse,10,gamma_rtd,0.30436292,1,0.9742970282,0.04354932671,0.9749871473,1.3,PASS
pulse,10,gamma_rtd,0.33471648,1,0.9741332839,0.04453541319,0.973835594,1.3,PASS
pulse,10,gamma_rtd,0.36809714,1,0.9739369917,0.04561853883,0.9725406594,1.35,PASS
pulse,10,gamma_rtd,0.4048068,1,0.9736877326,0.04680785366,0.9710824655,1.4,PASS
pulse,10,gamma_rtd,0.44517744,1,0.9733873663,0.0481132991,0.9694380595,1.4,PASS
pulse,10,gamma_rtd,0.48957418,1,0.9730399163,0.04954564669,0.9675809206,1.45,PASS
pulse,10,gamma_rtd,0.5,1,0.9729484478,0.04988147898,0.9671374698,1.5,PASS
pulse,10,gamma_rtd,0.53839852,1,0.9726143218,0.05111652667,0.9654803971,1.5,PASS
pulse,10,gamma_rtd,0.59209203,1,0.9720961389,0.05283845048,0.9631010561,1.55,PASS
pulse,10,gamma_rtd,0.65114029,1,0.9714738942,0.05472481495,0.9604019518,1.65,PASS
pulse,10,gamma_rtd,0.71607733,1,0.9707357094,0.05678988918,0.9573357977,1.7,PASS
pulse,10,gamma_rtd,0.75,1,0.9703052209,0.05786453712,0.955694002,1.75,PASS
pulse,10,gamma_rtd,0.78749042,1,0.9698303343,0.05904877053,0.9538480531,1.75,PASS
pulse,10,gamma_rtd,0.8660254,1,0.9687486744,0.06151730516,0.949875924,1.85,FAIL
pulse,10,gamma_rtd,0.95239254,1,0.9674327469,0.06421196006,0.9453472984,1.95,FAIL
pulse,10,gamma_rtd,1,1,0.9666636902,0.06568788384,0.9427811805,1.95,FAIL
pulse,10,gamma_rtd,1.0473729,1,0.9658692323,0.06714963135,0.9401796493,2,FAIL
pulse,10,gamma_rtd,1.1518255,1,0.963988437,0.07034737744,0.9342789493,2.1,FAIL
pulse,10,gamma_rtd,1.266695,1,0.961748008,0.07382205897,0.92753867,2.25,FAIL
pulse,10,gamma_rtd,1.3930202,1,0.9590653263,0.07758986345,0.9198389822,2.35,FAIL
pulse,10,gamma_rtd,1.5319435,1,0.9558635206,0.08166570692,0.9110462765,2.5,FAIL
pulse,10,gamma_rtd,1.6847215,1,0.9520551577,0.08606248826,0.9010132092,2.65,FAIL
pulse,10,gamma_rtd,1.8527357,1,0.9475453264,0.09079019863,0.8895794742,2.8,FAIL
pulse,10,gamma_rtd,2,1,0.9433249652,0.09483841974,0.8792474685,2.95,FAIL
pulse,10,gamma_rtd,2.0375056,1,0.9422015649,0.09585488318,0.8765735708,3,FAIL
pulse,10,gamma_rtd,2.2407024,1,0.9359411873,0.1012574797,0.8618158287,3.15,FAIL
pulse,10,gamma_rtd,2.4641635,1,0.9285939884,0.1069925743,0.8451229516,3.35,FAIL
pulse,10,gamma_rtd,2.7099101,1,0.9200528306,0.113047142,0.82631428,3.6,FAIL
pulse,10,gamma_rtd,2.9801645,1,0.910143282,0.1193993731,0.8052198355,3.85,FAIL
pulse,10,gamma_rtd,3,1,0.9093970235,0.1198530101,0.8036584683,3.85,FAIL
pulse,10,gamma_rtd,3.2773709,1,0.8987366738,0.126017701,0.7816900669,4.1,FAIL
pulse,10,gamma_rtd,3.6042171,1,0.8856914172,0.1328601824,0.75560691,4.4,FAIL
pulse,10,gamma_rtd,3.7,1,0.881777584,0.1347807472,0.7479498206,4.45,FAIL
pulse,10,gamma_rtd,3.9636591,1,0.8708852981,0.1398743655,0.7268955495,4.7,FAIL
pulse,10,gamma_rtd,4.3589477,1,0.8542009528,0.1469977816,0.6955359325,5.05,FAIL
pulse,10,gamma_rtd,4.7936576,1,0.8355763419,0.1541591411,0.6615728945,5.4,FAIL
pulse,10,gamma_rtd,5,1,0.8266822848,0.157325936,0.6457109622,5.55,FAIL
pulse,10,gamma_rtd,5.2717203,1,0.8149457613,0.1612802607,0.62512363,5.75,FAIL
pulse,10,gamma_rtd,5.7974594,1,0.7923176321,0.1682786608,0.5863813221,6.2,FAIL
pulse,10,gamma_rtd,6.3756295,1,0.7677177239,0.1750706929,0.5456140006,6.6,FAIL
pulse,10,gamma_rtd,7.0114594,1,0.7412509473,0.1815749784,0.5031581446,7.1,FAIL
pulse,10,gamma_rtd,7.7106995,1,0.7130354296,0.1877158889,0.4594071126,7.6,FAIL
pulse,10,gamma_rtd,8.4796736,1,0.6832662273,0.1934267831,0.4147950784,8.15,FAIL
pulse,10,gamma_rtd,9.325336,1,0.6521716944,0.1986527333,0.3697776663,8.75,FAIL
pulse,10,gamma_rtd,10,1,0.628637832,0.2021590576,0.3367070855,9.2,FAIL
pulse,10,gamma_rtd,10.255335,1,0.6200229956,0.2033525306,0.3248108585,9.35,FAIL
pulse,10,gamma_rtd,11.278081,1,0.5871215051,0.2074998355,0.2803298807,10.05,FAIL
pulse,10,gamma_rtd,12.402823,1,0.5537781634,0.2110834344,0.2367296886,10.8,FAIL
pulse,10,gamma_rtd,13.639734,1,0.5203244576,0.2141066455,0.1943483989,11.6,FAIL
pulse,10,gamma_rtd,15,1,0.4870842394,0.2165859958,0.1534545607,12.45,FAIL
pulse,30,plug,0.05,1,0.9969599778,0.01822060889,0.9978239736,1.05,PASS
pulse,30,plug,0.05498641,1,0.9969586322,0.01830510555,0.9978037279,1.05,PASS
pulse,30,plug,0.0604701,1,0.9969585758,0.01839802885,0.997781355,1.1,PASS
pulse,30,plug,0.06650068,1,0.9969587897,0.01850021946,0.99775662,1.1,PASS
pulse,30,plug,0.07313267,1,0.9969590249,0.01861260127,0.9977292602,1.1,PASS
pulse,30,plug,0.08042606,1,0.9969592836,0.01873619083,0.9976989806,1.1,PASS
pulse,30,plug,0.0884468,1,0.9969595681,0.01887210573,0.9976654499,1.1,PASS
pulse,30,plug,0.09726744,1,0.9969598809,0.01902157537,0.9976282956,1.1,PASS
pulse,30,plug,0.1,1,0.9969599778,0.01906787982,0.9976167261,1.1,PASS
pulse,30,plug,0.10696774,1,0.9969584516,0.01918594496,0.9975870987,1.15,PASS
pulse,30,plug,0.11763544,1,0.99695883,0.01936670448,0.9975413846,1.15,PASS
pulse,30,plug,0.12936701,1,0.996959246,0.01956549117,0.9974906167,1.15,PASS
pulse,30,plug,0.14226855,1,0.9969597036,0.01978410294,0.9974341875,1.15,PASS
pulse,30,plug,0.15645673,1,0.9969584335,0.02002450872,0.9973714086,1.2,PASS
pulse,30,plug,0.17205988,1,0.9969589869,0.02028888014,0.9973014953,1.2,PASS
pulse,30,plug,0.1892191,1,0.9969595955,0.020579618,0.9972235516,1.2,PASS
pulse,30,plug,0.20808957,1,0.9969584914,0.02089933912,0.9971365573,1.25,PASS
pulse,30,plug,0.22884197,1,0.9969592274,0.0212509293,0.9970393425,1.25,PASS
pulse,30,plug,0.25,1,0.9969599778,0.02160939449,0.9969385591,1.25,PASS
pulse,30,plug,0.25166396,1,0.9969595288,0.0216375827,0.9969305621,1.25,PASS
pulse,30,plug,0.27676195,1,0.9969591536,0.02206275653,0.9968086776,1.3,PASS
pulse,30,plug,0.30436292,1,0.9969588005,0.02253032867,0.9966719031,1.3,PASS
pulse,30,plug,0.33471648,1,0.9969594358,0.02304448292,0.9965181891,1.35,PASS
pulse,30,plug,0.36809714,1,0.9969588463,0.02360987881,0.9963451525,1.4,PASS
pulse,30,plug,0.4048068,1,0.9969586807,0.0242316214,0.996150031,1.4,PASS
pulse,30,plug,0.44517744,1,0.9969598068,0.02491529319,0.9959296184,1.45,PASS
pulse,30,plug,0.48957418,1,0.9969596081,0.02566705485,0.9956801744,1.5,PASS
pulse,30,plug,0.5,1,0.9969599778,0.02584359489,0.9956205233,1.5,PASS
pulse,30,plug,0.53839852,1,0.9969595664,0.02649368472,0.99539733,1.55,PASS
pulse,30,plug,0.59209203,1,0.9969596974,0.02740261896,0.9950759764,1.6,PASS
pulse,30,plug,0.65114029,1,0.9969596701,0.02840202722,0.9947101259,1.65,PASS
pulse,30,plug,0.71607733,1,0.9969587747,0.02950084126,0.9942927568,1.75,PASS
pulse,30,plug,0.75,1,0.9969599778,0.03007479079,0.994068458,1.75,PASS
pulse,30,plug,0.78749042,1,0.9969595342,0.03070897083,0.9938155871,1.8,PASS
pulse,30,plug,0.8660254,1,0.9969587729,0.03203719871,0.9932688822,1.9,PASS
pulse,30,plug,0.95239254,1,0.9969593322,0.03349743458,0.9926411369,1.95,PASS
pulse,30,plug,1,1,0.9969599778,0.03430211572,0.9922832536,2,PASS
pulse,30,plug,1.0473729,1,0.9969598847,0.03510265191,0.9919187816,2.05,PASS
pulse,30,plug,1.1518255,1,0.9969594852,0.03686716243,0.99108574,2.15,PASS
pulse,30,plug,1.266695,1,0.9969587966,0.03880658917,0.9901229887,2.3,PASS
pulse,30,plug,1.3930202,1,0.9969597303,0.04093817752,0.9890079331,2.4,PASS
pulse,30,plug,1.5319435,1,0.9969593374,0.04328062018,0.9877138199,2.55,PASS
pulse,30,plug,1.6847215,1,0.9969594359,0.04585453661,0.9862088221,2.7,PASS
pulse,30,plug,1.8527357,1,0.9969592396,0.04868239735,0.984455145,2.85,PASS
pulse,30,plug,2,1,0.9969599778,0.05115845503,0.9828334829,3,PASS
pulse,30,plug,2.0375056,1,0.9969595347,0.05178861533,0.9824079125,3.05,PASS
pulse,30,plug,2.2407024,1,0.9969596481,0.05520003268,0.9800136895,3.25,PASS
pulse,30,plug,2.4641635,1,0.9969587068,0.0589456654,0.9772090435,3.5,PASS
pulse,30,plug,2.7099101,1,0.996958556,0.06305715296,0.9739185517,3.75,PASS
pulse,30,plug,2.9801645,1,0.9969592743,0.06756863344,0.9700527308,4,PASS
pulse,30,plug,3,1,0.9969599778,0.06789941334,0.969758816,4,PASS
pulse,30,plug,3.2773709,1,0.9969591752,0.07251710949,0.9655053822,4.3,PASS
pulse,30,plug,3.6042171,1,0.9969588398,0.07794236317,0.9601507477,4.6,PASS
pulse,30,plug,3.7,1,0.9969599778,0.07952874348,0.958512058,4.7,PASS
pulse,30,plug,3.9636591,1,0.9969586889,0.08388672643,0.9538403599,5,PASS
pulse,30,plug,4.3589477,1,0.9969585218,0.09039564958,0.9463989624,5.4,FAIL
pulse,30,plug,4.7936576,1,0.9969597529,0.09751683859,0.9376208697,5.8,FAIL
pulse,30,plug,5,1,0.9969599778,0.1008827628,0.9332402635,6,FAIL
pulse,30,plug,5.2717203,1,0.9969589748,0.105300177,0.9272655231,6.3,FAIL
pulse,30,plug,5.7974594,1,0.9969598877,0.1137975702,0.9150527696,6.8,FAIL
pulse,30,plug,6.3756295,1,0.9969591135,0.1230609895,0.9006596306,7.4,FAIL
pulse,30,plug,7.0114594,1,0.9969586109,0.1331428938,0.8837154725,8.05,FAIL
pulse,30,plug,7.7106995,1,0.996958584,0.1440930441,0.8638013089,8.75,FAIL
pulse,30,plug,8.4796736,1,0.9969592569,0.1559571024,0.8404494915,9.5,FAIL
pulse,30,plug,9.325336,1,0.9969591031,0.1687735981,0.8131480563,10.35,FAIL
pulse,30,plug,10,1,0.9969599778,0.1788145066,0.7902538289,11,FAIL
pulse,30,plug,10.255335,1,0.9969585382,0.1825699166,0.7813510875,11.25,FAIL
pulse,30,plug,11.278081,1,0.9969592004,0.1973568413,0.7444981355,12.3,FAIL
pulse,30,plug,12.402823,1,0.996959216,0.2131241724,0.7020419251,13.4,FAIL
pulse,30,plug,13.639734,1,0.9969596137,0.2298309839,0.6534966174,14.65,FAIL
pulse,30,plug,15,1,0.9969599778,0.2473999118,0.5984964598,16,FAIL
pulse,30,cstr,0.05,1,0.9969540661,0.01871368083,0.9977045092,1.1,PASS
pulse,30,cstr,0.05498641,1,0.9969524559,0.01879204908,0.9976852276,1.1,PASS
pulse,30,cstr,0.0604701,1,0.9969503544,0.01887935351,0.9976636525,1.1,PASS
pulse,30,cstr,0.06650068,1,0.9969476381,0.01897639788,0.9976395529,1.1,PASS
pulse,30,cstr,0.07313267,1,0.9969441554,0.01908406978,0.9976126694,1.1,PASS
pulse,30,cstr,0.08042606,1,0.9969403897,0.0192033505,0.9975827096,1.15,PASS
pulse,30,cstr,0.0884468,1,0.9969371566,0.01933532356,0.9975493441,1.15,PASS
pulse,30,cstr,0.09726744,1,0.9969327212,0.01948118563,0.9975122009,1.15,PASS
pulse,30,cstr,0.1,1,0.9969311592,0.01952649702,0.9975006057,1.15,PASS
pulse,30,cstr,0.10696774,1,0.9969267717,0.01964225678,0.9974708601,1.15,PASS
pulse,30,cstr,0.11763544,1,0.9969189256,0.01981999335,0.9974248462,1.15,PASS
pulse,30,cstr,0.12936701,1,0.9969087612,0.02001600038,0.997373621,1.2,PASS
pulse,30,cstr,0.14226855,1,0.9968995052,0.0202320464,0.9973165737,1.2,PASS
pulse,30,cstr,0.15645673,1,0.9968870077,0.02047007887,0.9972530103,1.2,PASS
pulse,30,cstr,0.17205988,1,0.9968704531,0.02073224189,0.9971821411,1.2,PASS
pulse,30,cstr,0.1892191,1,0.9968517335,0.02102089413,0.9971030656,1.25,PASS
pulse,30,cstr,0.20808957,1,0.996829571,0.02133862991,0.9970147556,1.25,PASS
pulse,30,cstr,0.22884197,1,0.9968002146,0.02168830175,0.9969160339,1.25,PASS
pulse,30,cstr,0.25,1,0.99677099,0.0220449868,0.9968136742,1.3,PASS
pulse,30,cstr,0.25166396,1,0.9967684885,0.0220730436,0.9968055516,1.3,PASS
pulse,30,cstr,0.27676195,1,0.9967266865,0.02249629849,0.9966817584,1.3,PASS
pulse,30,cstr,0.30436292,1,0.9966792441,0.02296184621,0.9965428704,1.35,PASS
pulse,30,cstr,0.33471648,1,0.9966188769,0.02347383432,0.9963868303,1.4,PASS
pulse,30,cstr,0.36809714,1,0.9965483125,0.02403681145,0.996211261,1.4,PASS
pulse,30,cstr,0.4048068,1,0.9964625127,0.02465576287,0.9960134109,1.45,PASS
pulse,30,cstr,0.44517744,1,0.9963579106,0.02533614753,0.9957900896,1.5,PASS
pulse,30,cstr,0.48957418,1,0.9962314706,0.02608393881,0.995537591,1.55,PASS
pulse,30,cstr,0.5,1,0.9962008948,0.02625946768,0.9954772513,1.55,PASS
pulse,30,cstr,0.53839852,1,0.9960791751,0.02690566502,0.9952516045,1.6,PASS
pulse,30,cstr,0.59209203,1,0.9958957804,0.0278084534,0.994927108,1.65,PASS
pulse,30,cstr,0.65114029,1,0.9956745221,0.02880007275,0.9945582448,1.7,PASS
pulse,30,cstr,0.71607733,1,0.9954067604,0.02988897764,0.9941381769,1.75,PASS
pulse,30,cstr,0.75,1,0.9952571198,0.03045709295,0.9939127683,1.8,PASS
pulse,30,cstr,0.78749042,1,0.9950827777,0.03108434933,0.993658915,1.85,PASS
pulse,30,cstr,0.8660254,1,0.9946947479,0.03239613434,0.9931111201,1.9,PASS
pulse,30,cstr,0.95239254,1,0.9942257096,0.03383507703,0.9924838729,2,PASS
pulse,30,cstr,1,1,0.9939488819,0.03462650618,0.9921271121,2.05,PASS
pulse,30,cstr,1.0473729,1,0.993660652,0.03541274212,0.9917644099,2.1,PASS
pulse,30,cstr,1.1518255,1,0.9929817473,0.03714152519,0.9909378195,2.2,PASS
pulse,30,cstr,1.266695,1,0.9921662849,0.0390346454,0.9899867001,2.3,PASS
pulse,30,cstr,1.3930202,1,0.9911857207,0.04110611193,0.9888907765,2.4,PASS
pulse,30,cstr,1.5319435,1,0.9900137507,0.04337066178,0.9876264774,2.55,PASS
pulse,30,cstr,1.6847215,1,0.9886103945,0.04584365458,0.9861664804,2.7,PASS
pulse,30,cstr,1.8527357,1,0.9869346811,0.04854092015,0.9844792315,2.85,PASS
pulse,30,cstr,2,1,0.985357353,0.0508847548,0.9829323201,3,PASS
pulse,30,cstr,2.0375056,1,0.9849390527,0.05147854537,0.9825284573,3.05,PASS
pulse,30,cstr,2.2407024,1,0.9825681856,0.054672593,0.980272693,3.2,PASS
pulse,30,cstr,2.4641635,1,0.9797619732,0.05813874347,0.9776648569,3.45,PASS
pulse,30,cstr,2.7099101,1,0.9764516512,0.06189185385,0.9746519163,3.65,PASS
pulse,30,cstr,2.9801645,1,0.9725584002,0.06594543698,0.9711746922,3.9,PASS
pulse,30,cstr,3,1,0.9722631954,0.06623983583,0.970913065,3.9,PASS
pulse,30,cstr,3.2773709,1,0.968002327,0.07031106216,0.9671678666,4.15,PASS
pulse,30,cstr,3.6042171,1,0.9626930935,0.07499769954,0.962560249,4.4,PASS
pulse,30,cstr,3.7,1,0.9610857646,0.07634811104,0.9611731464,4.5,PASS
pulse,30,cstr,3.9636591,1,0.9565425735,0.08001102818,0.9572753685,4.7,PASS
pulse,30,cstr,4.3589477,1,0.949454871,0.08535274839,0.951232436,5.05,PASS
pulse,30,cstr,4.7936576,1,0.9413338129,0.09101994109,0.944347709,5.35,FAIL
pulse,30,cstr,5,1,0.9373805008,0.09363459492,0.941004052,5.55,FAIL
pulse,30,cstr,5.2717203,1,0.9320916539,0.09700452677,0.9365362569,5.75,FAIL
pulse,30,cstr,5.7974594,1,0.9216412903,0.1032928755,0.9277140897,6.1,FAIL
pulse,30,cstr,6.3756295,1,0.9099059965,0.1098656159,0.9178005677,6.5,FAIL
pulse,30,cstr,7.0114594,1,0.8968213578,0.116697679,0.9067209713,6.9,FAIL
pulse,30,cstr,7.7106995,1,0.8823428866,0.1237585954,0.8944090764,7.35,FAIL
pulse,30,cstr,8.4796736,1,0.8664373953,0.1310130454,0.8808095604,7.8,FAIL
pulse,30,cstr,9.325336,1,0.8490973934,0.1384216391,0.86588006,8.3,FAIL
pulse,30,cstr,10,1,0.8354493059,0.1439389419,0.8540457937,8.65,FAIL
pulse,30,cstr,10.255335,1,0.8303357515,0.1459418831,0.8495927239,8.75,FAIL
pulse,30,cstr,11.278081,1,0.8101899532,0.1535292789,0.8319351324,9.3,FAIL
pulse,30,cstr,12.402823,1,0.788720729,0.1611384856,0.8129105053,9.8,FAIL
pulse,30,cstr,13.639734,1,0.7660077024,0.1687244802,0.7925371771,10.3,FAIL
pulse,30,cstr,15,1,0.7421568567,0.1762436525,0.7708473674,10.85,FAIL
pulse,30,gamma_rtd,0.05,1,0.9969582021,0.01839397007,0.9977823345,1.1,PASS
pulse,30,gamma_rtd,0.05498641,1,0.996958041,0.01845031298,0.9977687167,1.1,PASS
pulse,30,gamma_rtd,0.0604701,1,0.9969577401,0.01851821253,0.9977522504,1.1,PASS
pulse,30,gamma_rtd,0.06650068,1,0.9969572313,0.01859857534,0.9977326835,1.1,PASS
pulse,30,gamma_rtd,0.07313267,1,0.9969564267,0.01869225034,0.9977097683,1.1,PASS
pulse,30,gamma_rtd,0.08042606,1,0.996955215,0.01880006779,0.997683251,1.1,PASS
pulse,30,gamma_rtd,0.0884468,1,0.996953458,0.01892288186,0.9976528594,1.1,PASS
pulse,30,gamma_rtd,0.09726744,1,0.9969509849,0.01906161459,0.9976182904,1.1,PASS
pulse,30,gamma_rtd,0.1,1,0.9969501004,0.01910518827,0.9976073807,1.1,PASS
pulse,30,gamma_rtd,0.10696774,1,0.996948506,0.01921729479,0.9975791978,1.15,PASS
pulse,30,gamma_rtd,0.11763544,1,0.9969470585,0.01939109311,0.9975351797,1.15,PASS
pulse,30,gamma_rtd,0.12936701,1,0.9969444689,0.01958434981,0.9974857678,1.15,PASS
pulse,30,gamma_rtd,0.14226855,1,0.9969403842,0.01979859882,0.9974304155,1.15,PASS
pulse,30,gamma_rtd,0.15645673,1,0.9969347712,0.0200355873,0.9973684864,1.2,PASS
pulse,30,gamma_rtd,0.17205988,1,0.9969310174,0.02029729417,0.9972992412,1.2,PASS
pulse,30,gamma_rtd,0.1892191,1,0.9969246423,0.02058594645,0.9972218236,1.2,PASS
pulse,30,gamma_rtd,0.20808957,1,0.9969156802,0.02090403763,0.9971352432,1.25,PASS
pulse,30,gamma_rtd,0.22884197,1,0.996907952,0.02125434728,0.9970383558,1.25,PASS
pulse,30,gamma_rtd,0.25,1,0.9968964867,0.02161183679,0.9969378211,1.25,PASS
pulse,30,gamma_rtd,0.25166396,1,0.9968954312,0.02163996143,0.9969298405,1.25,PASS
pulse,30,gamma_rtd,0.27676195,1,0.9968832183,0.02206429802,0.9968081711,1.3,PASS
pulse,30,gamma_rtd,0.30436292,1,0.9968652255,0.02253113333,0.9966715833,1.3,PASS
pulse,30,gamma_rtd,0.33471648,1,0.9968471352,0.02304463272,0.9965180352,1.35,PASS
pulse,30,gamma_rtd,0.36809714,1,0.9968228172,0.02360938496,0.99634516,1.4,PASS
pulse,30,gamma_rtd,0.4048068,1,0.9967926855,0.0242304403,0.9961502098,1.4,PASS
pulse,30,gamma_rtd,0.44517744,1,0.9967589145,0.02491335155,0.9959299891,1.45,PASS
pulse,30,gamma_rtd,0.48957418,1,0.9967171131,0.02566422099,0.9956807745,1.5,PASS
pulse,30,gamma_rtd,0.5,1,0.9967057391,0.02584052318,0.9956211845,1.5,PASS
pulse,30,gamma_rtd,0.53839852,1,0.9966661536,0.02648974947,0.9953982208,1.55,PASS
pulse,30,gamma_rtd,0.59209203,1,0.9966042624,0.02739729192,0.9950772472,1.6,PASS
pulse,30,gamma_rtd,0.65114029,1,0.9965288304,0.02839491539,0.9947119035,1.65,PASS
pulse,30,gamma_rtd,0.71607733,1,0.9964392374,0.02949146336,0.9942952095,1.75,PASS
pulse,30,gamma_rtd,0.75,1,0.9963883487,0.03006403967,0.994071331,1.75,PASS
pulse,30,gamma_rtd,0.78749042,1,0.9963308252,0.03069662285,0.9938189651,1.8,PASS
pulse,30,gamma_rtd,0.8660254,1,0.9961985338,0.03202099678,0.9932735233,1.9,PASS
pulse,30,gamma_rtd,0.95239254,1,0.99603872,0.03347618002,0.992647521,1.95,PASS
pulse,30,gamma_rtd,1,1,0.9959448746,0.03427770598,0.9922907718,2,PASS
pulse,30,gamma_rtd,1.0473729,1,0.9958469686,0.03507483742,0.9919275599,2.05,PASS
pulse,30,gamma_rtd,1.1518255,1,0.9956141475,0.03683078473,0.9910978276,2.15,PASS
pulse,30,gamma_rtd,1.266695,1,0.9953339748,0.03875907027,0.9901396495,2.3,PASS
pulse,30,gamma_rtd,1.3930202,1,0.9949954632,0.04087605248,0.9890309619,2.4,PASS
pulse,30,gamma_rtd,1.5319435,1,0.9945866728,0.04319947517,0.9877456905,2.55,PASS
pulse,30,gamma_rtd,1.6847215,1,0.9940930024,0.04574853038,0.9862530251,2.7,PASS
pulse,30,gamma_rtd,1.8527357,1,0.9934966217,0.04854390802,0.9845165744,2.85,PASS
pulse,30,gamma_rtd,2,1,0.992930211,0.05098679504,0.9829136211,3,PASS
pulse,30,gamma_rtd,2.0375056,1,0.992779787,0.05160782101,0.9824933896,3.05,PASS
pulse,30,gamma_rtd,2.2407024,1,0.9919150876,0.05496399835,0.9801328449,3.25,PASS
pulse,30,gamma_rtd,2.4641635,1,0.9908726157,0.05863763235,0.9773753687,3.45,PASS
pulse,30,gamma_rtd,2.7099101,1,0.98962181,0.06265526349,0.9741510256,3.7,PASS
pulse,30,gamma_rtd,2.9801645,1,0.988118045,0.06704458678,0.9703779576,4,PASS
pulse,30,gamma_rtd,3,1,0.9880034719,0.0673654925,0.9700918093,4,PASS
pulse,30,gamma_rtd,3.2773709,1,0.9863135914,0.0718341505,0.9659607158,4.25,PASS
pulse,30,gamma_rtd,3.6042171,1,0.9841546709,0.07705292735,0.9607885272,4.6,PASS
pulse,30,gamma_rtd,3.7,1,0.9834868792,0.0785722157,0.9592119926,4.7,PASS
pulse,30,gamma_rtd,3.9636591,1,0.9815717549,0.08272972152,0.9547335834,4.95,PASS
pulse,30,gamma_rtd,4.3589477,1,0.9784889051,0.08889238481,0.9476494683,5.35,FAIL
pulse,30,gamma_rtd,4.7936576,1,0.9748238696,0.09556680869,0.9393698998,5.75,FAIL
pulse,30,gamma_rtd,5,1,0.9729857642,0.09869556599,0.9352689184,5.95,FAIL
pulse,30,gamma_rtd,5.2717203,1,0.9704735563,0.102775669,0.9297080122,6.2,FAIL
pulse,30,gamma_rtd,5.7974594,1,0.9653291547,0.1105369092,0.9184564706,6.7,FAIL
pulse,30,gamma_rtd,6.3756295,1,0.9592689465,0.1188619697,0.9053887571,7.25,FAIL
pulse,30,gamma_rtd,7.0114594,1,0.9521605949,0.1277537991,0.8902620071,7.85,FAIL
pulse,30,gamma_rtd,7.7106995,1,0.943863866,0.1372047222,0.8728217659,8.45,FAIL
pulse,30,gamma_rtd,8.4796736,1,0.9342340582,0.1471942848,0.8528089747,9.15,FAIL
pulse,30,gamma_rtd,9.325336,1,0.9231212946,0.157687249,0.8299693463,9.9,FAIL
pulse,30,gamma_rtd,10,1,0.9139282328,0.165688721,0.8112464855,10.5,FAIL
pulse,30,gamma_rtd,10.255335,1,0.9103836504,0.1686319513,0.8040650586,10.75,FAIL
pulse,30,gamma_rtd,11.278081,1,0.8958838649,0.1799592692,0.774888365,11.6,FAIL
pulse,30,gamma_rtd,12.402823,1,0.8795062716,0.1915824439,0.7422763337,12.55,FAIL
pulse,30,gamma_rtd,13.639734,1,0.8611567478,0.2033979683,0.7061255363,13.6,FAIL
pulse,30,gamma_rtd,15,1,0.8407736144,0.2152876778,0.6664051725,14.7,FAIL
pulse,60,plug,0.05,1,0.9992320998,0.009141999205,0.9994526835,1.05,PASS
pulse,60,plug,0.05498641,1,0.9992320083,0.009184395884,0.9994475942,1.1,PASS
pulse,60,plug,0.0604701,1,0.9992320195,0.009231020665,0.9994419702,1.1,PASS
pulse,60,plug,0.06650068,1,0.9992320317,0.009282295354,0.9994357525,1.1,PASS
pulse,60,plug,0.07313267,1,0.9992320452,0.009338683507,0.9994288749,1.1,PASS
pulse,60,plug,0.08042606,1,0.99923206,0.009400695188,0.9994212633,1.1,PASS
pulse,60,plug,0.0884468,1,0.9992320763,0.009468891136,0.9994128345,1.1,PASS
pulse,60,plug,0.09726744,1,0.9992320943,0.009543888205,0.9994034948,1.1,PASS
pulse,60,plug,0.1,1,0.9992320998,0.009567121668,0.9994005865,1.1,PASS
pulse,60,plug,0.10696774,1,0.9992320123,0.009626363751,0.9993931386,1.15,PASS
pulse,60,plug,0.11763544,1,0.999232034,0.00971706418,0.9993816468,1.15,PASS
pulse,60,plug,0.12936701,1,0.9992320579,0.009816810039,0.9993688845,1.15,PASS
pulse,60,plug,0.14226855,1,0.9992320841,0.00992650344,0.999354699,1.15,PASS
pulse,60,plug,0.15645673,1,0.9992320113,0.01004713534,0.9993389169,1.2,PASS
pulse,60,plug,0.17205988,1,0.999232043,0.01017979649,0.999321341,1.2,PASS
pulse,60,plug,0.1892191,1,0.9992320779,0.01032568782,0.999301746,1.2,PASS
pulse,60,plug,0.20808957,1,0.9992320146,0.01048612712,0.9992798751,1.25,PASS
pulse,60,plug,0.22884197,1,0.9992320568,0.01066256479,0.999255434,1.25,PASS
pulse,60,plug,0.25,1,0.9992320998,0.01084245149,0.9992300954,1.25,PASS
pulse,60,plug,0.25166396,1,0.9992320016,0.01085659818,0.9992280848,1.3,PASS
pulse,60,plug,0.27676195,1,0.9992320526,0.01106997718,0.9991974391,1.3,PASS
pulse,60,plug,0.30436292,1,0.999232007,0.01130463566,0.9991630488,1.35,PASS
pulse,60,plug,0.33471648,1,0.9992320688,0.01156269012,0.9991243968,1.35,PASS
pulse,60,plug,0.36809714,1,0.999232035,0.01184647556,0.9990808835,1.4,PASS
pulse,60,plug,0.4048068,1,0.9992320079,0.01215855751,0.9990318136,1.45,PASS
pulse,60,plug,0.44517744,1,0.99923209,0.01250175319,0.9989763784,1.45,PASS
pulse,60,plug,0.48957418,1,0.9992320786,0.01287916369,0.9989136352,1.5,PASS
pulse,60,plug,0.5,1,0.9992320998,0.01296779233,0.9988986305,1.5,PASS
pulse,60,plug,0.53839852,1,0.9992320762,0.01329419955,0.9988424826,1.55,PASS
pulse,60,plug,0.59209203,1,0.9992320838,0.01375060934,0.9987616319,1.6,PASS
pulse,60,plug,0.65114029,1,0.9992320145,0.01425251429,0.9986695716,1.65,PASS
pulse,60,plug,0.71607733,1,0.9992320309,0.01480444012,0.9985645262,1.75,PASS
pulse,60,plug,0.75,1,0.9992320998,0.01509275444,0.9985080663,1.75,PASS
pulse,60,plug,0.78749042,1,0.9992320744,0.01541137481,0.9984444045,1.8,PASS
pulse,60,plug,0.8660254,1,0.9992320308,0.01607878923,0.998306742,1.9,PASS
pulse,60,plug,0.95239254,1,0.999232003,0.0168127065,0.9981486262,2,PASS
pulse,60,plug,1,1,0.9992320998,0.0172172284,0.9980584591,2,PASS
pulse,60,plug,1.0473729,1,0.9992320945,0.01761973462,0.9979666135,2.05,PASS
pulse,60,plug,1.1518255,1,0.9992320019,0.01850714616,0.9977566225,2.2,PASS
pulse,60,plug,1.266695,1,0.9992320321,0.01948292453,0.9975138122,2.3,PASS
pulse,60,plug,1.3930202,1,0.9992320856,0.0205558571,0.997232429,2.4,PASS
pulse,60,plug,1.5319435,1,0.9992320631,0.02173557345,0.9969056339,2.55,PASS
pulse,60,plug,1.6847215,1,0.9992320688,0.02303267108,0.9965252799,2.7,PASS
pulse,60,plug,1.8527357,1,0.9992320037,0.0244587785,0.9960816588,2.9,PASS
pulse,60,plug,2,1,0.9992320998,0.02570843663,0.9956710236,3,PASS
pulse,60,plug,2.0375056,1,0.9992320744,0.02602664592,0.9955631919,3.05,PASS
pulse,60,plug,2.2407024,1,0.9992320809,0.02775029417,0.9949560505,3.25,PASS
pulse,60,plug,2.4641635,1,0.999232027,0.02964507843,0.9942437192,3.5,PASS
pulse,60,plug,2.7099101,1,0.9992320183,0.03172785014,0.993406453,3.75,PASS
pulse,60,plug,2.9801645,1,0.9992320595,0.03401705751,0.992420644,4,PASS
pulse,60,plug,3,1,0.9992320998,0.03418503173,0.9923456073,4,PASS
pulse,60,plug,3.2773709,1,0.9992320538,0.03653291822,0.9912580483,4.3,PASS
pulse,60,plug,3.6042171,1,0.9992320067,0.03929754862,0.9898848747,4.65,PASS
pulse,60,plug,3.7,1,0.9992320998,0.04010728153,0.9894637284,4.7,PASS
pulse,60,plug,3.9636591,1,0.9992320259,0.04233508651,0.9882607061,5,PASS
pulse,60,plug,4.3589477,1,0.9992320164,0.04567193092,0.986337179,5.4,PASS
pulse,60,plug,4.7936576,1,0.9992320869,0.04933681417,0.9840564757,5.8,PASS
pulse,60,plug,5,1,0.9992320998,0.05107457304,0.982913553,6,PASS
pulse,60,plug,5.2717203,1,0.9992320423,0.05336099011,0.9813495037,6.3,PASS
pulse,60,plug,5.7974594,1,0.9992320947,0.05777842939,0.9781337462,6.8,PASS
pulse,60,plug,6.3756295,1,0.9992320503,0.06262579846,0.9743108399,7.4,PASS
pulse,60,plug,7.0114594,1,0.9992320215,0.06794276111,0.9697636067,8.05,PASS
pulse,60,plug,7.7106995,1,0.9992320199,0.0737718241,0.964352844,8.75,PASS
pulse,60,plug,8.4796736,1,0.9992320585,0.08015841923,0.9579135421,9.5,PASS
pulse,60,plug,9.325336,1,0.9992320497,0.08715076875,0.9502507296,10.35,PASS
pulse,60,plug,10,1,0.9992320998,0.09270405973,0.9437086371,11,FAIL
pulse,60,plug,10.255335,1,0.999232009,0.09479959794,0.9411349748,11.3,FAIL
pulse,60,plug,11.278081,1,0.9992320553,0.1031575995,0.9302977168,12.3,FAIL
pulse,60,plug,12.402823,1,0.9992320039,0.1122789521,0.9174263919,13.45,FAIL
pulse,60,plug,13.639734,1,0.999232079,0.1222179305,0.9021604246,14.65,FAIL
pulse,60,plug,15,1,0.9992320998,0.1330278004,0.8840877002,16,FAIL
pulse,60,cstr,0.05,1,0.9992307559,0.009389408055,0.9994226524,1.1,PASS
pulse,60,cstr,0.05498641,1,0.9992303187,0.009428732507,0.9994178053,1.1,PASS
pulse,60,cstr,0.0604701,1,0.9992297542,0.009472541666,0.9994123815,1.1,PASS
pulse,60,cstr,0.06650068,1,0.9992290309,0.009521239109,0.9994063229,1.1,PASS
pulse,60,cstr,0.07313267,1,0.9992281104,0.009575270576,0.9993995644,1.1,PASS
pulse,60,cstr,0.08042606,1,0.9992274588,0.009635128927,0.9993920324,1.15,PASS
pulse,60,cstr,0.0884468,1,0.9992265912,0.009701358477,0.999383644,1.15,PASS
pulse,60,cstr,0.09726744,1,0.9992254152,0.009774560499,0.9993743056,1.15,PASS
pulse,60,cstr,0.1,1,0.9992250035,0.009797300912,0.9993713903,1.15,PASS
pulse,60,cstr,0.10696774,1,0.9992238518,0.009855398454,0.9993639115,1.15,PASS
pulse,60,cstr,0.11763544,1,0.999221804,0.009944604512,0.999352342,1.15,PASS
pulse,60,cstr,0.12936701,1,0.9992195103,0.01004298589,0.9993394616,1.2,PASS
pulse,60,cstr,0.14226855,1,0.9992170916,0.01015143242,0.9993251164,1.2,PASS
pulse,60,cstr,0.15645673,1,0.9992138473,0.01027092447,0.9993091317,1.2,PASS
pulse,60,cstr,0.17205988,1,0.9992095711,0.01040254204,0.9992913083,1.2,PASS
pulse,60,cstr,0.1892191,1,0.9992050847,0.0105474741,0.9992714192,1.25,PASS
pulse,60,cstr,0.20808957,1,0.9991993715,0.01070702949,0.9992492049,1.25,PASS
pulse,60,cstr,0.22884197,1,0.9991920935,0.01088264882,0.9992243682,1.3,PASS
pulse,60,cstr,0.25,1,0.9991846686,0.01106182163,0.9991986122,1.3,PASS
pulse,60,cstr,0.25166396,1,0.9991840266,0.01107591674,0.9991965682,1.3,PASS
pulse,60,cstr,0.27676195,1,0.9991734035,0.01128857669,0.9991654129,1.35,PASS
pulse,60,cstr,0.30436292,1,0.9991615104,0.01152254588,0.9991304507,1.35,PASS
pulse,60,cstr,0.33471648,1,0.9991464258,0.01177993234,0.9990911598,1.4,PASS
pulse,60,cstr,0.36809714,1,0.9991283804,0.01206305349,0.9990469369,1.4,PASS
pulse,60,cstr,0.4048068,1,0.9991068152,0.01237445646,0.9989970822,1.45,PASS
pulse,60,cstr,0.44517744,1,0.9990804628,0.01271693979,0.9989407826,1.5,PASS
pulse,60,cstr,0.48957418,1,0.9990485421,0.01309357807,0.9988770912,1.55,PASS
pulse,60,cstr,0.5,1,0.9990407274,0.01318202228,0.998861865,1.55,PASS
pulse,60,cstr,0.53839852,1,0.9990100171,0.01350774751,0.9988049039,1.6,PASS
pulse,60,cstr,0.59209203,1,0.9989635318,0.01396315494,0.9987229298,1.65,PASS
pulse,60,cstr,0.65114029,1,0.9989073301,0.01446386813,0.9986296574,1.7,PASS
pulse,60,cstr,0.71607733,1,0.9988391582,0.01501434938,0.9985233141,1.75,PASS
pulse,60,cstr,0.75,1,0.9988012378,0.01530183715,0.998466194,1.8,PASS
pulse,60,cstr,0.78749042,1,0.9987569649,0.01561949086,0.9984018174,1.85,PASS
pulse,60,cstr,0.8660254,1,0.9986576443,0.01628465299,0.9982627174,1.9,PASS
pulse,60,cstr,0.95239254,1,0.9985377834,0.01701570505,0.9981031277,2,PASS
pulse,60,cstr,1,1,0.9984668126,0.0174184599,0.9980122024,2.05,PASS
pulse,60,cstr,1.0473729,1,0.9983927916,0.01781906754,0.9979196444,2.1,PASS
pulse,60,cstr,1.1518255,1,0.998217738,0.01870175681,0.9977082487,2.2,PASS
pulse,60,cstr,1.266695,1,0.9980062506,0.01967143123,0.997464192,2.3,PASS
pulse,60,cstr,1.3930202,1,0.9977511525,0.02073643668,0.9971818607,2.45,PASS
pulse,60,cstr,1.5319435,1,0.9974430518,0.02190585287,0.996854615,2.6,PASS
pulse,60,cstr,1.6847215,1,0.9970720145,0.02318953581,0.9964746018,2.75,PASS
pulse,60,cstr,1.8527357,1,0.9966252361,0.02459815695,0.9960325341,2.9,PASS
pulse,60,cstr,2,1,0.996199925,0.02582996194,0.9956244305,3.05,PASS
pulse,60,cstr,2.0375056,1,0.9960864105,0.02614323412,0.9955174351,3.05,PASS
pulse,60,cstr,2.2407024,1,0.995438619,0.02783715186,0.9949163425,3.25,PASS
pulse,60,cstr,2.4641635,1,0.9946603264,0.02969316571,0.9942139703,3.5,PASS
pulse,60,cstr,2.7099101,1,0.9937253792,0.03172538438,0.9933923246,3.75,PASS
pulse,60,cstr,2.9801645,1,0.9926051778,0.03394872417,0.9924302753,4,PASS
pulse,60,cstr,3,1,0.9925192,0.03411140828,0.9923572861,4,PASS
pulse,60,cstr,3.2773709,1,0.99126389,0.03637882456,0.9913030838,4.3,PASS
pulse,60,cstr,3.6042171,1,0.9896625998,0.03903191862,0.9899818965,4.6,PASS
pulse,60,cstr,3.7,1,0.9891685219,0.03980538238,0.9895788779,4.7,PASS
pulse,60,cstr,3.9636591,1,0.987753586,0.0419246452,0.9884332138,4.9,PASS
pulse,60,cstr,4.3589477,1,0.9854851803,0.04507379428,0.9866183568,5.3,PASS
pulse,60,cstr,4.7936576,1,0.982796262,0.04849597501,0.9844929592,5.7,PASS
pulse,60,cstr,5,1,0.9814523089,0.05010468536,0.9834384296,5.9,PASS
pulse,60,cstr,5.2717203,1,0.9796197271,0.05220719966,0.9820065244,6.15,PASS
pulse,60,cstr,5.7974594,1,0.9758825773,0.05622238006,0.9791020979,6.6,PASS
pulse,60,cstr,6.3756295,1,0.9715028137,0.06055473999,0.9757161131,7.1,PASS
pulse,60,cstr,7.0114594,1,0.966394073,0.06521515538,0.9717784799,7.65,PASS
pulse,60,cstr,7.7106995,1,0.9604650508,0.07021144404,0.9672129812,8.2,PASS
pulse,60,cstr,8.4796736,1,0.9536224556,0.07554763768,0.9619380424,8.85,PASS
pulse,60,cstr,9.325336,1,0.9457708831,0.08122328035,0.955867918,9.5,PASS
pulse,60,cstr,10,1,0.9393047327,0.08560693025,0.950849676,10,PASS
pulse,60,cstr,10.255335,1,0.9368180137,0.08723280413,0.9489143151,10.2,FAIL
pulse,60,cstr,11.278081,1,0.9266764619,0.09356503711,0.9409884372,10.95,FAIL
pulse,60,cstr,12.402823,1,0.9152668091,0.1002028975,0.9320033855,11.75,FAIL
pulse,60,cstr,13.639734,1,0.9025221727,0.1071233168,0.9218768111,12.55,FAIL
pulse,60,cstr,15,1,0.8883891826,0.1142974213,0.9105336695,13.4,FAIL
pulse,60,gamma_rtd,0.05,1,0.999231927,0.00922898459,0.9994422164,1.1,PASS
pulse,60,gamma_rtd,0.05498641,1,0.9992318636,0.009257255299,0.9994387932,1.1,PASS
pulse,60,gamma_rtd,0.0604701,1,0.9992317602,0.009291324815,0.999434654,1.1,PASS
pulse,60,gamma_rtd,0.06650068,1,0.9992315995,0.00933164814,0.9994297352,1.1,PASS
pulse,60,gamma_rtd,0.07313267,1,0.9992313588,0.009378651351,0.9994239748,1.1,PASS
pulse,60,gamma_rtd,0.08042606,1,0.99923101,0.00943275121,0.9994173088,1.1,PASS
pulse,60,gamma_rtd,0.0884468,1,0.9992305177,0.00949437653,0.9994096689,1.1,PASS
pulse,60,gamma_rtd,0.09726744,1,0.9992298388,0.009563990233,0.9994009787,1.1,PASS
pulse,60,gamma_rtd,0.1,1,0.9992296661,0.009585854933,0.9993982362,1.15,PASS
pulse,60,gamma_rtd,0.10696774,1,0.9992294962,0.009642108925,0.9993911512,1.15,PASS
pulse,60,gamma_rtd,0.11763544,1,0.9992290611,0.009729320487,0.9993800854,1.15,PASS
pulse,60,gamma_rtd,0.12936701,1,0.9992283307,0.009826298072,0.9993676634,1.15,PASS
pulse,60,gamma_rtd,0.14226855,1,0.9992272153,0.009933812193,0.9993537477,1.15,PASS
pulse,60,gamma_rtd,0.15645673,1,0.9992260507,0.01005274064,0.9993381783,1.2,PASS
pulse,60,gamma_rtd,0.17205988,1,0.9992249992,0.01018407781,0.999320769,1.2,PASS
pulse,60,gamma_rtd,0.1892191,1,0.9992232769,0.01032894305,0.9993013044,1.2,PASS
pulse,60,gamma_rtd,0.20808957,1,0.9992212362,0.01048859002,0.9992795352,1.25,PASS
pulse,60,gamma_rtd,0.22884197,1,0.999219148,0.01066441663,0.9992551732,1.25,PASS
pulse,60,gamma_rtd,0.25,1,0.9992161159,0.01084385799,0.9992298928,1.25,PASS
pulse,60,gamma_rtd,0.25166396,1,0.9992158777,0.01085797561,0.9992278859,1.3,PASS
pulse,60,gamma_rtd,0.27676195,1,0.9992129361,0.01107098748,0.9991972888,1.3,PASS
pulse,60,gamma_rtd,0.30436292,1,0.999208456,0.01130535424,0.9991629372,1.35,PASS
pulse,60,gamma_rtd,0.33471648,1,0.9992037962,0.01156317529,0.9991243164,1.35,PASS
pulse,60,gamma_rtd,0.36809714,1,0.9991977877,0.01184676531,0.9990808294,1.4,PASS
pulse,60,gamma_rtd,0.4048068,1,0.9991902149,0.01215867414,0.9990317826,1.45,PASS
pulse,60,gamma_rtd,0.44517744,1,0.9991815055,0.01250170856,0.998976369,1.45,PASS
pulse,60,gamma_rtd,0.48957418,1,0.9991710142,0.01287895716,0.9989136477,1.5,PASS
pulse,60,gamma_rtd,0.5,1,0.9991680759,0.01296754661,0.9988986483,1.5,PASS
pulse,60,gamma_rtd,0.53839852,1,0.9991581829,0.0132938168,0.9988425192,1.55,PASS
pulse,60,gamma_rtd,0.59209203,1,0.9991425599,0.01375002282,0.9987616969,1.6,PASS
pulse,60,gamma_rtd,0.65114029,1,0.9991234812,0.01425168121,0.998669672,1.65,PASS
pulse,60,gamma_rtd,0.71607733,1,0.9991011406,0.01480330477,0.998564672,1.75,PASS
pulse,60,gamma_rtd,0.75,1,0.999088062,0.01509143925,0.9985082399,1.75,PASS
pulse,60,gamma_rtd,0.78749042,1,0.9990736407,0.01540985197,0.9984446111,1.8,PASS
pulse,60,gamma_rtd,0.8660254,1,0.9990404146,0.0160767698,0.9983070302,1.9,PASS
pulse,60,gamma_rtd,0.95239254,1,0.9989998627,0.01681004059,0.9981490264,2,PASS
pulse,60,gamma_rtd,1,1,0.9989761015,0.01721415996,0.9980589319,2,PASS
pulse,60,gamma_rtd,1.0473729,1,0.998951379,0.0176162323,0.9979671669,2.05,PASS
pulse,60,gamma_rtd,1.1518255,1,0.9988924879,0.01850255364,0.9977573874,2.2,PASS
pulse,60,gamma_rtd,1.266695,1,0.9988218472,0.01947691383,0.9975148692,2.3,PASS
pulse,60,gamma_rtd,1.3930202,1,0.9987358453,0.02054798591,0.9972338934,2.4,PASS
pulse,60,gamma_rtd,1.5319435,1,0.9986322191,0.02172527614,0.9969076648,2.55,PASS
pulse,60,gamma_rtd,1.6847215,1,0.9985067191,0.02301919641,0.996528103,2.7,PASS
pulse,60,gamma_rtd,1.8527357,1,0.9983546519,0.02444114199,0.9960855918,2.9,PASS
pulse,60,gamma_rtd,2,1,0.9982100806,0.02568653851,0.9956761661,3,PASS
pulse,60,gamma_rtd,2.0375056,1,0.998171799,0.02600357216,0.9955686802,3.05,PASS
pulse,60,gamma_rtd,2.2407024,1,0.9979503576,0.02772009407,0.994963727,3.25,PASS
pulse,60,gamma_rtd,2.4641635,1,0.9976828818,0.02960554782,0.994254477,3.5,PASS
pulse,60,gamma_rtd,2.7099101,1,0.9973597933,0.03167609054,0.9934215602,3.75,PASS
pulse,60,gamma_rtd,2.9801645,1,0.9969702024,0.03394927811,0.9924418974,4,PASS
pulse,60,gamma_rtd,3,1,0.9969398803,0.034115953,0.9923673775,4,PASS
pulse,60,gamma_rtd,3.2773709,1,0.9964996588,0.03644413797,0.9912880027,4.3,PASS
pulse,60,gamma_rtd,3.6042171,1,0.9959317828,0.03918123092,0.9899271649,4.6,PASS
pulse,60,gamma_rtd,3.7,1,0.9957556898,0.03998195827,0.9895102531,4.7,PASS
pulse,60,gamma_rtd,3.9636591,1,0.9952473648,0.04218269206,0.9883204939,5,PASS
pulse,60,gamma_rtd,4.3589477,1,0.9944229762,0.04547224377,0.9864218199,5.35,PASS
pulse,60,gamma_rtd,4.7936576,1,0.9934305218,0.04907516761,0.9841764325,5.8,PASS
pulse,60,gamma_rtd,5,1,0.9929281561,0.05077962901,0.9830536085,6,PASS
pulse,60,gamma_rtd,5.2717203,1,0.9922360439,0.05301822103,0.9815196545,6.25,PASS
pulse,60,gamma_rtd,5.7974594,1,0.9908013845,0.05732947959,0.9783752554,6.8,PASS
pulse,60,gamma_rtd,6.3756295,1,0.9890794332,0.0620380826,0.97465372,7.35,PASS
pulse,60,gamma_rtd,7.0114594,1,0.9870156827,0.06717385561,0.9702504117,8,PASS
pulse,60,gamma_rtd,7.7106995,1,0.984547689,0.07276677922,0.965043697,8.65,PASS
pulse,60,gamma_rtd,8.4796736,1,0.981601438,0.07884627139,0.9588931367,9.4,PASS
pulse,60,gamma_rtd,9.325336,1,0.9780926776,0.08544025102,0.9516378982,10.2,PASS
pulse,60,gamma_rtd,10,1,0.9751015016,0.0906280593,0.9454977542,10.85,FAIL
pulse,60,gamma_rtd,10.255335,1,0.9739267478,0.09257395276,0.9430956015,11.1,FAIL
pulse,60,gamma_rtd,11.278081,1,0.9689954797,0.1002684732,0.9330618761,12.1,FAIL
pulse,60,gamma_rtd,12.402823,1,0.9631805262,0.1085390462,0.9213109681,13.15,FAIL
pulse,60,gamma_rtd,13.639734,1,0.9563518245,0.1173930693,0.9075977881,14.3,FAIL
pulse,60,gamma_rtd,15,1,0.9483706798,0.1268279431,0.8916618073,15.55,FAIL
ramp,2,plug,0.05,1,1,0.04269516342,0.994516323,0.95,PASS
ramp,2,plug,0.05498641,1,1,0.04289248035,0.9944659109,0.95,PASS
ramp,2,plug,0.0604701,1,1,0.04310948248,0.9944102095,0.95,PASS
ramp,2,plug,0.06650068,1,1,0.04334813506,0.9943486365,0.95,PASS
ramp,2,plug,0.07313267,1,1,0.04361059812,0.9942805404,0.95,PASS
ramp,2,plug,0.08042606,1,1,0.04389924868,0.9942051907,0.95,PASS
ramp,2,plug,0.0884468,1,1,0.04421670027,0.9941217676,1,PASS
ramp,2,plug,0.09726744,1,1,0.04456582835,0.9940293494,1,PASS
ramp,2,plug,0.1,1,1,0.04467398893,0.9940005755,1,PASS
ramp,2,plug,0.10696774,1,1,0.04494863704,0.9939271764,1,PASS
ramp,2,plug,0.11763544,1,1,0.04536917497,0.9938139456,1,PASS
ramp,2,plug,0.12936701,1,1,0.04583171789,0.9936882282,1,PASS
ramp,2,plug,0.14226855,1,1,0.04634046629,0.9935485303,1.05,FAIL
ramp,2,plug,0.15645673,1,1,0.04689861004,0.9933935285,1.05,FAIL
ramp,2,plug,0.17205988,1,1,0.04751070063,0.9932214479,1.05,FAIL
ramp,2,plug,0.1892191,1,1,0.0481840556,0.9930296581,1.1,FAIL
ramp,2,plug,0.20808957,1,1,0.04892262231,0.9928162688,1.1,FAIL
ramp,2,plug,0.22884197,1,1,0.04973204967,0.9925787631,1.1,FAIL
ramp,2,plug,0.25,1,1,0.05055778584,0.9923326076,1.15,FAIL
ramp,2,plug,0.25166396,1,1,0.05062221439,0.9923132302,1.15,FAIL
ramp,2,plug,0.27676195,1,1,0.05159451444,0.9920179218,1.15,FAIL
ramp,2,plug,0.30436292,1,1,0.05266325779,0.9916870777,1.2,FAIL
ramp,2,plug,0.33471648,1,1,0.053830835,0.9913180918,1.25,FAIL
ramp,2,plug,0.36809714,1,1,0.05510957165,0.9909050075,1.25,FAIL
ramp,2,plug,0.4048068,1,1,0.05650975228,0.9904419578,1.3,FAIL
ramp,2,plug,0.44517744,1,1,0.05803799133,0.9899237477,1.35,FAIL
ramp,2,plug,0.48957418,1,1,0.05970507731,0.9893432618,1.4,FAIL
ramp,2,plug,0.5,1,1,0.06009684341,0.9892045692,1.4,FAIL
ramp,2,plug,0.53839852,1,1,0.06152351626,0.9886920643,1.45,FAIL
ramp,2,plug,0.59209203,1,1,0.06350446833,0.9879613538,1.5,FAIL
ramp,2,plug,0.65114029,1,1,0.06565944225,0.9871413069,1.55,FAIL
ramp,2,plug,0.71607733,1,1,0.06799434021,0.9862233194,1.6,FAIL
ramp,2,plug,0.75,1,1,0.06920606878,0.9857349142,1.65,FAIL
ramp,2,plug,0.78749042,1,1,0.07052817687,0.985192654,1.7,FAIL
ramp,2,plug,0.8660254,1,1,0.07326724185,0.9840383777,1.75,FAIL
ramp,2,plug,0.95239254,1,1,0.07622604869,0.9827449801,1.85,FAIL
ramp,2,plug,1,1,1,0.07783045899,0.9820235574,1.9,FAIL
ramp,2,plug,1.0473729,1,1,0.0794070055,0.9813009878,1.95,FAIL
ramp,2,plug,1.1518255,1,1,0.08282057713,0.9796903287,2.05,FAIL
ramp,2,plug,1.266695,1,1,0.08646795689,0.9779002296,2.15,FAIL
ramp,2,plug,1.3930202,1,1,0.09036125944,0.9759116287,2.3,FAIL
ramp,2,plug,1.5319435,1,1,0.09449140246,0.9737155429,2.4,FAIL
ramp,2,plug,1.6847215,1,1,0.09886327335,0.9712955437,2.6,FAIL
ramp,2,plug,1.8527357,1,1,0.1034746374,0.9686387549,2.75,FAIL
ramp,2,plug,2,1,1,0.1073550017,0.966321886,2.9,FAIL
ramp,2,plug,2.0375056,1,1,0.1083174235,0.9657359389,2.95,FAIL
ramp,2,plug,2.2407024,1,1,0.1134079524,0.9625627579,3.15,FAIL
ramp,2,plug,2.4641635,1,1,0.1187529632,0.9590995313,3.35,FAIL
ramp,2,plug,2.7099101,1,1,0.1243676791,0.9553200905,3.6,FAIL
ramp,2,plug,2.9801645,1,1,0.1302612722,0.9512012101,3.85,FAIL
ramp,2,plug,3,1,1,0.1306870658,0.95089771,3.9,FAIL
ramp,2,plug,3.2773709,1,1,0.1364501882,0.9467135767,4.15,FAIL
ramp,2,plug,3.6042171,1,1,0.1429497615,0.9418274192,4.5,FAIL
ramp,2,plug,3.7,1,1,0.1447995791,0.9404052017,4.6,FAIL
ramp,2,plug,3.9636591,1,1,0.1497681594,0.9365176503,4.85,FAIL
ramp,2,plug,4.3589477,1,1,0.1569271888,0.9307478426,5.25,FAIL
ramp,2,plug,4.7936576,1,1,0.1644404744,0.9244872337,5.7,FAIL
ramp,2,plug,5,1,1,0.167890246,0.9215448876,5.9,FAIL
ramp,2,plug,5.2717203,1,1,0.1723232552,0.9177034878,6.15,FAIL
ramp,2,plug,5.7974594,1,1,0.180599126,0.9103566645,6.7,FAIL
ramp,2,plug,6.3756295,1,1,0.1892786663,0.9024184676,7.25,FAIL
ramp,2,plug,7.0114594,1,1,0.1983887839,0.8938461609,7.9,FAIL
ramp,2,plug,7.7106995,1,1,0.2079464628,0.8846068354,8.6,FAIL
ramp,2,plug,8.4796736,1,1,0.2179732437,0.8746645398,9.35,FAIL
ramp,2,plug,9.325336,1,1,0.2284931522,0.8639824122,10.2,FAIL
ramp,2,plug,10,1,1,0.2365527395,0.8556399391,10.9,FAIL
ramp,2,plug,10.255335,1,1,0.2395306984,0.8525251078,11.15,FAIL
ramp,2,plug,11.278081,1,1,0.2511069579,0.8402636093,12.15,FAIL
ramp,2,plug,12.402823,1,1,0.263253298,0.8271611096,13.3,FAIL
ramp,2,plug,13.639734,1,1,0.2759921831,0.8131940798,14.55,FAIL
ramp,2,plug,15,1,1,0.2893566354,0.7983316171,15.9,FAIL
ramp,2,cstr,0.05,1,1,0.04384325107,0.9942197774,0.95,PASS
ramp,2,cstr,0.05498641,1,1,0.04402500845,0.9941721199,1,PASS
ramp,2,cstr,0.0604701,1,1,0.04422722194,0.9941188708,1,PASS
ramp,2,cstr,0.06650068,1,1,0.0444516448,0.9940594924,1,PASS
ramp,2,cstr,0.07313267,1,1,0.04470019081,0.9939933868,1,PASS
ramp,2,cstr,0.08042606,1,1,0.04497494749,0.9939198887,1,PASS
ramp,2,cstr,0.0884468,1,1,0.04527818375,0.993838259,1,PASS
ramp,2,cstr,0.09726744,1,1,0.04561235974,0.9937476772,1,PASS
ramp,2,cstr,0.1,1,1,0.04571595391,0.9937194643,1,PASS
ramp,2,cstr,0.10696774,1,1,0.04598013149,0.9936472343,1,PASS
ramp,2,cstr,0.11763544,1,1,0.04638435653,0.9935359242,1.05,FAIL
ramp,2,cstr,0.12936701,1,1,0.04682809292,0.9934126362,1.05,FAIL
ramp,2,cstr,0.14226855,1,1,0.04731459675,0.9932761469,1.05,FAIL
ramp,2,cstr,0.15645673,1,1,0.047847313,0.9931251126,1.05,FAIL
ramp,2,cstr,0.17205988,1,1,0.04842986238,0.9929580617,1.1,FAIL
ramp,2,cstr,0.1892191,1,1,0.04906601828,0.9927733893,1.1,FAIL
ramp,2,cstr,0.20808957,1,1,0.0497596795,0.9925693518,1.1,FAIL
ramp,2,cstr,0.22884197,1,1,0.05051483497,0.9923440636,1.15,FAIL
ramp,2,cstr,0.25,1,1,0.05127603755,0.992113642,1.15,FAIL
ramp,2,cstr,0.25166396,1,1,0.05133551858,0.9920954961,1.15,FAIL
ramp,2,cstr,0.27676195,1,1,0.05222576378,0.9918214772,1.2,FAIL
ramp,2,cstr,0.30436292,1,1,0.0531895507,0.9915196943,1.2,FAIL
ramp,2,cstr,0.33471648,1,1,0.05423075575,0.9911876967,1.25,FAIL
ramp,2,cstr,0.36809714,1,1,0.05535310561,0.9908228996,1.25,FAIL
ramp,2,cstr,0.4048068,1,1,0.05656013986,0.9904225865,1.3,FAIL
ramp,2,cstr,0.44517744,1,1,0.05785518489,0.9899839105,1.35,FAIL
ramp,2,cstr,0.48957418,1,1,0.05924134756,0.9895038916,1.4,FAIL
ramp,2,cstr,0.5,1,1,0.05956124213,0.9893915805,1.4,FAIL
ramp,2,cstr,0.53839852,1,1,0.06072152378,0.9889794094,1.45,FAIL
ramp,2,cstr,0.59209203,1,1,0.06229843091,0.9884071904,1.45,FAIL
ramp,2,cstr,0.65114029,1,1,0.06397465582,0.9877837875,1.5,FAIL
ramp,2,cstr,0.71607733,1,1,0.06575272336,0.9871055523,1.6,FAIL
ramp,2,cstr,0.75,1,1,0.06665606705,0.9867543245,1.6,FAIL
ramp,2,cstr,0.78749042,1,1,0.06763517597,0.9863686002,1.65,FAIL
ramp,2,cstr,0.8660254,1,1,0.06962466469,0.9855687665,1.7,FAIL
ramp,2,cstr,0.95239254,1,1,0.07172404501,0.9847015563,1.8,FAIL
ramp,2,cstr,1,1,1,0.07284493346,0.9842288545,1.8,FAIL
ramp,2,cstr,1.0473729,1,1,0.07393647131,0.9837620883,1.85,FAIL
ramp,2,cstr,1.1518255,1,1,0.07626548876,0.9827450321,1.95,FAIL
ramp,2,cstr,1.266695,1,1,0.07871511762,0.9816445431,2.05,FAIL
ramp,2,cstr,1.3930202,1,1,0.08128992398,0.9804541943,2.15,FAIL
ramp,2,cstr,1.5319435,1,1,0.0839950815,0.9791669073,2.25,FAIL
ramp,2,cstr,1.6847215,1,1,0.08683641554,0.9777748839,2.35,FAIL
ramp,2,cstr,1.8527357,1,1,0.08982043607,0.97626954,2.45,FAIL
ramp,2,cstr,2,1,1,0.09232971133,0.9749697657,2.6,FAIL
ramp,2,cstr,2.0375056,1,1,0.09295435557,0.9746414431,2.6,FAIL
ramp,2,cstr,2.2407024,1,1,0.09624609581,0.9728802544,2.75,FAIL
ramp,2,cstr,2.4641635,1,1,0.09970428435,0.9709746772,2.9,FAIL
ramp,2,cstr,2.7099101,1,1,0.1033382421,0.9689124143,3.1,FAIL
ramp,2,cstr,2.9801645,1,1,0.1071579675,0.966680133,3.25,FAIL
ramp,2,cstr,3,1,1,0.107431724,0.9665176473,3.3,FAIL
ramp,2,cstr,3.2773709,1,1,0.1111741137,0.9642634435,3.5,FAIL
ramp,2,cstr,3.6042171,1,1,0.1153979686,0.9616468895,3.7,FAIL
ramp,2,cstr,3.7,1,1,0.1166014794,0.9608876141,3.75,FAIL
ramp,2,cstr,3.9636591,1,1,0.1198414321,0.9588139566,3.95,FAIL
ramp,2,cstr,4.3589477,1,1,0.1245169981,0.9557471001,4.2,FAIL
ramp,2,cstr,4.7936576,1,1,0.1294377396,0.9524277972,4.5,FAIL
ramp,2,cstr,5,1,1,0.1317012215,0.9508704575,4.65,FAIL
ramp,2,cstr,5.2717203,1,1,0.1346172986,0.9488366297,4.85,FAIL
ramp,2,cstr,5.7974594,1,1,0.1400698818,0.9449534022,5.2,FAIL
ramp,2,cstr,6.3756295,1,0.9999999998,0.1458102627,0.9407573052,5.6,FAIL
ramp,2,cstr,7.0114594,1,0.9999999984,0.1518537894,0.9362271332,6.05,FAIL
ramp,2,cstr,7.7106995,1,0.9999999898,0.1582163993,0.9313415684,6.5,FAIL
ramp,2,cstr,8.4796736,1,0.9999999458,0.1649146395,0.926079548,7.05,FAIL
ramp,2,cstr,9.325336,1,0.999999753,0.1719656929,0.9204207307,7.6,FAIL
ramp,2,cstr,10,1,0.999999311,0.177381847,0.9159987452,8.1,FAIL
ramp,2,cstr,10.255335,1,0.9999990192,0.1793874102,0.9143460888,8.25,FAIL
ramp,2,cstr,11.278081,1,0.9999965628,0.1871983461,0.9078386497,8.95,FAIL
ramp,2,cstr,12.402823,1,0.9999892482,0.1954178011,0.9008844164,9.75,FAIL
ramp,2,cstr,13.639734,1,0.9999696695,0.2040658658,0.8934734888,10.6,FAIL
ramp,2,cstr,15,1,0.9999221132,0.2131634703,0.8856013916,11.5,FAIL
ramp,2,gamma_rtd,0.05,1,1,0.04309979407,0.9944126973,0.95,PASS
ramp,2,gamma_rtd,0.05498641,1,1,0.04323121073,0.9943788357,0.95,PASS
ramp,2,gamma_rtd,0.0604701,1,1,0.04338952009,0.9943379107,0.95,PASS
ramp,2,gamma_rtd,0.06650068,1,1,0.04357679569,0.9942893086,0.95,PASS
ramp,2,gamma_rtd,0.07313267,1,1,0.0437949614,0.9942324314,0.95,PASS
ramp,2,gamma_rtd,0.08042606,1,1,0.04404587864,0.9941666719,1,PASS
ramp,2,gamma_rtd,0.0884468,1,1,0.04433144075,0.9940913854,1,PASS
ramp,2,gamma_rtd,0.09726744,1,1,0.04465366892,0.9940058606,1,PASS
ramp,2,gamma_rtd,0.1,1,1,0.04475479605,0.9939788948,1,PASS
ramp,2,gamma_rtd,0.10696774,1,1,0.04501479473,0.9939092916,1,PASS
ramp,2,gamma_rtd,0.11763544,1,1,0.04541733098,0.9938007525,1,PASS
ramp,2,gamma_rtd,0.12936701,1,1,0.04586412265,0.9936791744,1,PASS
ramp,2,gamma_rtd,0.14226855,1,1,0.04635838516,0.9935433238,1.05,FAIL
ramp,2,gamma_rtd,0.15645673,1,1,0.04690372765,0.9933917835,1.05,FAIL
ramp,2,gamma_rtd,0.17205988,1,1,0.04750416774,0.9932229317,1.05,FAIL
ramp,2,gamma_rtd,0.1892191,1,1,0.04816413424,0.9930349234,1.1,FAIL
ramp,2,gamma_rtd,0.20808957,1,1,0.04888846572,0.992825669,1.1,FAIL
ramp,2,gamma_rtd,0.22884197,1,1,0.04968240122,0.9925928123,1.1,FAIL
ramp,2,gamma_rtd,0.25,1,1,0.05048834328,0.9923527015,1.15,FAIL
ramp,2,gamma_rtd,0.25166396,1,1,0.05055156028,0.9923337086,1.15,FAIL
ramp,2,gamma_rtd,0.27676195,1,1,0.05150191927,0.9920454009,1.15,FAIL
ramp,2,gamma_rtd,0.30436292,1,1,0.05253977243,0.9917245968,1.2,FAIL
ramp,2,gamma_rtd,0.33471648,1,1,0.05367168232,0.9913676476,1.2,FAIL
ramp,2,gamma_rtd,0.36809714,1,1,0.05490441553,0.9909705288,1.25,FAIL
ramp,2,gamma_rtd,0.4048068,1,1,0.05624486194,0.9905288257,1.3,FAIL
ramp,2,gamma_rtd,0.44517744,1,1,0.05769993546,0.9900377265,1.35,FAIL
ramp,2,gamma_rtd,0.48957418,1,1,0.05927646321,0.9894920211,1.4,FAIL
ramp,2,gamma_rtd,0.5,1,1,0.05964303735,0.9893631099,1.4,FAIL
ramp,2,gamma_rtd,0.53839852,1,1,0.06098105969,0.9888861112,1.4,FAIL
ramp,2,gamma_rtd,0.59209203,1,1,0.06282000247,0.9882140278,1.5,FAIL
ramp,2,gamma_rtd,0.65114029,1,1,0.06479911227,0.9874694571,1.55,FAIL
ramp,2,gamma_rtd,0.71607733,1,1,0.06692365894,0.986645769,1.6,FAIL
ramp,2,gamma_rtd,0.75,1,1,0.06801214122,0.9862140213,1.65,FAIL
ramp,2,gamma_rtd,0.78749042,1,1,0.06919830076,0.9857360451,1.65,FAIL
ramp,2,gamma_rtd,0.8660254,1,1,0.07162707456,0.9847330989,1.75,FAIL
ramp,2,gamma_rtd,0.95239254,1,1,0.07421344199,0.9836294807,1.85,FAIL
ramp,2,gamma_rtd,1,1,1,0.07560270234,0.9830216195,1.9,FAIL
ramp,2,gamma_rtd,1.0473729,1,1,0.07696039116,0.9824174641,1.9,FAIL
ramp,2,gamma_rtd,1.1518255,1,1,0.0798705918,0.9810890073,2,FAIL
ramp,2,gamma_rtd,1.266695,1,1,0.0829465904,0.9796356887,2.15,FAIL
ramp,2,gamma_rtd,1.3930202,1,1,0.08619102572,0.97804862,2.25,FAIL
ramp,2,gamma_rtd,1.5319435,1,1,0.08960685539,0.9763183354,2.4,FAIL
ramp,2,gamma_rtd,1.6847215,1,1,0.09319756815,0.9744346673,2.55,FAIL
ramp,2,gamma_rtd,1.8527357,1,1,0.09696737655,0.9723866102,2.7,FAIL
ramp,2,gamma_rtd,2,1,1,0.1001338495,0.9706113944,2.85,FAIL
ramp,2,gamma_rtd,2.0375056,1,1,0.1009213752,0.9701621825,2.85,FAIL
ramp,2,gamma_rtd,2.2407024,1,1,0.1050656627,0.9677482905,3.05,FAIL
ramp,2,gamma_rtd,2.4641635,1,1,0.1094074256,0.9651306012,3.25,FAIL
ramp,2,gamma_rtd,2.7099101,1,1,0.1139549839,0.9622934285,3.5,FAIL
ramp,2,gamma_rtd,2.9801645,1,1,0.1187178082,0.959219636,3.75,FAIL
ramp,2,gamma_rtd,3,1,1,0.1190584742,0.958995834,3.75,FAIL
ramp,2,gamma_rtd,3.2773709,1,1,0.1237065062,0.9558905622,4,FAIL
ramp,2,gamma_rtd,3.6042171,1,1,0.1289327925,0.9522859677,4.3,FAIL
ramp,2,gamma_rtd,3.7,1,1,0.1304182436,0.9512400738,4.4,FAIL
ramp,2,gamma_rtd,3.9636591,1,1,0.134409443,0.9483840088,4.6,FAIL
ramp,2,gamma_rtd,4.3589477,1,1,0.1401502429,0.9441612396,5,FAIL
ramp,2,gamma_rtd,4.7936576,1,1,0.1461699313,0.9395926434,5.35,FAIL
ramp,2,gamma_rtd,5,1,1,0.1489319043,0.9374497515,5.55,FAIL
ramp,2,gamma_rtd,5.2717203,1,1,0.1524841501,0.9346516979,5.8,FAIL
ramp,2,gamma_rtd,5.7974594,1,1,0.1591093975,0.929310475,6.25,FAIL
ramp,2,gamma_rtd,6.3756295,1,1,0.166062991,0.9235397802,6.8,FAIL
ramp,2,gamma_rtd,7.0114594,1,1,0.1733630408,0.9173093334,7.35,FAIL
ramp,2,gamma_rtd,7.7106995,1,1,0.1810284357,0.910587997,7.95,FAIL
ramp,2,gamma_rtd,8.4796736,1,1,0.1890788391,0.9033440551,8.65,FAIL
ramp,2,gamma_rtd,9.325336,1,1,0.1975346985,0.8955455487,9.4,FAIL
ramp,2,gamma_rtd,10,1,1,0.204018593,0.8894434473,10,FAIL
ramp,2,gamma_rtd,10.255335,1,1,0.2064172651,0.8871606732,10.25,FAIL
ramp,2,gamma_rtd,11.278081,1,1,0.2157486231,0.8781582437,11.15,FAIL
ramp,2,gamma_rtd,12.402823,1,1,0.225551729,0.868508235,12.15,FAIL
ramp,2,gamma_rtd,13.639734,1,1,0.2358504575,0.8581824046,13.25,FAIL
ramp,2,gamma_rtd,15,1,0.9999999998,0.2466696554,0.8471550091,14.45,FAIL
ramp,5,plug,0.05,1,1,0.0320802672,0.9970143157,1.05,PASS
ramp,5,plug,0.05498641,1,1,0.03222887463,0.9969868158,1.05,PASS
ramp,5,plug,0.0604701,1,1,0.03239230405,0.9969564307,1.1,PASS
ramp,5,plug,0.06650068,1,1,0.03257203449,0.9969228428,1.1,PASS
ramp,5,plug,0.07313267,1,1,0.03276969143,0.9968856967,1.1,PASS
ramp,5,plug,0.08042606,1,1,0.03298706348,0.9968445939,1.1,PASS
ramp,5,plug,0.0884468,1,1,0.03322611708,0.9967990873,1.1,PASS
ramp,5,plug,0.09726744,1,1,0.03348901551,0.996748674,1.1,PASS
ramp,5,plug,0.1,1,1,0.03357046012,0.9967329781,1.1,PASS
ramp,5,plug,0.10696774,1,1,0.03377785139,0.9966928251,1.15,PASS
ramp,5,plug,0.11763544,1,1,0.03409538198,0.9966308838,1.15,PASS
ramp,5,plug,0.12936701,1,1,0.03444459547,0.9965621139,1.15,PASS
ramp,5,plug,0.14226855,1,1,0.03482865442,0.9964856988,1.15,PASS
ramp,5,plug,0.15645673,1,1,0.03525068214,0.996400767,1.2,PASS
ramp,5,plug,0.17205988,1,1,0.03571437272,0.996306287,1.2,PASS
ramp,5,plug,0.1892191,1,1,0.03622436119,0.9962009948,1.2,PASS
ramp,5,plug,0.20808957,1,1,0.03678472636,0.9960836172,1.25,PASS
ramp,5,plug,0.22884197,1,1,0.03740028014,0.9959526412,1.25,PASS
ramp,5,plug,0.25,1,1,0.03802798699,0.9958169183,1.25,PASS
ramp,5,plug,0.25166396,1,1,0.03807722486,0.9958061755,1.25,PASS
ramp,5,plug,0.27676195,1,1,0.03882002043,0.9956424827,1.3,FAIL
ramp,5,plug,0.30436292,1,1,0.03963676148,0.995458963,1.3,FAIL
ramp,5,plug,0.33471648,1,1,0.04053300904,0.9952532723,1.35,FAIL
ramp,5,plug,0.36809714,1,1,0.04151730491,0.9950222245,1.4,FAIL
ramp,5,plug,0.4048068,1,1,0.04259822778,0.9947622931,1.4,FAIL
ramp,5,plug,0.44517744,1,1,0.04378401715,0.9944696643,1.45,FAIL
ramp,5,plug,0.48957418,1,1,0.04508461306,0.9941397281,1.5,FAIL
ramp,5,plug,0.5,1,1,0.04539010697,0.9940608838,1.5,FAIL
ramp,5,plug,0.53839852,1,1,0.04651110799,0.9937670881,1.55,FAIL
ramp,5,plug,0.59209203,1,1,0.04807503321,0.9933456308,1.6,FAIL
ramp,5,plug,0.65114029,1,1,0.04978885909,0.9928682986,1.65,FAIL
ramp,5,plug,0.71607733,1,1,0.05166452539,0.9923273601,1.75,FAIL
ramp,5,plug,0.75,1,1,0.05264227268,0.9920377509,1.75,FAIL
ramp,5,plug,0.78749042,1,1,0.05371838315,0.9917129268,1.8,FAIL
ramp,5,plug,0.8660254,1,1,0.05596455975,0.9910145672,1.9,FAIL
ramp,5,plug,0.95239254,1,1,0.05842053147,0.9902195583,1.95,FAIL
ramp,5,plug,1,1,1,0.05976718786,0.9897697426,2,FAIL
ramp,5,plug,1.0473729,1,1,0.06110179826,0.9893142628,2.05,FAIL
ramp,5,plug,1.1518255,1,1,0.06402730646,0.9882822372,2.15,FAIL
ramp,5,plug,1.266695,1,1,0.06721481438,0.9871054545,2.3,FAIL
ramp,5,plug,1.3930202,1,1,0.07068643848,0.985762089,2.4,FAIL
ramp,5,plug,1.5319435,1,1,0.07445946898,0.9842295842,2.55,FAIL
ramp,5,plug,1.6847215,1,1,0.07855595681,0.9824808471,2.7,FAIL
ramp,5,plug,1.8527357,1,1,0.08299597171,0.9804865418,2.85,FAIL
ramp,5,plug,2,1,1,0.08682958642,0.9786825588,3,FAIL
ramp,5,plug,2.0375056,1,1,0.08779599491,0.9782158682,3.05,FAIL
ramp,5,plug,2.2407024,1,1,0.09297662924,0.975633007,3.25,FAIL
ramp,5,plug,2.4641635,1,1,0.098551657,0.9727022639,3.5,FAIL
ramp,5,plug,2.7099101,1,1,0.1045343944,0.9693854688,3.75,FAIL
ramp,5,plug,2.9801645,1,1,0.1109307123,0.965646336,4,FAIL
ramp,5,plug,3,1,1,0.1113943754,0.9653676542,4,FAIL
ramp,5,plug,3.2773709,1,1,0.1177432421,0.9614493419,4.3,FAIL
ramp,5,plug,3.6042171,1,1,0.1249664718,0.9567640723,4.6,FAIL
ramp,5,plug,3.7,1,1,0.1270298854,0.955382257,4.7,FAIL
ramp,5,plug,3.9636591,1,1,0.1325818666,0.9515708479,5,FAIL
ramp,5,plug,4.3589477,1,1,0.1405698351,0.9458551784,5.4,FAIL
ramp,5,plug,4.7936576,1,1,0.1489027136,0.9396141359,5.8,FAIL
ramp,5,plug,5,1,1,0.1527032295,0.9366773538,6,FAIL
ramp,5,plug,5.2717203,1,1,0.1575654393,0.9328405861,6.3,FAIL
ramp,5,plug,5.7974594,1,1,0.1665751143,0.9255028321,6.8,FAIL
ramp,5,plug,6.3756295,1,1,0.1759488108,0.9175686928,7.4,FAIL
ramp,5,plug,7.0114594,1,1,0.1857136356,0.9089974113,8.05,FAIL
ramp,5,plug,7.7106995,1,1,0.1958906882,0.8997535923,8.75,FAIL
ramp,5,plug,8.4796736,1,1,0.2065039727,0.8898000404,9.5,FAIL
ramp,5,plug,9.325336,1,1,0.217579161,0.8790991239,10.35,FAIL
ramp,5,plug,10,1,1,0.2260272996,0.8707379681,11,FAIL
ramp,5,plug,10.255335,1,1,0.2291424462,0.8676143261,11.25,FAIL
ramp,5,plug,11.278081,1,1,0.2412183006,0.8553131726,12.3,FAIL
ramp,5,plug,12.402823,1,1,0.2538376094,0.8421593789,13.4,FAIL
ramp,5,plug,13.639734,1,1,0.267026416,0.8281250465,14.65,FAIL
ramp,5,plug,15,1,1,0.2808173856,0.8131790695,16,FAIL
ramp,5,cstr,0.05,1,1,0.03294664676,0.9968522152,1.1,PASS
ramp,5,cstr,0.05498641,1,1,0.0330841742,0.9968260911,1.1,PASS
ramp,5,cstr,0.0604701,1,1,0.03323731817,0.996796874,1.1,PASS
ramp,5,cstr,0.06650068,1,1,0.03340746204,0.9967642573,1.1,PASS
ramp,5,cstr,0.07313267,1,1,0.03359612798,0.9967278977,1.1,PASS
ramp,5,cstr,0.08042606,1,1,0.03380499171,0.9966874098,1.15,PASS
ramp,5,cstr,0.0884468,1,1,0.0340358945,0.9966423614,1.15,PASS
ramp,5,cstr,0.09726744,1,1,0.03429085831,0.9965922675,1.15,PASS
ramp,5,cstr,0.1,1,1,0.03437000835,0.9965766415,1.15,PASS
ramp,5,cstr,0.10696774,1,1,0.03457209886,0.9965365831,1.15,PASS
ramp,5,cstr,0.11763544,1,1,0.03488204187,0.9964746964,1.15,PASS
ramp,5,cstr,0.12936701,1,1,0.0352233369,0.99640592,1.15,PASS
ramp,5,cstr,0.14226855,1,1,0.03559887341,0.9963294812,1.2,PASS
ramp,5,cstr,0.15645673,1,1,0.0360117953,0.9962445117,1.2,PASS
ramp,5,cstr,0.17205988,1,1,0.03646551646,0.9961500348,1.2,PASS
ramp,5,cstr,0.1892191,1,1,0.03696373302,0.9960449529,1.25,PASS
ramp,5,cstr,0.20808957,1,1,0.03751043645,0.9959280318,1.25,PASS
ramp,5,cstr,0.22884197,1,1,0.0381099239,0.9957978841,1.25,PASS
ramp,5,cstr,0.25,1,1,0.03871900039,0.9956635809,1.3,FAIL
ramp,5,cstr,0.25166396,1,1,0.03876680324,0.9956529518,1.3,FAIL
ramp,5,cstr,0.27676195,1,1,0.0394859978,0.9954914854,1.3,FAIL
ramp,5,cstr,0.30436292,1,1,0.04027274236,0.9953115234,1.35,FAIL
ramp,5,cstr,0.33471648,1,1,0.0411325739,0.99511087,1.4,FAIL
ramp,5,cstr,0.36809714,1,1,0.04207131423,0.9948870709,1.4,FAIL
ramp,5,cstr,0.4048068,1,1,0.04309504252,0.9946373908,1.45,FAIL
ramp,5,cstr,0.44517744,1,1,0.04421005522,0.9943587897,1.5,FAIL
ramp,5,cstr,0.48957418,1,1,0.04542281646,0.9940479017,1.55,FAIL
ramp,5,cstr,0.5,1,1,0.04570553507,0.993974252,1.55,FAIL
ramp,5,cstr,0.53839852,1,1,0.04673989281,0.9937010155,1.55,FAIL
ramp,5,cstr,0.59209203,1,1,0.04816788052,0.9933140586,1.65,FAIL
ramp,5,cstr,0.65114029,1,1,0.04971332196,0.9928825856,1.7,FAIL
ramp,5,cstr,0.71607733,1,1,0.05138262232,0.9924017697,1.75,FAIL
ramp,5,cstr,0.75,1,1,0.05224208489,0.9921482563,1.75,FAIL
ramp,5,cstr,0.78749042,1,1,0.05318196853,0.9918663987,1.8,FAIL
ramp,5,cstr,0.8660254,1,1,0.05511726223,0.9912708733,1.9,FAIL
ramp,5,cstr,0.95239254,1,1,0.05719407348,0.9906092049,1.95,FAIL
ramp,5,cstr,1,1,1,0.05831635796,0.990241959,2,FAIL
ramp,5,cstr,1.0473729,1,1,0.05941762045,0.9898750128,2.05,FAIL
ramp,5,cstr,1.1518255,1,1,0.06179278262,0.9890615166,2.15,FAIL
ramp,5,cstr,1.266695,1,1,0.06432414748,0.9881615206,2.2,FAIL
ramp,5,cstr,1.3930202,1,1,0.06701608548,0.9871673917,2.35,FAIL
ramp,5,cstr,1.5319435,1,1,0.0698728543,0.9860710244,2.45,FAIL
ramp,5,cstr,1.6847215,1,1,0.07289871742,0.9848637992,2.55,FAIL
ramp,5,cstr,1.8527357,1,1,0.07609807492,0.9835365285,2.7,FAIL
ramp,5,cstr,2,1,1,0.07880124986,0.9823748765,2.8,FAIL
ramp,5,cstr,2.0375056,1,1,0.07947559322,0.982079398,2.8,FAIL
ramp,5,cstr,2.2407024,1,1,0.08303632906,0.9804819009,2.95,FAIL
ramp,5,cstr,2.4641635,1,1,0.08678584059,0.9787327717,3.1,FAIL
ramp,5,cstr,2.7099101,1,1,0.090730281,0.9768199214,3.3,FAIL
ramp,5,cstr,2.9801645,1,1,0.09487647595,0.9747303773,3.45,FAIL
ramp,5,cstr,3,1,1,0.09517353081,0.9745776149,3.5,FAIL
ramp,5,cstr,3.2773709,1,1,0.09923197928,0.9724502334,3.65,FAIL
ramp,5,cstr,3.6042171,1,1,0.1038051147,0.9699646122,3.9,FAIL
ramp,5,cstr,3.7,1,1,0.1051063635,0.9692405587,3.95,FAIL
ramp,5,cstr,3.9636591,1,1,0.1086050001,0.9672576451,4.1,FAIL
ramp,5,cstr,4.3589477,1,1,0.1136415616,0.9643124741,4.4,FAIL
ramp,5,cstr,4.7936576,1,1,0.1189255378,0.9611112799,4.65,FAIL
ramp,5,cstr,5,1,1,0.1213502149,0.9596053393,4.8,FAIL
ramp,5,cstr,5.2717203,1,1,0.1244684794,0.9576353422,5,FAIL
ramp,5,cstr,5.7974594,1,1,0.1302827445,0.9538651399,5.35,FAIL
ramp,5,cstr,6.3756295,1,0.9999999997,0.1363814945,0.9497804975,5.7,FAIL
ramp,5,cstr,7.0114594,1,0.9999999979,0.1427786912,0.9453607891,6.15,FAIL
ramp,5,cstr,7.7106995,1,0.9999999874,0.1494890969,0.9405852116,6.6,FAIL
ramp,5,cstr,8.4796736,1,0.9999999345,0.156528278,0.9354331429,7.15,FAIL
ramp,5,cstr,9.325336,1,0.999999707,0.1639126144,0.9298846034,7.7,FAIL
ramp,5,cstr,10,1,0.9999991924,0.1695683967,0.9255440208,8.15,FAIL
ramp,5,cstr,10.255335,1,0.9999988552,0.1716593129,0.9239208451,8.35,FAIL
ramp,5,cstr,11.278081,1,0.9999960468,0.1797864266,0.9175250954,9.05,FAIL
ramp,5,cstr,12.402823,1,0.9999877969,0.1883128797,0.9106834831,9.8,FAIL
ramp,5,cstr,13.639734,1,0.9999659843,0.1972584964,0.9033861695,10.65,FAIL
ramp,5,cstr,15,1,0.9999135867,0.2066440355,0.8956286892,11.6,FAIL
ramp,5,gamma_rtd,0.05,1,1,0.03238511514,0.9969577675,1.1,PASS
ramp,5,gamma_rtd,0.05498641,1,1,0.03248417012,0.9969392802,1.1,PASS
ramp,5,gamma_rtd,0.0604701,1,1,0.03260352744,0.9969169301,1.1,PASS
ramp,5,gamma_rtd,0.06650068,1,1,0.03274477113,0.9968903778,1.1,PASS
ramp,5,gamma_rtd,0.07313267,1,1,0.03290938009,0.9968592909,1.1,PASS
ramp,5,gamma_rtd,0.08042606,1,1,0.03309879582,0.9968233299,1.1,PASS
ramp,5,gamma_rtd,0.0884468,1,1,0.03331449609,0.9967821319,1.1,PASS
ramp,5,gamma_rtd,0.09726744,1,1,0.03355807053,0.9967352943,1.1,PASS
ramp,5,gamma_rtd,0.1,1,1,0.03363455404,0.996720518,1.1,PASS
ramp,5,gamma_rtd,0.10696774,1,1,0.0338312871,0.9966823583,1.15,PASS
ramp,5,gamma_rtd,0.11763544,1,1,0.03413615097,0.9966227934,1.15,PASS
ramp,5,gamma_rtd,0.12936701,1,1,0.03447494993,0.9965559831,1.15,PASS
ramp,5,gamma_rtd,0.14226855,1,1,0.03485029225,0.9964812109,1.15,PASS
ramp,5,gamma_rtd,0.15645673,1,1,0.0352651355,0.9963976458,1.2,PASS
ramp,5,gamma_rtd,0.17205988,1,1,0.0357228119,0.9963043277,1.2,PASS
ramp,5,gamma_rtd,0.1892191,1,1,0.03622704812,0.996200151,1.2,PASS
ramp,5,gamma_rtd,0.20808957,1,1,0.03678198623,0.9960838455,1.25,PASS
ramp,5,gamma_rtd,0.22884197,1,1,0.03739220392,0.9959539558,1.25,PASS
ramp,5,gamma_rtd,0.25,1,1,0.03801387133,0.9958194779,1.25,PASS
ramp,5,gamma_rtd,0.25166396,1,1,0.03806273266,0.9958088163,1.25,PASS
ramp,5,gamma_rtd,0.27676195,1,1,0.03879908029,0.9956465229,1.3,FAIL
ramp,5,gamma_rtd,0.30436292,1,1,0.03960725023,0.9954649005,1.3,FAIL
ramp,5,gamma_rtd,0.33471648,1,1,0.04049376167,0.9952614653,1.35,FAIL
ramp,5,gamma_rtd,0.36809714,1,1,0.04146566842,0.9950333823,1.4,FAIL
ramp,5,gamma_rtd,0.4048068,1,1,0.04253057468,0.994777417,1.4,FAIL
ramp,5,gamma_rtd,0.44517744,1,1,0.04369664516,0.9944898812,1.45,FAIL
ramp,5,gamma_rtd,0.48957418,1,1,0.04497261144,0.9941665726,1.5,FAIL
ramp,5,gamma_rtd,0.5,1,1,0.04527124875,0.9940895956,1.5,FAIL
ramp,5,gamma_rtd,0.53839852,1,1,0.04636776616,0.9938027091,1.55,FAIL
ramp,5,gamma_rtd,0.59209203,1,1,0.04789194885,0.9933928572,1.6,FAIL
ramp,5,gamma_rtd,0.65114029,1,1,0.0495555133,0.992930857,1.65,FAIL
ramp,5,gamma_rtd,0.71607733,1,1,0.05136927831,0.9924097434,1.75,FAIL
ramp,5,gamma_rtd,0.75,1,1,0.05231009781,0.9921323037,1.75,FAIL
ramp,5,gamma_rtd,0.78749042,1,1,0.05334445174,0.9918216705,1.8,FAIL
ramp,5,gamma_rtd,0.8660254,1,1,0.05549252676,0.9911578384,1.9,FAIL
ramp,5,gamma_rtd,0.95239254,1,1,0.05782514367,0.9904084325,1.95,FAIL
ramp,5,gamma_rtd,1,1,1,0.05909745867,0.9899871905,2,FAIL
ramp,5,gamma_rtd,1.0473729,1,1,0.06035391198,0.9895625802,2.05,FAIL
ramp,5,gamma_rtd,1.1518255,1,1,0.06309019593,0.9886083335,2.15,FAIL
ramp,5,gamma_rtd,1.266695,1,1,0.06604486793,0.9875326847,2.25,FAIL
ramp,5,gamma_rtd,1.3930202,1,1,0.06922804025,0.9863216222,2.4,FAIL
ramp,5,gamma_rtd,1.5319435,1,1,0.07264880651,0.9849602252,2.55,FAIL
ramp,5,gamma_rtd,1.6847215,1,1,0.07631501639,0.9834327951,2.65,FAIL
ramp,5,gamma_rtd,1.8527357,1,1,0.0802331281,0.9817230072,2.85,FAIL
ramp,5,gamma_rtd,2,1,1,0.08357180379,0.980203615,2.95,FAIL
ramp,5,gamma_rtd,2.0375056,1,1,0.08440816641,0.9798140673,3,FAIL
ramp,5,gamma_rtd,2.2407024,1,1,0.08884381233,0.9776888468,3.2,FAIL
ramp,5,gamma_rtd,2.4641635,1,1,0.09354262805,0.9753299756,3.4,FAIL
ramp,5,gamma_rtd,2.7099101,1,1,0.09850640162,0.972719874,3.6,FAIL
ramp,5,gamma_rtd,2.9801645,1,1,0.1037365835,0.9698407137,3.85,FAIL
ramp,5,gamma_rtd,3,1,1,0.1041115439,0.9696292885,3.9,FAIL
ramp,5,gamma_rtd,3.2773709,1,1,0.1092347645,0.9666743116,4.1,FAIL
ramp,5,gamma_rtd,3.6042171,1,1,0.1150031575,0.9632019656,4.4,FAIL
ramp,5,gamma_rtd,3.7,1,1,0.1166426439,0.96218751,4.5,FAIL
ramp,5,gamma_rtd,3.9636591,1,1,0.1210450333,0.9594042535,4.75,FAIL
ramp,5,gamma_rtd,4.3589477,1,1,0.1273650849,0.9552608192,5.1,FAIL
ramp,5,gamma_rtd,4.7936576,1,1,0.1339696995,0.9507501722,5.45,FAIL
ramp,5,gamma_rtd,5,1,1,0.1369908396,0.9486270993,5.65,FAIL
ramp,5,gamma_rtd,5.2717203,1,1,0.1408671341,0.9458495229,5.9,FAIL
ramp,5,gamma_rtd,5.7974594,1,1,0.148067599,0.9405346746,6.35,FAIL
ramp,5,gamma_rtd,6.3756295,1,1,0.1555832658,0.9347799851,6.85,FAIL
ramp,5,gamma_rtd,7.0114594,1,1,0.1634282152,0.9285584077,7.45,FAIL
ramp,5,gamma_rtd,7.7106995,1,1,0.1716183453,0.9218416174,8.05,FAIL
ramp,5,gamma_rtd,8.4796736,1,1,0.1801712576,0.9146002236,8.7,FAIL
ramp,5,gamma_rtd,9.325336,1,1,0.1891061372,0.9068040691,9.45,FAIL
ramp,5,gamma_rtd,10,1,1,0.1959266654,0.9007043281,10.05,FAIL
ramp,5,gamma_rtd,10.255335,1,1,0.1984436379,0.8984226176,10.3,FAIL
ramp,5,gamma_rtd,11.278081,1,1,0.2082057815,0.8894254275,11.2,FAIL
ramp,5,gamma_rtd,12.402823,1,1,0.2184158767,0.8797827153,12.2,FAIL
ramp,5,gamma_rtd,13.639734,1,1,0.2290984595,0.8694660134,13.3,FAIL
ramp,5,gamma_rtd,15,1,0.9999999998,0.2402792559,0.8584489295,14.5,FAIL
ramp,10,plug,0.05,1,1,0.02403951941,0.9984191354,1.1,PASS
ramp,10,plug,0.05498641,1,1,0.02415094894,0.9984045634,1.1,PASS
ramp,10,plug,0.0604701,1,1,0.02427349161,0.9983884624,1.1,PASS
ramp,10,plug,0.06650068,1,1,0.02440825623,0.9983706641,1.1,PASS
ramp,10,plug,0.07313267,1,1,0.02455646134,0.9983509801,1.1,PASS
ramp,10,plug,0.08042606,1,1,0.02471944779,0.9983291992,1.15,PASS
ramp,10,plug,0.0884468,1,1,0.02489868964,0.9983050844,1.15,PASS
ramp,10,plug,0.09726744,1,1,0.02509580854,0.998278369,1.15,PASS
ramp,10,plug,0.1,1,1,0.02515687461,0.9982700513,1.15,PASS
ramp,10,plug,0.10696774,1,1,0.02531249126,0.9982487569,1.15,PASS
ramp,10,plug,0.11763544,1,1,0.02555074637,0.9982159071,1.15,PASS
ramp,10,plug,0.12936701,1,1,0.02581276765,0.9981794355,1.2,PASS
ramp,10,plug,0.14226855,1,1,0.02610092626,0.9981389088,1.2,PASS
ramp,10,plug,0.15645673,1,1,0.0264177105,0.9980938438,1.2,PASS
ramp,10,plug,0.17205988,1,1,0.02676594429,0.9980436847,1.2,PASS
ramp,10,plug,0.1892191,1,1,0.02714892521,0.9979877851,1.25,PASS
ramp,10,plug,0.20808957,1,1,0.02756993754,0.9979254352,1.25,PASS
ramp,10,plug,0.22884197,1,1,0.02803270307,0.997855813,1.3,PASS
ramp,10,plug,0.25,1,1,0.02850455473,0.997783668,1.3,PASS
ramp,10,plug,0.25166396,1,1,0.02854162028,0.9977779491,1.3,PASS
ramp,10,plug,0.27676195,1,1,0.0291007332,0.9976908096,1.3,PASS
ramp,10,plug,0.30436292,1,1,0.02971556117,0.9975930925,1.35,PASS
ramp,10,plug,0.33471648,1,1,0.03039105103,0.9974834208,1.4,PASS
ramp,10,plug,0.36809714,1,1,0.0311334585,0.9973601114,1.4,PASS
ramp,10,plug,0.4048068,1,1,0.03194938957,0.9972212446,1.45,PASS
ramp,10,plug,0.44517744,1,1,0.03284570717,0.9970646511,1.5,PASS
ramp,10,plug,0.48957418,1,1,0.03383025463,0.9968877729,1.55,PASS
ramp,10,plug,0.5,1,1,0.03406148298,0.9968455002,1.55,PASS
ramp,10,plug,0.53839852,1,1,0.03491171154,0.996687623,1.6,PASS
ramp,10,plug,0.59209203,1,1,0.03609939953,0.9964607535,1.65,PASS
ramp,10,plug,0.65114029,1,1,0.03740349924,0.9962031516,1.7,PASS
ramp,10,plug,0.71607733,1,1,0.03883461187,0.995910233,1.75,PASS
ramp,10,plug,0.75,1,1,0.03958151736,0.9957531315,1.8,PASS
ramp,10,plug,0.78749042,1,1,0.04040547906,0.9955764399,1.85,PASS
ramp,10,plug,0.8660254,1,1,0.04212882031,0.9951955006,1.9,PASS
ramp,10,plug,0.95239254,1,1,0.04401927855,0.9947599339,2,PASS
ramp,10,plug,1,1,1,0.04505895966,0.9945125161,2.05,PASS
ramp,10,plug,1.0473729,1,1,0.04609171244,0.9942612256,2.1,PASS
ramp,10,plug,1.1518255,1,1,0.04836310659,0.9936892505,2.2,PASS
ramp,10,plug,1.266695,1,1,0.05085111636,0.9930323613,2.3,PASS
ramp,10,plug,1.3930202,1,1,0.0535760356,0.9922766688,2.45,PASS
ramp,10,plug,1.5319435,1,1,0.0565578424,0.99140648,2.6,FAIL
ramp,10,plug,1.6847215,1,1,0.05981954457,0.9904031233,2.75,FAIL
ramp,10,plug,1.8527357,1,1,0.0633850716,0.9892451084,2.9,FAIL
ramp,10,plug,2,1,1,0.06649112549,0.98818452,3.05,FAIL
ramp,10,plug,2.0375056,1,1,0.06727890529,0.987907883,3.1,FAIL
ramp,10,plug,2.2407024,1,1,0.07152883311,0.986362507,3.3,FAIL
ramp,10,plug,2.4641635,1,1,0.07616248816,0.9845762628,3.5,FAIL
ramp,10,plug,2.7099101,1,1,0.08120966764,0.9825113801,3.75,FAIL
ramp,10,plug,2.9801645,1,1,0.08670019073,0.980125306,4.05,FAIL
ramp,10,plug,3,1,1,0.08710127909,0.9799453446,4.05,FAIL
ramp,10,plug,3.2773709,1,1,0.09266543189,0.9773696245,4.35,FAIL
ramp,10,plug,3.6042171,1,1,0.09913668153,0.9741902681,4.65,FAIL
ramp,10,plug,3.7,1,1,0.1010152759,0.9732306721,4.75,FAIL
ramp,10,plug,3.9636591,1,1,0.10614314,0.9705282523,5,FAIL
ramp,10,plug,4.3589477,1,1,0.1137148326,0.9663181973,5.4,FAIL
ramp,10,plug,4.7936576,1,1,0.1218773179,0.9614912507,5.85,FAIL
ramp,10,plug,5,1,1,0.1256911091,0.959135159,6.05,FAIL
ramp,10,plug,5.2717203,1,1,0.1306517353,0.9559760649,6.3,FAIL
ramp,10,plug,5.7974594,1,1,0.1400544775,0.9497004269,6.85,FAIL
ramp,10,plug,6.3756295,1,1,0.1500890546,0.942599088,7.4,FAIL
ramp,10,plug,7.0114594,1,1,0.1607502244,0.9346150839,8.05,FAIL
ramp,10,plug,7.7106995,1,1,0.1720131133,0.9257129699,8.75,FAIL
ramp,10,plug,8.4796736,1,1,0.1838337471,0.9158861203,9.55,FAIL
ramp,10,plug,9.325336,1,1,0.1961498668,0.9051636953,10.35,FAIL
ramp,10,plug,10,1,1,0.2054785928,0.8967441245,11.05,FAIL
ramp,10,plug,10.255335,1,1,0.2089006119,0.8935958617,11.3,FAIL
ramp,10,plug,11.278081,1,1,0.2220802124,0.8811896558,12.35,FAIL
ramp,10,plug,12.402823,1,1,0.2357258914,0.8679092254,13.45,FAIL
ramp,10,plug,13.639734,1,1,0.2498727236,0.8537221652,14.7,FAIL
ramp,10,plug,15,1,1,0.2645590973,0.8385950544,16.05,FAIL
ramp,10,cstr,0.05,1,1,0.02468949905,0.9983331907,1.15,PASS
ramp,10,cstr,0.05498641,1,1,0.02479275066,0.998319329,1.15,PASS
ramp,10,cstr,0.0604701,1,1,0.02490775503,0.9983038222,1.15,PASS
ramp,10,cstr,0.06650068,1,1,0.02503556253,0.9982865056,1.15,PASS
ramp,10,cstr,0.07313267,1,1,0.02517733131,0.9982671949,1.15,PASS
ramp,10,cstr,0.08042606,1,1,0.02533433956,0.9982456824,1.15,PASS
ramp,10,cstr,0.0884468,1,1,0.02550799578,0.9982217349,1.15,PASS
ramp,10,cstr,0.09726744,1,1,0.02569985189,0.9981950895,1.15,PASS
ramp,10,cstr,0.1,1,1,0.02575943422,0.9981867744,1.15,PASS
ramp,10,cstr,0.10696774,1,1,0.02591161522,0.9981654502,1.2,PASS
ramp,10,cstr,0.11763544,1,1,0.02614516348,0.998132483,1.2,PASS
ramp,10,cstr,0.12936701,1,1,0.02640255865,0.9980958111,1.2,PASS
ramp,10,cstr,0.14226855,1,1,0.02668606338,0.9980550087,1.2,PASS
ramp,10,cstr,0.15645673,1,1,0.02699815742,0.9980095941,1.25,PASS
ramp,10,cstr,0.17205988,1,1,0.02734155622,0.9979590221,1.25,PASS
ramp,10,cstr,0.1892191,1,1,0.02771922862,0.9979026745,1.25,PASS
ramp,10,cstr,0.20808957,1,1,0.02813441725,0.9978398502,1.3,PASS
ramp,10,cstr,0.22884197,1,1,0.02859065944,0.9977697522,1.3,PASS
ramp,10,cstr,0.25,1,1,0.02905529237,0.9976972235,1.3,PASS
ramp,10,cstr,0.25166396,1,1,0.02909180698,0.9976914748,1.35,PASS
ramp,10,cstr,0.27676195,1,1,0.02964204934,0.9976039867,1.35,PASS
ramp,10,cstr,0.30436292,1,1,0.03024593442,0.9975061129,1.4,PASS
ramp,10,cstr,0.33471648,1,1,0.03090839045,0.997396514,1.4,PASS
ramp,10,cstr,0.36809714,1,1,0.03163474729,0.9972736613,1.45,PASS
ramp,10,cstr,0.4048068,1,1,0.03243075652,0.99713581,1.5,PASS
ramp,10,cstr,0.44517744,1,1,0.03330260856,0.9969809676,1.5,PASS
ramp,10,cstr,0.48957418,1,1,0.03425694908,0.996806859,1.55,PASS
ramp,10,cstr,0.5,1,1,0.03448036527,0.996765403,1.55,PASS
ramp,10,cstr,0.53839852,1,1,0.03530088874,0.9966108867,1.6,PASS
ramp,10,cstr,0.59209203,1,1,0.03644200984,0.9963900873,1.65,PASS
ramp,10,cstr,0.65114029,1,1,0.03768836313,0.9961410833,1.7,PASS
ramp,10,cstr,0.71607733,1,1,0.03904845663,0.995860031,1.8,PASS
ramp,10,cstr,0.75,1,1,0.03975450742,0.9957103013,1.8,PASS
ramp,10,cstr,0.78749042,1,1,0.04053122996,0.9955425658,1.85,PASS
ramp,10,cstr,0.8660254,1,1,0.04214601416,0.9951837448,1.95,PASS
ramp,10,cstr,0.95239254,1,1,0.04390247299,0.9947779898,2,PASS
ramp,10,cstr,1,1,1,0.0448619484,0.9945495627,2.05,PASS
ramp,10,cstr,1.0473729,1,1,0.04581052273,0.9943190326,2.1,PASS
ramp,10,cstr,1.1518255,1,1,0.04788023301,0.9937998642,2.2,PASS
ramp,10,cstr,1.266695,1,1,0.05012171051,0.9932126925,2.35,PASS
ramp,10,cstr,1.3930202,1,1,0.05254496888,0.9925489087,2.45,PASS
ramp,10,cstr,1.5319435,1,1,0.0551597999,0.9917990653,2.6,FAIL
ramp,10,cstr,1.6847215,1,1,0.05797565088,0.9909528657,2.7,FAIL
ramp,10,cstr,1.8527357,1,1,0.06100152671,0.9899991644,2.85,FAIL
ramp,10,cstr,2,1,1,0.06359427302,0.9891457089,3,FAIL
ramp,10,cstr,2.0375056,1,1,0.06424592375,0.988925976,3.05,FAIL
ramp,10,cstr,2.2407024,1,1,0.06771680622,0.9877204901,3.2,FAIL
ramp,10,cstr,2.4641635,1,1,0.07142162807,0.9863690886,3.4,FAIL
ramp,10,cstr,2.7099101,1,1,0.07536739827,0.9848573639,3.6,FAIL
ramp,10,cstr,2.9801645,1,1,0.07956078747,0.9831701342,3.8,FAIL
ramp,10,cstr,3,1,1,0.07986282482,0.9830454371,3.85,FAIL
ramp,10,cstr,3.2773709,1,1,0.08400826162,0.9812914571,4.05,FAIL
ramp,10,cstr,3.6042171,1,1,0.08871623861,0.9792046411,4.3,FAIL
ramp,10,cstr,3.7,1,1,0.09006190539,0.9785899363,4.35,FAIL
ramp,10,cstr,3.9636591,1,1,0.09369125139,0.9768922591,4.55,FAIL
ramp,10,cstr,4.3589477,1,1,0.09894011198,0.9743361672,4.85,FAIL
ramp,10,cstr,4.7936576,1,1,0.1044700662,0.9715175354,5.1,FAIL
ramp,10,cstr,5,1,1,0.1070136009,0.9701789077,5.25,FAIL
ramp,10,cstr,5.2717203,1,1,0.1102889348,0.9684168985,5.45,FAIL
ramp,10,cstr,5.7974594,1,0.9999999999,0.1164052372,0.9650142346,5.75,FAIL
ramp,10,cstr,6.3756295,1,0.9999999996,0.1228282959,0.9612890846,6.15,FAIL
ramp,10,cstr,7.0114594,1,0.9999999969,0.1295683244,0.957220722,6.55,FAIL
ramp,10,cstr,7.7106995,1,0.9999999816,0.1366364969,0.9527883916,7,FAIL
ramp,10,cstr,8.4796736,1,0.9999999082,0.1440450042,0.9479716318,7.5,FAIL
ramp,10,cstr,9.325336,1,0.999999603,0.1518070986,0.9427507038,8.05,FAIL
ramp,10,cstr,10,1,0.9999989305,0.1577441515,0.9386461055,8.45,FAIL
ramp,10,cstr,10.255335,1,0.9999984956,0.1599371292,0.9371071526,8.65,FAIL
ramp,10,cstr,11.278081,1,0.9999949441,0.1684505703,0.9310245298,9.3,FAIL
ramp,10,cstr,12.402823,1,0.9999847674,0.1773640474,0.9244893058,10.05,FAIL
ramp,10,cstr,13.639734,1,0.9999584534,0.1866953593,0.9174919952,10.85,FAIL
ramp,10,cstr,15,1,0.9998964936,0.1964635007,0.9100284972,11.8,FAIL
ramp,10,gamma_rtd,0.05,1,1,0.02426812298,0.998389168,1.1,PASS
ramp,10,gamma_rtd,0.05498641,1,1,0.02434241297,0.9983793693,1.1,PASS
ramp,10,gamma_rtd,0.0604701,1,1,0.02443193597,0.9983675223,1.1,PASS
ramp,10,gamma_rtd,0.06650068,1,1,0.02453788422,0.9983534465,1.1,PASS
ramp,10,gamma_rtd,0.07313267,1,1,0.02466137275,0.9983369646,1.15,PASS
ramp,10,gamma_rtd,0.08042606,1,1,0.02480349051,0.9983178957,1.15,PASS
ramp,10,gamma_rtd,0.0884468,1,1,0.02496535613,0.9982960458,1.15,PASS
ramp,10,gamma_rtd,0.09726744,1,1,0.02514817535,0.9982711992,1.15,PASS
ramp,10,gamma_rtd,0.1,1,1,0.02520558974,0.9982633594,1.15,PASS
ramp,10,gamma_rtd,0.10696774,1,1,0.02535329173,0.9982431101,1.15,PASS
ramp,10,gamma_rtd,0.11763544,1,1,0.02558223199,0.9982114935,1.15,PASS
ramp,10,gamma_rtd,0.12936701,1,1,0.02583674156,0.9981760177,1.2,PASS
ramp,10,gamma_rtd,0.14226855,1,1,0.02611881487,0.9981362964,1.2,PASS
ramp,10,gamma_rtd,0.15645673,1,1,0.02643071945,0.9980918807,1.2,PASS
ramp,10,gamma_rtd,0.17205988,1,1,0.02677501801,0.9980422504,1.2,PASS
ramp,10,gamma_rtd,0.1892191,1,1,0.02715458725,0.9979868044,1.25,PASS
ramp,10,gamma_rtd,0.20808957,1,1,0.02757263851,0.99792485,1.25,PASS
ramp,10,gamma_rtd,0.22884197,1,1,0.02803273917,0.9978555896,1.3,PASS
ramp,10,gamma_rtd,0.25,1,1,0.02850193589,0.9977838014,1.3,PASS
ramp,10,gamma_rtd,0.25166396,1,1,0.02853883402,0.9977781063,1.3,PASS
ramp,10,gamma_rtd,0.27676195,1,1,0.02909527198,0.9976913456,1.3,PASS
ramp,10,gamma_rtd,0.30436292,1,1,0.02970683249,0.997594095,1.35,PASS
ramp,10,gamma_rtd,0.33471648,1,1,0.0303787557,0.9974849596,1.4,PASS
ramp,10,gamma_rtd,0.36809714,1,1,0.03111677504,0.9973623333,1.4,PASS
ramp,10,gamma_rtd,0.4048068,1,1,0.0319271519,0.9972243654,1.45,PASS
ramp,10,gamma_rtd,0.44517744,1,1,0.03281671108,0.9970689213,1.5,PASS
ramp,10,gamma_rtd,0.48957418,1,1,0.03379287992,0.9968935373,1.55,PASS
ramp,10,gamma_rtd,0.5,1,1,0.03402178479,0.9968516839,1.55,PASS
ramp,10,gamma_rtd,0.53839852,1,1,0.03486372574,0.9966953677,1.6,PASS
ramp,10,gamma_rtd,0.59209203,1,1,0.03603799625,0.9964711234,1.65,PASS
ramp,10,gamma_rtd,0.65114029,1,1,0.03732515691,0.9962170012,1.7,PASS
ramp,10,gamma_rtd,0.71607733,1,1,0.03873542894,0.9959286028,1.75,PASS
ramp,10,gamma_rtd,0.75,1,1,0.03946990885,0.9957742811,1.8,PASS
ramp,10,gamma_rtd,0.78749042,1,1,0.04027982226,0.9956008421,1.85,PASS
ramp,10,gamma_rtd,0.8660254,1,1,0.04197016488,0.9952278395,1.9,PASS
ramp,10,gamma_rtd,0.95239254,1,1,0.04381912494,0.994802803,2,PASS
ramp,10,gamma_rtd,1,1,1,0.04483378613,0.994562009,2.05,PASS
ramp,10,gamma_rtd,1.0473729,1,1,0.04584022105,0.9943178958,2.1,PASS
ramp,10,gamma_rtd,1.1518255,1,1,0.04804781954,0.9937640901,2.2,PASS
ramp,10,gamma_rtd,1.266695,1,1,0.0504571128,0.9931310078,2.3,PASS
ramp,10,gamma_rtd,1.3930202,1,1,0.05308406902,0.9924067534,2.45,PASS
ramp,10,gamma_rtd,1.5319435,1,1,0.05594535167,0.9915777403,2.6,FAIL
ramp,10,gamma_rtd,1.6847215,1,1,0.05905819164,0.9906285216,2.75,FAIL
ramp,10,gamma_rtd,1.8527357,1,1,0.06244020762,0.9895416351,2.9,FAIL
ramp,10,gamma_rtd,2,1,1,0.06536870189,0.9885540026,3.05,FAIL
ramp,10,gamma_rtd,2.0375056,1,1,0.06610915943,0.9882974795,3.1,FAIL
ramp,10,gamma_rtd,2.2407024,1,1,0.07008262984,0.9868742404,3.3,FAIL
ramp,10,gamma_rtd,2.4641635,1,1,0.07437763408,0.9852478912,3.5,FAIL
ramp,10,gamma_rtd,2.7099101,1,1,0.07901017041,0.9833922883,3.75,FAIL
ramp,10,gamma_rtd,2.9801645,1,1,0.08399474799,0.9812793766,4,FAIL
ramp,10,gamma_rtd,3,1,1,0.08435606419,0.9811215714,4,FAIL
ramp,10,gamma_rtd,3.2773709,1,1,0.08934393732,0.9788795109,4.3,FAIL
ramp,10,gamma_rtd,3.6042171,1,1,0.09506801586,0.9761618749,4.6,FAIL
ramp,10,gamma_rtd,3.7,1,1,0.09671439596,0.9753519398,4.7,FAIL
ramp,10,gamma_rtd,3.9636591,1,1,0.1011747688,0.9730949682,4.95,FAIL
ramp,10,gamma_rtd,4.3589477,1,1,0.1076695026,0.9696471105,5.3,FAIL
ramp,10,gamma_rtd,4.7936576,1,1,0.1145552933,0.9657869096,5.7,FAIL
ramp,10,gamma_rtd,5,1,1,0.1177334691,0.9639356097,5.9,FAIL
ramp,10,gamma_rtd,5.2717203,1,1,0.1218334608,0.9614836387,6.15,FAIL
ramp,10,gamma_rtd,5.7974594,1,1,0.1295042226,0.9567074884,6.6,FAIL
ramp,10,gamma_rtd,6.3756295,1,1,0.1375674595,0.9514296783,7.1,FAIL
ramp,10,gamma_rtd,7.0114594,1,1,0.1460235128,0.9456224369,7.65,FAIL
ramp,10,gamma_rtd,7.7106995,1,1,0.1548739381,0.939258884,8.25,FAIL
ramp,10,gamma_rtd,8.4796736,1,1,0.1641221552,0.9323128617,8.95,FAIL
ramp,10,gamma_rtd,9.325336,1,1,0.1737739576,0.9247587698,9.65,FAIL
ramp,10,gamma_rtd,10,1,1,0.1811279337,0.9188060265,10.25,FAIL
ramp,10,gamma_rtd,10.255335,1,1,0.1838378645,0.9165714584,10.5,FAIL
ramp,10,gamma_rtd,11.278081,1,1,0.1943253211,0.9077262268,11.4,FAIL
ramp,10,gamma_rtd,12.402823,1,1,0.2052507655,0.8981989643,12.35,FAIL
ramp,10,gamma_rtd,13.639734,1,1,0.2166315887,0.8879664638,13.45,FAIL
ramp,10,gamma_rtd,15,1,0.9999999995,0.2284880204,0.8770069248,14.65,FAIL
ramp,30,plug,0.05,1,1,0.01245723899,0.9996273249,1.1,PASS
ramp,30,plug,0.05498641,1,1,0.01251500184,0.999623879,1.1,PASS
ramp,30,plug,0.0604701,1,1,0.01257852531,0.9996200714,1.1,PASS
ramp,30,plug,0.06650068,1,1,0.01264838411,0.9996158622,1.1,PASS
ramp,30,plug,0.07313267,1,1,0.01272520984,0.9996112067,1.1,PASS
ramp,30,plug,0.08042606,1,1,0.01280969747,0.999606055,1.15,PASS
ramp,30,plug,0.0884468,1,1,0.01290261101,0.9996003508,1.15,PASS
ramp,30,plug,0.09726744,1,1,0.01300479095,0.999594031,1.15,PASS
ramp,30,plug,0.1,1,1,0.01303644549,0.9995920633,1.15,PASS
ramp,30,plug,0.10696774,1,1,0.01311714587,0.9995870239,1.15,PASS
ramp,30,plug,0.11763544,1,1,0.01324069984,0.9995792493,1.15,PASS
ramp,30,plug,0.12936701,1,1,0.0133765765,0.9995706167,1.2,PASS
ramp,30,plug,0.14226855,1,1,0.01352600494,0.9995610233,1.2,PASS
ramp,30,plug,0.15645673,1,1,0.01369031755,0.9995503522,1.2,PASS
ramp,30,plug,0.17205988,1,1,0.01387099387,0.9995384705,1.2,PASS
ramp,30,plug,0.1892191,1,1,0.01406969164,0.9995252271,1.25,PASS
ramp,30,plug,0.20808957,1,1,0.01428817897,0.9995104498,1.25,PASS
ramp,30,plug,0.22884197,1,1,0.01452841818,0.9994939409,1.3,PASS
ramp,30,plug,0.25,1,1,0.01477335972,0.999476831,1.3,PASS
ramp,30,plug,0.25166396,1,1,0.01479261609,0.9994754736,1.3,PASS
ramp,30,plug,0.27676195,1,1,0.01508307235,0.9994547893,1.35,PASS
ramp,30,plug,0.30436292,1,1,0.01540248821,0.9994315866,1.35,PASS
ramp,30,plug,0.33471648,1,1,0.01575365368,0.9994055223,1.4,PASS
ramp,30,plug,0.36809714,1,1,0.01613976826,0.9993761958,1.4,PASS
ramp,30,plug,0.4048068,1,1,0.01656430661,0.9993431438,1.45,PASS
ramp,30,plug,0.44517744,1,1,0.01703102512,0.9993058311,1.5,PASS
ramp,30,plug,0.48957418,1,1,0.01754410265,0.9992636331,1.55,PASS
ramp,30,plug,0.5,1,1,0.01766459409,0.9992535455,1.55,PASS
ramp,30,plug,0.53839852,1,1,0.01810814331,0.9992158211,1.6,PASS
ramp,30,plug,0.59209203,1,1,0.01872817468,0.9991615454,1.65,PASS
ramp,30,plug,0.65114029,1,1,0.0194097143,0.9990998122,1.7,PASS
ramp,30,plug,0.71607733,1,1,0.02015873475,0.9990294633,1.75,PASS
ramp,30,plug,0.75,1,1,0.02054990624,0.9989916855,1.8,PASS
ramp,30,plug,0.78749042,1,1,0.02098197826,0.9989491265,1.85,PASS
ramp,30,plug,0.8660254,1,1,0.02188665215,0.9988572032,1.9,PASS
ramp,30,plug,0.95239254,1,1,0.0228807882,0.9987518026,2,PASS
ramp,30,plug,1,1,1,0.02342839725,0.9986917836,2.05,PASS
ramp,30,plug,1.0473729,1,1,0.02397301995,0.998630712,2.1,PASS
ramp,30,plug,1.1518255,1,1,0.02517294607,0.998491311,2.2,PASS
ramp,30,plug,1.266695,1,1,0.02649096005,0.9983305187,2.3,PASS
ramp,30,plug,1.3930202,1,1,0.02793863362,0.9981446761,2.45,PASS
ramp,30,plug,1.5319435,1,1,0.02952832099,0.9979294935,2.6,PASS
ramp,30,plug,1.6847215,1,1,0.03127377729,0.9976798711,2.75,PASS
ramp,30,plug,1.8527357,1,1,0.03318991472,0.997389792,2.9,PASS
ramp,30,plug,2,1,1,0.03486639328,0.9971222597,3.05,PASS
ramp,30,plug,2.0375056,1,1,0.03529284686,0.9970521648,3.1,PASS
ramp,30,plug,2.2407024,1,1,0.03760044057,0.9966585621,3.3,PASS
ramp,30,plug,2.4641635,1,1,0.04013189157,0.9961990621,3.5,PASS
ramp,30,plug,2.7099101,1,1,0.04290823244,0.9956619184,3.75,PASS
ramp,30,plug,2.9801645,1,1,0.04595215,0.9950332916,4.05,PASS
ramp,30,plug,3,1,1,0.04617526966,0.9949855866,4.05,PASS
ramp,30,plug,3.2773709,1,1,0.04928840055,0.99429683,4.35,PASS
ramp,30,plug,3.6042171,1,1,0.05294374619,0.9934332749,4.65,PASS
ramp,30,plug,3.7,1,1,0.05401223471,0.9931697135,4.75,PASS
ramp,30,plug,3.9636591,1,1,0.05694686063,0.9924200274,5,PASS
ramp,30,plug,4.3589477,1,1,0.06132903131,0.9912304598,5.4,PASS
ramp,30,plug,4.7936576,1,1,0.06612361395,0.9898334374,5.85,PASS
ramp,30,plug,5,1,1,0.06839042476,0.9891384342,6.05,PASS
ramp,30,plug,5.2717203,1,1,0.07136636205,0.9881925695,6.3,PASS
ramp,30,plug,5.7974594,1,1,0.07709573499,0.9862653571,6.85,PASS
ramp,30,plug,6.3756295,1,1,0.0833520646,0.984002624,7.45,PASS
ramp,30,plug,7.0114594,1,1,0.09017863009,0.9813472804,8.05,FAIL
ramp,30,plug,7.7106995,1,1,0.09762044514,0.978233789,8.75,FAIL
ramp,30,plug,8.4796736,1,1,0.1057245834,0.9745871135,9.55,FAIL
ramp,30,plug,9.325336,1,1,0.1145397153,0.9703219682,10.4,FAIL
ramp,30,plug,10,1,1,0.1214988832,0.9667384404,11.05,FAIL
ramp,30,plug,10.255335,1,1,0.1241154321,0.9653422896,11.3,FAIL
ramp,30,plug,11.278081,1,1,0.1345011716,0.9595411595,12.35,FAIL
ramp,30,plug,12.402823,1,1,0.1457459016,0.9528007065,13.45,FAIL
ramp,30,plug,13.639734,1,1,0.157895421,0.9449939094,14.7,FAIL
ramp,30,plug,15,1,1,0.1709915351,0.935986303,16.05,FAIL
ramp,30,cstr,0.05,1,1,0.01279427622,0.9996069943,1.15,PASS
ramp,30,cstr,0.05498641,1,1,0.01284783761,0.9996037137,1.15,PASS
ramp,30,cstr,0.0604701,1,1,0.01290750391,0.9996000431,1.15,PASS
ramp,30,cstr,0.06650068,1,1,0.01297382342,0.9995959433,1.15,PASS
ramp,30,cstr,0.07313267,1,1,0.01304740139,0.9995913704,1.15,PASS
ramp,30,cstr,0.08042606,1,1,0.01312890672,0.9995862748,1.15,PASS
ramp,30,cstr,0.0884468,1,1,0.01321907764,0.9995806006,1.15,PASS
ramp,30,cstr,0.09726744,1,1,0.01331872905,0.999574285,1.15,PASS
ramp,30,cstr,0.1,1,1,0.01334968327,0.9995723137,1.2,PASS
ramp,30,cstr,0.10696774,1,1,0.01342875939,0.9995672569,1.2,PASS
ramp,30,cstr,0.11763544,1,1,0.01355015913,0.9995594359,1.2,PASS
ramp,30,cstr,0.12936701,1,1,0.01368401907,0.999550731,1.2,PASS
ramp,30,cstr,0.14226855,1,1,0.01383154012,0.9995410394,1.2,PASS
ramp,30,cstr,0.15645673,1,1,0.01399404338,0.9995302441,1.25,PASS
ramp,30,cstr,0.17205988,1,1,0.01417298186,0.9995182122,1.25,PASS
ramp,30,cstr,0.1892191,1,1,0.01436995208,0.9995047924,1.25,PASS
ramp,30,cstr,0.20808957,1,1,0.01458670785,0.9994898122,1.3,PASS
ramp,30,cstr,0.22884197,1,1,0.01482517486,0.9994730747,1.3,PASS
ramp,30,cstr,0.25,1,1,0.01506834183,0.9994557301,1.35,PASS
ramp,30,cstr,0.25166396,1,1,0.01508746572,0.9994543542,1.35,PASS
ramp,30,cstr,0.27676195,1,1,0.01537589777,0.9994333923,1.35,PASS
ramp,30,cstr,0.30436292,1,1,0.01569301094,0.9994098921,1.4,PASS
ramp,30,cstr,0.33471648,1,1,0.01604158778,0.9993835121,1.4,PASS
ramp,30,cstr,0.36809714,1,1,0.01642467502,0.9993538588,1.45,PASS
ramp,30,cstr,0.4048068,1,1,0.01684560678,0.9993204775,1.5,PASS
ramp,30,cstr,0.44517744,1,1,0.01730802895,0.9992828428,1.5,PASS
ramp,30,cstr,0.48957418,1,1,0.01781592647,0.9992403459,1.55,PASS
ramp,30,cstr,0.5,1,1,0.01793509551,0.9992301988,1.6,PASS
ramp,30,cstr,0.53839852,1,1,0.01837365109,0.9991922808,1.6,PASS
ramp,30,cstr,0.59209203,1,1,0.01898595237,0.9991378271,1.65,PASS
ramp,30,cstr,0.65114029,1,1,0.01965800924,0.9990760307,1.75,PASS
ramp,30,cstr,0.71607733,1,1,0.02039546452,0.9990057805,1.8,PASS
ramp,30,cstr,0.75,1,1,0.0207800178,0.9989681357,1.85,PASS
ramp,30,cstr,0.78749042,1,1,0.02120446008,0.9989257812,1.85,PASS
ramp,30,cstr,0.8660254,1,1,0.02209167408,0.9988345219,1.95,PASS
ramp,30,cstr,0.95239254,1,1,0.0230643593,0.9987302383,2.05,PASS
ramp,30,cstr,1,1,1,0.02359916808,0.9986710163,2.1,PASS
ramp,30,cstr,1.0473729,1,1,0.02413038125,0.9986108703,2.1,PASS
ramp,30,cstr,1.1518255,1,1,0.02529825694,0.998474011,2.25,PASS
ramp,30,cstr,1.266695,1,1,0.02657719267,0.9983168491,2.35,PASS
ramp,30,cstr,1.3930202,1,1,0.02797711806,0.9981361017,2.45,PASS
ramp,30,cstr,1.5319435,1,1,0.02950871805,0.9979279381,2.6,PASS
ramp,30,cstr,1.6847215,1,1,0.03118345644,0.9976878929,2.75,PASS
ramp,30,cstr,1.8527357,1,1,0.03301359202,0.9974107683,2.95,PASS
ramp,30,cstr,2,1,1,0.0346076882,0.9971568209,3.05,PASS
ramp,30,cstr,2.0375056,1,1,0.03501218079,0.9970905264,3.1,PASS
ramp,30,cstr,2.2407024,1,1,0.03719306175,0.9967201706,3.3,PASS
ramp,30,cstr,2.4641635,1,1,0.03957082022,0.9962916192,3.55,PASS
ramp,30,cstr,2.7099101,1,1,0.04216072266,0.9957955748,3.8,PASS
ramp,30,cstr,2.9801645,1,1,0.04497861993,0.9952213912,4.05,PASS
ramp,30,cstr,3,1,1,0.04518418924,0.9951781034,4.05,PASS
ramp,30,cstr,3.2773709,1,1,0.04804081151,0.9945569487,4.35,PASS
ramp,30,cstr,3.6042171,1,1,0.05136387465,0.9937885418,4.65,PASS
ramp,30,cstr,3.7,1,1,0.05232886163,0.9935562243,4.75,PASS
ramp,30,cstr,3.9636591,1,1,0.0549644588,0.9929007909,5,PASS
ramp,30,cstr,4.3589477,1,1,0.05885905809,0.9918765861,5.4,PASS
ramp,30,cstr,4.7936576,1,1,0.06306377575,0.9906970725,5.8,PASS
ramp,30,cstr,5,1,1,0.06503113017,0.9901191724,6,PASS
ramp,30,cstr,5.2717203,1,1,0.0675941011,0.9893416835,6.25,PASS
ramp,30,cstr,5.7974594,1,1,0.07246471926,0.9877882267,6.7,PASS
ramp,30,cstr,6.3756295,1,1,0.07768937341,0.9860130243,7.2,PASS
ramp,30,cstr,7.0114594,1,1,0.0832807937,0.9839911084,7.75,FAIL
ramp,30,cstr,7.7106995,1,0.9999999998,0.08925070036,0.9816964689,8.35,FAIL
ramp,30,cstr,8.4796736,1,0.9999999984,0.09560988062,0.9791023537,9,FAIL
ramp,30,cstr,9.325336,1,0.9999999904,0.1023683334,0.976181622,9.65,FAIL
ramp,30,cstr,10,1,0.9999999674,0.1075942404,0.9738116025,10.15,FAIL
ramp,30,cstr,10.255335,1,0.9999999503,0.1095354687,0.9729071558,10.35,FAIL
ramp,30,cstr,11.278081,1,0.9999997774,0.1171203464,0.9692523395,11.1,FAIL
ramp,30,cstr,12.402823,1,0.9999991258,0.1251319396,0.9651916254,11.95,FAIL
ramp,30,cstr,13.639734,1,0.9999969579,0.1335794051,0.9607012084,12.8,FAIL
ramp,30,cstr,15,1,0.999990519,0.1424723497,0.9557598413,13.7,FAIL
ramp,30,gamma_rtd,0.05,1,1,0.01257574864,0.999620238,1.1,PASS
ramp,30,gamma_rtd,0.05498641,1,1,0.01261426378,0.9996179205,1.1,PASS
ramp,30,gamma_rtd,0.0604701,1,1,0.01266067824,0.9996151183,1.1,PASS
ramp,30,gamma_rtd,0.06650068,1,1,0.0127156114,0.9996117887,1.1,PASS
ramp,30,gamma_rtd,0.07313267,1,1,0.01277964301,0.9996078895,1.15,PASS
ramp,30,gamma_rtd,0.08042606,1,1,0.01285333992,0.9996033778,1.15,PASS
ramp,30,gamma_rtd,0.0884468,1,1,0.01293728507,0.9995982074,1.15,PASS
ramp,30,gamma_rtd,0.09726744,1,1,0.0130321075,0.999592327,1.15,PASS
ramp,30,gamma_rtd,0.1,1,1,0.01306188891,0.9995904713,1.15,PASS
ramp,30,gamma_rtd,0.10696774,1,1,0.0131385089,0.9995856778,1.15,PASS
ramp,30,gamma_rtd,0.11763544,1,1,0.0132572874,0.999578192,1.15,PASS
ramp,30,gamma_rtd,0.12936701,1,1,0.01338935653,0.9995697902,1.2,PASS
ramp,30,gamma_rtd,0.14226855,1,1,0.01353576141,0.99956038,1.2,PASS
ramp,30,gamma_rtd,0.15645673,1,1,0.01369769196,0.9995498539,1.2,PASS
ramp,30,gamma_rtd,0.17205988,1,1,0.01387649529,0.9995380871,1.2,PASS
ramp,30,gamma_rtd,0.1892191,1,1,0.01407368655,0.999524935,1.25,PASS
ramp,30,gamma_rtd,0.20808957,1,1,0.01429096113,0.9995102309,1.25,PASS
ramp,30,gamma_rtd,0.22884197,1,1,0.0145302075,0.9994937819,1.3,PASS
ramp,30,gamma_rtd,0.25,1,1,0.01477431758,0.9994767202,1.3,PASS
ramp,30,gamma_rtd,0.25166396,1,1,0.0147935206,0.9994753661,1.3,PASS
ramp,30,gamma_rtd,0.27676195,1,1,0.01508321848,0.9994547271,1.35,PASS
ramp,30,gamma_rtd,0.30436292,1,1,0.01540185954,0.9994315692,1.35,PASS
ramp,30,gamma_rtd,0.33471648,1,1,0.01575226246,0.9994055506,1.4,PASS
ramp,30,gamma_rtd,0.36809714,1,1,0.01613752851,0.999376276,1.4,PASS
ramp,30,gamma_rtd,0.4048068,1,1,0.01656106609,0.9993432872,1.45,PASS
ramp,30,gamma_rtd,0.44517744,1,1,0.01702661724,0.9993060527,1.5,PASS
ramp,30,gamma_rtd,0.48957418,1,1,0.01753828783,0.9992639549,1.55,PASS
ramp,30,gamma_rtd,0.5,1,1,0.01765839482,0.9992538948,1.55,PASS
ramp,30,gamma_rtd,0.53839852,1,1,0.01810057912,0.9992162745,1.6,PASS
ramp,30,gamma_rtd,0.59209203,1,1,0.01871842347,0.9991621734,1.65,PASS
ramp,30,gamma_rtd,0.65114029,1,1,0.01939722172,0.9991006726,1.7,PASS
ramp,30,gamma_rtd,0.71607733,1,1,0.02014288483,0.9990306279,1.75,PASS
ramp,30,gamma_rtd,0.75,1,1,0.02053205974,0.9989930377,1.8,PASS
ramp,30,gamma_rtd,0.78749042,1,1,0.0209618776,0.9989506995,1.85,PASS
ramp,30,gamma_rtd,0.8660254,1,1,0.02186126641,0.9988593171,1.9,PASS
ramp,30,gamma_rtd,0.95239254,1,1,0.02284877017,0.9987546383,2,PASS
ramp,30,gamma_rtd,1,1,1,0.02339238657,0.9986950754,2.05,PASS
ramp,30,gamma_rtd,1.0473729,1,1,0.02393281388,0.9986344995,2.1,PASS
ramp,30,gamma_rtd,1.1518255,1,1,0.02512258614,0.9984963581,2.2,PASS
ramp,30,gamma_rtd,1.266695,1,1,0.02642809994,0.998337224,2.3,PASS
ramp,30,gamma_rtd,1.3930202,1,1,0.02786025485,0.9981535801,2.45,PASS
ramp,30,gamma_rtd,1.5319435,1,1,0.02943090343,0.9979412878,2.6,PASS
ramp,30,gamma_rtd,1.6847215,1,1,0.03115291732,0.9976954777,2.75,PASS
ramp,30,gamma_rtd,1.8527357,1,1,0.03304025543,0.9974104218,2.9,PASS
ramp,30,gamma_rtd,2,1,1,0.03468896286,0.9971480539,3.05,PASS
ramp,30,gamma_rtd,2.0375056,1,1,0.03510803039,0.9970793847,3.1,PASS
ramp,30,gamma_rtd,2.2407024,1,1,0.0373725731,0.9966944526,3.3,PASS
ramp,30,gamma_rtd,2.4641635,1,1,0.03985149216,0.9962463364,3.5,PASS
ramp,30,gamma_rtd,2.7099101,1,1,0.0425637248,0.9957241476,3.75,PASS
ramp,30,gamma_rtd,2.9801645,1,1,0.04552957718,0.9951151438,4.05,PASS
ramp,30,gamma_rtd,3,1,1,0.04574656046,0.9950690359,4.05,PASS
ramp,30,gamma_rtd,3.2773709,1,1,0.04877074531,0.9944044457,4.35,PASS
ramp,30,gamma_rtd,3.6042171,1,1,0.05231031418,0.9935747237,4.65,PASS
ramp,30,gamma_rtd,3.7,1,1,0.05334264809,0.9933222371,4.75,PASS
ramp,30,gamma_rtd,3.9636591,1,1,0.05617272253,0.9926058587,5,PASS
ramp,30,gamma_rtd,4.3589477,1,1,0.06038368518,0.9914745836,5.4,PASS
ramp,30,gamma_rtd,4.7936576,1,1,0.06497005725,0.9901541174,5.85,PASS
ramp,30,gamma_rtd,5,1,1,0.0671306489,0.9895003499,6.05,PASS
ramp,30,gamma_rtd,5.2717203,1,1,0.06995962422,0.9886138113,6.3,PASS
ramp,30,gamma_rtd,5.7974594,1,1,0.07538079686,0.986818836,6.85,PASS
ramp,30,gamma_rtd,6.3756295,1,1,0.08126219142,0.984729951,7.4,PASS
ramp,30,gamma_rtd,7.0114594,1,1,0.08763207919,0.9823034092,8.05,FAIL
ramp,30,gamma_rtd,7.7106995,1,1,0.09451770378,0.9794910591,8.75,FAIL
ramp,30,gamma_rtd,8.4796736,1,1,0.1019444896,0.9762407077,9.5,FAIL
ramp,30,gamma_rtd,9.325336,1,1,0.1099352004,0.9724967928,10.3,FAIL
ramp,30,gamma_rtd,10,1,1,0.1161773671,0.9693976848,10.95,FAIL
ramp,30,gamma_rtd,10.255335,1,1,0.1185091418,0.9682013856,11.2,FAIL
ramp,30,gamma_rtd,11.278081,1,1,0.1276815246,0.9632954963,12.2,FAIL
ramp,30,gamma_rtd,12.402823,1,1,0.137463113,0.9577206081,13.25,FAIL
ramp,30,gamma_rtd,13.639734,1,1,0.147860245,0.9514203222,14.35,FAIL
ramp,30,gamma_rtd,15,1,1,0.1588752706,0.9443419717,15.6,FAIL
ramp,60,plug,0.05,1,1,0.006282395333,0.9999049629,1.1,PASS
ramp,60,plug,0.05498641,1,1,0.006311528449,0.9999040818,1.1,PASS
ramp,60,plug,0.0604701,1,1,0.00634356695,0.9999031082,1.1,PASS
ramp,60,plug,0.06650068,1,1,0.006378800688,0.9999020318,1.1,PASS
ramp,60,plug,0.07313267,1,1,0.006417548206,0.9999008413,1.1,PASS
ramp,60,plug,0.08042606,1,1,0.006460160006,0.9998995238,1.15,PASS
ramp,60,plug,0.0884468,1,1,0.006507021414,0.9998980649,1.15,PASS
ramp,60,plug,0.09726744,1,1,0.006558556318,0.9998964485,1.15,PASS
ramp,60,plug,0.1,1,1,0.00657452141,0.9998959452,1.15,PASS
ramp,60,plug,0.10696774,1,1,0.006615226907,0.9998946562,1.15,PASS
ramp,60,plug,0.11763544,1,1,0.006677547708,0.9998926675,1.15,PASS
ramp,60,plug,0.12936701,1,1,0.006746083865,0.9998904592,1.2,PASS
ramp,60,plug,0.14226855,1,1,0.006821455273,0.9998880047,1.2,PASS
ramp,60,plug,0.15645673,1,1,0.006904338838,0.9998852743,1.2,PASS
ramp,60,plug,0.17205988,1,1,0.006995482583,0.9998822339,1.2,PASS
ramp,60,plug,0.1892191,1,1,0.007095716642,0.9998788446,1.25,PASS
ramp,60,plug,0.20808957,1,1,0.007205940343,0.9998750621,1.25,PASS
ramp,60,plug,0.22884197,1,1,0.007327147204,0.9998708358,1.3,PASS
ramp,60,plug,0.25,1,1,0.007450724825,0.9998664549,1.3,PASS
ramp,60,plug,0.25166396,1,1,0.007460441798,0.9998661073,1.3,PASS
ramp,60,plug,0.27676195,1,1,0.007607007415,0.99986081,1.35,PASS
ramp,60,plug,0.30436292,1,1,0.007768188011,0.9998548666,1.35,PASS
ramp,60,plug,0.33471648,1,1,0.007945416781,0.9998481883,1.4,PASS
ramp,60,plug,0.36809714,1,1,0.008140302396,0.999840672,1.4,PASS
ramp,60,plug,0.4048068,1,1,0.008354603117,0.9998321984,1.45,PASS
ramp,60,plug,0.44517744,1,1,0.00859023641,0.9998226288,1.5,PASS
ramp,60,plug,0.48957418,1,1,0.008849322929,0.9998118018,1.55,PASS
ramp,60,plug,0.5,1,1,0.008910165963,0.9998092131,1.55,PASS
ramp,60,plug,0.53839852,1,1,0.00913419682,0.9997995288,1.6,PASS
ramp,60,plug,0.59209203,1,1,0.009447416264,0.9997855895,1.65,PASS
ramp,60,plug,0.65114029,1,1,0.009791791643,0.9997697258,1.7,PASS
ramp,60,plug,0.71607733,1,1,0.01017039011,0.9997516356,1.75,PASS
ramp,60,plug,0.75,1,1,0.01036813972,0.9997419166,1.8,PASS
ramp,60,plug,0.78749042,1,1,0.01058662777,0.9997309624,1.85,PASS
ramp,60,plug,0.8660254,1,1,0.01104421008,0.9997072878,1.9,PASS
ramp,60,plug,0.95239254,1,1,0.01154723829,0.9996801175,2,PASS
ramp,60,plug,1,1,1,0.01182442427,0.9996646339,2.05,PASS
ramp,60,plug,1.0473729,1,1,0.01210017327,0.9996488698,2.1,PASS
ramp,60,plug,1.1518255,1,1,0.01270794659,0.9996128551,2.2,PASS
ramp,60,plug,1.266695,1,1,0.0133759416,0.999571259,2.3,PASS
ramp,60,plug,1.3930202,1,1,0.01411011351,0.9995231138,2.45,PASS
ramp,60,plug,1.5319435,1,1,0.01491691977,0.9994672761,2.6,PASS
ramp,60,plug,1.6847215,1,1,0.01580350365,0.9994023849,2.75,PASS
ramp,60,plug,1.8527357,1,1,0.016777668,0.9993268253,2.9,PASS
ramp,60,plug,2,1,1,0.01763077849,0.9992569987,3.05,PASS
ramp,60,plug,2.0375056,1,1,0.01784792345,0.9992386809,3.1,PASS
ramp,60,plug,2.2407024,1,1,0.01902366604,0.9991356672,3.3,PASS
ramp,60,plug,2.4641635,1,1,0.02031511757,0.9990150721,3.5,PASS
ramp,60,plug,2.7099101,1,1,0.02173350082,0.9988736651,3.75,PASS
ramp,60,plug,2.9801645,1,1,0.02329104974,0.998707606,4.05,PASS
ramp,60,plug,3,1,1,0.02340529574,0.9986949825,4.05,PASS
ramp,60,plug,3.2773709,1,1,0.02500117211,0.9985123216,4.35,PASS
ramp,60,plug,3.6042171,1,1,0.02687850095,0.9982823717,4.65,PASS
ramp,60,plug,3.7,1,1,0.02742798991,0.9982119901,4.75,PASS
ramp,60,plug,3.9636591,1,1,0.02893894488,0.9980112934,5,PASS
ramp,60,plug,4.3589477,1,1,0.03119994255,0.9976913917,5.4,PASS
ramp,60,plug,4.7936576,1,1,0.03368041835,0.9973135334,5.85,PASS
ramp,60,plug,5,1,1,0.03485562066,0.9971247174,6.05,PASS
ramp,60,plug,5.2717203,1,1,0.03640096319,0.9968668761,6.3,PASS
ramp,60,plug,5.7974594,1,1,0.03938402035,0.996338549,6.85,PASS
ramp,60,plug,6.3756295,1,1,0.04265380374,0.9957133291,7.45,PASS
ramp,60,plug,7.0114594,1,1,0.04623669742,0.9949731794,8.05,PASS
ramp,60,plug,7.7106995,1,1,0.05016111076,0.9940968197,8.75,PASS
ramp,60,plug,8.4796736,1,1,0.05445772803,0.9930591586,9.55,PASS
ramp,60,plug,9.325336,1,1,0.05915958603,0.9918306799,10.4,PASS
ramp,60,plug,10,1,1,0.06289319021,0.9907865035,11.05,PASS
ramp,60,plug,10.255335,1,1,0.06430212469,0.9903767577,11.3,PASS
ramp,60,plug,11.278081,1,1,0.0699231708,0.9886569117,12.35,PASS
ramp,60,plug,12.402823,1,1,0.07606313925,0.9866239189,13.45,PASS
ramp,60,plug,13.639734,1,1,0.08276470309,0.9842230081,14.7,PASS
ramp,60,plug,15,1,1,0.09007296779,0.9813908459,16.05,FAIL
ramp,60,cstr,0.05,1,1,0.006452394141,0.9998997641,1.15,PASS
ramp,60,cstr,0.05498641,1,1,0.006479412576,0.9998989251,1.15,PASS
ramp,60,cstr,0.0604701,1,1,0.006509511518,0.9998979863,1.15,PASS
ramp,60,cstr,0.06650068,1,1,0.006542967934,0.9998969377,1.15,PASS
ramp,60,cstr,0.07313267,1,1,0.006580087657,0.999895768,1.15,PASS
ramp,60,cstr,0.08042606,1,1,0.006621208771,0.9998944646,1.15,PASS
ramp,60,cstr,0.0884468,1,1,0.006666704551,0.999893013,1.15,PASS
ramp,60,cstr,0.09726744,1,1,0.0067169872,0.9998913972,1.15,PASS
ramp,60,cstr,0.1,1,1,0.006732607021,0.9998908928,1.2,PASS
ramp,60,cstr,0.10696774,1,1,0.006772511381,0.9998895988,1.2,PASS
ramp,60,cstr,0.11763544,1,1,0.006833778634,0.9998875974,1.2,PASS
ramp,60,cstr,0.12936701,1,1,0.006901341636,0.9998853694,1.2,PASS
ramp,60,cstr,0.14226855,1,1,0.006975809293,0.9998828885,1.2,PASS
ramp,60,cstr,0.15645673,1,1,0.007057852032,0.9998801245,1.25,PASS
ramp,60,cstr,0.17205988,1,1,0.007148207907,0.9998770431,1.25,PASS
ramp,60,cstr,0.1892191,1,1,0.007247688776,0.9998736054,1.25,PASS
ramp,60,cstr,0.20808957,1,1,0.007357187568,0.9998697668,1.3,PASS
ramp,60,cstr,0.22884197,1,1,0.007477686126,0.9998654764,1.3,PASS
ramp,60,cstr,0.25,1,1,0.00760059549,0.9998610286,1.35,PASS
ramp,60,cstr,0.25166396,1,1,0.00761026329,0.9998606757,1.35,PASS
ramp,60,cstr,0.27676195,1,1,0.007756104571,0.9998552977,1.35,PASS
ramp,60,cstr,0.30436292,1,1,0.007916511968,0.9998492652,1.4,PASS
ramp,60,cstr,0.33471648,1,1,0.008092915034,0.9998424893,1.4,PASS
ramp,60,cstr,0.36809714,1,1,0.00828688296,0.9998348672,1.45,PASS
ramp,60,cstr,0.4048068,1,1,0.008500137719,0.99982628,1.5,PASS
ramp,60,cstr,0.44517744,1,1,0.008734568095,0.9998165897,1.5,PASS
ramp,60,cstr,0.48957418,1,1,0.00899224554,0.9998056361,1.55,PASS
ramp,60,cstr,0.5,1,1,0.009052734704,0.9998030189,1.6,PASS
ramp,60,cstr,0.53839852,1,1,0.009275440688,0.9997932326,1.6,PASS
ramp,60,cstr,0.59209203,1,1,0.009586642025,0.9997791617,1.65,PASS
ramp,60,cstr,0.65114029,1,1,0.009928575442,0.9997631694,1.75,PASS
ramp,60,cstr,0.71607733,1,1,0.01030422604,0.9997449584,1.8,PASS
ramp,60,cstr,0.75,1,1,0.01050029936,0.9997351863,1.85,PASS
ramp,60,cstr,0.78749042,1,1,0.01071686113,0.9997241804,1.85,PASS
ramp,60,cstr,0.8660254,1,1,0.01117005541,0.999700427,1.95,PASS
ramp,60,cstr,0.95239254,1,1,0.01166771804,0.9996732181,2.05,PASS
ramp,60,cstr,1,1,1,0.01194171135,0.9996577358,2.1,PASS
ramp,60,cstr,1.0473729,1,1,0.01221412122,0.9996419895,2.1,PASS
ramp,60,cstr,1.1518255,1,1,0.01281393109,0.9996060767,2.25,PASS
ramp,60,cstr,1.266695,1,1,0.01347224074,0.9995646969,2.35,PASS
ramp,60,cstr,1.3930202,1,1,0.01419460429,0.9995169275,2.45,PASS
ramp,60,cstr,1.5319435,1,1,0.01498707369,0.99946168,2.6,PASS
ramp,60,cstr,1.6847215,1,1,0.01585623604,0.99939767,2.75,PASS
ramp,60,cstr,1.8527357,1,1,0.01680925283,0.9993233819,2.95,PASS
ramp,60,cstr,2,1,1,0.01764214007,0.999254948,3.1,PASS
ramp,60,cstr,2.0375056,1,1,0.01785389928,0.9992370273,3.1,PASS
ramp,60,cstr,2.2407024,1,1,0.01899860408,0.9991364963,3.3,PASS
ramp,60,cstr,2.4641635,1,1,0.02025248811,0.9990193012,3.55,PASS
ramp,60,cstr,2.7099101,1,1,0.02162540087,0.9988825112,3.8,PASS
ramp,60,cstr,2.9801645,1,1,0.02312795414,0.9987226768,4.05,PASS
ramp,60,cstr,3,1,1,0.02323793468,0.9987105625,4.1,PASS
ramp,60,cstr,3.2773709,1,1,0.0247715489,0.9985357444,4.35,PASS
ramp,60,cstr,3.6042171,1,1,0.02656839528,0.9983169582,4.7,PASS
ramp,60,cstr,3.7,1,1,0.02709284577,0.9982502658,4.75,PASS
ramp,60,cstr,3.9636591,1,1,0.02853152011,0.9980607516,5.05,PASS
ramp,60,cstr,4.3589477,1,1,0.03067475956,0.9977606262,5.45,PASS
ramp,60,cstr,4.7936576,1,1,0.03301273086,0.997409021,5.85,PASS
ramp,60,cstr,5,1,1,0.03411549668,0.997234438,6.05,PASS
ramp,60,cstr,5.2717203,1,1,0.03556077814,0.9969971737,6.35,PASS
ramp,60,cstr,5.7974594,1,1,0.03833488615,0.996514978,6.85,PASS
ramp,60,cstr,6.3756295,1,1,0.04135155745,0.995950843,7.45,PASS
ramp,60,cstr,7.0114594,1,1,0.04462765084,0.9952915626,8.05,PASS
ramp,60,cstr,7.7106995,1,1,0.04818018277,0.9945222038,8.75,PASS
ramp,60,cstr,8.4796736,1,1,0.05202609911,0.9936260244,9.45,PASS
ramp,60,cstr,9.325336,1,1,0.0561820313,0.9925844309,10.25,PASS
ramp,60,cstr,10,1,1,0.05944266498,0.9917146093,10.9,PASS
ramp,60,cstr,10.255335,1,1,0.06066405462,0.9913769841,11.1,PASS
ramp,60,cstr,11.278081,1,1,0.06548747034,0.9899814615,12.05,PASS
ramp,60,cstr,12.402823,1,1,0.07066663304,0.9883739783,13.05,PASS
ramp,60,cstr,13.639734,1,1,0.07621484008,0.9865291706,14.15,PASS
ramp,60,cstr,15,1,0.9999999999,0.08214429521,0.9844204376,15.3,FAIL
ramp,60,gamma_rtd,0.05,1,1,0.006342167246,0.9999031508,1.1,PASS
ramp,60,gamma_rtd,0.05498641,1,1,0.006361593177,0.9999025582,1.1,PASS
ramp,60,gamma_rtd,0.0604701,1,1,0.006385003519,0.9999018416,1.1,PASS
ramp,60,gamma_rtd,0.06650068,1,1,0.006412710805,0.9999009902,1.1,PASS
ramp,60,gamma_rtd,0.07313267,1,1,0.00644500765,0.999899993,1.15,PASS
ramp,60,gamma_rtd,0.08042606,1,1,0.006482180209,0.9998988392,1.15,PASS
ramp,60,gamma_rtd,0.0884468,1,1,0.006524522854,0.9998975169,1.15,PASS
ramp,60,gamma_rtd,0.09726744,1,1,0.006572353306,0.9998960128,1.15,PASS
ramp,60,gamma_rtd,0.1,1,1,0.006587375961,0.9998955382,1.15,PASS
ramp,60,gamma_rtd,0.10696774,1,1,0.006626026063,0.9998943121,1.15,PASS
ramp,60,gamma_rtd,0.11763544,1,1,0.006685944455,0.9998923971,1.15,PASS
ramp,60,gamma_rtd,0.12936701,1,1,0.006752570225,0.9998902477,1.2,PASS
ramp,60,gamma_rtd,0.14226855,1,1,0.006826431781,0.99988784,1.2,PASS
ramp,60,gamma_rtd,0.15645673,1,1,0.006908130946,0.9998851465,1.2,PASS
ramp,60,gamma_rtd,0.17205988,1,1,0.00699834929,0.9998821351,1.2,PASS
ramp,60,gamma_rtd,0.1892191,1,1,0.007097853758,0.9998787687,1.25,PASS
ramp,60,gamma_rtd,0.20808957,1,1,0.00720750296,0.9998750043,1.25,PASS
ramp,60,gamma_rtd,0.22884197,1,1,0.007328253883,0.9998707923,1.3,PASS
ramp,60,gamma_rtd,0.25,1,1,0.007451474969,0.9998664225,1.3,PASS
ramp,60,gamma_rtd,0.25166396,1,1,0.007461168892,0.9998660756,1.3,PASS
ramp,60,gamma_rtd,0.27676195,1,1,0.007607424451,0.9998607881,1.35,PASS
ramp,60,gamma_rtd,0.30436292,1,1,0.007768320213,0.9998548534,1.35,PASS
ramp,60,gamma_rtd,0.33471648,1,1,0.007945289583,0.9998481833,1.4,PASS
ramp,60,gamma_rtd,0.36809714,1,1,0.00813991157,0.9998406754,1.4,PASS
ramp,60,gamma_rtd,0.4048068,1,1,0.008353923929,0.9998322111,1.45,PASS
ramp,60,gamma_rtd,0.44517744,1,1,0.008589237453,0.9998226524,1.5,PASS
ramp,60,gamma_rtd,0.48957418,1,1,0.008847952334,0.9998118388,1.55,PASS
ramp,60,gamma_rtd,0.5,1,1,0.008908695826,0.9998092537,1.55,PASS
ramp,60,gamma_rtd,0.53839852,1,1,0.009132375438,0.9997995829,1.6,PASS
ramp,60,gamma_rtd,0.59209203,1,1,0.009445040001,0.999785666,1.65,PASS
ramp,60,gamma_rtd,0.65114029,1,1,0.009788726507,0.9997698318,1.7,PASS
ramp,60,gamma_rtd,0.71607733,1,1,0.01016648613,0.9997517802,1.75,PASS
ramp,60,gamma_rtd,0.75,1,1,0.01036373845,0.9997420849,1.8,PASS
ramp,60,gamma_rtd,0.78749042,1,1,0.01058166575,0.9997311585,1.85,PASS
ramp,60,gamma_rtd,0.8660254,1,1,0.01103793566,0.9997075522,1.9,PASS
ramp,60,gamma_rtd,0.95239254,1,1,0.0115393195,0.9996804729,2,PASS
ramp,60,gamma_rtd,1,1,1,0.01181551643,0.9996650468,2.05,PASS
ramp,60,gamma_rtd,1.0473729,1,1,0.01209022666,0.9996493452,2.1,PASS
ramp,60,gamma_rtd,1.1518255,1,1,0.01269548749,0.9996134894,2.2,PASS
ramp,60,gamma_rtd,1.266695,1,1,0.01336039176,0.9995721027,2.3,PASS
ramp,60,gamma_rtd,1.3930202,1,1,0.01409072931,0.9995242352,2.45,PASS
ramp,60,gamma_rtd,1.5319435,1,1,0.01489283492,0.9994687629,2.6,PASS
ramp,60,gamma_rtd,1.6847215,1,1,0.01577363539,0.999404354,2.75,PASS
ramp,60,gamma_rtd,1.8527357,1,1,0.01674070081,0.9993294305,2.9,PASS
ramp,60,gamma_rtd,2,1,1,0.01758697165,0.9992602582,3.05,PASS
ramp,60,gamma_rtd,2.0375056,1,1,0.01780229851,0.9992421211,3.1,PASS
ramp,60,gamma_rtd,2.2407024,1,1,0.01896745072,0.9991402071,3.3,PASS
ramp,60,gamma_rtd,2.4641635,1,1,0.02024599518,0.9990210569,3.5,PASS
ramp,60,gamma_rtd,2.7099101,1,1,0.02164864834,0.9988815495,3.75,PASS
ramp,60,gamma_rtd,2.9801645,1,1,0.02318707178,0.9987179849,4.05,PASS
ramp,60,gamma_rtd,3,1,1,0.02329981552,0.9987055645,4.05,PASS
ramp,60,gamma_rtd,3.2773709,1,1,0.02487393926,0.9985259779,4.35,PASS
ramp,60,gamma_rtd,3.6042171,1,1,0.02672300589,0.9983003348,4.65,PASS
ramp,60,gamma_rtd,3.7,1,1,0.02726368059,0.9982313635,4.75,PASS
ramp,60,gamma_rtd,3.9636591,1,1,0.02874917608,0.9980349093,5,PASS
ramp,60,gamma_rtd,4.3589477,1,1,0.03096857019,0.9977224355,5.4,PASS
ramp,60,gamma_rtd,4.7936576,1,1,0.03339858679,0.9973543352,5.85,PASS
ramp,60,gamma_rtd,5,1,1,0.03454810068,0.9971707757,6.05,PASS
ramp,60,gamma_rtd,5.2717203,1,1,0.03605795832,0.9969204971,6.3,PASS
ramp,60,gamma_rtd,5.7974594,1,1,0.03896679594,0.9964090259,6.85,PASS
ramp,60,gamma_rtd,6.3756295,1,1,0.04214661918,0.9958059591,7.45,PASS
ramp,60,gamma_rtd,7.0114594,1,1,0.04562036421,0.9950949529,8.05,PASS
ramp,60,gamma_rtd,7.7106995,1,1,0.04941236259,0.9942569377,8.75,PASS
ramp,60,gamma_rtd,8.4796736,1,1,0.05354828047,0.9932697487,9.55,PASS
ramp,60,gamma_rtd,9.325336,1,1,0.05805500553,0.9921077418,10.35,PASS
ramp,60,gamma_rtd,10,1,1,0.06161896325,0.9911255246,11.05,PASS
ramp,60,gamma_rtd,10.255335,1,1,0.0629604651,0.9907414101,11.3,PASS
ramp,60,gamma_rtd,11.278081,1,1,0.06829335594,0.9891370273,12.3,PASS
ramp,60,gamma_rtd,12.402823,1,1,0.07408276474,0.9872563541,13.45,PASS
ramp,60,gamma_rtd,13.639734,1,1,0.08035765891,0.9850564589,14.65,PASS
ramp,60,gamma_rtd,15,1,1,0.087146239,0.9824897135,16,FAIL
sinusoid,2,plug,0.05,1,0.3028421237,0.3608009033,0.07124954943,0.45,FAIL
sinusoid,2,plug,0.05498641,1,0.3028105505,0.3623948392,0.05578861935,0.45,FAIL
sinusoid,2,plug,0.0604701,1,0.3027758286,0.3641485521,0.03873605082,0.45,FAIL
sinusoid,2,plug,0.06650068,1,0.3027376439,0.3660781388,0.01993971857,0.5,FAIL
sinusoid,2,plug,0.07313267,1,0.3026956511,0.3682013182,-0.0007602626013,0.5,FAIL
sinusoid,2,plug,0.08042606,1,0.3026494705,0.3705376199,-0.02352910544,0.5,FAIL
sinusoid,2,plug,0.0884468,1,0.3025986844,0.3731085523,-0.04853307045,0.5,FAIL
sinusoid,2,plug,0.09726744,1,0.3025428334,0.3759378212,-0.07593356715,0.5,FAIL
sinusoid,2,plug,0.1,1,0.3028421237,0.3768147103,-0.08439217561,0.5,FAIL
sinusoid,2,plug,0.10696774,1,0.302798005,0.3789173608,-0.1059523359,0.5,FAIL
sinusoid,2,plug,0.11763544,1,0.3027304587,0.3821418498,-0.1389609706,0.55,FAIL
sinusoid,2,plug,0.12936701,1,0.3026561762,0.3856951491,-0.1751444128,0.55,FAIL
sinusoid,2,plug,0.14226855,1,0.3025744856,0.3896113263,-0.214626113,0.55,FAIL
sinusoid,2,plug,0.15645673,1,0.3028012406,0.3937614303,-0.2575134743,0.55,FAIL
sinusoid,2,plug,0.17205988,1,0.3027024439,0.3981242785,-0.3042633808,0.6,FAIL
sinusoid,2,plug,0.1892191,1,0.3025937943,0.4029463372,-0.3549017462,0.6,FAIL
sinusoid,2,plug,0.20808957,1,0.3027909017,0.4080214565,-0.4092479952,0.6,FAIL
sinusoid,2,plug,0.22884197,1,0.3026595007,0.4132727228,-0.4676074712,0.65,FAIL
sinusoid,2,plug,0.25,1,0.3028421237,0.4186784477,-0.5250332517,0.65,FAIL
sinusoid,2,plug,0.25166396,1,0.3028315877,0.4190442518,-0.5294426974,0.65,FAIL
sinusoid,2,plug,0.27676195,1,0.3026726711,0.4246131086,-0.5944545799,0.7,FAIL
sinusoid,2,plug,0.30436292,1,0.3028144983,0.4306649484,-0.6617110674,0.7,FAIL
sinusoid,2,plug,0.33471648,1,0.3026223042,0.4364098325,-0.7301445018,0.75,FAIL
sinusoid,2,plug,0.36809714,1,0.3027275353,0.4421029144,-0.7976910078,0.8,FAIL
sinusoid,2,plug,0.4048068,1,0.3028116877,0.4476316186,-0.8619703122,0.85,FAIL
sinusoid,2,plug,0.44517744,1,0.302556067,0.4523584728,-0.9194510257,0.85,FAIL
sinusoid,2,plug,0.48957418,1,0.302591546,0.4559939693,-0.9654265549,0.9,FAIL
sinusoid,2,plug,0.5,1,0.3028421237,0.4568584351,-0.9734852679,0.95,FAIL
sinusoid,2,plug,0.53839852,1,0.3025989901,0.4582809823,-0.9940474812,0.95,FAIL
sinusoid,2,plug,0.59209203,1,0.3025756033,0.4586690581,-0.9981464188,-1,FAIL
sinusoid,2,plug,0.65114029,1,0.3028349035,0.4565044598,-0.9694605345,-0.9,FAIL
sinusoid,2,plug,0.71607733,1,0.3027403245,0.4505318425,-0.8991295625,-0.85,FAIL
sinusoid,2,plug,0.75,1,0.3028421237,0.446510734,-0.8471985681,-0.8,FAIL
sinusoid,2,plug,0.78749042,1,0.30260474,0.4405520959,-0.7786624312,-0.8,FAIL
sinusoid,2,plug,0.8660254,1,0.3027406533,0.425305728,-0.6019766252,-0.7,FAIL
sinusoid,2,plug,0.95239254,1,0.3028269745,0.4041700305,-0.3669775376,-0.6,FAIL
sinusoid,2,plug,1,1,0.3028421237,0.3907208845,-0.2252203577,-0.55,FAIL
sinusoid,2,plug,1.0473729,1,0.3025421655,0.3762865018,-0.07938443267,-0.5,FAIL
sinusoid,2,plug,1.1518255,1,0.3028305648,0.3421920288,0.2435603042,-0.4,FAIL
sinusoid,2,plug,1.266695,1,0.3027364136,0.3041804804,0.5687494104,-0.3,FAIL
sinusoid,2,plug,1.3930202,1,0.3025697266,0.2681981735,0.8425916586,-0.2,FAIL
sinusoid,2,plug,1.5319435,1,0.3026398621,0.2467549894,0.9916103089,-0.05,FAIL
sinusoid,2,plug,1.6847215,1,0.3026222726,0.2546837586,0.9379742503,0.1,FAIL
sinusoid,2,plug,1.8527357,1,0.3028248018,0.2958217025,0.6347038777,0.25,FAIL
sinusoid,2,plug,2,1,0.3028421237,0.3442225778,0.2252203577,0.4,FAIL
sinusoid,2,plug,2.0375056,1,0.3026046437,0.3566564394,0.1099640878,0.45,FAIL
sinusoid,2,plug,2.2407024,1,0.3025844024,0.4162966546,-0.5001038149,0.65,FAIL
sinusoid,2,plug,2.4641635,1,0.3027524422,0.4539947411,-0.9413421389,0.9,FAIL
sinusoid,2,plug,2.7099101,1,0.3027793745,0.4512902828,-0.907487716,-0.85,FAIL
sinusoid,2,plug,2.9801645,1,0.3026511266,0.3963015451,-0.2850040043,-0.55,FAIL
sinusoid,2,plug,3,1,0.3028421237,0.3907208845,-0.2252203577,-0.55,FAIL
sinusoid,2,plug,3.2773709,1,0.3026688154,0.3008020798,0.595991274,-0.3,FAIL
sinusoid,2,plug,3.6042171,1,0.3028154215,0.2460315037,0.9950840802,0.05,FAIL
sinusoid,2,plug,3.7,1,0.3028421237,0.2570371446,0.9201673159,0.15,FAIL
sinusoid,2,plug,3.9636591,1,0.3027556361,0.3320208192,0.3340637848,0.4,FAIL
sinusoid,2,plug,4.3589477,1,0.3027854684,0.4407098176,-0.7799803281,0.8,FAIL
sinusoid,2,plug,4.7936576,1,0.3025656905,0.4395990101,-0.7663449989,-0.75,FAIL
sinusoid,2,plug,5,1,0.3028421237,0.3907208845,-0.2252203577,-0.55,FAIL
sinusoid,2,plug,5.2717203,1,0.3027045938,0.302589589,0.581650159,-0.3,FAIL
sinusoid,2,plug,5.7974594,1,0.3025416179,0.2796230438,0.7586234265,0.2,FAIL
sinusoid,2,plug,6.3756295,1,0.3026798416,0.4432626317,-0.8117975283,0.8,FAIL
sinusoid,2,plug,7.0114594,1,0.3027695644,0.3872187318,-0.1903298686,-0.55,FAIL
sinusoid,2,plug,7.7106995,1,0.3027743759,0.259206263,0.9064376119,0.15,FAIL
sinusoid,2,plug,8.4796736,1,0.3026542352,0.4551967906,-0.9567801352,0.9,FAIL
sinusoid,2,plug,9.325336,1,0.3026817001,0.2862596372,0.7096509086,-0.25,FAIL
sinusoid,2,plug,10,1,0.3028421237,0.3442225778,0.2252203577,0.4,FAIL
sinusoid,2,plug,10.255335,1,0.3028083446,0.4198527563,-0.5391323694,0.65,FAIL
sinusoid,2,plug,11.278081,1,0.3026643212,0.3005776449,0.5977797236,-0.3,FAIL
sinusoid,2,plug,12.402823,1,0.302824248,0.4474087803,-0.8587892305,0.8,FAIL
sinusoid,2,plug,13.639734,1,0.3025905333,0.2487597669,0.977663902,0.05,FAIL
sinusoid,2,plug,15,1,0.3028421237,0.3907208845,-0.2252203577,-0.55,FAIL
sinusoid,2,cstr,0.05,1,0.3001922908,0.3697119378,-0.0181036847,0.5,FAIL
sinusoid,2,cstr,0.05498641,1,0.2993337971,0.371044905,-0.03209910843,0.5,FAIL
sinusoid,2,cstr,0.0604701,1,0.2982442518,0.3724991128,-0.04759770242,0.5,FAIL
sinusoid,2,cstr,0.06650068,1,0.2968733607,0.3740759631,-0.06469877553,0.5,FAIL
sinusoid,2,cstr,0.07313267,1,0.2954296561,0.3757748228,-0.08350104263,0.5,FAIL
sinusoid,2,cstr,0.08042606,1,0.2942750971,0.3775923866,-0.1040996721,0.5,FAIL
sinusoid,2,cstr,0.0884468,1,0.2927151047,0.3795219032,-0.126581965,0.5,FAIL
sinusoid,2,cstr,0.09726744,1,0.2906643256,0.3815523387,-0.1510221501,0.55,FAIL
sinusoid,2,cstr,0.1,1,0.2899608845,0.3821609119,-0.1585221033,0.55,FAIL
sinusoid,2,cstr,0.10696774,1,0.2880281987,0.3836674744,-0.1774747034,0.55,FAIL
sinusoid,2,cstr,0.11763544,1,0.2847047907,0.3858450542,-0.2059667414,0.55,FAIL
sinusoid,2,cstr,0.12936701,1,0.2808099223,0.3880560458,-0.2364891741,0.55,FAIL
sinusoid,2,cstr,0.14226855,1,0.2772639791,0.390264197,-0.2689874995,0.55,FAIL
sinusoid,2,cstr,0.15645673,1,0.2727665993,0.3924260394,-0.3033526522,0.6,FAIL
sinusoid,2,cstr,0.17205988,1,0.2672141705,0.3944915465,-0.3394132199,0.6,FAIL
sinusoid,2,cstr,0.1892191,1,0.2605239088,0.3964055896,-0.3769300233,0.6,FAIL
sinusoid,2,cstr,0.20808957,1,0.2542012732,0.3981103146,-0.4155949608,0.6,FAIL
sinusoid,2,cstr,0.22884197,1,0.246779077,0.3995483843,-0.4550352306,0.65,FAIL
sinusoid,2,cstr,0.25,1,0.2387681227,0.4006001843,-0.4920454473,0.65,FAIL
sinusoid,2,cstr,0.25166396,1,0.2381251836,0.4006668764,-0.4948237612,0.65,FAIL
sinusoid,2,cstr,0.27676195,1,0.2289416215,0.401421456,-0.5344963567,0.65,FAIL
sinusoid,2,cstr,0.30436292,1,0.2196553511,0.4017802538,-0.5735740498,0.7,FAIL
sinusoid,2,cstr,0.33471648,1,0.2093322739,0.4017268674,-0.6115888499,0.7,FAIL
sinusoid,2,cstr,0.36809714,1,0.1982284877,0.4012619681,-0.6481097755,0.7,FAIL
sinusoid,2,cstr,0.4048068,1,0.1877868806,0.4004032241,-0.682765884,0.75,FAIL
sinusoid,2,cstr,0.44517744,1,0.1767588425,0.3991835558,-0.7152634394,0.75,FAIL
sinusoid,2,cstr,0.48957418,1,0.1653786122,0.3976480294,-0.7453955703,0.75,FAIL
sinusoid,2,cstr,0.5,1,0.162831508,0.3972701253,-0.7517409588,0.75,FAIL
sinusoid,2,cstr,0.53839852,1,0.1544495741,0.3958499202,-0.7730438002,0.75,FAIL
sinusoid,2,cstr,0.59209203,1,0.1439042208,0.3938465353,-0.798172521,0.8,FAIL
sinusoid,2,cstr,0.65114029,1,0.1334453142,0.3916953446,-0.8208180383,0.8,FAIL
sinusoid,2,cstr,0.71607733,1,0.1232325328,0.3894507969,-0.8410745091,0.8,FAIL
sinusoid,2,cstr,0.75,1,0.1183883861,0.3883391509,-0.8501121868,0.8,FAIL
sinusoid,2,cstr,0.78749042,1,0.1136791581,0.3871620217,-0.8590787869,0.8,FAIL
sinusoid,2,cstr,0.8660254,1,0.1048058071,0.3848714358,-0.874995929,0.85,FAIL
sinusoid,2,cstr,0.95239254,1,0.09634418709,0.3826141524,-0.8890064698,0.85,FAIL
sinusoid,2,cstr,1,1,0.09218090385,0.3814781745,-0.8955157074,0.85,FAIL
sinusoid,2,cstr,1.0473729,1,0.08834872687,0.3804180237,-0.9012960344,0.85,FAIL
sinusoid,2,cstr,1.1518255,1,0.08085128287,0.3783041255,-0.9120474561,0.85,FAIL
sinusoid,2,cstr,1.266695,1,0.07386535188,0.3762875068,-0.9214352157,0.85,FAIL
sinusoid,2,cstr,1.3930202,1,0.0675822898,0.3743780685,-0.9296218611,0.9,FAIL
sinusoid,2,cstr,1.5319435,1,0.06178105283,0.3725814589,-0.9367560332,0.9,FAIL
sinusoid,2,cstr,1.6847215,1,0.05641317003,0.3708999241,-0.9429716787,0.9,FAIL
sinusoid,2,cstr,1.8527357,1,0.05146335776,0.3693330696,-0.9483881229,0.9,FAIL
sinusoid,2,cstr,2,1,0.04777119007,0.3681541299,-0.9522377318,0.9,FAIL
sinusoid,2,cstr,2.0375056,1,0.04691195478,0.3678785172,-0.9531107031,0.9,FAIL
sinusoid,2,cstr,2.2407024,1,0.04273657971,0.3665324542,-0.9572317484,0.9,FAIL
sinusoid,2,cstr,2.4641635,1,0.03891340336,0.3652900788,-0.9608317386,0.9,FAIL
sinusoid,2,cstr,2.7099101,1,0.03541809957,0.3641459558,-0.9639805268,0.9,FAIL
sinusoid,2,cstr,2.9801645,1,0.03222653264,0.3630942917,-0.9667385518,0.9,FAIL
sinusoid,2,cstr,3,1,0.03201454321,0.3630242018,-0.9669178184,0.9,FAIL
sinusoid,2,cstr,3.2773709,1,0.02931524146,0.3621291451,-0.9691579862,0.9,FAIL
sinusoid,2,cstr,3.6042171,1,0.02666176138,0.3612445828,-0.971283799,0.9,FAIL
sinusoid,2,cstr,3.7,1,0.02597216413,0.3610139324,-0.9718239448,0.9,FAIL
sinusoid,2,cstr,3.9636591,1,0.02426473644,0.3604347932,-0.9731547138,0.9,FAIL
sinusoid,2,cstr,4.3589477,1,0.02208769424,0.3596941653,-0.9748040639,0.95,FAIL
sinusoid,2,cstr,4.7936576,1,0.02010222762,0.3590173419,-0.9762605443,0.95,FAIL
sinusoid,2,cstr,5,1,0.01927911626,0.3587363676,-0.9768511076,0.95,FAIL
sinusoid,2,cstr,5.2717203,1,0.01829241501,0.3583992525,-0.9775488676,0.95,FAIL
sinusoid,2,cstr,5.7974594,1,0.0166434213,0.3578351307,-0.978690333,0.95,FAIL
sinusoid,2,cstr,6.3756295,1,0.0151414865,0.3573205212,-0.9797033161,0.95,FAIL
sinusoid,2,cstr,7.0114594,1,0.01377389438,0.3568512784,-0.9806036902,0.95,FAIL
sinusoid,2,cstr,7.7106995,1,0.01252892796,0.3564235583,-0.9814051865,0.95,FAIL
sinusoid,2,cstr,8.4796736,1,0.01139581693,0.3560338081,-0.9821197021,0.95,FAIL
sinusoid,2,cstr,9.325336,1,0.01036468039,0.3556787522,-0.9827575624,0.95,FAIL
sinusoid,2,cstr,10,1,0.009666728949,0.3554382165,-0.9831826539,0.95,FAIL
sinusoid,2,cstr,10.255335,1,0.009426467895,0.3553553764,-0.9833277446,0.95,FAIL
sinusoid,2,cstr,11.278081,1,0.008572900616,0.3550609123,-0.9838380685,0.95,FAIL
sinusoid,2,cstr,12.402823,1,0.007796413884,0.3547928209,-0.9842953581,0.95,FAIL
sinusoid,2,cstr,13.639734,1,0.007090102312,0.3545487759,-0.9847055785,0.95,FAIL
sinusoid,2,cstr,15,1,0.006447667943,0.3543266484,-0.9850739516,0.95,FAIL
sinusoid,2,gamma_rtd,0.05,1,0.3025995679,0.3640473463,0.03956287095,0.45,FAIL
sinusoid,2,gamma_rtd,0.05498641,1,0.3024430083,0.3650919253,0.02926106533,0.45,FAIL
sinusoid,2,gamma_rtd,0.0604701,1,0.3022028588,0.366343417,0.016847307,0.5,FAIL
sinusoid,2,gamma_rtd,0.06650068,1,0.3018453388,0.3678137957,0.0021596785,0.5,FAIL
sinusoid,2,gamma_rtd,0.07313267,1,0.3013276051,0.3695122012,-0.01494938092,0.5,FAIL
sinusoid,2,gamma_rtd,0.08042606,1,0.3005964351,0.3714452159,-0.03461819678,0.5,FAIL
sinusoid,2,gamma_rtd,0.0884468,1,0.2995867723,0.3736170865,-0.05698095526,0.5,FAIL
sinusoid,2,gamma_rtd,0.09726744,1,0.2984266526,0.3760298104,-0.082172167,0.5,FAIL
sinusoid,2,gamma_rtd,0.1,1,0.2983226104,0.3767783242,-0.09006602492,0.5,FAIL
sinusoid,2,gamma_rtd,0.10696774,1,0.2979428061,0.3786829328,-0.1103290555,0.5,FAIL
sinusoid,2,gamma_rtd,0.11763544,1,0.2970361441,0.3815730274,-0.1415916524,0.55,FAIL
sinusoid,2,gamma_rtd,0.12936701,1,0.295578788,0.3846927615,-0.1760995115,0.55,FAIL
sinusoid,2,gamma_rtd,0.14226855,1,0.2934201212,0.3880295677,-0.2139850329,0.55,FAIL
sinusoid,2,gamma_rtd,0.15645673,1,0.291513206,0.3915638838,-0.2553625635,0.55,FAIL
sinusoid,2,gamma_rtd,0.17205988,1,0.2895291475,0.3952670058,-0.300312998,0.6,FAIL
sinusoid,2,gamma_rtd,0.1892191,1,0.2863929387,0.399098569,-0.34886281,0.6,FAIL
sinusoid,2,gamma_rtd,0.20808957,1,0.282859098,0.4030038015,-0.4009573002,0.6,FAIL
sinusoid,2,gamma_rtd,0.22884197,1,0.2792931571,0.4069107017,-0.4564271476,0.65,FAIL
sinusoid,2,gamma_rtd,0.25,1,0.2742995138,0.4104662557,-0.5107747729,0.65,FAIL
sinusoid,2,gamma_rtd,0.25166396,1,0.2738517934,0.4107274246,-0.5149478482,0.65,FAIL
sinusoid,2,gamma_rtd,0.27676195,1,0.2690579278,0.4143403632,-0.5759931047,0.7,FAIL
sinusoid,2,gamma_rtd,0.30436292,1,0.2620286493,0.4176134959,-0.6387832634,0.7,FAIL
sinusoid,2,gamma_rtd,0.33471648,1,0.2552115264,0.420389843,-0.702233065,0.75,FAIL
sinusoid,2,gamma_rtd,0.36809714,1,0.2461184552,0.4224959691,-0.7649051571,0.75,FAIL
sinusoid,2,gamma_rtd,0.4048068,1,0.2368647949,0.4237504938,-0.8249793614,0.8,FAIL
sinusoid,2,gamma_rtd,0.44517744,1,0.2260321477,0.4239773552,-0.8802511733,0.85,FAIL
sinusoid,2,gamma_rtd,0.48957418,1,0.2135210194,0.4230239865,-0.9281756594,0.9,FAIL
sinusoid,2,gamma_rtd,0.5,1,0.2109630466,0.4226409455,-0.9375278128,0.9,FAIL
sinusoid,2,gamma_rtd,0.53839852,1,0.2003999191,0.4207835036,-0.9659717932,0.9,FAIL
sinusoid,2,gamma_rtd,0.59209203,1,0.1863513116,0.4172185229,-0.9907972019,0.95,FAIL
sinusoid,2,gamma_rtd,0.65114029,1,0.1712435621,0.4123825235,-0.9999902239,1,FAIL
sinusoid,2,gamma_rtd,0.71607733,1,0.1554337591,0.4064332705,-0.9913579624,-0.95,FAIL
sinusoid,2,gamma_rtd,0.75,1,0.1475667895,0.4032085853,-0.9802366672,-0.95,FAIL
sinusoid,2,gamma_rtd,0.78749042,1,0.1392894466,0.3996325336,-0.963468251,-0.9,FAIL
sinusoid,2,gamma_rtd,0.8660254,1,0.1231811259,0.3923278986,-0.9158891348,-0.85,FAIL
sinusoid,2,gamma_rtd,0.95239254,1,0.1074680409,0.3849163138,-0.8493195286,-0.8,FAIL
sinusoid,2,gamma_rtd,1,1,0.100014397,0.3812023304,-0.808339321,-0.8,FAIL
sinusoid,2,gamma_rtd,1.0473729,1,0.09265432271,0.3777944649,-0.7655737826,-0.75,FAIL
sinusoid,2,gamma_rtd,1.1518255,1,0.07883855839,0.3713062723,-0.6674162093,-0.7,FAIL
sinusoid,2,gamma_rtd,1.266695,1,0.06620028988,0.3657002429,-0.5582777604,-0.7,FAIL
sinusoid,2,gamma_rtd,1.3930202,1,0.05488053092,0.36110716,-0.4419123028,-0.65,FAIL
sinusoid,2,gamma_rtd,1.5319435,1,0.04493896364,0.3575420525,-0.3220557393,-0.6,FAIL
sinusoid,2,gamma_rtd,1.6847215,1,0.03636425931,0.3549265625,-0.2021402859,-0.55,FAIL
sinusoid,2,gamma_rtd,1.8527357,1,0.02912329166,0.3531223526,-0.08509390467,-0.5,FAIL
sinusoid,2,gamma_rtd,2,1,0.0242870484,0.352148399,0.005401106615,-0.5,FAIL
sinusoid,2,gamma_rtd,2.0375056,1,0.02319759153,0.3519652512,0.02676740622,-0.45,FAIL
sinusoid,2,gamma_rtd,2.2407024,1,0.01829188941,0.3512926761,0.1317645976,-0.45,FAIL
sinusoid,2,gamma_rtd,2.4641635,1,0.01428417813,0.3509611959,0.2288176064,-0.4,FAIL
sinusoid,2,gamma_rtd,2.7099101,1,0.01114578391,0.350854696,0.3173670944,-0.4,FAIL
sinusoid,2,gamma_rtd,2.9801645,1,0.008611671582,0.3508855514,0.3972765898,-0.35,FAIL
sinusoid,2,gamma_rtd,3,1,0.008460320545,0.3508910957,0.4025336146,-0.35,FAIL
sinusoid,2,gamma_rtd,3.2773709,1,0.006645180955,0.3509916275,0.468730949,-0.35,FAIL
sinusoid,2,gamma_rtd,3.6042171,1,0.00509036115,0.3511314441,0.5321421227,-0.3,FAIL
sinusoid,2,gamma_rtd,3.7,1,0.004733850524,0.3511721958,0.5482938797,-0.3,FAIL
sinusoid,2,gamma_rtd,3.9636591,1,0.003901263237,0.3512790665,0.5880681725,-0.3,FAIL
sinusoid,2,gamma_rtd,4.3589477,1,0.002968994053,0.3514195655,0.637148023,-0.25,FAIL
sinusoid,2,gamma_rtd,4.7936576,1,0.0022628558,0.3515453808,0.6800517564,-0.25,FAIL
sinusoid,2,gamma_rtd,5,1,0.002004397169,0.3515955877,0.6972705125,-0.25,FAIL
sinusoid,2,gamma_rtd,5.2717203,1,0.001719042851,0.351653611,0.717444867,-0.25,FAIL
sinusoid,2,gamma_rtd,5.7974594,1,0.001300573464,0.3517441092,0.7499641605,-0.2,FAIL
sinusoid,2,gamma_rtd,6.3756295,1,0.0009857295615,0.3518182107,0.7782028409,-0.2,FAIL
sinusoid,2,gamma_rtd,7.0114594,1,0.0007461817641,0.3518779248,0.8027025163,-0.2,FAIL
sinusoid,2,gamma_rtd,7.7106995,1,0.0005634616434,0.35192545,0.8239501442,-0.2,FAIL
sinusoid,2,gamma_rtd,8.4796736,1,0.0004246641639,0.3519629035,0.8423783902,-0.2,FAIL
sinusoid,2,gamma_rtd,9.325336,1,0.0003203149735,0.3519921875,0.8583681093,-0.15,FAIL
sinusoid,2,gamma_rtd,10,1,0.0002605739901,0.3520094591,0.8687579322,-0.15,FAIL
sinusoid,2,gamma_rtd,10.255335,1,0.0002418206536,0.352014938,0.8722521615,-0.15,FAIL
sinusoid,2,gamma_rtd,11.278081,1,0.0001823335162,0.3520325207,0.8843197896,-0.15,FAIL
sinusoid,2,gamma_rtd,12.402823,1,0.0001373443745,0.3520460512,0.8948212807,-0.15,FAIL
sinusoid,2,gamma_rtd,13.639734,1,0.0001033759053,0.3520564266,0.9039724843,-0.15,FAIL
sinusoid,2,gamma_rtd,15,1,7.776194677e-05,0.3520643591,0.9119590969,-0.15,FAIL
sinusoid,5,plug,0.05,1,0.6227333518,0.2973142808,0.5447876746,0.75,FAIL
sinusoid,5,plug,0.05498641,1,0.622658236,0.2986823598,0.5395320879,0.75,FAIL
sinusoid,5,plug,0.0604701,1,0.6225756291,0.3001869826,0.533726337,0.75,FAIL
sinusoid,5,plug,0.06650068,1,0.6224847839,0.301841792,0.527311016,0.8,FAIL
sinusoid,5,plug,0.07313267,1,0.6223848789,0.303661785,0.5202202144,0.8,FAIL
sinusoid,5,plug,0.08042606,1,0.6222750105,0.3056634677,0.512380779,0.8,FAIL
sinusoid,5,plug,0.0884468,1,0.6223395173,0.3078649908,0.503711673,0.8,FAIL
sinusoid,5,plug,0.09726744,1,0.6226402022,0.3102863277,0.4941232229,0.8,FAIL
sinusoid,5,plug,0.1,1,0.6227333518,0.3110364914,0.4911417013,0.8,FAIL
sinusoid,5,plug,0.10696774,1,0.622628389,0.312931231,0.4835122752,0.8,FAIL
sinusoid,5,plug,0.11763544,1,0.6224676897,0.3158328296,0.4717554233,0.85,FAIL
sinusoid,5,plug,0.12936701,1,0.6222909641,0.3190247904,0.4587263933,0.85,FAIL
sinusoid,5,plug,0.14226855,1,0.6224697961,0.3225362431,0.4442872584,0.85,FAIL
sinusoid,5,plug,0.15645673,1,0.6226360869,0.3263762999,0.4282838406,0.85,FAIL
sinusoid,5,plug,0.17205988,1,0.6224010395,0.3305716811,0.4105206754,0.9,FAIL
sinusoid,5,plug,0.1892191,1,0.6223658441,0.3351888706,0.3908043491,0.9,FAIL
sinusoid,5,plug,0.20808957,1,0.6226114897,0.3402345236,0.3689280182,0.9,FAIL
sinusoid,5,plug,0.22884197,1,0.6222988734,0.3457372889,0.3446219774,0.95,FAIL
sinusoid,5,plug,0.25,1,0.6227333518,0.3513552227,0.3196102253,0.95,FAIL
sinusoid,5,plug,0.25166396,1,0.6227082857,0.3517884945,0.3176346041,0.95,FAIL
sinusoid,5,plug,0.27676195,1,0.622330207,0.3583316454,0.2876554775,1,FAIL
sinusoid,5,plug,0.30436292,1,0.6226676283,0.3655171907,0.2543685697,1,FAIL
sinusoid,5,plug,0.33471648,1,0.6222123553,0.3732859416,0.2174070863,1.05,FAIL
sinusoid,5,plug,0.36809714,1,0.6224607346,0.381735455,0.1764155994,1.05,FAIL
sinusoid,5,plug,0.4048068,1,0.6226609417,0.3909184536,0.1309810695,1.1,FAIL
sinusoid,5,plug,0.44517744,1,0.6225689566,0.4008081522,0.08069750559,1.15,FAIL
sinusoid,5,plug,0.48957418,1,0.6223779483,0.4114334814,0.02517433394,1.2,FAIL
sinusoid,5,plug,0.5,1,0.6227333518,0.4139325311,0.01212246952,1.2,FAIL
sinusoid,5,plug,0.53839852,1,0.6223378715,0.4228365251,-0.03596700625,1.25,FAIL
sinusoid,5,plug,0.59209203,1,0.6224637788,0.4350136967,-0.1030438796,1.3,FAIL
sinusoid,5,plug,0.65114029,1,0.6227161743,0.4479420065,-0.1762635107,1.35,FAIL
sinusoid,5,plug,0.71607733,1,0.6224911612,0.4614598824,-0.2556741288,1.4,FAIL
sinusoid,5,plug,0.75,1,0.6227333518,0.4683513988,-0.2965301044,1.45,FAIL
sinusoid,5,plug,0.78749042,1,0.6223069155,0.4756204659,-0.34106447,1.5,FAIL
sinusoid,5,plug,0.8660254,1,0.6224919435,0.4901888988,-0.4318147975,1.55,FAIL
sinusoid,5,plug,0.95239254,1,0.6226973103,0.5050411592,-0.5268113433,1.65,FAIL
sinusoid,5,plug,1,1,0.6227333518,0.5126377037,-0.5766274598,1.7,FAIL
sinusoid,5,plug,1.0473729,1,0.6226437978,0.5197459691,-0.6241730316,1.75,FAIL
sinusoid,5,plug,1.1518255,1,0.6227058521,0.5339575485,-0.7210313111,1.85,FAIL
sinusoid,5,plug,1.266695,1,0.6224818569,0.5470433016,-0.81325558,2,FAIL
sinusoid,5,plug,1.3930202,1,0.6224954176,0.5584877345,-0.895130026,2.1,FAIL
sinusoid,5,plug,1.5319435,1,0.6222521512,0.567173489,-0.9590758663,2.25,FAIL
sinusoid,5,plug,1.6847215,1,0.6222125254,0.5720951359,-0.9955380522,2.4,FAIL
sinusoid,5,plug,1.8527357,1,0.6226921412,0.5718409371,-0.993125794,-2.4,FAIL
sinusoid,5,plug,2,1,0.6227333518,0.5666470674,-0.9544641686,-2.25,FAIL
sinusoid,5,plug,2.0375056,1,0.6223074343,0.5645079086,-0.9393051826,-2.2,FAIL
sinusoid,5,plug,2.2407024,1,0.6224164069,0.5482905726,-0.8219186416,-2,FAIL
sinusoid,5,plug,2.4641635,1,0.6225199906,0.5208254949,-0.6318179589,-1.75,FAIL
sinusoid,5,plug,2.7099101,1,0.6225840652,0.479811357,-0.3668059922,-1.5,FAIL
sinusoid,5,plug,2.9801645,1,0.6222789507,0.4230037843,-0.0369560432,-1.25,FAIL
sinusoid,5,plug,3,1,0.6227333518,0.4184673086,-0.01212246952,-1.2,FAIL
sinusoid,5,plug,3.2773709,1,0.6223210341,0.3492110353,0.3291111453,-0.95,FAIL
sinusoid,5,plug,3.6042171,1,0.6226698247,0.2600633251,0.6783138678,-0.65,FAIL
sinusoid,5,plug,3.7,1,0.6227333518,0.2338496911,0.7616457877,-0.55,FAIL
sinusoid,5,plug,3.9636591,1,0.6225275891,0.1685305826,0.9311960865,-0.3,FAIL
sinusoid,5,plug,4.3589477,1,0.6225985633,0.1376778048,0.992178926,0.1,FAIL
sinusoid,5,plug,4.7936576,1,0.6225171464,0.2269409999,0.7821833849,0.5,FAIL
sinusoid,5,plug,5,1,0.6227333518,0.2835158762,0.5963093018,0.7,FAIL
sinusoid,5,plug,5.2717203,1,0.6224061545,0.3570160906,0.2937027053,0.95,FAIL
sinusoid,5,plug,5.7974594,1,0.6226467462,0.4775725568,-0.3527823062,1.5,FAIL
sinusoid,5,plug,6.3756295,1,0.6223472665,0.5570579095,-0.8851532451,2.1,FAIL
sinusoid,5,plug,7.0114594,1,0.6225607259,0.5659740966,-0.9500584741,-2.25,FAIL
sinusoid,5,plug,7.7106995,1,0.6225721731,0.4796594684,-0.3658851744,-1.5,FAIL
sinusoid,5,plug,8.4796736,1,0.6222863462,0.2944632628,0.5555995218,-0.75,FAIL
sinusoid,5,plug,9.325336,1,0.622351688,0.1352276783,0.9965757281,0.05,FAIL
sinusoid,5,plug,10,1,0.6227333518,0.2835158762,0.5963093018,0.7,FAIL
sinusoid,5,plug,10.255335,1,0.6226529881,0.352744561,0.3132705932,0.95,FAIL
sinusoid,5,plug,11.278081,1,0.6223103419,0.5481947472,-0.8215093736,2,FAIL
sinusoid,5,plug,12.402823,1,0.6226908239,0.5293860319,-0.6896066324,-1.85,FAIL
sinusoid,5,plug,13.639734,1,0.6223834005,0.2502926331,0.7104230038,-0.6,FAIL
sinusoid,5,plug,15,1,0.6227333518,0.2835158762,0.5963093018,0.7,FAIL
sinusoid,5,cstr,0.05,1,0.6214672081,0.3052436822,0.5138823152,0.8,FAIL
sinusoid,5,cstr,0.05498641,1,0.6211145046,0.3064921445,0.5089188709,0.8,FAIL
sinusoid,5,cstr,0.0604701,1,0.6208732964,0.3078784432,0.5033745924,0.8,FAIL
sinusoid,5,cstr,0.06650068,1,0.6206017786,0.3094134736,0.4971942613,0.8,FAIL
sinusoid,5,cstr,0.07313267,1,0.6202266941,0.311108858,0.4903167174,0.8,FAIL
sinusoid,5,cstr,0.08042606,1,0.6197210485,0.3129769207,0.4826742456,0.8,FAIL
sinusoid,5,cstr,0.0884468,1,0.6190520582,0.31503059,0.4741920974,0.8,FAIL
sinusoid,5,cstr,0.09726744,1,0.6181800656,0.3172832718,0.4647879464,0.85,FAIL
sinusoid,5,cstr,0.1,1,0.6178810853,0.3179792255,0.4618608441,0.85,FAIL
sinusoid,5,cstr,0.10696774,1,0.6170573141,0.3197486319,0.4543715011,0.85,FAIL
sinusoid,5,cstr,0.11763544,1,0.6160583502,0.3224403174,0.4428441293,0.85,FAIL
sinusoid,5,cstr,0.12936701,1,0.6147986325,0.3253715471,0.4300987522,0.85,FAIL
sinusoid,5,cstr,0.14226855,1,0.6131316381,0.3285545912,0.4160199213,0.85,FAIL
sinusoid,5,cstr,0.15645673,1,0.6109651084,0.3320000831,0.4004843144,0.9,FAIL
sinusoid,5,cstr,0.17205988,1,0.6087186057,0.3357161658,0.3833616818,0.9,FAIL
sinusoid,5,cstr,0.1892191,1,0.605983767,0.3397074177,0.364516568,0.9,FAIL
sinusoid,5,cstr,0.20808957,1,0.602431563,0.3439735887,0.3438108249,0.95,FAIL
sinusoid,5,cstr,0.22884197,1,0.5985645109,0.3485081281,0.3211072519,0.95,FAIL
sinusoid,5,cstr,0.25,1,0.5942137037,0.3529545835,0.2980792279,0.95,FAIL
sinusoid,5,cstr,0.25166396,1,0.5938446424,0.3532965266,0.2962746588,0.95,FAIL
sinusoid,5,cstr,0.27676195,1,0.58817297,0.3583145954,0.2691943096,1,FAIL
sinusoid,5,cstr,0.30436292,1,0.5817597181,0.3635267547,0.2397681399,1,FAIL
sinusoid,5,cstr,0.33471648,1,0.5740248746,0.3688845628,0.2079285162,1.05,FAIL
sinusoid,5,cstr,0.36809714,1,0.5652797378,0.3743257323,0.1736493041,1.05,FAIL
sinusoid,5,cstr,0.4048068,1,0.555136917,0.3797739449,0.1369576372,1.1,FAIL
sinusoid,5,cstr,0.44517744,1,0.5433993492,0.38513979,0.09794540309,1.15,FAIL
sinusoid,5,cstr,0.48957418,1,0.5305131253,0.3903231401,0.05677887448,1.15,FAIL
sinusoid,5,cstr,0.5,1,0.5273530993,0.3914367444,0.04738517473,1.15,FAIL
sinusoid,5,cstr,0.53839852,1,0.5158497426,0.3952170933,0.0137049678,1.2,FAIL
sinusoid,5,cstr,0.59209203,1,0.4994893481,0.3997134563,-0.03094788827,1.25,FAIL
sinusoid,5,cstr,0.65114029,1,0.4820194396,0.403709391,-0.07677552608,1.25,FAIL
sinusoid,5,cstr,0.71607733,1,0.463018506,0.4071145823,-0.1233113482,1.3,FAIL
sinusoid,5,cstr,0.75,1,0.4531841302,0.4085364843,-0.146073716,1.3,FAIL
sinusoid,5,cstr,0.78749042,1,0.442678056,0.409858015,-0.1700465781,1.35,FAIL
sinusoid,5,cstr,0.8660254,1,0.4212537351,0.4118933965,-0.2164558446,1.4,FAIL
sinusoid,5,cstr,0.95239254,1,0.3993423891,0.4132023887,-0.2620252149,1.4,FAIL
sinusoid,5,cstr,1,1,0.3877394519,0.4135942887,-0.2849245487,1.45,FAIL
sinusoid,5,cstr,1.0473729,1,0.3768260522,0.4137951708,-0.3062792404,1.45,FAIL
sinusoid,5,cstr,1.1518255,1,0.3539881705,0.4137083243,-0.3488038232,1.5,FAIL
sinusoid,5,cstr,1.266695,1,0.3312549436,0.4130004865,-0.3892624431,1.55,FAIL
sinusoid,5,cstr,1.3930202,1,0.308965172,0.4117465471,-0.4274045341,1.55,FAIL
sinusoid,5,cstr,1.5319435,1,0.2870742839,0.4100312856,-0.4630663019,1.6,FAIL
sinusoid,5,cstr,1.6847215,1,0.2659895266,0.4079432722,-0.4961650981,1.65,FAIL
sinusoid,5,cstr,1.8527357,1,0.245809911,0.4055696375,-0.5266893123,1.65,FAIL
sinusoid,5,cstr,2,1,0.2302420514,0.4035082457,-0.5494090197,1.7,FAIL
sinusoid,5,cstr,2.0375056,1,0.2265393749,0.4029920534,-0.5546857134,1.7,FAIL
sinusoid,5,cstr,2.2407024,1,0.2084513932,0.4002840116,-0.5802460543,1.7,FAIL
sinusoid,5,cstr,2.4641635,1,0.1913760728,0.397509303,-0.6034942714,1.75,FAIL
sinusoid,5,cstr,2.7099101,1,0.1754813836,0.3947214896,-0.6245751423,1.75,FAIL
sinusoid,5,cstr,2.9801645,1,0.1606864022,0.3919641169,-0.6436448532,1.8,FAIL
sinusoid,5,cstr,3,1,0.1596912496,0.3917737693,-0.6449046492,1.8,FAIL
sinusoid,5,cstr,3.2773709,1,0.1469030879,0.3892714258,-0.6608635434,1.8,FAIL
sinusoid,5,cstr,3.6042171,1,0.1342856937,0.3866693535,-0.6763897409,1.8,FAIL
sinusoid,5,cstr,3.7,1,0.1309698729,0.3859700431,-0.6803961812,1.8,FAIL
sinusoid,5,cstr,3.9636591,1,0.1226022037,0.3841766638,-0.6903764203,1.85,FAIL
sinusoid,5,cstr,4.3589477,1,0.1118236982,0.3818060907,-0.7029684106,1.85,FAIL
sinusoid,5,cstr,4.7936576,1,0.1019865264,0.3795654213,-0.7143008537,1.85,FAIL
sinusoid,5,cstr,5,1,0.09789443484,0.3786147451,-0.7189547622,1.85,FAIL
sinusoid,5,cstr,5.2717203,1,0.0929706523,0.3774584753,-0.7244984569,1.85,FAIL
sinusoid,5,cstr,5.7974594,1,0.08470109325,0.3754859618,-0.7336753166,1.9,FAIL
sinusoid,5,cstr,6.3756295,1,0.07712978602,0.3736462081,-0.7419351358,1.9,FAIL
sinusoid,5,cstr,7.0114594,1,0.07021030538,0.3719357677,-0.7493716989,1.9,FAIL
sinusoid,5,cstr,7.7106995,1,0.06393051298,0.3703499173,-0.7560694998,1.9,FAIL
sinusoid,5,cstr,8.4796736,1,0.05819480028,0.3688830577,-0.7621044491,1.9,FAIL
sinusoid,5,cstr,9.325336,1,0.05296071377,0.3675290304,-0.7675446098,1.95,FAIL
sinusoid,5,cstr,10,1,0.04941098239,0.3666022825,-0.7711984925,1.95,FAIL
sinusoid,5,cstr,10.255335,1,0.04818786747,0.3662813659,-0.7724509232,1.95,FAIL
sinusoid,5,cstr,11.278081,1,0.04383820163,0.3651334739,-0.7768779021,1.95,FAIL
sinusoid,5,cstr,12.402823,1,0.03987611204,0.3640787866,-0.7808742742,1.95,FAIL
sinusoid,5,cstr,13.639734,1,0.03626848789,0.3631108648,-0.7844835608,1.95,FAIL
sinusoid,5,cstr,15,1,0.03298468539,0.3622234728,-0.7877445801,1.95,FAIL
sinusoid,5,gamma_rtd,0.05,1,0.6225205342,0.3001179269,0.5339848587,0.75,FAIL
sinusoid,5,gamma_rtd,0.05498641,1,0.6224256235,0.3010276874,0.5304553983,0.75,FAIL
sinusoid,5,gamma_rtd,0.0604701,1,0.6222941194,0.3021230468,0.5261901309,0.8,FAIL
sinusoid,5,gamma_rtd,0.06650068,1,0.6221140068,0.3034179782,0.521125376,0.8,FAIL
sinusoid,5,gamma_rtd,0.07313267,1,0.6218701795,0.304925275,0.515199256,0.8,FAIL
sinusoid,5,gamma_rtd,0.08042606,1,0.6215438794,0.306657114,0.5083490869,0.8,FAIL
sinusoid,5,gamma_rtd,0.0884468,1,0.6214419528,0.3086256566,0.5005085207,0.8,FAIL
sinusoid,5,gamma_rtd,0.09726744,1,0.6212771155,0.3108436431,0.4916045513,0.8,FAIL
sinusoid,5,gamma_rtd,0.1,1,0.6212081048,0.3115389635,0.4887978223,0.8,FAIL
sinusoid,5,gamma_rtd,0.10696774,1,0.6209924993,0.3133248722,0.4815547712,0.8,FAIL
sinusoid,5,gamma_rtd,0.11763544,1,0.6205494782,0.3160845691,0.470264814,0.85,FAIL
sinusoid,5,gamma_rtd,0.12936701,1,0.6199010076,0.3191395782,0.4576262014,0.85,FAIL
sinusoid,5,gamma_rtd,0.14226855,1,0.6193948793,0.3225084183,0.4435144059,0.85,FAIL
sinusoid,5,gamma_rtd,0.15645673,1,0.6188319012,0.3262111709,0.427787203,0.85,FAIL
sinusoid,5,gamma_rtd,0.17205988,1,0.6179210231,0.3302692275,0.4102831649,0.9,FAIL
sinusoid,5,gamma_rtd,0.1892191,1,0.6167863466,0.3347048521,0.390820437,0.9,FAIL
sinusoid,5,gamma_rtd,0.20808957,1,0.6157756856,0.339540582,0.369195641,0.9,FAIL
sinusoid,5,gamma_rtd,0.22884197,1,0.614147832,0.3447984116,0.3451831114,0.95,FAIL
sinusoid,5,gamma_rtd,0.25,1,0.6126415423,0.3500861696,0.3204853865,0.95,FAIL
sinusoid,5,gamma_rtd,0.25166396,1,0.6125234254,0.3504986981,0.3185347039,0.95,FAIL
sinusoid,5,gamma_rtd,0.27676195,1,0.6103257249,0.3566587889,0.2889801833,1,FAIL
sinusoid,5,gamma_rtd,0.30436292,1,0.607889492,0.363291241,0.2562288497,1,FAIL
sinusoid,5,gamma_rtd,0.33471648,1,0.6046171116,0.3704016043,0.2199726985,1.05,FAIL
sinusoid,5,gamma_rtd,0.36809714,1,0.6012072925,0.3779856841,0.1798918204,1.05,FAIL
sinusoid,5,gamma_rtd,0.4048068,1,0.5968264815,0.3860262199,0.1356628841,1.1,FAIL
sinusoid,5,gamma_rtd,0.44517744,1,0.5914806362,0.3944889341,0.08697177299,1.15,FAIL
sinusoid,5,gamma_rtd,0.48957418,1,0.5852177095,0.4033180009,0.03353140443,1.2,FAIL
sinusoid,5,gamma_rtd,0.5,1,0.5838146485,0.4053170159,0.02101752963,1.2,FAIL
sinusoid,5,gamma_rtd,0.53839852,1,0.5779417732,0.4124309879,-0.02489367498,1.2,FAIL
sinusoid,5,gamma_rtd,0.59209203,1,0.5692496676,0.4217135542,-0.08845486371,1.25,FAIL
sinusoid,5,gamma_rtd,0.65114029,1,0.5589782541,0.431014282,-0.1571778448,1.35,FAIL
sinusoid,5,gamma_rtd,0.71607733,1,0.5472015633,0.4401403575,-0.230911416,1.4,FAIL
sinusoid,5,gamma_rtd,0.75,1,0.5406550473,0.4444511817,-0.2685194593,1.4,FAIL
sinusoid,5,gamma_rtd,0.78749042,1,0.5333961616,0.4488550534,-0.3092672141,1.45,FAIL
sinusoid,5,gamma_rtd,0.8660254,1,0.5171855323,0.4568783552,-0.3915530487,1.55,FAIL
sinusoid,5,gamma_rtd,0.95239254,1,0.4990236909,0.4638923232,-0.4767051277,1.6,FAIL
sinusoid,5,gamma_rtd,1,1,0.4886168286,0.4669881131,-0.5210424633,1.65,FAIL
sinusoid,5,gamma_rtd,1.0473729,1,0.4780612662,0.4695529059,-0.5632281279,1.7,FAIL
sinusoid,5,gamma_rtd,1.1518255,1,0.4549280501,0.4735097032,-0.6491563743,1.8,FAIL
sinusoid,5,gamma_rtd,1.266695,1,0.4292739208,0.4754343792,-0.7320528079,1.9,FAIL
sinusoid,5,gamma_rtd,1.3930202,1,0.4012762526,0.4750569361,-0.8090638468,2,FAIL
sinusoid,5,gamma_rtd,1.5319435,1,0.3712644213,0.4722068586,-0.8770457965,2.1,FAIL
sinusoid,5,gamma_rtd,1.6847215,1,0.3396611781,0.4668534792,-0.9327689643,2.2,FAIL
sinusoid,5,gamma_rtd,1.8527357,1,0.3069989599,0.4591375235,-0.9731903002,2.3,FAIL
sinusoid,5,gamma_rtd,2,1,0.2805097688,0.4514295387,-0.9928519376,2.4,FAIL
sinusoid,5,gamma_rtd,2.0375056,1,0.2739574725,0.4493846611,-0.9957647528,2.45,FAIL
sinusoid,5,gamma_rtd,2.2407024,1,0.2413994351,0.4380930934,-0.9987467643,-2.45,FAIL
sinusoid,5,gamma_rtd,2.4641635,1,0.2098079748,0.4258914373,-0.9814236203,-2.35,FAIL
sinusoid,5,gamma_rtd,2.7099101,1,0.1798522034,0.4134700693,-0.9442288939,-2.25,FAIL
sinusoid,5,gamma_rtd,2.9801645,1,0.1521367503,0.4014970506,-0.8887077355,-2.1,FAIL
sinusoid,5,gamma_rtd,3,1,0.1503322853,0.4006936744,-0.8842084496,-2.1,FAIL
sinusoid,5,gamma_rtd,3.2773709,1,0.1270990391,0.3905360129,-0.8173397374,-2,FAIL
sinusoid,5,gamma_rtd,3.6042171,1,0.1048700265,0.3809847478,-0.7332572973,-1.9,FAIL
sinusoid,5,gamma_rtd,3.7,1,0.09920949202,0.3786296687,-0.7082796698,-1.85,FAIL
sinusoid,5,gamma_rtd,3.9636591,1,0.08553444384,0.3730481074,-0.639916952,-1.75,FAIL
sinusoid,5,gamma_rtd,4.3589477,1,0.06902683928,0.366748317,-0.5407825295,-1.65,FAIL
sinusoid,5,gamma_rtd,4.7936576,1,0.05516690125,0.3619644823,-0.4390653803,-1.55,FAIL
sinusoid,5,gamma_rtd,5,1,0.04979570501,0.3602757074,-0.3938878331,-1.55,FAIL
sinusoid,5,gamma_rtd,5.2717203,1,0.04369959553,0.3584860666,-0.3375456367,-1.5,FAIL
sinusoid,5,gamma_rtd,5.7974594,1,0.03437918813,0.3560649551,-0.2384777835,-1.4,FAIL
sinusoid,5,gamma_rtd,6.3756295,1,0.02685004458,0.3544558502,-0.1435688648,-1.3,FAIL
sinusoid,5,gamma_rtd,7.0114594,1,0.02085307067,0.3534414094,-0.05401014256,-1.25,FAIL
sinusoid,5,gamma_rtd,7.7106995,1,0.01610515756,0.352843618,0.02945821887,-1.2,FAIL
sinusoid,5,gamma_rtd,8.4796736,1,0.01239268058,0.3525253059,0.1064671067,-1.1,FAIL
sinusoid,5,gamma_rtd,9.325336,1,0.009499474005,0.3523859577,0.1769361507,-1.05,FAIL
sinusoid,5,gamma_rtd,10,1,0.007795330195,0.3523557185,0.2246176683,-1.05,FAIL
sinusoid,5,gamma_rtd,10.255335,1,0.007258202954,0.3523550773,0.2409975818,-1,FAIL
sinusoid,5,gamma_rtd,11.278081,1,0.005530801824,0.3523852022,0.2989306989,-0.95,FAIL
sinusoid,5,gamma_rtd,12.402823,1,0.004204784206,0.3524456735,0.3511085626,-0.95,FAIL
sinusoid,5,gamma_rtd,13.639734,1,0.003190119185,0.3525175841,0.3979566114,-0.9,FAIL
sinusoid,5,gamma_rtd,15,1,0.002417888069,0.3525899409,0.4399219129,-0.85,FAIL
sinusoid,10,plug,0.05,1,0.8467134431,0.2023113123,0.820211266,0.95,FAIL
sinusoid,10,plug,0.05498641,1,0.8466417125,0.2032477317,0.8184141329,0.95,FAIL
sinusoid,10,plug,0.0604701,1,0.8466214625,0.204277556,0.8164283512,0.95,FAIL
sinusoid,10,plug,0.06650068,1,0.8466354949,0.2054101072,0.8142332072,0.95,FAIL
sinusoid,10,plug,0.07313267,1,0.8466509266,0.2066556303,0.8118055665,0.95,FAIL
sinusoid,10,plug,0.08042606,1,0.8466678973,0.2080253992,0.80911954,0.95,FAIL
sinusoid,10,plug,0.0884468,1,0.8466865604,0.2095318086,0.8061461518,1,FAIL
sinusoid,10,plug,0.09726744,1,0.8467070848,0.2111884945,0.8028529258,1,FAIL
sinusoid,10,plug,0.1,1,0.8467134431,0.211701731,0.8018278065,1,FAIL
sinusoid,10,plug,0.10696774,1,0.846613313,0.2130073467,0.7992030921,1,FAIL
sinusoid,10,plug,0.11763544,1,0.8466381353,0.2150063856,0.7951545337,1,FAIL
sinusoid,10,plug,0.12936701,1,0.846665433,0.2172049543,0.7906607657,1,FAIL
sinusoid,10,plug,0.14226855,1,0.8466954531,0.2196229811,0.7856695584,1.05,FAIL
sinusoid,10,plug,0.15645673,1,0.8466205617,0.2222784642,0.7801218292,1.05,FAIL
sinusoid,10,plug,0.17205988,1,0.8466484303,0.2251940549,0.7739486143,1.05,FAIL
sinusoid,10,plug,0.1892191,1,0.8466883575,0.2284009968,0.7670738474,1.05,FAIL
sinusoid,10,plug,0.20808957,1,0.8466159234,0.2319222753,0.7594118654,1.1,FAIL
sinusoid,10,plug,0.22884197,1,0.8466642113,0.2357868345,0.7508617038,1.1,FAIL
sinusoid,10,plug,0.25,1,0.8467134431,0.2397282433,0.7420139015,1.15,FAIL
sinusoid,10,plug,0.25166396,1,0.8466895067,0.2400367424,0.7413125976,1.15,FAIL
sinusoid,10,plug,0.27676195,1,0.8466593714,0.2446913109,0.7306353122,1.15,FAIL
sinusoid,10,plug,0.30436292,1,0.8466506816,0.2498083313,0.7186846142,1.2,FAIL
sinusoid,10,plug,0.33471648,1,0.8466778805,0.2554126526,0.7052925973,1.2,FAIL
sinusoid,10,plug,0.36809714,1,0.8466392096,0.2615596048,0.69027116,1.25,FAIL
sinusoid,10,plug,0.4048068,1,0.8466442963,0.2683007009,0.6734020588,1.3,FAIL
sinusoid,10,plug,0.44517744,1,0.8467022217,0.2756777392,0.654438429,1.3,FAIL
sinusoid,10,plug,0.48957418,1,0.8466891837,0.2837467131,0.6331004953,1.35,FAIL
sinusoid,10,plug,0.5,1,0.8467134431,0.285642296,0.628018336,1.35,FAIL
sinusoid,10,plug,0.53839852,1,0.8466864481,0.292571001,0.6090692185,1.4,FAIL
sinusoid,10,plug,0.59209203,1,0.8466950424,0.3022114525,0.5819838398,1.45,FAIL
sinusoid,10,plug,0.65114029,1,0.8466970398,0.3127314173,0.5514384329,1.5,FAIL
sinusoid,10,plug,0.71607733,1,0.8466345098,0.3241756783,0.5169770734,1.55,FAIL
sinusoid,10,plug,0.75,1,0.8467134431,0.3301238781,0.4986305391,1.6,FAIL
sinusoid,10,plug,0.78749042,1,0.8466843351,0.3366347726,0.4780929897,1.65,FAIL
sinusoid,10,plug,0.8660254,1,0.8466343889,0.3501543075,0.4342322904,1.7,FAIL
sinusoid,10,plug,0.95239254,1,0.8466790259,0.364808517,0.3847891444,1.8,FAIL
sinusoid,10,plug,1,1,0.8467134431,0.3727770959,0.3570450138,1.85,FAIL
sinusoid,10,plug,1.0473729,1,0.8467073303,0.3806220648,0.3291230299,1.9,FAIL
sinusoid,10,plug,1.1518255,1,0.8466871828,0.3976435125,0.2665725213,2,FAIL
sinusoid,10,plug,1.266695,1,0.846635947,0.4158735944,0.1964808783,2.1,FAIL
sinusoid,10,plug,1.3930202,1,0.846697202,0.4353441933,0.1182420529,2.2,FAIL
sinusoid,10,plug,1.5319435,1,0.8466714282,0.4559688114,0.03136923898,2.35,FAIL
sinusoid,10,plug,1.6847215,1,0.8466778921,0.4776847217,-0.06441529599,2.5,FAIL
sinusoid,10,plug,1.8527357,1,0.8466740898,0.5003365195,-0.1690400266,2.7,FAIL
sinusoid,10,plug,2,1,0.8467134431,0.5190594993,-0.259249918,2.85,FAIL
sinusoid,10,plug,2.0375056,1,0.8466843705,0.5236324113,-0.2819040618,2.85,FAIL
sinusoid,10,plug,2.2407024,1,0.8466918088,0.5472635252,-0.4016232466,3.1,FAIL
sinusoid,10,plug,2.4641635,1,0.8466300567,0.5706972438,-0.5257194671,3.3,FAIL
sinusoid,10,plug,2.7099101,1,0.8466201595,0.5932693873,-0.6502323054,3.55,FAIL
sinusoid,10,plug,2.9801645,1,0.8466672887,0.6140349577,-0.7692721326,3.85,FAIL
sinusoid,10,plug,3,1,0.8467134431,0.6154219436,-0.7771774673,3.9,FAIL
sinusoid,10,plug,3.2773709,1,0.8466607883,0.6318222285,-0.8745725056,4.15,FAIL
sinusoid,10,plug,3.6042171,1,0.8466527789,0.6451131658,-0.9551456386,4.5,FAIL
sinusoid,10,plug,3.7,1,0.8467134431,0.6477417327,-0.9712483099,4.6,FAIL
sinusoid,10,plug,3.9636591,1,0.846628883,0.6519121592,-0.9972295232,4.9,FAIL
sinusoid,10,plug,4.3589477,1,0.84661792,0.6499215044,-0.9848448889,-4.7,FAIL
sinusoid,10,plug,4.7936576,1,0.8466986852,0.6362898805,-0.9013929063,-4.25,FAIL
sinusoid,10,plug,5,1,0.8467134431,0.6257025229,-0.8377861049,-4.05,FAIL
sinusoid,10,plug,5.2717203,1,0.8466476403,0.6077457623,-0.7327949079,-3.75,FAIL
sinusoid,10,plug,5.7974594,1,0.8467075315,0.560803054,-0.472587428,-3.2,FAIL
sinusoid,10,plug,6.3756295,1,0.8466567363,0.4917920384,-0.1290679815,-2.6,FAIL
sinusoid,10,plug,7.0114594,1,0.8466237645,0.3977354202,0.2661867284,-2,FAIL
sinusoid,10,plug,7.7106995,1,0.8466219964,0.2771406666,0.6506089675,-1.3,FAIL
sinusoid,10,plug,8.4796736,1,0.8466661463,0.1338877242,0.9290355692,-0.6,FAIL
sinusoid,10,plug,9.325336,1,0.8466560534,0.07353144224,0.9882927947,0.25,FAIL
sinusoid,10,plug,10,1,0.8467134431,0.1929079502,0.8377861049,0.9,FAIL
sinusoid,10,plug,10.255335,1,0.8466367012,0.2407173555,0.739762539,1.15,FAIL
sinusoid,10,plug,11.278081,1,0.8466624399,0.4176521796,0.189471783,2.1,FAIL
sinusoid,10,plug,12.402823,1,0.8466728318,0.5645533975,-0.4925786355,3.25,FAIL
sinusoid,10,plug,13.639734,1,0.8466895558,0.6461387655,-0.9615246059,4.55,FAIL
sinusoid,10,plug,15,1,0.8467134431,0.6257025229,-0.8377861049,-4.05,FAIL
sinusoid,10,cstr,0.05,1,0.8463820269,0.2077666401,0.8096157591,0.95,FAIL
sinusoid,10,cstr,0.05498641,1,0.8462958231,0.2086317073,0.807907716,0.95,FAIL
sinusoid,10,cstr,0.0604701,1,0.846183023,0.2095946488,0.8059973024,1,FAIL
sinusoid,10,cstr,0.06650068,1,0.8460369229,0.2106640103,0.8038644251,1,FAIL
sinusoid,10,cstr,0.07313267,1,0.8458493339,0.211849157,0.8014865769,1,FAIL
sinusoid,10,cstr,0.08042606,1,0.8456264715,0.2131603495,0.7988385052,1,FAIL
sinusoid,10,cstr,0.0884468,1,0.8454533895,0.2146087957,0.7958918884,1,FAIL
sinusoid,10,cstr,0.09726744,1,0.8452153537,0.2162067155,0.7926149385,1,FAIL
sinusoid,10,cstr,0.1,1,0.8451314376,0.2167024357,0.7915926927,1,FAIL
sinusoid,10,cstr,0.10696774,1,0.8448956314,0.2179673819,0.7889719921,1,FAIL
sinusoid,10,cstr,0.11763544,1,0.8444737914,0.2199051695,0.7849230183,1.05,FAIL
sinusoid,10,cstr,0.12936701,1,0.8439249512,0.2220355702,0.7804231086,1.05,FAIL
sinusoid,10,cstr,0.14226855,1,0.8434085377,0.2243751999,0.7754218871,1.05,FAIL
sinusoid,10,cstr,0.15645673,1,0.8427402127,0.2269417675,0.7698628844,1.05,FAIL
sinusoid,10,cstr,0.17205988,1,0.841856333,0.229754011,0.7636828404,1.1,FAIL
sinusoid,10,cstr,0.1892191,1,0.840829565,0.2328315646,0.7568110005,1.1,FAIL
sinusoid,10,cstr,0.20808957,1,0.839656,0.2361947694,0.7491683534,1.1,FAIL
sinusoid,10,cstr,0.22884197,1,0.8381078848,0.2398643887,0.7406668782,1.15,FAIL
sinusoid,10,cstr,0.25,1,0.8365340345,0.2435712365,0.7319021204,1.15,FAIL
sinusoid,10,cstr,0.25166396,1,0.8364034735,0.2438611929,0.7312088692,1.15,FAIL
sinusoid,10,cstr,0.27676195,1,0.8342302088,0.2482054253,0.7206863094,1.2,FAIL
sinusoid,10,cstr,0.30436292,1,0.8317252993,0.2529160711,0.7089804848,1.2,FAIL
sinusoid,10,cstr,0.33471648,1,0.8285840064,0.2580099304,0.6959618861,1.25,FAIL
sinusoid,10,cstr,0.36809714,1,0.8250195407,0.2635004557,0.6814905735,1.25,FAIL
sinusoid,10,cstr,0.4048068,1,0.8206564892,0.2693963289,0.6654172066,1.3,FAIL
sinusoid,10,cstr,0.44517744,1,0.8154203225,0.2756997643,0.6475850027,1.35,FAIL
sinusoid,10,cstr,0.48957418,1,0.8093210446,0.2824045773,0.627832839,1.35,FAIL
sinusoid,10,cstr,0.5,1,0.8077958439,0.2839436993,0.6231783182,1.4,FAIL
sinusoid,10,cstr,0.53839852,1,0.8021226887,0.2894940413,0.6059998946,1.4,FAIL
sinusoid,10,cstr,0.59209203,1,0.7936438549,0.2969386799,0.5819320081,1.45,FAIL
sinusoid,10,cstr,0.65114029,1,0.7837264387,0.3046941401,0.5554900601,1.5,FAIL
sinusoid,10,cstr,0.71607733,1,0.7721991978,0.3126994367,0.5265603259,1.55,FAIL
sinusoid,10,cstr,0.75,1,0.7660056467,0.3166646302,0.5115496258,1.6,FAIL
sinusoid,10,cstr,0.78749042,1,0.758886447,0.3208758768,0.4950666543,1.6,FAIL
sinusoid,10,cstr,0.8660254,1,0.7437878649,0.3291270728,0.4609837906,1.65,FAIL
sinusoid,10,cstr,0.95239254,1,0.7266374981,0.3373404247,0.4243507827,1.75,FAIL
sinusoid,10,cstr,1,1,0.7169883319,0.3414996542,0.4045981901,1.75,FAIL
sinusoid,10,cstr,1.0473729,1,0.7073184598,0.3453903701,0.3852829296,1.8,FAIL
sinusoid,10,cstr,1.1518255,1,0.6859866611,0.3531435305,0.343980285,1.85,FAIL
sinusoid,10,cstr,1.266695,1,0.6625463271,0.3604655702,0.3007307202,1.95,FAIL
sinusoid,10,cstr,1.3930202,1,0.6371819863,0.367229225,0.2559059398,2,FAIL
sinusoid,10,cstr,1.5319435,1,0.6100756404,0.3733226568,0.2099495054,2.1,FAIL
sinusoid,10,cstr,1.6847215,1,0.581501016,0.3786570335,0.1633574081,2.15,FAIL
sinusoid,10,cstr,1.8527357,1,0.5517689338,0.3831722871,0.1166528465,2.25,FAIL
sinusoid,10,cstr,2,1,0.527227693,0.3861902366,0.07934983529,2.3,FAIL
sinusoid,10,cstr,2.0375056,1,0.5212623261,0.3868402227,0.07035818682,2.3,FAIL
sinusoid,10,cstr,2.2407024,1,0.4903558547,0.3896646207,0.02496750278,2.35,FAIL
sinusoid,10,cstr,2.4641635,1,0.4593996918,0.3916784898,-0.01907703218,2.45,FAIL
sinusoid,10,cstr,2.7099101,1,0.428842007,0.3929390861,-0.06140250266,2.5,FAIL
sinusoid,10,cstr,2.9801645,1,0.398898457,0.3935215888,-0.1017152466,2.55,FAIL
sinusoid,10,cstr,3,1,0.3968317482,0.3935391083,-0.104447328,2.6,FAIL
sinusoid,10,cstr,3.2773709,1,0.3698712557,0.3935123718,-0.1398035411,2.65,FAIL
sinusoid,10,cstr,3.6042171,1,0.3420414498,0.3930026812,-0.1755341576,2.7,FAIL
sinusoid,10,cstr,3.7,1,0.3346072562,0.3927861676,-0.1849674654,2.7,FAIL
sinusoid,10,cstr,3.9636591,1,0.3155211666,0.3920832757,-0.2088443951,2.75,FAIL
sinusoid,10,cstr,4.3589477,1,0.2904213092,0.3908403156,-0.2397314363,2.8,FAIL
sinusoid,10,cstr,4.7936576,1,0.2668108294,0.3893525485,-0.2682406221,2.85,FAIL
sinusoid,10,cstr,5,1,0.2568471531,0.388633167,-0.2801391118,2.85,FAIL
sinusoid,10,cstr,5.2717203,1,0.2447152427,0.3876896716,-0.2944539058,2.9,FAIL
sinusoid,10,cstr,5.7974594,1,0.2241625488,0.3859116601,-0.3184793187,2.95,FAIL
sinusoid,10,cstr,6.3756295,1,0.2050932551,0.3840688187,-0.3404419105,2.95,FAIL
sinusoid,10,cstr,7.0114594,1,0.1874438794,0.382202327,-0.3604763292,3,FAIL
sinusoid,10,cstr,7.7106995,1,0.1711660092,0.3803450836,-0.3787210028,3.05,FAIL
sinusoid,10,cstr,8.4796736,1,0.1562085809,0.3785226976,-0.3953137659,3.05,FAIL
sinusoid,10,cstr,9.325336,1,0.1424471221,0.3767545186,-0.4103887176,3.1,FAIL
sinusoid,10,cstr,10,1,0.1330959411,0.3754982097,-0.420572846,3.1,FAIL
sinusoid,10,cstr,10.255335,1,0.1298626582,0.3750546324,-0.4240740762,3.1,FAIL
sinusoid,10,cstr,11.278081,1,0.1183181591,0.3734327795,-0.4364908073,3.15,FAIL
sinusoid,10,cstr,12.402823,1,0.1077772945,0.3718951713,-0.4477518195,3.15,FAIL
sinusoid,10,cstr,13.639734,1,0.09814227833,0.370445199,-0.4579615412,3.2,FAIL
sinusoid,10,cstr,15,1,0.08933727365,0.3690840343,-0.4672157311,3.2,FAIL
sinusoid,10,gamma_rtd,0.05,1,0.8466009139,0.2042320157,0.8165156486,0.95,FAIL
sinusoid,10,gamma_rtd,0.05498641,1,0.846593381,0.20485601,0.8153073192,0.95,FAIL
sinusoid,10,gamma_rtd,0.0604701,1,0.8465784621,0.2056078247,0.8138464422,0.95,FAIL
sinusoid,10,gamma_rtd,0.06650068,1,0.8465524536,0.2064973889,0.8121107864,0.95,FAIL
sinusoid,10,gamma_rtd,0.07313267,1,0.8465105647,0.2075339507,0.8100785733,0.95,FAIL
sinusoid,10,gamma_rtd,0.08042606,1,0.8464467377,0.2087264982,0.8077275374,0.95,FAIL
sinusoid,10,gamma_rtd,0.0884468,1,0.8463534318,0.2100842166,0.8050338861,1,FAIL
sinusoid,10,gamma_rtd,0.09726744,1,0.8462213529,0.2116169547,0.8019711925,1,FAIL
sinusoid,10,gamma_rtd,0.1,1,0.8461739852,0.2120981411,0.801004909,1,FAIL
sinusoid,10,gamma_rtd,0.10696774,1,0.8460698607,0.2133356305,0.7985093451,1,FAIL
sinusoid,10,gamma_rtd,0.11763544,1,0.8459947482,0.2152525856,0.7946135232,1,FAIL
sinusoid,10,gamma_rtd,0.12936701,1,0.8458576993,0.2173818477,0.7902432612,1,FAIL
sinusoid,10,gamma_rtd,0.14226855,1,0.845639535,0.2197393391,0.7853515184,1.05,FAIL
sinusoid,10,gamma_rtd,0.15645673,1,0.8453184637,0.2223430175,0.7798837608,1.05,FAIL
sinusoid,10,gamma_rtd,0.17205988,1,0.8451198224,0.2252129826,0.7737769737,1.05,FAIL
sinusoid,10,gamma_rtd,0.1892191,1,0.8447790379,0.22837153,0.7669586165,1.05,FAIL
sinusoid,10,gamma_rtd,0.20808957,1,0.8442771098,0.2318431902,0.7593454167,1.1,FAIL
sinusoid,10,gamma_rtd,0.22884197,1,0.8438651207,0.235654733,0.7508420088,1.1,FAIL
sinusoid,10,gamma_rtd,0.25,1,0.8432506838,0.2395307908,0.7420374717,1.15,FAIL
sinusoid,10,gamma_rtd,0.25166396,1,0.8431940412,0.2398351201,0.7413394166,1.15,FAIL
sinusoid,10,gamma_rtd,0.27676195,1,0.8425190165,0.2444154359,0.7307132713,1.15,FAIL
sinusoid,10,gamma_rtd,0.30436292,1,0.8415564187,0.2494287291,0.7188218564,1.2,FAIL
sinusoid,10,gamma_rtd,0.33471648,1,0.8405670501,0.2549097774,0.7055039079,1.2,FAIL
sinusoid,10,gamma_rtd,0.36809714,1,0.8392427116,0.2608947317,0.6905762014,1.25,FAIL
sinusoid,10,gamma_rtd,0.4048068,1,0.8376425298,0.2674206016,0.6738309686,1.3,FAIL
sinusoid,10,gamma_rtd,0.44517744,1,0.8358235025,0.2745245243,0.6550332303,1.3,FAIL
sinusoid,10,gamma_rtd,0.48957418,1,0.8335833541,0.282242785,0.6339180957,1.35,FAIL
sinusoid,10,gamma_rtd,0.5,1,0.832985999,0.2840403125,0.6288946977,1.35,FAIL
sinusoid,10,gamma_rtd,0.53839852,1,0.8308691583,0.290609479,0.6101883097,1.4,FAIL
sinusoid,10,gamma_rtd,0.59209203,1,0.8275974309,0.2996547737,0.5835122063,1.45,FAIL
sinusoid,10,gamma_rtd,0.65114029,1,0.8236465465,0.3094026374,0.5535225735,1.5,FAIL
sinusoid,10,gamma_rtd,0.71607733,1,0.8189100614,0.3198679677,0.5198168771,1.55,FAIL
sinusoid,10,gamma_rtd,0.75,1,0.8163453381,0.3252243811,0.5019313533,1.6,FAIL
sinusoid,10,gamma_rtd,0.78749042,1,0.8133556446,0.3310529856,0.4819596927,1.65,FAIL
sinusoid,10,gamma_rtd,0.8660254,1,0.80653933,0.3429428285,0.4394882696,1.7,FAIL
sinusoid,10,gamma_rtd,0.95239254,1,0.7986232695,0.3555002763,0.3919225341,1.8,FAIL
sinusoid,10,gamma_rtd,1,1,0.7939568669,0.3621827613,0.365381296,1.85,FAIL
sinusoid,10,gamma_rtd,1.0473729,1,0.7891296798,0.3686596125,0.3387811364,1.85,FAIL
sinusoid,10,gamma_rtd,1.1518255,1,0.7778848438,0.3823197691,0.2796052984,1.95,FAIL
sinusoid,10,gamma_rtd,1.266695,1,0.7646329735,0.3963370585,0.213992431,2.05,FAIL
sinusoid,10,gamma_rtd,1.3930202,1,0.7490325215,0.4105180486,0.1416414304,2.2,FAIL
sinusoid,10,gamma_rtd,1.5319435,1,0.731027987,0.4246135448,0.06241072299,2.3,FAIL
sinusoid,10,gamma_rtd,1.6847215,1,0.7100868598,0.4383149809,-0.02361077709,2.45,FAIL
sinusoid,10,gamma_rtd,1.8527357,1,0.6860810107,0.4512550441,-0.1160222391,2.6,FAIL
sinusoid,10,gamma_rtd,2,1,0.6644165493,0.4608303508,-0.1944844665,2.7,FAIL
sinusoid,10,gamma_rtd,2.0375056,1,0.6588380776,0.4630146483,-0.2140244898,2.75,FAIL
sinusoid,10,gamma_rtd,2.2407024,1,0.6281809503,0.4731384909,-0.3163386766,2.95,FAIL
sinusoid,10,gamma_rtd,2.4641635,1,0.5941940065,0.4811609804,-0.4211449183,3.1,FAIL
sinusoid,10,gamma_rtd,2.7099101,1,0.5569669522,0.4866431402,-0.5260601344,3.3,FAIL
sinusoid,10,gamma_rtd,2.9801645,1,0.516906147,0.4892190067,-0.6281760744,3.5,FAIL
sinusoid,10,gamma_rtd,3,1,0.5140469989,0.4892831237,-0.6351139226,3.55,FAIL
sinusoid,10,gamma_rtd,3.2773709,1,0.4745328772,0.4886471293,-0.7241751269,3.75,FAIL
sinusoid,10,gamma_rtd,3.6042171,1,0.4305130666,0.484859637,-0.8105317968,3.95,FAIL
sinusoid,10,gamma_rtd,3.7,1,0.4181721982,0.4832622404,-0.832192564,4.05,FAIL
sinusoid,10,gamma_rtd,3.9636591,1,0.3856699413,0.4779988599,-0.8837903909,4.2,FAIL
sinusoid,10,gamma_rtd,4.3589477,1,0.3410829564,0.468430977,-0.9408885727,4.45,FAIL
sinusoid,10,gamma_rtd,4.7936576,1,0.2975654382,0.4567285901,-0.979477287,4.65,FAIL
sinusoid,10,gamma_rtd,5,1,0.2788963341,0.4510435874,-0.9902642053,4.8,FAIL
sinusoid,10,gamma_rtd,5.2717203,1,0.2561603681,0.4436197342,-0.9981786024,4.9,FAIL
sinusoid,10,gamma_rtd,5.7974594,1,0.2175405648,0.4299086708,-0.9967298176,-4.85,FAIL
sinusoid,10,gamma_rtd,6.3756295,1,0.1823823861,0.4163817365,-0.9759850408,-4.65,FAIL
sinusoid,10,gamma_rtd,7.0114594,1,0.1509926182,0.4037168325,-0.937777497,-4.4,FAIL
sinusoid,10,gamma_rtd,7.7106995,1,0.1235465096,0.3924154344,-0.8846760552,-4.2,FAIL
sinusoid,10,gamma_rtd,8.4796736,1,0.1000037569,0.3827703266,-0.8196879081,-4,FAIL
sinusoid,10,gamma_rtd,9.325336,1,0.08015321907,0.3748721061,-0.7459616843,-3.8,FAIL
sinusoid,10,gamma_rtd,10,1,0.06773275304,0.3701438317,-0.6879946089,-3.65,FAIL
sinusoid,10,gamma_rtd,10.255335,1,0.06366742755,0.3686467147,-0.6665339373,-3.6,FAIL
sinusoid,10,gamma_rtd,11.278081,1,0.05017435269,0.3639093095,-0.5841435306,-3.45,FAIL
sinusoid,10,gamma_rtd,12.402823,1,0.03926325286,0.3604190453,-0.5011199779,-3.25,FAIL
sinusoid,10,gamma_rtd,13.639734,1,0.03053937102,0.3579237669,-0.4193380445,-3.1,FAIL
sinusoid,10,gamma_rtd,15,1,0.02362886038,0.3561899425,-0.3402234017,-2.95,FAIL
sinusoid,30,plug,0.05,1,0.9787655861,0.07794592063,0.9753871561,1.05,PASS
sinusoid,30,plug,0.05498641,1,0.9787578877,0.0783073283,0.9751562328,1.05,PASS
sinusoid,30,plug,0.0604701,1,0.9787494217,0.0787047789,0.9749010488,1.05,PASS
sinusoid,30,plug,0.06650068,1,0.978745393,0.07914186831,0.9746189272,1.05,PASS
sinusoid,30,plug,0.07313267,1,0.9787493907,0.07962254834,0.9743068724,1.05,PASS
sinusoid,30,plug,0.08042606,1,0.9787537871,0.08015116733,0.9739615242,1.1,PASS
sinusoid,30,plug,0.0884468,1,0.9787586219,0.08073250565,0.9735791107,1.1,PASS
sinusoid,30,plug,0.09726744,1,0.9787639389,0.08137182211,0.973155389,1.1,PASS
sinusoid,30,plug,0.1,1,0.9787655861,0.08156987736,0.9730234504,1.1,PASS
sinusoid,30,plug,0.10696774,1,0.9787548288,0.08207476674,0.9726855762,1.1,PASS
sinusoid,30,plug,0.11763544,1,0.978746077,0.08284776424,0.9721642629,1.1,PASS
sinusoid,30,plug,0.12936701,1,0.9787531487,0.08369785862,0.9715853484,1.15,PASS
sinusoid,30,plug,0.14226855,1,0.9787609256,0.08463274002,0.9709419249,1.15,PASS
sinusoid,30,plug,0.15645673,1,0.9787556178,0.08566069818,0.9702261532,1.15,PASS
sinusoid,30,plug,0.17205988,1,0.9787487441,0.08679097281,0.9694290874,1.15,PASS
sinusoid,30,plug,0.1892191,1,0.9787590875,0.08803399255,0.9685405659,1.2,PASS
sinusoid,30,plug,0.20808957,1,0.9787530969,0.08940074223,0.9675489955,1.2,PASS
sinusoid,30,plug,0.22884197,1,0.9787528322,0.09090346023,0.9664410578,1.2,PASS
sinusoid,30,plug,0.25,1,0.9787655861,0.09243560708,0.9652926615,1.25,PASS
sinusoid,30,plug,0.25166396,1,0.9787630172,0.092556039,0.965201543,1.25,PASS
sinusoid,30,plug,0.27676195,1,0.9787515784,0.09437260824,0.9638129278,1.25,PASS
sinusoid,30,plug,0.30436292,1,0.9787588503,0.09637026723,0.9622550652,1.3,PASS
sinusoid,30,plug,0.33471648,1,0.9787563733,0.09856616534,0.9605046749,1.35,PASS
sinusoid,30,plug,0.36809714,1,0.9787463554,0.1009803597,0.9585348885,1.35,FAIL
sinusoid,30,plug,0.4048068,1,0.978758165,0.1036345105,0.9563145217,1.4,FAIL
sinusoid,30,plug,0.44517744,1,0.9787626791,0.1065517975,0.953807404,1.45,FAIL
sinusoid,30,plug,0.48957418,1,0.9787593015,0.1097581423,0.9509714865,1.5,FAIL
sinusoid,30,plug,0.5,1,0.9787655861,0.11051113,0.9502935869,1.5,FAIL
sinusoid,30,plug,0.53839852,1,0.9787585928,0.1132821278,0.9477577651,1.5,FAIL
sinusoid,30,plug,0.59209203,1,0.9787608192,0.1171548069,0.9441090629,1.6,FAIL
sinusoid,30,plug,0.65114029,1,0.9787638256,0.1214101713,0.9399585745,1.65,FAIL
sinusoid,30,plug,0.71607733,1,0.9787451378,0.12608452,0.9352281091,1.7,FAIL
sinusoid,30,plug,0.75,1,0.9787655861,0.128525066,0.9326880563,1.75,FAIL
sinusoid,30,plug,0.78749042,1,0.9787580454,0.1312195598,0.9298260667,1.75,FAIL
sinusoid,30,plug,0.8660254,1,0.9787451065,0.136858801,0.9236450891,1.85,FAIL
sinusoid,30,plug,0.95239254,1,0.9787618923,0.143051139,0.9165591038,1.9,FAIL
sinusoid,30,plug,1,1,0.9787655861,0.146459725,0.9125247336,1.95,FAIL
sinusoid,30,plug,1.0473729,1,0.9787640025,0.1498478219,0.9084201528,2,FAIL
sinusoid,30,plug,1.1518255,1,0.9787627677,0.1573061176,0.8990544973,2.1,FAIL
sinusoid,30,plug,1.266695,1,0.9787455102,0.1654866278,0.8882581128,2.25,FAIL
sinusoid,30,plug,1.3930202,1,0.9787613787,0.1744573237,0.8757915968,2.35,FAIL
sinusoid,30,plug,1.5319435,1,0.9787547018,0.1842873864,0.8613743629,2.5,FAIL
sinusoid,30,plug,1.6847215,1,0.9787563763,0.1950541846,0.8446779658,2.6,FAIL
sinusoid,30,plug,1.8527357,1,0.9787613626,0.2068386194,0.8253189159,2.8,FAIL
sinusoid,30,plug,2,1,0.9787655861,0.2171154202,0.8075097747,2.9,FAIL
sinusoid,30,plug,2.0375056,1,0.9787580546,0.2197236033,0.8028507262,2.95,FAIL
sinusoid,30,plug,2.2407024,1,0.9787599816,0.2338002216,0.7767558756,3.15,FAIL
sinusoid,30,plug,2.4641635,1,0.9787439842,0.2491584535,0.7464376013,3.35,FAIL
sinusoid,30,plug,2.7099101,1,0.9787502863,0.2658918311,0.7112126415,3.6,FAIL
sinusoid,30,plug,2.9801645,1,0.9787536294,0.2840899846,0.6703060572,3.85,FAIL
sinusoid,30,plug,3,1,0.9787655861,0.2854186715,0.6672175991,3.85,FAIL
sinusoid,30,plug,3.2773709,1,0.9787519455,0.3038407223,0.6228497263,4.15,FAIL
sinusoid,30,plug,3.6042171,1,0.9787590754,0.3252224359,0.5678870339,4.45,FAIL
sinusoid,30,plug,3.7,1,0.9787655861,0.3314176144,0.5512652263,4.55,FAIL
sinusoid,30,plug,3.9636591,1,0.9787444982,0.3482931974,0.5043878255,4.8,FAIL
sinusoid,30,plug,4.3589477,1,0.9787517721,0.3730953215,0.4312786954,5.15,FAIL
sinusoid,30,plug,4.7936576,1,0.9787617629,0.3996307407,0.3474958662,5.55,FAIL
sinusoid,30,plug,5,1,0.9787655861,0.4119405591,0.3066788895,5.75,FAIL
sinusoid,30,plug,5.2717203,1,0.9787485394,0.4278517564,0.2520707146,6.05,FAIL
sinusoid,30,plug,5.7974594,1,0.9787640546,0.4576497788,0.144259974,6.55,FAIL
sinusoid,30,plug,6.3756295,1,0.9787508958,0.4888086331,0.02373726851,7.1,FAIL
sinusoid,30,plug,7.0114594,1,0.9787478943,0.5210049117,-0.1091371761,7.75,FAIL
sinusoid,30,plug,7.7106995,1,0.9787490675,0.5537388591,-0.2529496876,8.45,FAIL
sinusoid,30,plug,8.4796736,1,0.9787533335,0.5863025505,-0.4047558939,9.25,FAIL
sinusoid,30,plug,9.325336,1,0.9787507189,0.6177204103,-0.5594938886,10.15,FAIL
sinusoid,30,plug,10,1,0.9787655861,0.6393296444,-0.6706299139,10.85,FAIL
sinusoid,30,plug,10.255335,1,0.9787573499,0.6466783189,-0.7093202675,11.1,FAIL
sinusoid,30,plug,11.278081,1,0.9787523733,0.6714381723,-0.8429604512,12.2,FAIL
sinusoid,30,plug,12.402823,1,0.9787612276,0.6897894912,-0.9452659455,13.4,FAIL
sinusoid,30,plug,13.639734,1,0.9787593979,0.6989355461,-0.9973221544,14.65,FAIL
sinusoid,30,plug,15,1,0.9787655861,0.6954948319,-0.9776438039,-13.95,FAIL
sinusoid,30,cstr,0.05,1,0.9787166368,0.08005456757,0.9740246268,1.1,PASS
sinusoid,30,cstr,0.05498641,1,0.9787069519,0.0803896444,0.9738047354,1.1,PASS
sinusoid,30,cstr,0.0604701,1,0.9786940004,0.08076290281,0.973558695,1.1,PASS
sinusoid,30,cstr,0.06650068,1,0.9786769297,0.08117776804,0.9732838766,1.1,PASS
sinusoid,30,cstr,0.07313267,1,0.9786546948,0.08163802012,0.9729773257,1.1,PASS
sinusoid,30,cstr,0.08042606,1,0.9786260165,0.0821478348,0.9726357149,1.1,PASS
sinusoid,30,cstr,0.0884468,1,0.978593065,0.0827118186,0.9722552957,1.1,PASS
sinusoid,30,cstr,0.09726744,1,0.9785649358,0.08333505338,0.9718318384,1.1,PASS
sinusoid,30,cstr,0.1,1,0.978554903,0.08352863514,0.9716996521,1.1,PASS
sinusoid,30,cstr,0.10696774,1,0.9785264855,0.08402313778,0.9713605681,1.15,PASS
sinusoid,30,cstr,0.11763544,1,0.9784750598,0.08478223874,0.970836085,1.15,PASS
sinusoid,30,cstr,0.12936701,1,0.9784074053,0.08561914019,0.970252278,1.15,PASS
sinusoid,30,cstr,0.14226855,1,0.9783295135,0.08654130072,0.9696022199,1.15,PASS
sinusoid,30,cstr,0.15645673,1,0.978246701,0.08755691178,0.9688780488,1.2,PASS
sinusoid,30,cstr,0.17205988,1,0.9781359199,0.08867496387,0.9680708266,1.2,PASS
sinusoid,30,cstr,0.1892191,1,0.9779927571,0.0899053104,0.9671703794,1.2,PASS
sinusoid,30,cstr,0.20808957,1,0.9778438488,0.09125874105,0.9661651063,1.25,PASS
sinusoid,30,cstr,0.22884197,1,0.9776451918,0.09274705689,0.9650417579,1.25,PASS
sinusoid,30,cstr,0.25,1,0.9774298303,0.09426388798,0.9638775435,1.25,PASS
sinusoid,30,cstr,0.25166396,1,0.977412879,0.09438314167,0.9637851827,1.25,PASS
sinusoid,30,cstr,0.27676195,1,0.9771287445,0.09618104354,0.9623780231,1.3,PASS
sinusoid,30,cstr,0.30436292,1,0.976788153,0.09815604673,0.9608003705,1.3,PASS
sinusoid,30,cstr,0.33471648,1,0.9763671933,0.1003247431,0.9590293589,1.35,FAIL
sinusoid,30,cstr,0.36809714,1,0.9758765432,0.1027050961,0.9570386968,1.4,FAIL
sinusoid,30,cstr,0.4048068,1,0.9752717314,0.1053164917,0.9547981247,1.4,FAIL
sinusoid,30,cstr,0.44517744,1,0.9745375254,0.1081797665,0.9522727969,1.45,FAIL
sinusoid,30,cstr,0.48957418,1,0.9736550462,0.1113172143,0.9494225684,1.5,FAIL
sinusoid,30,cstr,0.5,1,0.9734445639,0.1120521489,0.9487422754,1.5,FAIL
sinusoid,30,cstr,0.53839852,1,0.9725979048,0.114752546,0.946201196,1.55,FAIL
sinusoid,30,cstr,0.59209203,1,0.9713197288,0.1185108035,0.9425554358,1.6,FAIL
sinusoid,30,cstr,0.65114029,1,0.9697902026,0.1226181956,0.9384240541,1.65,FAIL
sinusoid,30,cstr,0.71607733,1,0.9679472195,0.1271018471,0.9337367505,1.7,FAIL
sinusoid,30,cstr,0.75,1,0.9669081227,0.1294293718,0.9312295995,1.75,FAIL
sinusoid,30,cstr,0.78749042,1,0.9657198229,0.1319894225,0.9284130287,1.8,FAIL
sinusoid,30,cstr,0.8660254,1,0.9630580797,0.1373086023,0.9223610486,1.85,FAIL
sinusoid,30,cstr,0.95239254,1,0.9598516019,0.1430863725,0.9154765317,1.95,FAIL
sinusoid,30,cstr,1,1,0.9579770249,0.1462373802,0.9115831037,2,FAIL
sinusoid,30,cstr,1.0473729,1,0.9560346392,0.1493480839,0.9076418255,2,FAIL
sinusoid,30,cstr,1.1518255,1,0.9514725816,0.1561162508,0.898725266,2.1,FAIL
sinusoid,30,cstr,1.266695,1,0.9460341345,0.1634090531,0.888581037,2.2,FAIL
sinusoid,30,cstr,1.3930202,1,0.9395983212,0.1712385096,0.8770498001,2.35,FAIL
sinusoid,30,cstr,1.5319435,1,0.9319696076,0.1796083467,0.8639603883,2.45,FAIL
sinusoid,30,cstr,1.6847215,1,0.9229996888,0.1885115803,0.8491329649,2.6,FAIL
sinusoid,30,cstr,1.8527357,1,0.9124830633,0.1979279331,0.8323840089,2.75,FAIL
sinusoid,30,cstr,2,1,0.9027638648,0.2058524918,0.8173910451,2.85,FAIL
sinusoid,30,cstr,2.0375056,1,0.900228984,0.2078212461,0.8135334994,2.9,FAIL
sinusoid,30,cstr,2.2407024,1,0.8860469566,0.2181371608,0.7924145102,3.05,FAIL
sinusoid,30,cstr,2.4641635,1,0.8697680272,0.2288014229,0.768885193,3.2,FAIL
sinusoid,30,cstr,2.7099101,1,0.8512267094,0.2397192325,0.7428427375,3.4,FAIL
sinusoid,30,cstr,2.9801645,1,0.8303092849,0.2507760885,0.7142383581,3.6,FAIL
sinusoid,30,cstr,3,1,0.8287552737,0.2515495598,0.7121466804,3.6,FAIL
sinusoid,30,cstr,3.2773709,1,0.8069585463,0.2618404833,0.6830918459,3.75,FAIL
sinusoid,30,cstr,3.6042171,1,0.7811805853,0.2727686465,0.6495036582,4,FAIL
sinusoid,30,cstr,3.7,1,0.773659804,0.2757398538,0.6398297919,4.05,FAIL
sinusoid,30,cstr,3.9636591,1,0.7530922654,0.2834112065,0.613662373,4.2,FAIL
sinusoid,30,cstr,4.3589477,1,0.7228424957,0.293621294,0.5758454748,4.4,FAIL
sinusoid,30,cstr,4.7936576,1,0.6907201135,0.3032632413,0.5364122187,4.6,FAIL
sinusoid,30,cstr,5,1,0.6759608271,0.3073248546,0.5185222482,4.7,FAIL
sinusoid,30,cstr,5.2717203,1,0.657042598,0.3122208052,0.4957884842,4.85,FAIL
sinusoid,30,cstr,5.7974594,1,0.6222336593,0.3204038188,0.4544449474,5.05,FAIL
sinusoid,30,cstr,6.3756295,1,0.586703455,0.3277524086,0.4128711188,5.25,FAIL
sinusoid,30,cstr,7.0114594,1,0.5509103287,0.3342383351,0.3715485113,5.45,FAIL
sinusoid,30,cstr,7.7106995,1,0.5152860239,0.3398635163,0.3309261974,5.65,FAIL
sinusoid,30,cstr,8.4796736,1,0.4802217547,0.3446562413,0.2914013345,5.85,FAIL
sinusoid,30,cstr,9.325336,1,0.4460644417,0.348665856,0.2533061322,6.05,FAIL
sinusoid,30,cstr,10,1,0.4217237781,0.3511499433,0.2263802481,6.15,FAIL
sinusoid,30,cstr,10.255335,1,0.4131143548,0.3519567841,0.2169015598,6.2,FAIL
sinusoid,30,cstr,11.278081,1,0.3815779915,0.3546026447,0.1823771069,6.35,FAIL
sinusoid,30,cstr,12.402823,1,0.3516344429,0.356681024,0.1498553017,6.5,FAIL
sinusoid,30,cstr,13.639734,1,0.3233803055,0.3582692188,0.119399488,6.65,FAIL
sinusoid,30,cstr,15,1,0.2968771772,0.3594410579,0.09102343908,6.8,FAIL
sinusoid,30,gamma_rtd,0.05,1,0.9787472235,0.07868739949,0.9749122241,1.05,PASS
sinusoid,30,gamma_rtd,0.05498641,1,0.9787401286,0.07892837415,0.974756904,1.05,PASS
sinusoid,30,gamma_rtd,0.0604701,1,0.9787383889,0.0792187699,0.9745690967,1.05,PASS
sinusoid,30,gamma_rtd,0.06650068,1,0.9787364881,0.0795624605,0.9743459279,1.05,PASS
sinusoid,30,gamma_rtd,0.07313267,1,0.9787327851,0.07996307142,0.9740845752,1.1,PASS
sinusoid,30,gamma_rtd,0.08042606,1,0.9787265155,0.08042414651,0.9737821457,1.1,PASS
sinusoid,30,gamma_rtd,0.0884468,1,0.9787167244,0.08094932956,0.9734355394,1.1,PASS
sinusoid,30,gamma_rtd,0.09726744,1,0.9787022315,0.08154255144,0.9730413039,1.1,PASS
sinusoid,30,gamma_rtd,0.1,1,0.9786969222,0.08172886506,0.9729168893,1.1,PASS
sinusoid,30,gamma_rtd,0.10696774,1,0.9786815881,0.0822081959,0.9725954951,1.1,PASS
sinusoid,30,gamma_rtd,0.11763544,1,0.978663829,0.08295124812,0.9720935394,1.1,PASS
sinusoid,30,gamma_rtd,0.12936701,1,0.9786496557,0.08377741209,0.9715301056,1.15,PASS
sinusoid,30,gamma_rtd,0.14226855,1,0.978625411,0.08469321127,0.9708989748,1.15,PASS
sinusoid,30,gamma_rtd,0.15645673,1,0.9785880922,0.08570606982,0.9701929077,1.15,PASS
sinusoid,30,gamma_rtd,0.17205988,1,0.9785522961,0.08682438817,0.9694034987,1.15,PASS
sinusoid,30,gamma_rtd,0.1892191,1,0.9785135095,0.08805760853,0.9685210156,1.2,PASS
sinusoid,30,gamma_rtd,0.20808957,1,0.9784516431,0.08941628766,0.9675342099,1.2,PASS
sinusoid,30,gamma_rtd,0.22884197,1,0.9783924718,0.09091217293,0.9664300949,1.2,PASS
sinusoid,30,gamma_rtd,0.25,1,0.9783193631,0.09243824147,0.9652846087,1.25,PASS
sinusoid,30,gamma_rtd,0.25166396,1,0.9783125331,0.0925582799,0.9651936876,1.25,PASS
sinusoid,30,gamma_rtd,0.27676195,1,0.9782178804,0.0943689882,0.9638076949,1.25,PASS
sinusoid,30,gamma_rtd,0.30436292,1,0.9781012177,0.0963601383,0.9622521475,1.3,PASS
sinusoid,30,gamma_rtd,0.33471648,1,0.9779671523,0.0985491415,0.9605039619,1.35,PASS
sinusoid,30,gamma_rtd,0.36809714,1,0.9777904147,0.1009550993,0.9585364219,1.35,FAIL
sinusoid,30,gamma_rtd,0.4048068,1,0.9775918298,0.1035989303,0.9563185627,1.4,FAIL
sinusoid,30,gamma_rtd,0.44517744,1,0.977351277,0.1065035001,0.9538144473,1.45,FAIL
sinusoid,30,gamma_rtd,0.48957418,1,0.9770558357,0.1096937623,0.9509823028,1.5,FAIL
sinusoid,30,gamma_rtd,0.5,1,0.9769797335,0.1104422927,0.9503053746,1.5,FAIL
sinusoid,30,gamma_rtd,0.53839852,1,0.976697796,0.1131968912,0.9477735107,1.5,FAIL
sinusoid,30,gamma_rtd,0.59209203,1,0.9762649634,0.1170424203,0.944131407,1.6,FAIL
sinusoid,30,gamma_rtd,0.65114029,1,0.9757393563,0.1212623614,0.9399898803,1.65,FAIL
sinusoid,30,gamma_rtd,0.71607733,1,0.9750986963,0.1258913142,0.9352717185,1.7,FAIL
sinusoid,30,gamma_rtd,0.75,1,0.9747547372,0.1283042233,0.9327392584,1.75,FAIL
sinusoid,30,gamma_rtd,0.78749042,1,0.974347371,0.1309665386,0.9298866837,1.75,FAIL
sinusoid,30,gamma_rtd,0.8660254,1,0.9734136026,0.1365279877,0.923729264,1.85,FAIL
sinusoid,30,gamma_rtd,0.95239254,1,0.9723103706,0.1426182759,0.9166760709,1.9,FAIL
sinusoid,30,gamma_rtd,1,1,0.971654116,0.1459631586,0.9126632617,1.95,FAIL
sinusoid,30,gamma_rtd,1.0473729,1,0.9709698445,0.1492825529,0.9085828494,2,FAIL
sinusoid,30,gamma_rtd,1.1518255,1,0.9693487618,0.1565682576,0.8992810639,2.1,FAIL
sinusoid,30,gamma_rtd,1.266695,1,0.9673855492,0.1645247081,0.8885740465,2.2,FAIL
sinusoid,30,gamma_rtd,1.3930202,1,0.9650450862,0.1732024598,0.8762327313,2.35,FAIL
sinusoid,30,gamma_rtd,1.5319435,1,0.962208504,0.1826523872,0.8619909979,2.45,FAIL
sinusoid,30,gamma_rtd,1.6847215,1,0.9588011245,0.1929243766,0.8455407662,2.6,FAIL
sinusoid,30,gamma_rtd,1.8527357,1,0.9547092498,0.2040655526,0.8265270131,2.75,FAIL
sinusoid,30,gamma_rtd,2,1,0.9508277072,0.213689006,0.8090941873,2.9,FAIL
sinusoid,30,gamma_rtd,2.0375056,1,0.9497914521,0.2161178996,0.8045430636,2.95,FAIL
sinusoid,30,gamma_rtd,2.2407024,1,0.9439045945,0.2291151552,0.779126649,3.15,FAIL
sinusoid,30,gamma_rtd,2.4641635,1,0.9368722698,0.2430788258,0.7497574844,3.35,FAIL
sinusoid,30,gamma_rtd,2.7099101,1,0.9284744974,0.2580131835,0.7158574305,3.55,FAIL
sinusoid,30,gamma_rtd,2.9801645,1,0.9184896805,0.2738991491,0.6767946459,3.8,FAIL
sinusoid,30,gamma_rtd,3,1,0.9177200722,0.2750421727,0.6738588305,3.85,FAIL
sinusoid,30,gamma_rtd,3.2773709,1,0.9066424459,0.2906869975,0.6318936478,4.1,FAIL
sinusoid,30,gamma_rtd,3.6042171,1,0.8926622956,0.3082880007,0.58045354,4.35,FAIL
sinusoid,30,gamma_rtd,3.7,1,0.8883803698,0.3132703427,0.5650162668,4.45,FAIL
sinusoid,30,gamma_rtd,3.9636591,1,0.8762152997,0.3265652778,0.5217771511,4.7,FAIL
sinusoid,30,gamma_rtd,4.3589477,1,0.8570063696,0.3453244738,0.4552138739,5.05,FAIL
sinusoid,30,gamma_rtd,4.7936576,1,0.8346845958,0.3643052791,0.3802187459,5.4,FAIL
sinusoid,30,gamma_rtd,5,1,0.8237112281,0.372707012,0.3441702531,5.6,FAIL
sinusoid,30,gamma_rtd,5.2717203,1,0.8089585933,0.383175337,0.2964291802,5.8,FAIL
sinusoid,30,gamma_rtd,5.7974594,1,0.7795625054,0.4015286267,0.2037585665,6.25,FAIL
sinusoid,30,gamma_rtd,6.3756295,1,0.7463290693,0.4188908789,0.1025023085,6.75,FAIL
sinusoid,30,gamma_rtd,7.0114594,1,0.7091739553,0.4347347168,-0.006553212435,7.25,FAIL
sinusoid,30,gamma_rtd,7.7106995,1,0.6681994914,0.4485067646,-0.1220343108,7.8,FAIL
sinusoid,30,gamma_rtd,8.4796736,1,0.6236724177,0.4596676103,-0.2419176029,8.4,FAIL
sinusoid,30,gamma_rtd,9.325336,1,0.5760794233,0.4677431058,-0.3635261094,9.05,FAIL
sinusoid,30,gamma_rtd,10,1,0.5395636799,0.4715000115,-0.452108399,9.5,FAIL
sinusoid,30,gamma_rtd,10.255335,1,0.5261318902,0.4723821863,-0.4836064432,9.7,FAIL
sinusoid,30,gamma_rtd,11.278081,1,0.4747139139,0.4734128658,-0.5985002543,10.35,FAIL
sinusoid,30,gamma_rtd,12.402823,1,0.4228764888,0.470885458,-0.7044058233,11.1,FAIL
sinusoid,30,gamma_rtd,13.639734,1,0.3717396464,0.465091731,-0.7977034207,11.8,FAIL
sinusoid,30,gamma_rtd,15,1,0.3224026909,0.4565516129,-0.875297237,12.5,FAIL
sinusoid,60,plug,0.05,1,0.9945601722,0.03959739665,0.9937070117,1.05,PASS
sinusoid,60,plug,0.05498641,1,0.9945584916,0.03978102485,0.9936483713,1.05,PASS
sinusoid,60,plug,0.0604701,1,0.9945586963,0.03998296586,0.9935835698,1.1,PASS
sinusoid,60,plug,0.06650068,1,0.9945589215,0.04020504663,0.9935119269,1.1,PASS
sinusoid,60,plug,0.07313267,1,0.9945591691,0.04044927493,0.9934326816,1.1,PASS
sinusoid,60,plug,0.08042606,1,0.9945594414,0.04071785997,0.9933449797,1.1,PASS
sinusoid,60,plug,0.0884468,1,0.9945597408,0.04101323048,0.9932478622,1.1,PASS
sinusoid,60,plug,0.09726744,1,0.9945600702,0.04133805822,0.9931402501,1.1,PASS
sinusoid,60,plug,0.1,1,0.9945601722,0.04143868717,0.9931067409,1.1,PASS
sinusoid,60,plug,0.10696774,1,0.9945585655,0.04169526386,0.9930209275,1.1,PASS
sinusoid,60,plug,0.11763544,1,0.9945589638,0.04208808677,0.9928885209,1.15,PASS
sinusoid,60,plug,0.12936701,1,0.9945594018,0.04252008611,0.992741478,1.15,PASS
sinusoid,60,plug,0.14226855,1,0.9945598835,0.04299516911,0.9925780402,1.15,PASS
sinusoid,60,plug,0.15645673,1,0.9945585465,0.04351761117,0.9923962108,1.15,PASS
sinusoid,60,plug,0.17205988,1,0.994559129,0.04409213035,0.9921937165,1.2,PASS
sinusoid,60,plug,0.1892191,1,0.9945597697,0.04472394835,0.9919679676,1.2,PASS
sinusoid,60,plug,0.20808957,1,0.9945586074,0.04541874654,0.9917160063,1.2,PASS
sinusoid,60,plug,0.22884197,1,0.9945593822,0.04618279358,0.9914344427,1.25,PASS
sinusoid,60,plug,0.25,1,0.9945601722,0.046961782,0.9911425532,1.25,PASS
sinusoid,60,plug,0.25166396,1,0.9945593269,0.04702303709,0.9911193914,1.25,PASS
sinusoid,60,plug,0.27676195,1,0.9945593046,0.04794697299,0.9907663808,1.3,PASS
sinusoid,60,plug,0.30436292,1,0.9945584683,0.04896304215,0.9903702597,1.3,PASS
sinusoid,60,plug,0.33471648,1,0.9945596016,0.05008031722,0.9899250762,1.35,PASS
sinusoid,60,plug,0.36809714,1,0.9945589811,0.05130892764,0.9894239429,1.4,PASS
sinusoid,60,plug,0.4048068,1,0.9945584849,0.0526599631,0.9888588663,1.4,PASS
sinusoid,60,plug,0.44517744,1,0.9945599921,0.05414553716,0.9882205548,1.45,PASS
sinusoid,60,plug,0.48957418,1,0.9945597829,0.05577902691,0.9874981842,1.5,PASS
sinusoid,60,plug,0.5,1,0.9945601722,0.05616262833,0.9873254511,1.5,PASS
sinusoid,60,plug,0.53839852,1,0.994559739,0.05757515227,0.9866791172,1.55,PASS
sinusoid,60,plug,0.59209203,1,0.9945598769,0.05955005364,0.9857485722,1.6,PASS
sinusoid,60,plug,0.65114029,1,0.9945595929,0.06172146025,0.9846892277,1.65,PASS
sinusoid,60,plug,0.71607733,1,0.9945589057,0.06410873252,0.983480747,1.7,PASS
sinusoid,60,plug,0.75,1,0.9945601722,0.06535566222,0.9828313477,1.75,PASS
sinusoid,60,plug,0.78749042,1,0.9945597051,0.06673338828,0.9820992146,1.8,PASS
sinusoid,60,plug,0.8660254,1,0.9945589037,0.06961879188,0.9805164653,1.85,PASS
sinusoid,60,plug,0.95239254,1,0.9945589568,0.07279077127,0.9786992691,1.95,PASS
sinusoid,60,plug,1,1,0.9945601722,0.07453863019,0.9776633378,2,PASS
sinusoid,60,plug,1.0473729,1,0.9945600741,0.07627740833,0.9766083788,2.05,PASS
sinusoid,60,plug,1.1518255,1,0.9945592448,0.08010970064,0.9741973792,2.15,PASS
sinusoid,60,plug,1.266695,1,0.9945589287,0.084321435,0.9714113138,2.25,PASS
sinusoid,60,plug,1.3930202,1,0.9945599116,0.08894993467,0.9681850579,2.4,PASS
sinusoid,60,plug,1.5319435,1,0.994559498,0.09403553542,0.9644413782,2.5,PASS
sinusoid,60,plug,1.6847215,1,0.9945596017,0.09962275716,0.9600886208,2.65,PASS
sinusoid,60,plug,1.8527357,1,0.9945587825,0.1057600238,0.9550179824,2.85,FAIL
sinusoid,60,plug,2,1,0.9945601722,0.1111326606,0.9503303084,2.95,FAIL
sinusoid,60,plug,2.0375056,1,0.9945597057,0.1124998087,0.949100272,3,FAIL
sinusoid,60,plug,2.2407024,1,0.994559825,0.1198997995,0.9421821132,3.2,FAIL
sinusoid,60,plug,2.4641635,1,0.9945588342,0.12802212,0.9340814718,3.4,FAIL
sinusoid,60,plug,2.7099101,1,0.9945586754,0.1369343753,0.9245824522,3.65,FAIL
sinusoid,60,plug,2.9801645,1,0.9945594316,0.1467091837,0.9134292774,3.9,FAIL
sinusoid,60,plug,3,1,0.9945601722,0.1474257135,0.9125817482,3.95,FAIL
sinusoid,60,plug,3.2773709,1,0.9945593273,0.1574249725,0.9003193911,4.2,FAIL
sinusoid,60,plug,3.6042171,1,0.9945584628,0.169165574,0.8848956352,4.5,FAIL
sinusoid,60,plug,3.7,1,0.9945601722,0.1725969898,0.8801784273,4.6,FAIL
sinusoid,60,plug,3.9636591,1,0.9945588154,0.1820194162,0.8667375655,4.85,FAIL
sinusoid,60,plug,4.3589477,1,0.9945586395,0.1960807661,0.8453520107,5.25,FAIL
sinusoid,60,plug,4.7936576,1,0.9945599354,0.2114471832,0.8201631602,5.65,FAIL
sinusoid,60,plug,5,1,0.9945601722,0.2187033798,0.8076088575,5.85,FAIL
sinusoid,60,plug,5.2717203,1,0.9945591163,0.2282189599,0.7905027214,6.1,FAIL
sinusoid,60,plug,5.7974594,1,0.9945600773,0.2464982801,0.7556009828,6.6,FAIL
sinusoid,60,plug,6.3756295,1,0.9945592623,0.2663835041,0.7145802644,7.15,FAIL
sinusoid,60,plug,7.0114594,1,0.9945587332,0.2879695461,0.6664528291,7.75,FAIL
sinusoid,60,plug,7.7106995,1,0.9945587049,0.3113384438,0.610126533,8.4,FAIL
sinusoid,60,plug,8.4796736,1,0.9945594133,0.336554229,0.5444228703,9.15,FAIL
sinusoid,60,plug,9.325336,1,0.9945592513,0.3636528588,0.4681140205,9.95,FAIL
sinusoid,60,plug,10,1,0.9945601722,0.38476345,0.4045774948,10.6,FAIL
sinusoid,60,plug,10.255335,1,0.9945585046,0.3926285809,0.379987998,10.85,FAIL
sinusoid,60,plug,11.278081,1,0.9945593538,0.4234149418,0.2789541281,11.8,FAIL
sinusoid,60,plug,12.402823,1,0.9945587381,0.455866639,0.1642044723,12.9,FAIL
sinusoid,60,plug,13.639734,1,0.9945597889,0.4897234184,0.03545017095,14.1,FAIL
sinusoid,60,plug,15,1,0.9945601722,0.5245803391,-0.1067460304,15.45,FAIL
sinusoid,60,cstr,0.05,1,0.994550157,0.04066893275,0.9933609881,1.1,PASS
sinusoid,60,cstr,0.05498641,1,0.9945471608,0.04083923957,0.9933051394,1.1,PASS
sinusoid,60,cstr,0.0604701,1,0.9945432734,0.04102896545,0.9932426471,1.1,PASS
sinusoid,60,cstr,0.06650068,1,0.9945382726,0.04123985677,0.9931728424,1.1,PASS
sinusoid,60,cstr,0.07313267,1,0.9945318867,0.04147384204,0.9930949737,1.1,PASS
sinusoid,60,cstr,0.08042606,1,0.9945262785,0.04173305323,0.9930081939,1.1,PASS
sinusoid,60,cstr,0.0884468,1,0.9945203009,0.04201984432,0.9929115486,1.15,PASS
sinusoid,60,cstr,0.09726744,1,0.9945121544,0.04233681493,0.9928039603,1.15,PASS
sinusoid,60,cstr,0.1,1,0.9945092945,0.04243527979,0.9927703735,1.15,PASS
sinusoid,60,cstr,0.10696774,1,0.9945012796,0.0426868326,0.9926842119,1.15,PASS
sinusoid,60,cstr,0.11763544,1,0.9944869911,0.04307306062,0.992550926,1.15,PASS
sinusoid,60,cstr,0.12936701,1,0.9944698355,0.04349898492,0.9924025425,1.15,PASS
sinusoid,60,cstr,0.14226855,1,0.9944529683,0.04396844611,0.9922372915,1.2,PASS
sinusoid,60,cstr,0.15645673,1,0.9944302752,0.04448567275,0.9920531619,1.2,PASS
sinusoid,60,cstr,0.17205988,1,0.9944002952,0.04505531965,0.9918478641,1.2,PASS
sinusoid,60,cstr,0.1892191,1,0.9943677113,0.04568250651,0.9916187881,1.25,PASS
sinusoid,60,cstr,0.20808957,1,0.9943276198,0.04637286314,0.9913629521,1.25,PASS
sinusoid,60,cstr,0.22884197,1,0.9942753189,0.04713257809,0.9910769432,1.25,PASS
sinusoid,60,cstr,0.25,1,0.9942231501,0.04790749501,0.9907803822,1.3,PASS
sinusoid,60,cstr,0.25166396,1,0.9942186355,0.04796844828,0.9907568483,1.3,PASS
sinusoid,60,cstr,0.27676195,1,0.994143257,0.04888793801,0.9903981708,1.3,PASS
sinusoid,60,cstr,0.30436292,1,0.9940590407,0.04989923799,0.9899957341,1.35,PASS
sinusoid,60,cstr,0.33471648,1,0.9939516369,0.05101133093,0.9895435671,1.35,PASS
sinusoid,60,cstr,0.36809714,1,0.9938245344,0.05223406171,0.9890347688,1.4,PASS
sinusoid,60,cstr,0.4048068,1,0.9936714085,0.05357821189,0.9884613482,1.45,PASS
sinusoid,60,cstr,0.44517744,1,0.993484495,0.05505557628,0.9878140361,1.5,PASS
sinusoid,60,cstr,0.48957418,1,0.9932583084,0.0566790466,0.9870820618,1.5,PASS
sinusoid,60,cstr,0.5,1,0.9932032515,0.05706008186,0.9869071271,1.55,PASS
sinusoid,60,cstr,0.53839852,1,0.9929855801,0.05846269304,0.9862528907,1.55,PASS
sinusoid,60,cstr,0.59209203,1,0.9926568099,0.06042185117,0.9853119137,1.6,PASS
sinusoid,60,cstr,0.65114029,1,0.9922597174,0.06257320343,0.9842420835,1.7,PASS
sinusoid,60,cstr,0.71607733,1,0.9917785778,0.0649348601,0.9830234857,1.75,PASS
sinusoid,60,cstr,0.75,1,0.9915103616,0.06616667095,0.982369474,1.8,PASS
sinusoid,60,cstr,0.78749042,1,0.9911975245,0.06752642863,0.981632839,1.8,PASS
sinusoid,60,cstr,0.8660254,1,0.9904983279,0.07036907103,0.9800429114,1.9,PASS
sinusoid,60,cstr,0.95239254,1,0.9896539302,0.0734855398,0.9782218435,1.95,PASS
sinusoid,60,cstr,1,1,0.9891547319,0.07519879112,0.9771858229,2,PASS
sinusoid,60,cstr,1.0473729,1,0.9886345182,0.07690018036,0.9761323706,2.05,PASS
sinusoid,60,cstr,1.1518255,1,0.9874066725,0.08063889146,0.9737309345,2.15,PASS
sinusoid,60,cstr,1.266695,1,0.9859275303,0.08472902618,0.9709666802,2.3,PASS
sinusoid,60,cstr,1.3930202,1,0.9841454681,0.08919920759,0.9677803441,2.4,PASS
sinusoid,60,cstr,1.5319435,1,0.9820062683,0.09407904439,0.9641030395,2.55,PASS
sinusoid,60,cstr,1.6847215,1,0.9794369043,0.09939870319,0.9598549741,2.7,PASS
sinusoid,60,cstr,1.8527357,1,0.9763541917,0.1051883129,0.9549441415,2.85,FAIL
sinusoid,60,cstr,2,1,0.973441219,0.1102074777,0.9504408549,2.95,FAIL
sinusoid,60,cstr,2.0375056,1,0.9726695284,0.1114771518,0.949265073,3,FAIL
sinusoid,60,cstr,2.2407024,1,0.9682652645,0.1182925802,0.9426977635,3.2,FAIL
sinusoid,60,cstr,2.4641635,1,0.9630174372,0.1256586736,0.9351069464,3.4,FAIL
sinusoid,60,cstr,2.7099101,1,0.9567831396,0.1335945205,0.9263419488,3.6,FAIL
sinusoid,60,cstr,2.9801645,1,0.9494030489,0.1421121772,0.9162374232,3.85,FAIL
sinusoid,60,cstr,3,1,0.9488419126,0.1427284159,0.9154777789,3.85,FAIL
sinusoid,60,cstr,3.2773709,1,0.9407029925,0.1512142806,0.9046153289,4.1,FAIL
sinusoid,60,cstr,3.6042171,1,0.9304925728,0.1608914012,0.8912885615,4.4,FAIL
sinusoid,60,cstr,3.7,1,0.9273813056,0.1636597249,0.887286145,4.45,FAIL
sinusoid,60,cstr,3.9636591,1,0.9185776173,0.1711192572,0.8760666581,4.7,FAIL
sinusoid,60,cstr,4.3589477,1,0.9047601943,0.1818560237,0.8587639101,5,FAIL
sinusoid,60,cstr,4.7936576,1,0.8888555065,0.1930400526,0.8392100496,5.35,FAIL
sinusoid,60,cstr,5,1,0.8810922963,0.1981205299,0.8297827159,5.5,FAIL
sinusoid,60,cstr,5.2717203,1,0.8706958079,0.2045884161,0.8172633413,5.7,FAIL
sinusoid,60,cstr,5.7974594,1,0.8501534775,0.2163967355,0.7928254475,6.05,FAIL
sinusoid,60,cstr,6.3756295,1,0.827148392,0.2283407352,0.7658568594,6.45,FAIL
sinusoid,60,cstr,7.0114594,1,0.8016750092,0.2402798334,0.7363911153,6.85,FAIL
sinusoid,60,cstr,7.7106995,1,0.7737978657,0.2520628266,0.7045456277,7.3,FAIL
sinusoid,60,cstr,8.4796736,1,0.7436768595,0.2635353788,0.6705268976,7.7,FAIL
sinusoid,60,cstr,9.325336,1,0.7115563633,0.2745486392,0.6346283573,8.15,FAIL
sinusoid,60,cstr,10,1,0.6868657483,0.2822692135,0.6072654084,8.45,FAIL
sinusoid,60,cstr,10.255335,1,0.677760214,0.2849680013,0.5972200782,8.55,FAIL
sinusoid,60,cstr,11.278081,1,0.6426775034,0.294680882,0.5587309173,9,FAIL
sinusoid,60,cstr,12.402823,1,0.6067408417,0.3036025039,0.5196250373,9.4,FAIL
sinusoid,60,cstr,13.639734,1,0.5704037503,0.3116790027,0.4803757459,9.8,FAIL
sinusoid,60,cstr,15,1,0.5341090511,0.318887656,0.4414399448,10.2,FAIL
sinusoid,60,gamma_rtd,0.05,1,0.994558035,0.0399741448,0.9935864066,1.1,PASS
sinusoid,60,gamma_rtd,0.05498641,1,0.9945576608,0.0400965889,0.9935469636,1.1,PASS
sinusoid,60,gamma_rtd,0.0604701,1,0.9945570192,0.04024414764,0.9934992699,1.1,PASS
sinusoid,60,gamma_rtd,0.06650068,1,0.9945559871,0.04041879122,0.9934425954,1.1,PASS
sinusoid,60,gamma_rtd,0.07313267,1,0.9945544062,0.04062236437,0.9933762227,1.1,PASS
sinusoid,60,gamma_rtd,0.08042606,1,0.9945520766,0.04085667122,0.9932994165,1.1,PASS
sinusoid,60,gamma_rtd,0.0884468,1,0.9945487499,0.04112356783,0.9932113885,1.1,PASS
sinusoid,60,gamma_rtd,0.09726744,1,0.9945441197,0.04142505759,0.9931112609,1.1,PASS
sinusoid,60,gamma_rtd,0.1,1,0.9945424731,0.04151975038,0.9930796614,1.1,PASS
sinusoid,60,gamma_rtd,0.10696774,1,0.9945407539,0.0417633759,0.9929980302,1.1,PASS
sinusoid,60,gamma_rtd,0.11763544,1,0.9945379018,0.04214106623,0.9928705328,1.15,PASS
sinusoid,60,gamma_rtd,0.12936701,1,0.9945329798,0.0425610405,0.9927274118,1.15,PASS
sinusoid,60,gamma_rtd,0.14226855,1,0.9945253551,0.04302663123,0.9925670838,1.15,PASS
sinusoid,60,gamma_rtd,0.15645673,1,0.9945162665,0.04354163411,0.9923877051,1.15,PASS
sinusoid,60,gamma_rtd,0.17205988,1,0.9945091598,0.04411034802,0.9921871339,1.2,PASS
sinusoid,60,gamma_rtd,0.1892191,1,0.9944973295,0.04473761053,0.9919628893,1.2,PASS
sinusoid,60,gamma_rtd,0.20808957,1,0.9944821342,0.04542883767,0.9917121016,1.2,PASS
sinusoid,60,gamma_rtd,0.22884197,1,0.9944677918,0.04619006627,0.9914314558,1.25,PASS
sinusoid,60,gamma_rtd,0.25,1,0.9944467623,0.04696688432,0.991140241,1.25,PASS
sinusoid,60,gamma_rtd,0.25166396,1,0.9944448337,0.04702799807,0.9911171239,1.25,PASS
sinusoid,60,gamma_rtd,0.27676195,1,0.9944236675,0.04795005461,0.9907646829,1.3,PASS
sinusoid,60,gamma_rtd,0.30436292,1,0.9943913665,0.04896443433,0.9903690199,1.3,PASS
sinusoid,60,gamma_rtd,0.33471648,1,0.9943590037,0.05008017871,0.9899242161,1.35,PASS
sinusoid,60,gamma_rtd,0.36809714,1,0.9943159947,0.05130724624,0.9894234104,1.4,PASS
sinusoid,60,gamma_rtd,0.4048068,1,0.9942619648,0.05265659409,0.9888586358,1.4,PASS
sinusoid,60,gamma_rtd,0.44517744,1,0.9942011156,0.05414026625,0.9882206253,1.45,PASS
sinusoid,60,gamma_rtd,0.48957418,1,0.9941265703,0.05577149383,0.9874985801,1.5,PASS
sinusoid,60,gamma_rtd,0.5,1,0.9941059716,0.05615448768,0.987325925,1.5,PASS
sinusoid,60,gamma_rtd,0.53839852,1,0.9940355368,0.05756479966,0.9866798933,1.55,PASS
sinusoid,60,gamma_rtd,0.59209203,1,0.9939248267,0.05953611626,0.9857498209,1.6,PASS
sinusoid,60,gamma_rtd,0.65114029,1,0.9937897538,0.06170290841,0.9846910896,1.65,PASS
sinusoid,60,gamma_rtd,0.71607733,1,0.9936305282,0.06408430828,0.9834834287,1.7,PASS
sinusoid,60,gamma_rtd,0.75,1,0.9935386219,0.06532767498,0.9828345296,1.75,PASS
sinusoid,60,gamma_rtd,0.78749042,1,0.9934360983,0.06670125533,0.9821030136,1.8,PASS
sinusoid,60,gamma_rtd,0.8660254,1,0.9932000895,0.06957664564,0.980521801,1.85,PASS
sinusoid,60,gamma_rtd,0.95239254,1,0.9929131567,0.07273548682,0.9787067386,1.95,PASS
sinusoid,60,gamma_rtd,1,1,0.9927452838,0.07447513702,0.9776722104,2,PASS
sinusoid,60,gamma_rtd,1.0473729,1,0.9925701196,0.07620505402,0.9766188251,2.05,PASS
sinusoid,60,gamma_rtd,1.1518255,1,0.9921531277,0.08001504793,0.9742119923,2.15,PASS
sinusoid,60,gamma_rtd,1.266695,1,0.9916523393,0.08419774857,0.9714317787,2.25,PASS
sinusoid,60,gamma_rtd,1.3930202,1,0.9910447392,0.08878815248,0.9682137614,2.4,PASS
sinusoid,60,gamma_rtd,1.5319435,1,0.9903118647,0.09382409479,0.9644817012,2.5,PASS
sinusoid,60,gamma_rtd,1.6847215,1,0.9894254845,0.09934633031,0.9601453643,2.65,PASS
sinusoid,60,gamma_rtd,1.8527357,1,0.9883528993,0.1053985675,0.9550979666,2.85,FAIL
sinusoid,60,gamma_rtd,2,1,0.9873338748,0.1106842454,0.9504358612,2.95,FAIL
sinusoid,60,gamma_rtd,2.0375056,1,0.9870636468,0.1120274243,0.9492131997,3,FAIL
sinusoid,60,gamma_rtd,2.2407024,1,0.9855051406,0.1192822796,0.9423417898,3.2,FAIL
sinusoid,60,gamma_rtd,2.4641635,1,0.9836240299,0.1272149799,0.9343075531,3.4,FAIL
sinusoid,60,gamma_rtd,2.7099101,1,0.9813585444,0.1358793471,0.9249029323,3.65,FAIL
sinusoid,60,gamma_rtd,2.9801645,1,0.9786336673,0.1453304311,0.9138840126,3.9,FAIL
sinusoid,60,gamma_rtd,3,1,0.9784236236,0.146020747,0.9130477365,3.95,FAIL
sinusoid,60,gamma_rtd,3.2773709,1,0.975351163,0.1556234126,0.9009650902,4.2,FAIL
sinusoid,60,gamma_rtd,3.6042171,1,0.9714076992,0.1668120733,0.8858129081,4.5,FAIL
sinusoid,60,gamma_rtd,3.7,1,0.970186449,0.1700635564,0.8811890346,4.6,FAIL
sinusoid,60,gamma_rtd,3.9636591,1,0.96667238,0.1789466987,0.8680408142,4.85,FAIL
sinusoid,60,gamma_rtd,4.3589477,1,0.9609975384,0.1920712886,0.8472032306,5.2,FAIL
sinusoid,60,gamma_rtd,4.7936576,1,0.9542052608,0.206219914,0.8227910582,5.6,FAIL
sinusoid,60,gamma_rtd,5,1,0.9507870133,0.2128257801,0.8106772939,5.8,FAIL
sinusoid,60,gamma_rtd,5.2717203,1,0.9461008638,0.2214120696,0.7942289204,6.05,FAIL
sinusoid,60,gamma_rtd,5.7974594,1,0.9364510222,0.2376468771,0.7608755304,6.55,FAIL
sinusoid,60,gamma_rtd,6.3756295,1,0.9249970647,0.254896048,0.7220289133,7.05,FAIL
sinusoid,60,gamma_rtd,7.0114594,1,0.9114532972,0.2730956153,0.6769387157,7.6,FAIL
sinusoid,60,gamma_rtd,7.7106995,1,0.8955095395,0.2921366121,0.6248283304,8.25,FAIL
sinusoid,60,gamma_rtd,8.4796736,1,0.8768381794,0.3118551533,0.564929915,8.9,FAIL
sinusoid,60,gamma_rtd,9.325336,1,0.8551107956,0.332022762,0.4965353907,9.65,FAIL
sinusoid,60,gamma_rtd,10,1,0.837011875,0.3469556496,0.4405220777,10.2,FAIL
sinusoid,60,gamma_rtd,10.255335,1,0.8300068761,0.3523382824,0.4190658878,10.45,FAIL
sinusoid,60,gamma_rtd,11.278081,1,0.8012498739,0.3724233028,0.332160462,11.3,FAIL
sinusoid,60,gamma_rtd,12.402823,1,0.7686256363,0.3918235636,0.2357818638,12.2,FAIL
sinusoid,60,gamma_rtd,13.639734,1,0.7320344918,0.4100191564,0.1303325306,13.2,FAIL
sinusoid,60,gamma_rtd,15,1,0.6915095545,0.4264461715,0.01676789418,14.3,FAIL
