grid,waveform_type,T_min,topology,tau_transport_min,tau_sensor_min,rtd_shape,amplitude_retention,NRMSE,pearson_r,feature_delay_min,feature_definition,aligned_amplitude_retention,aligned_NRMSE,aligned_pearson_r,pass_strict,strict_criterion
primary_1080,pulse,2.0,plug_flow,0.5,0.0,,1.0,0.0372550957208454,0.9155803553834327,0.5,peak time,1.0,5.55806705600844e-18,0.9999999999999999,False,"illustrative: amp>=0.90; NRMSE<=0.10; r>=0.95; delay<=max(1 min, T/4)"
primary_1080,pulse,2.0,plug_flow,0.5,1.0,,0.7435824389390074,0.07372666343606304,0.6217884551882494,1.2,peak time,0.7435824389390074,0.02300659632908335,0.977079321667247,False,"illustrative: amp>=0.90; NRMSE<=0.10; r>=0.95; delay<=max(1 min, T/4)"
primary_1080,pulse,2.0,plug_flow,0.5,2.0,,0.5478284481397855,0.08138945177106542,0.48773170445888203,1.45,peak time,0.5478284481397855,0.04166454346763686,0.91565708650978,False,"illustrative: amp>=0.90; NRMSE<=0.10; r>=0.95; delay<=max(1 min, T/4)"
primary_1080,pulse,2.0,plug_flow,0.5,5.0,,0.30415397679325423,0.08713387846278627,0.32235467668124534,1.8500000000000076,peak time,0.30415397679325423,0.06398332677498829,0.7634696421201391,False,"illustrative: amp>=0.90; NRMSE<=0.10; r>=0.95; delay<=max(1 min, T/4)"
primary_1080,pulse,2.0,plug_flow,1.0,0.0,,1.0,0.06998546802938145,0.7020880700383647,1.0,peak time,1.0,1.7003867716613783e-17,1.0,False,"illustrative: amp>=0.90; NRMSE<=0.10; r>=0.95; delay<=max(1 min, T/4)"
primary_1080,pulse,2.0,plug_flow,1.0,1.0,,0.7435824389390073,0.0924528771934868,0.39660051417794256,1.7,peak time,0.7435824389390073,0.023038822982125257,0.9770788570684792,False,"illustrative: amp>=0.90; NRMSE<=0.10; r>=0.95; delay<=max(1 min, T/4)"
primary_1080,pulse,2.0,plug_flow,1.0,2.0,,0.5478284481397855,0.09391162335772504,0.2961128661829853,1.95,peak time,0.5478284481397855,0.041722987238079226,0.9156554349843702,False,"illustrative: amp>=0.90; NRMSE<=0.10; r>=0.95; delay<=max(1 min, T/4)"
primary_1080,pulse,2.0,plug_flow,1.0,5.0,,0.30415397679325423,0.09335949944177444,0.1823504766182932,2.3500000000000076,peak time,0.30415397679325423,0.06407327947900684,0.7634665216765304,False,"illustrative: amp>=0.90; NRMSE<=0.10; r>=0.95; delay<=max(1 min, T/4)"
primary_1080,pulse,2.0,plug_flow,2.0,0.0,,1.0,0.11198798019207476,0.2371924620738898,2.0,peak time,1.0,2.2713877382584662e-17,0.9999999999999997,False,"illustrative: amp>=0.90; NRMSE<=0.10; r>=0.95; delay<=max(1 min, T/4)"
primary_1080,pulse,2.0,plug_flow,2.0,1.0,,0.7435824389390072,0.11306433108110553,0.09006950266211552,2.7,peak time,0.7435824389390072,0.0231036846616567,0.977077920143729,False,"illustrative: amp>=0.90; NRMSE<=0.10; r>=0.95; delay<=max(1 min, T/4)"
primary_1080,pulse,2.0,plug_flow,2.0,2.0,,0.5478284481397854,0.10756288035498485,0.05602693578936718,2.95,peak time,0.5478284481397854,0.04184061641774953,0.9156521050311456,False,"illustrative: amp>=0.90; NRMSE<=0.10; r>=0.95; delay<=max(1 min, T/4)"
primary_1080,pulse,2.0,plug_flow,2.0,5.0,,0.30415397679325423,0.10019594509657265,0.017483804093746943,3.3500000000000076,peak time,0.30415397679325423,0.0642543289483336,0.7634602393254349,False,"illustrative: amp>=0.90; NRMSE<=0.10; r>=0.95; delay<=max(1 min, T/4)"
primary_1080,pulse,2.0,plug_flow,5.0,0.0,,1.0,0.12929686793959105,-0.016829557415798273,5.0,peak time,1.0,2.6204110792814668e-16,1.0,False,"illustrative: amp>=0.90; NRMSE<=0.10; r>=0.95; delay<=max(1 min, T/4)"
primary_1080,pulse,2.0,plug_flow,5.0,1.0,,0.7435824389390073,0.11961286494462699,-0.020189865276237416,5.7,peak time,0.7435824389390073,0.02330160676392464,0.9770750459858245,False,"illustrative: amp>=0.90; NRMSE<=0.10; r>=0.95; delay<=max(1 min, T/4)"
primary_1080,pulse,2.0,plug_flow,5.0,2.0,,0.5478284481397854,0.1117625449390515,-0.02437704641045427,5.95,peak time,0.5478284481397854,0.04219956451307179,0.9156418946313991,False,"illustrative: amp>=0.90; NRMSE<=0.10; r>=0.95; delay<=max(1 min, T/4)"
primary_1080,pulse,2.0,plug_flow,5.0,5.0,,0.30415397679325423,0.1022692230436812,-0.034816590015948334,6.350000000000015,peak time,0.30415397679325423,0.06480682689796961,0.7634410546367535,False,"illustrative: amp>=0.90; NRMSE<=0.10; r>=0.95; delay<=max(1 min, T/4)"
primary_1080,pulse,2.0,plug_flow,10.0,0.0,,1.0,0.12930801509574796,-0.01700489416830567,10.0,peak time,1.0,3.77290764803223e-16,1.0,False,"illustrative: amp>=0.90; NRMSE<=0.10; r>=0.95; delay<=max(1 min, T/4)"
primary_1080,pulse,2.0,plug_flow,10.0,1.0,,0.7435824389390074,0.11961524658498743,-0.020231094579226942,10.7,peak time,0.7435824389390074,0.023643090479769504,0.9770700334306938,False,"illustrative: amp>=0.90; NRMSE<=0.10; r>=0.95; delay<=max(1 min, T/4)"
primary_1080,pulse,2.0,plug_flow,10.0,2.0,,0.5478284481397854,0.11176396876306974,-0.02440482814338051,10.95,peak time,0.5478284481397854,0.04281890440721704,0.9156241047997079,False,"illustrative: amp>=0.90; NRMSE<=0.10; r>=0.95; delay<=max(1 min, T/4)"
primary_1080,pulse,2.0,plug_flow,10.0,5.0,,0.3041539767932542,0.10226989219629681,-0.034833642920369265,11.350000000000016,peak time,0.3041539767932542,0.06576020006013245,0.7634079141192835,False,"illustrative: amp>=0.90; NRMSE<=0.10; r>=0.95; delay<=max(1 min, T/4)"
primary_1080,pulse,2.0,plug_flow,15.0,0.0,,1.0,0.12930801509574802,-0.017004894168306563,15.0,peak time,1.0,3.82754840210884e-16,0.9999999999999999,False,"illustrative: amp>=0.90; NRMSE<=0.10; r>=0.95; delay<=max(1 min, T/4)"
primary_1080,pulse,2.0,plug_flow,15.0,1.0,,0.7435824389390076,0.11961524658498741,-0.020231094579227067,15.7,peak time,0.7435824389390076,0.024000041380281216,0.9770647214684824,False,"illustrative: amp>=0.90; NRMSE<=0.10; r>=0.95; delay<=max(1 min, T/4)"
primary_1080,pulse,2.0,plug_flow,15.0,2.0,,0.5478284481397853,0.11176396876306974,-0.024404828143380557,15.95,peak time,0.5478284481397853,0.043466339142562725,0.9156052764240634,False,"illustrative: amp>=0.90; NRMSE<=0.10; r>=0.95; delay<=max(1 min, T/4)"
primary_1080,pulse,2.0,plug_flow,15.0,5.0,,0.30415397679325407,0.1022698921962968,-0.03483364288730274,16.350000000000016,peak time,0.30415397679325407,0.06675692556009921,0.7633732399250727,False,"illustrative: amp>=0.90; NRMSE<=0.10; r>=0.95; delay<=max(1 min, T/4)"
primary_1080,pulse,2.0,well_mixed,0.5,0.0,,0.8889794652244906,0.033467145388202196,0.9294068028576006,0.45,peak time,0.8889794652244906,0.009542065422231136,0.9962647994940063,False,"illustrative: amp>=0.90; NRMSE<=0.10; r>=0.95; delay<=max(1 min, T/4)"
primary_1080,pulse,2.0,well_mixed,0.5,1.0,,0.6810128060294536,0.07092591109405709,0.6437500222158269,1.1500000000000077,peak time,0.6810128060294536,0.02862651162643849,0.9618967521519605,False,"illustrative: amp>=0.90; NRMSE<=0.10; r>=0.95; delay<=max(1 min, T/4)"
primary_1080,pulse,2.0,well_mixed,0.5,2.0,,0.5108181768348823,0.0798485693327179,0.5044442295601975,1.5,peak time,0.5108181768348823,0.044272991175268166,0.9021382504396349,False,"illustrative: amp>=0.90; NRMSE<=0.10; r>=0.95; delay<=max(1 min, T/4)"
primary_1080,pulse,2.0,well_mixed,0.5,5.0,,0.2903087862841103,0.08655574306089929,0.3327963280999553,1.95,peak time,0.2903087862841103,0.06487301107409824,0.753274981892251,False,"illustrative: amp>=0.90; NRMSE<=0.10; r>=0.95; delay<=max(1 min, T/4)"
primary_1080,pulse,2.0,well_mixed,1.0,0.0,,0.7435824389390074,0.050363282010553116,0.8315809232953953,0.7,peak time,0.7435824389390074,0.022974504534512195,0.9770797837184839,False,"illustrative: amp>=0.90; NRMSE<=0.10; r>=0.95; delay<=max(1 min, T/4)"
primary_1080,pulse,2.0,well_mixed,1.0,1.0,,0.5880652171825103,0.07975852761980735,0.5245738985831165,1.45,peak time,0.5880652171825103,0.03722533023778426,0.9311649348629917,False,"illustrative: amp>=0.90; NRMSE<=0.10; r>=0.95; delay<=max(1 min, T/4)"
primary_1080,pulse,2.0,well_mixed,1.0,2.0,,0.45131410674971817,0.08625075665716747,0.3949301742803031,1.8500000000000076,peak time,0.45131410674971817,0.04985065923497395,0.8668659877599345,False,"illustrative: amp>=0.90; NRMSE<=0.10; r>=0.95; delay<=max(1 min, T/4)"
primary_1080,pulse,2.0,well_mixed,1.0,5.0,,0.2652078221929079,0.09011872312684213,0.24677300094330748,2.45,peak time,0.2652078221929079,0.06715283808024342,0.7243702202490337,False,"illustrative: amp>=0.90; NRMSE<=0.10; r>=0.95; delay<=max(1 min, T/4)"
primary_1080,pulse,2.0,well_mixed,2.0,0.0,,0.5478284481397854,0.06585169147044367,0.68743791498882,0.95,peak time,0.5478284481397854,0.041606344607732514,0.915658729163637,False,"illustrative: amp>=0.90; NRMSE<=0.10; r>=0.95; delay<=max(1 min, T/4)"
primary_1080,pulse,2.0,well_mixed,2.0,1.0,,0.4513141067497184,0.08625075665716748,0.3949301742803031,1.8500000000000076,peak time,0.4513141067497184,0.049850659234973935,0.866865987759935,False,"illustrative: amp>=0.90; NRMSE<=0.10; r>=0.95; delay<=max(1 min, T/4)"
primary_1080,pulse,2.0,well_mixed,2.0,2.0,,0.3583146049631142,0.09092741058337556,0.28090047428200343,2.4000000000000075,peak time,0.3583146049631142,0.05855399413180922,0.8005354991389271,False,"illustrative: amp>=0.90; NRMSE<=0.10; r>=0.95; delay<=max(1 min, T/4)"
primary_1080,pulse,2.0,well_mixed,2.0,5.0,,0.22295489016323597,0.09301074018887903,0.15877218491783524,3.3500000000000076,peak time,0.22295489016323597,0.07136272783136031,0.6668110260978725,False,"illustrative: amp>=0.90; NRMSE<=0.10; r>=0.95; delay<=max(1 min, T/4)"
primary_1080,pulse,2.0,well_mixed,5.0,0.0,,0.3041539767932543,0.0795258470883755,0.4803339355271612,1.3500000000000076,peak time,0.3041539767932543,0.0638937518650799,0.7634727488505667,False,"illustrative: amp>=0.90; NRMSE<=0.10; r>=0.95; delay<=max(1 min, T/4)"
primary_1080,pulse,2.0,well_mixed,5.0,1.0,,0.26520782219290806,0.09011872312684216,0.2467730009433072,2.45,peak time,0.26520782219290806,0.06715283808024342,0.724370220249034,False,"illustrative: amp>=0.90; NRMSE<=0.10; r>=0.95; delay<=max(1 min, T/4)"
primary_1080,pulse,2.0,well_mixed,5.0,2.0,,0.22295489016323622,0.09301074018887905,0.1587721849178349,3.3500000000000076,peak time,0.22295489016323622,0.07136272783136031,0.666811026097872,False,"illustrative: amp>=0.90; NRMSE<=0.10; r>=0.95; delay<=max(1 min, T/4)"
primary_1080,pulse,2.0,well_mixed,5.0,5.0,,0.15438435106411708,0.0943514734416548,0.06823513745539447,5.2,peak time,0.15438435106411708,0.07855963128627826,0.5538603876127598,False,"illustrative: amp>=0.90; NRMSE<=0.10; r>=0.95; delay<=max(1 min, T/4)"
primary_1080,pulse,2.0,well_mixed,10.0,0.0,,0.17550968951036108,0.08514720437661959,0.34364458286514704,1.6000000000000076,peak time,0.17550968951036108,0.07570964803718319,0.6163632209558231,False,"illustrative: amp>=0.90; NRMSE<=0.10; r>=0.95; delay<=max(1 min, T/4)"
primary_1080,pulse,2.0,well_mixed,10.0,1.0,,0.15900316957127367,0.09102430250204664,0.15913115423193275,3.0,peak time,0.15900316957127367,0.07708920699669224,0.5941204043338844,False,"illustrative: amp>=0.90; NRMSE<=0.10; r>=0.95; delay<=max(1 min, T/4)"
primary_1080,pulse,2.0,well_mixed,10.0,2.0,,0.13981675935538498,0.09283722175843823,0.08986105367017795,4.3,peak time,0.13981675935538498,0.07931350693532783,0.5502313968830913,False,"illustrative: amp>=0.90; NRMSE<=0.10; r>=0.95; delay<=max(1 min, T/4)"
primary_1080,pulse,2.0,well_mixed,10.0,5.0,,0.10567398240960876,0.09391548946673109,0.018802012495885038,7.100000000000015,peak time,0.10567398240960876,0.08357019192280182,0.4620587353625962,False,"illustrative: amp>=0.90; NRMSE<=0.10; r>=0.95; delay<=max(1 min, T/4)"
primary_1080,pulse,2.0,well_mixed,15.0,0.0,,0.12364503098457047,0.08716427949640149,0.27532165994322805,1.75,peak time,0.12364503098457047,0.08045389719961954,0.532579257970831,False,"illustrative: amp>=0.90; NRMSE<=0.10; r>=0.95; delay<=max(1 min, T/4)"
primary_1080,pulse,2.0,well_mixed,15.0,1.0,,0.11418267712686378,0.09123074109862409,0.11527795273046064,3.3500000000000076,peak time,0.11418267712686378,0.08136830232910515,0.517875422832438,False,"illustrative: amp>=0.90; NRMSE<=0.10; r>=0.95; delay<=max(1 min, T/4)"
primary_1080,pulse,2.0,well_mixed,15.0,2.0,,0.10284788208636514,0.09255207786462813,0.055136650683124996,4.9000000000000075,peak time,0.10284788208636514,0.08291939915172779,0.4825447700506854,False,"illustrative: amp>=0.90; NRMSE<=0.10; r>=0.95; delay<=max(1 min, T/4)"
primary_1080,pulse,2.0,well_mixed,15.0,5.0,,0.0815435389936049,0.09344677358177503,-0.006847670183638094,8.4,peak time,0.0815435389936049,0.08610117961703895,0.4104080393462586,False,"illustrative: amp>=0.90; NRMSE<=0.10; r>=0.95; delay<=max(1 min, T/4)"
primary_1080,pulse,2.0,distributed_RTD,0.5,0.0,3.0,0.9488860518481784,0.03549347152925136,0.9216344939646227,0.5,peak time,0.9488860518481784,0.004188502881389366,0.9992754202658065,False,"illustrative: amp>=0.90; NRMSE<=0.10; r>=0.95; delay<=max(1 min, T/4)"
primary_1080,pulse,2.0,distributed_RTD,0.5,1.0,3.0,0.7172303453780072,0.07248029288234552,0.631694711333904,1.2,peak time,0.7172303453780072,0.025047241700287295,0.9722805261697739,False,"illustrative: amp>=0.90; NRMSE<=0.10; r>=0.95; delay<=max(1 min, T/4)"
primary_1080,pulse,2.0,distributed_RTD,0.5,2.0,3.0,0.5332154040732632,0.08067430817857826,0.4957821325988005,1.45,peak time,0.5332154040732632,0.04277463450317103,0.9098090461622664,False,"illustrative: amp>=0.90; NRMSE<=0.10; r>=0.95; delay<=max(1 min, T/4)"
primary_1080,pulse,2.0,distributed_RTD,0.5,5.0,3.0,0.29927209473504357,0.08684156593331083,0.32787965005801384,1.9000000000000077,peak time,0.29927209473504357,0.0642243405907249,0.7613439444267184,False,"illustrative: amp>=0.90; NRMSE<=0.10; r>=0.95; delay<=max(1 min, T/4)"
primary_1080,pulse,2.0,distributed_RTD,1.0,0.0,3.0,0.8426207513238217,0.06062807635483596,0.7592698931904154,0.9000000000000076,peak time,0.8426207513238217,0.013562263489832289,0.991954549565011,False,"illustrative: amp>=0.90; NRMSE<=0.10; r>=0.95; delay<=max(1 min, T/4)"
primary_1080,pulse,2.0,distributed_RTD,1.0,1.0,3.0,0.6571714225176667,0.08666437562258583,0.45123884715577045,1.6500000000000077,peak time,0.6571714225176667,0.030383560022965758,0.9567324621633508,False,"illustrative: amp>=0.90; NRMSE<=0.10; r>=0.95; delay<=max(1 min, T/4)"
primary_1080,pulse,2.0,distributed_RTD,1.0,2.0,3.0,0.4982036883340552,0.09049844889193254,0.3383106532421361,2.0,peak time,0.4982036883340552,0.045263594950023536,0.8969656069054768,False,"illustrative: amp>=0.90; NRMSE<=0.10; r>=0.95; delay<=max(1 min, T/4)"
primary_1080,pulse,2.0,distributed_RTD,1.0,5.0,3.0,0.2865093571452118,0.0919303450062414,0.2103214628133984,2.45,peak time,0.2865093571452118,0.06526920757163243,0.7496222111686336,False,"illustrative: amp>=0.90; NRMSE<=0.10; r>=0.95; delay<=max(1 min, T/4)"
primary_1080,pulse,2.0,distributed_RTD,2.0,0.0,3.0,0.6363973331856883,0.08503438726483999,0.46893309943147155,1.6500000000000077,peak time,0.6363973331856883,0.03212636447844957,0.9503531131545269,False,"illustrative: amp>=0.90; NRMSE<=0.10; r>=0.95; delay<=max(1 min, T/4)"
primary_1080,pulse,2.0,distributed_RTD,2.0,1.0,3.0,0.5277310535222792,0.0984131119353026,0.23095959941241864,2.5,peak time,0.5277310535222792,0.042222793754032234,0.9080212390663531,False,"illustrative: amp>=0.90; NRMSE<=0.10; r>=0.95; delay<=max(1 min, T/4)"
primary_1080,pulse,2.0,distributed_RTD,2.0,2.0,3.0,0.4179037200713207,0.09890606373786576,0.1583840191093929,2.95,peak time,0.4179037200713207,0.052653589138911515,0.8481122400524278,False,"illustrative: amp>=0.90; NRMSE<=0.10; r>=0.95; delay<=max(1 min, T/4)"
primary_1080,pulse,2.0,distributed_RTD,2.0,5.0,3.0,0.2548867277222014,0.09665609327199569,0.08217239616423898,3.6500000000000075,peak time,0.2548867277222014,0.06813188400684349,0.715392272538055,False,"illustrative: amp>=0.90; NRMSE<=0.10; r>=0.95; delay<=max(1 min, T/4)"
primary_1080,pulse,2.0,distributed_RTD,5.0,0.0,3.0,0.3247325737175818,0.09802272572480454,0.12202350086969663,3.55,peak time,0.3247325737175818,0.061873116261648466,0.7688722169234867,False,"illustrative: amp>=0.90; NRMSE<=0.10; r>=0.95; delay<=max(1 min, T/4)"
primary_1080,pulse,2.0,distributed_RTD,5.0,1.0,3.0,0.30032674471153675,0.1011207844532339,0.03533392752572159,4.600000000000008,peak time,0.30032674471153675,0.06446769559549917,0.7433559063070412,False,"illustrative: amp>=0.90; NRMSE<=0.10; r>=0.95; delay<=max(1 min, T/4)"
primary_1080,pulse,2.0,distributed_RTD,5.0,2.0,3.0,0.262151420052506,0.10070591939529124,0.010786358770758508,5.4,peak time,0.262151420052506,0.06837217426781526,0.7007218079585581,False,"illustrative: amp>=0.90; NRMSE<=0.10; r>=0.95; delay<=max(1 min, T/4)"
primary_1080,pulse,2.0,distributed_RTD,5.0,5.0,3.0,0.1847356876888991,0.09826953093890788,-0.016297189372108306,6.8,peak time,0.1847356876888991,0.07595984515250952,0.6047670796734923,False,"illustrative: amp>=0.90; NRMSE<=0.10; r>=0.95; delay<=max(1 min, T/4)"
primary_1080,pulse,2.0,distributed_RTD,10.0,0.0,3.0,0.17009713331501328,0.09728159862424174,0.0006469381335129833,6.75,peak time,0.17009713331501328,0.0775574856702848,0.5740716369786133,False,"illustrative: amp>=0.90; NRMSE<=0.10; r>=0.95; delay<=max(1 min, T/4)"
primary_1080,pulse,2.0,distributed_RTD,10.0,1.0,3.0,0.1659745514192558,0.09797321381435597,-0.02598956229339495,7.9,peak time,0.1659745514192558,0.07822468885471777,0.5671911813785058,False,"illustrative: amp>=0.90; NRMSE<=0.10; r>=0.95; delay<=max(1 min, T/4)"
primary_1080,pulse,2.0,distributed_RTD,10.0,2.0,3.0,0.15603175013176906,0.09781720184237612,-0.03398156892943166,8.95,peak time,0.15603175013176906,0.07944984548347069,0.5487588016501773,False,"illustrative: amp>=0.90; NRMSE<=0.10; r>=0.95; delay<=max(1 min, T/4)"
primary_1080,pulse,2.0,distributed_RTD,10.0,5.0,3.0,0.1257708268154747,0.09673919043481392,-0.04548305053294034,11.2,peak time,0.1257708268154747,0.08288715761654891,0.49237161275549224,False,"illustrative: amp>=0.90; NRMSE<=0.10; r>=0.95; delay<=max(1 min, T/4)"
primary_1080,pulse,2.0,distributed_RTD,15.0,0.0,3.0,0.11441346660590167,0.0958910295360977,-0.03506729513804447,10.05,peak time,0.11441346660590167,0.08367854298996076,0.4700363178319368,False,"illustrative: amp>=0.90; NRMSE<=0.10; r>=0.95; delay<=max(1 min, T/4)"
primary_1080,pulse,2.0,distributed_RTD,15.0,1.0,3.0,0.11316295755708054,0.09614645195041321,-0.04715077291767768,11.2,peak time,0.11316295755708054,0.08406389430676968,0.46758589763056535,False,"illustrative: amp>=0.90; NRMSE<=0.10; r>=0.95; delay<=max(1 min, T/4)"
primary_1080,pulse,2.0,distributed_RTD,15.0,2.0,3.0,0.1095628640723577,0.09608227591299828,-0.05107440880635036,12.350000000000016,peak time,0.1095628640723577,0.08470474028610216,0.4592839255911652,False,"illustrative: amp>=0.90; NRMSE<=0.10; r>=0.95; delay<=max(1 min, T/4)"
primary_1080,pulse,2.0,distributed_RTD,15.0,5.0,3.0,0.09493048429757123,0.09555524935436355,-0.05832739705365495,15.050000000000015,peak time,0.09493048429757123,0.0868372146142316,0.4243016409775731,False,"illustrative: amp>=0.90; NRMSE<=0.10; r>=0.95; delay<=max(1 min, T/4)"
primary_1080,pulse,5.0,plug_flow,0.5,0.0,,1.0,0.02399124162475273,0.9856299254441607,0.5,peak time,1.0,1.8669993282063345e-17,1.0,True,"illustrative: amp>=0.90; NRMSE<=0.10; r>=0.95; delay<=max(1 min, T/4)"
primary_1080,pulse,5.0,plug_flow,0.5,1.0,,0.9200047509389415,0.06448782128494018,0.8922772064836132,1.4000000000000077,peak time,0.9200047509389415,0.010848906031814945,0.9980524697228699,False,"illustrative: amp>=0.90; NRMSE<=0.10; r>=0.95; delay<=max(1 min, T/4)"
primary_1080,pulse,5.0,plug_flow,0.5,2.0,,0.7980921922230835,0.08661508769793684,0.7947905894725373,1.95,peak time,0.7980921922230835,0.02880681269670504,0.9856150757302061,False,"illustrative: amp>=0.90; NRMSE<=0.10; r>=0.95; delay<=max(1 min, T/4)"
primary_1080,pulse,5.0,plug_flow,0.5,5.0,,0.5478050712222116,0.11354592063352859,0.6027737140143554,2.8500000000000076,peak time,0.5478050712222116,0.06606088642662084,0.915187040227152,False,"illustrative: amp>=0.90; NRMSE<=0.10; r>=0.95; delay<=max(1 min, T/4)"
primary_1080,pulse,5.0,plug_flow,1.0,0.0,,1.0,0.0474889612111505,0.9436960438119415,1.0,peak time,1.0,3.3955704686647535e-17,1.0,False,"illustrative: amp>=0.90; NRMSE<=0.10; r>=0.95; delay<=max(1 min, T/4)"
primary_1080,pulse,5.0,plug_flow,1.0,1.0,,0.9200047509389415,0.08457781575950434,0.8139064280595243,1.9000000000000077,peak time,0.9200047509389415,0.010864124030643307,0.9980523608767164,False,"illustrative: amp>=0.90; NRMSE<=0.10; r>=0.95; delay<=max(1 min, T/4)"
primary_1080,pulse,5.0,plug_flow,1.0,2.0,,0.7980921922230835,0.10287719893467805,0.7067776496432869,2.45,peak time,0.7980921922230835,0.028847334326943915,0.9856143022390239,False,"illustrative: amp>=0.90; NRMSE<=0.10; r>=0.95; delay<=max(1 min, T/4)"
primary_1080,pulse,5.0,plug_flow,1.0,5.0,,0.5478050712222116,0.12334347929820202,0.5184329024669009,3.3500000000000076,peak time,0.5478050712222116,0.06615428515335027,0.9151834891410535,False,"illustrative: amp>=0.90; NRMSE<=0.10; r>=0.95; delay<=max(1 min, T/4)"
primary_1080,pulse,5.0,plug_flow,2.0,0.0,,1.0,0.09119591120708137,0.7923632100539995,2.0,peak time,1.0,7.367928667572862e-17,1.0,False,"illustrative: amp>=0.90; NRMSE<=0.10; r>=0.95; delay<=max(1 min, T/4)"
primary_1080,pulse,5.0,plug_flow,2.0,1.0,,0.9200047509389415,0.12037272108851386,0.6219215239955429,2.9000000000000075,peak time,0.9200047509389415,0.010894753141408297,0.9980521413677749,False,"illustrative: amp>=0.90; NRMSE<=0.10; r>=0.95; delay<=max(1 min, T/4)"
primary_1080,pulse,5.0,plug_flow,2.0,2.0,,0.7980921922230835,0.13159254024336484,0.5144778433863503,3.45,peak time,0.7980921922230835,0.028928893252283597,0.9856127425467904,False,"illustrative: amp>=0.90; NRMSE<=0.10; r>=0.95; delay<=max(1 min, T/4)"
primary_1080,pulse,5.0,plug_flow,2.0,5.0,,0.5478050712222116,0.14070543719923947,0.35183966666374056,4.350000000000008,peak time,0.5478050712222116,0.06634227724917062,0.9151763358840678,False,"illustrative: amp>=0.90; NRMSE<=0.10; r>=0.95; delay<=max(1 min, T/4)"
primary_1080,pulse,5.0,plug_flow,5.0,0.0,,1.0,0.1770685439843885,0.21722597797042079,5.0,peak time,1.0,1.6480449648117686e-16,1.0,False,"illustrative: amp>=0.90; NRMSE<=0.10; r>=0.95; delay<=max(1 min, T/4)"
primary_1080,pulse,5.0,plug_flow,5.0,1.0,,0.9200047509389416,0.18345346075188484,0.12036627976349586,5.9,peak time,0.9200047509389416,0.010988218563859778,0.998051467939328,False,"illustrative: amp>=0.90; NRMSE<=0.10; r>=0.95; delay<=max(1 min, T/4)"
primary_1080,pulse,5.0,plug_flow,5.0,2.0,,0.7980921922230835,0.18052311651049202,0.07828960670816787,6.45,peak time,0.7980921922230835,0.029177784215534974,0.9856079592630351,False,"illustrative: amp>=0.90; NRMSE<=0.10; r>=0.95; delay<=max(1 min, T/4)"
primary_1080,pulse,5.0,plug_flow,5.0,5.0,,0.5478050712222114,0.16989470652616784,0.022382354257029533,7.350000000000015,peak time,0.5478050712222114,0.06691601762704769,0.9151544591589401,False,"illustrative: amp>=0.90; NRMSE<=0.10; r>=0.95; delay<=max(1 min, T/4)"
primary_1080,pulse,5.0,plug_flow,10.0,0.0,,1.0,0.20405454787917626,-0.03955178660751955,10.0,peak time,1.0,2.3569374360289564e-16,1.0,False,"illustrative: amp>=0.90; NRMSE<=0.10; r>=0.95; delay<=max(1 min, T/4)"
primary_1080,pulse,5.0,plug_flow,10.0,1.0,,0.9200047509389419,0.1998215198206583,-0.043807749359214415,10.9,peak time,0.9200047509389419,0.011149486629080633,0.9980502932949926,False,"illustrative: amp>=0.90; NRMSE<=0.10; r>=0.95; delay<=max(1 min, T/4)"
primary_1080,pulse,5.0,plug_flow,10.0,2.0,,0.7980921922230835,0.19243110492030496,-0.04855499649541965,11.45,peak time,0.7980921922230835,0.029607271309214613,0.9855996220117501,False,"illustrative: amp>=0.90; NRMSE<=0.10; r>=0.95; delay<=max(1 min, T/4)"
primary_1080,pulse,5.0,plug_flow,10.0,5.0,,0.5478050712222114,0.1766483507537102,-0.06266673286542922,12.350000000000016,peak time,0.5478050712222114,0.06790624630553026,0.9151165508834768,False,"illustrative: amp>=0.90; NRMSE<=0.10; r>=0.95; delay<=max(1 min, T/4)"
primary_1080,pulse,5.0,plug_flow,15.0,0.0,,1.0,0.20445353448667183,-0.043621019475809104,15.0,peak time,1.0,2.404838484550444e-16,0.9999999999999998,False,"illustrative: amp>=0.90; NRMSE<=0.10; r>=0.95; delay<=max(1 min, T/4)"
primary_1080,pulse,5.0,plug_flow,15.0,1.0,,0.9200047509389419,0.2000048652169988,-0.04572614537029219,15.9,peak time,0.9200047509389419,0.011318070226089294,0.9980490482529987,False,"illustrative: amp>=0.90; NRMSE<=0.10; r>=0.95; delay<=max(1 min, T/4)"
primary_1080,pulse,5.0,plug_flow,15.0,2.0,,0.7980921922230831,0.1925539564669479,-0.04990583232077427,16.45,peak time,0.7980921922230831,0.03005630013856971,0.9855907937183841,False,"illustrative: amp>=0.90; NRMSE<=0.10; r>=0.95; delay<=max(1 min, T/4)"
primary_1080,pulse,5.0,plug_flow,15.0,5.0,,0.5478050712222112,0.17671299680284705,-0.06349684214915131,17.350000000000016,peak time,0.5478050712222112,0.06894177793482882,0.9150767248341579,False,"illustrative: amp>=0.90; NRMSE<=0.10; r>=0.95; delay<=max(1 min, T/4)"
primary_1080,pulse,5.0,well_mixed,0.5,0.0,,0.9751139718429291,0.02435126851319815,0.9850851914897725,0.5,peak time,0.9751139718429291,0.0032550941733054213,0.9998247733785377,True,"illustrative: amp>=0.90; NRMSE<=0.10; r>=0.95; delay<=max(1 min, T/4)"
primary_1080,pulse,5.0,well_mixed,0.5,1.0,,0.8997344625784481,0.0645284623985751,0.8914784676702868,1.4000000000000077,peak time,0.8997344625784481,0.013558024820888026,0.9968976804243729,False,"illustrative: amp>=0.90; NRMSE<=0.10; r>=0.95; delay<=max(1 min, T/4)"
primary_1080,pulse,5.0,well_mixed,0.5,2.0,,0.7831342317144102,0.08672665473524638,0.7935369425247776,1.95,peak time,0.7831342317144102,0.03081825714071388,0.9832620538871335,False,"illustrative: amp>=0.90; NRMSE<=0.10; r>=0.95; delay<=max(1 min, T/4)"
primary_1080,pulse,5.0,well_mixed,0.5,5.0,,0.5406348626866708,0.11370486800876138,0.6010088389869962,2.9000000000000075,peak time,0.5406348626866708,0.06678915138586675,0.9130399371694002,False,"illustrative: amp>=0.90; NRMSE<=0.10; r>=0.95; delay<=max(1 min, T/4)"
primary_1080,pulse,5.0,well_mixed,1.0,0.0,,0.9200047509389414,0.043493239560603594,0.9516041014770583,0.9000000000000076,peak time,0.9200047509389414,0.010833751804510098,0.9980525779701145,True,"illustrative: amp>=0.90; NRMSE<=0.10; r>=0.95; delay<=max(1 min, T/4)"
primary_1080,pulse,5.0,well_mixed,1.0,1.0,,0.853474291998047,0.08003225936222332,0.8292392811829604,1.8,peak time,0.853474291998047,0.020076220458093912,0.9930082879995469,False,"illustrative: amp>=0.90; NRMSE<=0.10; r>=0.95; delay<=max(1 min, T/4)"
primary_1080,pulse,5.0,well_mixed,1.0,2.0,,0.7477208869596835,0.0994744818726835,0.7219756834877623,2.4000000000000075,peak time,0.7477208869596835,0.03551768225246214,0.9773149382490317,False,"illustrative: amp>=0.90; NRMSE<=0.10; r>=0.95; delay<=max(1 min, T/4)"
primary_1080,pulse,5.0,well_mixed,1.0,5.0,,0.5222014809219805,0.12172212218910951,0.5299355146712268,3.4000000000000075,peak time,0.5222014809219805,0.06910250130005086,0.905449106092715,False,"illustrative: amp>=0.90; NRMSE<=0.10; r>=0.95; delay<=max(1 min, T/4)"
primary_1080,pulse,5.0,well_mixed,2.0,0.0,,0.7980921922230835,0.06959844631535533,0.8707131012579242,1.45,peak time,0.7980921922230835,0.028766461349405397,0.9856158450303362,False,"illustrative: amp>=0.90; NRMSE<=0.10; r>=0.95; delay<=max(1 min, T/4)"
primary_1080,pulse,5.0,well_mixed,2.0,1.0,,0.7477208869596836,0.09947448187268353,0.7219756834877622,2.4000000000000075,peak time,0.7477208869596836,0.03551768225246216,0.9773149382490319,False,"illustrative: amp>=0.90; NRMSE<=0.10; r>=0.95; delay<=max(1 min, T/4)"
primary_1080,pulse,5.0,well_mixed,2.0,2.0,,0.6633210034924981,0.1152999785031042,0.6080728037515328,3.05,peak time,0.6633210034924981,0.04788861610607604,0.9564013865437018,False,"illustrative: amp>=0.90; NRMSE<=0.10; r>=0.95; delay<=max(1 min, T/4)"
primary_1080,pulse,5.0,well_mixed,2.0,5.0,,0.4746457488384043,0.13211553644518162,0.4221718461308832,4.2,peak time,0.4746457488384043,0.07596351523224988,0.8793870934800668,False,"illustrative: amp>=0.90; NRMSE<=0.10; r>=0.95; delay<=max(1 min, T/4)"
primary_1080,pulse,5.0,well_mixed,5.0,0.0,,0.5478050712222116,0.10334494349858,0.6831739472051138,2.3500000000000076,peak time,0.5478050712222116,0.06596788217604525,0.915190574435325,False,"illustrative: amp>=0.90; NRMSE<=0.10; r>=0.95; delay<=max(1 min, T/4)"
primary_1080,pulse,5.0,well_mixed,5.0,1.0,,0.5222014809219807,0.12172212218910951,0.5299355146712267,3.4000000000000075,peak time,0.5222014809219807,0.06910250130005084,0.905449106092715,False,"illustrative: amp>=0.90; NRMSE<=0.10; r>=0.95; delay<=max(1 min, T/4)"
primary_1080,pulse,5.0,well_mixed,5.0,2.0,,0.4746457488384041,0.1321155364451816,0.42217184613088343,4.2,peak time,0.4746457488384041,0.07596351523224991,0.8793870934800668,False,"illustrative: amp>=0.90; NRMSE<=0.10; r>=0.95; delay<=max(1 min, T/4)"
primary_1080,pulse,5.0,well_mixed,5.0,5.0,,0.35830585051153624,0.14308908737875708,0.25803368208832683,5.9,peak time,0.35830585051153624,0.09355829786206525,0.7969562438633082,False,"illustrative: amp>=0.90; NRMSE<=0.10; r>=0.95; delay<=max(1 min, T/4)"
primary_1080,pulse,5.0,well_mixed,10.0,0.0,,0.35692138671074525,0.12119378351865846,0.5163397386690697,3.05,peak time,0.35692138671074525,0.09406557595451007,0.8040780929517375,False,"illustrative: amp>=0.90; NRMSE<=0.10; r>=0.95; delay<=max(1 min, T/4)"
primary_1080,pulse,5.0,well_mixed,10.0,1.0,,0.34466304715616564,0.1321969621150638,0.38080581901771376,4.2,peak time,0.34466304715616564,0.09551227502953683,0.7971709726145398,False,"illustrative: amp>=0.90; NRMSE<=0.10; r>=0.95; delay<=max(1 min, T/4)"
primary_1080,pulse,5.0,well_mixed,10.0,2.0,,0.3197727713973336,0.13882152656413949,0.2875923552554233,5.25,peak time,0.3197727713973336,0.09895865089646809,0.7753777391032463,False,"illustrative: amp>=0.90; NRMSE<=0.10; r>=0.95; delay<=max(1 min, T/4)"
primary_1080,pulse,5.0,well_mixed,10.0,5.0,,0.2543799574142872,0.14638951325908725,0.14754099235294152,7.65,peak time,0.2543799574142872,0.10956733868366339,0.6979552276395071,False,"illustrative: amp>=0.90; NRMSE<=0.10; r>=0.95; delay<=max(1 min, T/4)"
primary_1080,pulse,5.0,well_mixed,15.0,0.0,,0.26509330182844926,0.12827527328734686,0.42236655477811075,3.5,peak time,0.26509330182844926,0.10735296704929814,0.7246993874335454,False,"illustrative: amp>=0.90; NRMSE<=0.10; r>=0.95; delay<=max(1 min, T/4)"
primary_1080,pulse,5.0,well_mixed,15.0,1.0,,0.25768308001533413,0.13610661435683738,0.29979934066150415,4.7,peak time,0.25768308001533413,0.10836160065623,0.719443553101605,False,"illustrative: amp>=0.90; NRMSE<=0.10; r>=0.95; delay<=max(1 min, T/4)"
primary_1080,pulse,5.0,well_mixed,15.0,2.0,,0.24185975654370906,0.1409634614255112,0.21597237855883186,5.9,peak time,0.24185975654370906,0.11066200566687269,0.7012779608122749,False,"illustrative: amp>=0.90; NRMSE<=0.10; r>=0.95; delay<=max(1 min, T/4)"
primary_1080,pulse,5.0,well_mixed,15.0,5.0,,0.19877790649593818,0.14681793519104694,0.08998837328375962,8.9,peak time,0.19877790649593818,0.11826383139584,0.6319139947997088,False,"illustrative: amp>=0.90; NRMSE<=0.10; r>=0.95; delay<=max(1 min, T/4)"
primary_1080,pulse,5.0,distributed_RTD,0.5,0.0,3.0,0.9909625326485562,0.023785519885259433,0.9858192628318422,0.5,peak time,0.9909625326485562,0.0011408028658797026,0.9999787633672937,True,"illustrative: amp>=0.90; NRMSE<=0.10; r>=0.95; delay<=max(1 min, T/4)"
primary_1080,pulse,5.0,distributed_RTD,0.5,1.0,3.0,0.912746985113664,0.06422836053447392,0.8929110873659774,1.4000000000000077,peak time,0.912746985113664,0.011743206075448199,0.9977130941371175,False,"illustrative: amp>=0.90; NRMSE<=0.10; r>=0.95; delay<=max(1 min, T/4)"
primary_1080,pulse,5.0,distributed_RTD,0.5,2.0,3.0,0.7928606680238647,0.08642561478496369,0.7954814355191404,1.95,peak time,0.7928606680238647,0.029431383949168614,0.984943967754259,False,"illustrative: amp>=0.90; NRMSE<=0.10; r>=0.95; delay<=max(1 min, T/4)"
primary_1080,pulse,5.0,distributed_RTD,0.5,5.0,3.0,0.5454007442412224,0.11345626767266635,0.6033598426935489,2.8500000000000076,peak time,0.5454007442412224,0.06635368604306857,0.9142209608502553,False,"illustrative: amp>=0.90; NRMSE<=0.10; r>=0.95; delay<=max(1 min, T/4)"
primary_1080,pulse,5.0,distributed_RTD,1.0,0.0,3.0,0.9659553007385707,0.04597257449968592,0.9464263035217718,1.0,peak time,0.9659553007385707,0.004375306130795362,0.9996838581523867,False,"illustrative: amp>=0.90; NRMSE<=0.10; r>=0.95; delay<=max(1 min, T/4)"
primary_1080,pulse,5.0,distributed_RTD,1.0,1.0,3.0,0.892418074866105,0.08290063195324857,0.8192699444538302,1.9000000000000077,peak time,0.892418074866105,0.014320920006424301,0.9965790814024197,False,"illustrative: amp>=0.90; NRMSE<=0.10; r>=0.95; delay<=max(1 min, T/4)"
primary_1080,pulse,5.0,distributed_RTD,1.0,2.0,3.0,0.7779766160530132,0.10161719668609767,0.7122111013827482,2.45,peak time,0.7779766160530132,0.031270247341353766,0.9829143992475927,False,"illustrative: amp>=0.90; NRMSE<=0.10; r>=0.95; delay<=max(1 min, T/4)"
primary_1080,pulse,5.0,distributed_RTD,1.0,5.0,3.0,0.538339175040507,0.12272336522864348,0.5228125178510179,3.4000000000000075,peak time,0.538339175040507,0.06703401892222889,0.9127387227355367,False,"illustrative: amp>=0.90; NRMSE<=0.10; r>=0.95; delay<=max(1 min, T/4)"
primary_1080,pulse,5.0,distributed_RTD,2.0,0.0,3.0,0.8875665818937577,0.08212351506704353,0.8224638699019263,1.8500000000000076,peak time,0.8875665818937577,0.01513933725511661,0.9960490050372214,False,"illustrative: amp>=0.90; NRMSE<=0.10; r>=0.95; delay<=max(1 min, T/4)"
primary_1080,pulse,5.0,distributed_RTD,2.0,1.0,3.0,0.8271563483537491,0.11164855689656905,0.6602471191261523,2.8,peak time,0.8271563483537491,0.023345930997710315,0.990491536272396,False,"illustrative: amp>=0.90; NRMSE<=0.10; r>=0.95; delay<=max(1 min, T/4)"
primary_1080,pulse,5.0,distributed_RTD,2.0,2.0,3.0,0.7286922793788164,0.12493127197078772,0.5498835054056779,3.4000000000000075,peak time,0.7286922793788164,0.037893875524270565,0.9740585381310465,False,"illustrative: amp>=0.90; NRMSE<=0.10; r>=0.95; delay<=max(1 min, T/4)"
primary_1080,pulse,5.0,distributed_RTD,2.0,5.0,3.0,0.5136237022756531,0.13729151174761137,0.37842637208065394,4.4000000000000075,peak time,0.5136237022756531,0.07032266467955423,0.9018840307494081,False,"illustrative: amp>=0.90; NRMSE<=0.10; r>=0.95; delay<=max(1 min, T/4)"
primary_1080,pulse,5.0,distributed_RTD,5.0,0.0,3.0,0.6364501515241231,0.1344511501790173,0.4515482225452395,4.100000000000008,peak time,0.6364501515241231,0.05125554917689286,0.9492740615896584,False,"illustrative: amp>=0.90; NRMSE<=0.10; r>=0.95; delay<=max(1 min, T/4)"
primary_1080,pulse,5.0,distributed_RTD,5.0,1.0,3.0,0.6084124004566688,0.14861675015595804,0.3126922393355931,5.100000000000008,peak time,0.6084124004566688,0.0553351416377922,0.9399708267626845,False,"illustrative: amp>=0.90; NRMSE<=0.10; r>=0.95; delay<=max(1 min, T/4)"
primary_1080,pulse,5.0,distributed_RTD,5.0,2.0,3.0,0.5547350309037052,0.15402272575614429,0.2341844432147862,5.850000000000015,peak time,0.5547350309037052,0.06349927703146847,0.9181587965408573,False,"illustrative: amp>=0.90; NRMSE<=0.10; r>=0.95; delay<=max(1 min, T/4)"
primary_1080,pulse,5.0,distributed_RTD,5.0,5.0,3.0,0.41790966922338474,0.1561218079286189,0.12638962497307715,7.3,peak time,0.41790966922338474,0.08438301687861366,0.8453313948017643,False,"illustrative: amp>=0.90; NRMSE<=0.10; r>=0.95; delay<=max(1 min, T/4)"
primary_1080,pulse,5.0,distributed_RTD,10.0,0.0,3.0,0.39279977181442227,0.15323168977898477,0.15224113924422414,7.25,peak time,0.39279977181442227,0.08847464317154605,0.8226059250826652,False,"illustrative: amp>=0.90; NRMSE<=0.10; r>=0.95; delay<=max(1 min, T/4)"
primary_1080,pulse,5.0,distributed_RTD,10.0,1.0,3.0,0.38477389627809516,0.15837027623335184,0.07965406644182381,8.350000000000016,peak time,0.38477389627809516,0.08991203454756239,0.8166599160629539,False,"illustrative: amp>=0.90; NRMSE<=0.10; r>=0.95; delay<=max(1 min, T/4)"
primary_1080,pulse,5.0,distributed_RTD,10.0,2.0,3.0,0.3653068382234231,0.16020244556725477,0.040885711311667614,9.350000000000016,peak time,0.3653068382234231,0.09317829142092746,0.8001384495382122,False,"illustrative: amp>=0.90; NRMSE<=0.10; r>=0.95; delay<=max(1 min, T/4)"
primary_1080,pulse,5.0,distributed_RTD,10.0,5.0,3.0,0.3010799836875677,0.15986556701086488,-0.01262457528682328,11.5,peak time,0.3010799836875677,0.10385127859151008,0.7392873893699006,False,"illustrative: amp>=0.90; NRMSE<=0.10; r>=0.95; delay<=max(1 min, T/4)"
primary_1080,pulse,5.0,distributed_RTD,15.0,0.0,3.0,0.2756966821263122,0.1553958632002149,0.030927630020009627,10.45,peak time,0.2756966821263122,0.1074683974577056,0.7126165672472601,False,"illustrative: amp>=0.90; NRMSE<=0.10; r>=0.95; delay<=max(1 min, T/4)"
primary_1080,pulse,5.0,distributed_RTD,15.0,1.0,3.0,0.2728633914475341,0.15776707559245967,-0.010210978609535782,11.55,peak time,0.2728633914475341,0.10827464596347826,0.7093267637168222,False,"illustrative: amp>=0.90; NRMSE<=0.10; r>=0.95; delay<=max(1 min, T/4)"
primary_1080,pulse,5.0,distributed_RTD,15.0,2.0,3.0,0.2648519239393329,0.1586021753806675,-0.03196582474426984,12.65,peak time,0.2648519239393329,0.10992040237783288,0.6991719194748456,False,"illustrative: amp>=0.90; NRMSE<=0.10; r>=0.95; delay<=max(1 min, T/4)"
primary_1080,pulse,5.0,distributed_RTD,15.0,5.0,3.0,0.23154837360031028,0.15819879971369596,-0.06362854806246289,15.300000000000015,peak time,0.23154837360031028,0.11619990353904117,0.6544891150757116,False,"illustrative: amp>=0.90; NRMSE<=0.10; r>=0.95; delay<=max(1 min, T/4)"
primary_1080,pulse,10.0,plug_flow,0.5,0.0,,1.0,0.01700846541499545,0.9962240553400288,0.5,peak time,1.0,3.5225513924610363e-17,1.0,True,"illustrative: amp>=0.90; NRMSE<=0.10; r>=0.95; delay<=max(1 min, T/4)"
primary_1080,pulse,10.0,plug_flow,0.5,1.0,,0.9750869369452303,0.049937751702562726,0.9670848406163028,1.5,peak time,0.9750869369452303,0.004537866262114805,0.9998306343323153,True,"illustrative: amp>=0.90; NRMSE<=0.10; r>=0.95; delay<=max(1 min, T/4)"
primary_1080,pulse,10.0,plug_flow,0.5,2.0,,0.919994323617534,0.07570463831487079,0.922627347133738,2.25,peak time,0.919994323617534,0.015545024259651073,0.99794406942198,False,"illustrative: amp>=0.90; NRMSE<=0.10; r>=0.95; delay<=max(1 min, T/4)"
primary_1080,pulse,10.0,plug_flow,0.5,5.0,,0.7436656963761122,0.12135399388962748,0.7856947246835496,3.8,peak time,0.7436656963761122,0.05239355522157269,0.9755618486921978,False,"illustrative: amp>=0.90; NRMSE<=0.10; r>=0.95; delay<=max(1 min, T/4)"
primary_1080,pulse,10.0,plug_flow,1.0,0.0,,1.0,0.03392873928389523,0.9849744352887437,1.0,peak time,1.0,5.055419401125057e-17,1.0,True,"illustrative: amp>=0.90; NRMSE<=0.10; r>=0.95; delay<=max(1 min, T/4)"
primary_1080,pulse,10.0,plug_flow,1.0,1.0,,0.9750869369452304,0.06608207539811674,0.9422865783172092,2.0,peak time,0.9750869369452304,0.004544233413081555,0.9998306164545868,False,"illustrative: amp>=0.90; NRMSE<=0.10; r>=0.95; delay<=max(1 min, T/4)"
primary_1080,pulse,10.0,plug_flow,1.0,2.0,,0.919994323617534,0.09045973609636601,0.8890070035506357,2.75,peak time,0.919994323617534,0.015566927925946744,0.997943839760052,False,"illustrative: amp>=0.90; NRMSE<=0.10; r>=0.95; delay<=max(1 min, T/4)"
primary_1080,pulse,10.0,plug_flow,1.0,5.0,,0.7436656963761122,0.1321742666146074,0.7424322649798164,4.3,peak time,0.7436656963761122,0.0524680519963259,0.9755596496959764,False,"illustrative: amp>=0.90; NRMSE<=0.10; r>=0.95; delay<=max(1 min, T/4)"
primary_1080,pulse,10.0,plug_flow,2.0,0.0,,1.0,0.06715953300781889,0.9411277419670996,2.0,peak time,1.0,7.134422593978304e-17,0.9999999999999999,False,"illustrative: amp>=0.90; NRMSE<=0.10; r>=0.95; delay<=max(1 min, T/4)"
primary_1080,pulse,10.0,plug_flow,2.0,1.0,,0.9750869369452303,0.0973781006972523,0.8745582548296401,3.0,peak time,0.9750869369452303,0.004557048535572519,0.9998305804100761,False,"illustrative: amp>=0.90; NRMSE<=0.10; r>=0.95; delay<=max(1 min, T/4)"
primary_1080,pulse,10.0,plug_flow,2.0,2.0,,0.919994323617534,0.11891260654300216,0.8073172591075329,3.75,peak time,0.919994323617534,0.015611014471106171,0.9979433767023239,False,"illustrative: amp>=0.90; NRMSE<=0.10; r>=0.95; delay<=max(1 min, T/4)"
primary_1080,pulse,10.0,plug_flow,2.0,5.0,,0.7436656963761122,0.15302073159651813,0.648671541707429,5.3,peak time,0.7436656963761122,0.05261800386538206,0.9755552207385583,False,"illustrative: amp>=0.90; NRMSE<=0.10; r>=0.95; delay<=max(1 min, T/4)"
primary_1080,pulse,10.0,plug_flow,5.0,0.0,,1.0,0.15649226395083518,0.680345292127257,5.0,peak time,1.0,9.14544322792146e-17,1.0,False,"illustrative: amp>=0.90; NRMSE<=0.10; r>=0.95; delay<=max(1 min, T/4)"
primary_1080,pulse,10.0,plug_flow,5.0,1.0,,0.9750869369452303,0.17851521540598733,0.5781912044200208,6.0,peak time,0.9750869369452303,0.004596154359995421,0.9998304699083636,False,"illustrative: amp>=0.90; NRMSE<=0.10; r>=0.95; delay<=max(1 min, T/4)"
primary_1080,pulse,10.0,plug_flow,5.0,2.0,,0.9199943236175339,0.1912451626194842,0.4996802252444729,6.75,peak time,0.9199943236175339,0.015745556008965274,0.9979419569347961,False,"illustrative: amp>=0.90; NRMSE<=0.10; r>=0.95; delay<=max(1 min, T/4)"
primary_1080,pulse,10.0,plug_flow,5.0,5.0,,0.7436656963761122,0.20528106310663105,0.3533686038413431,8.3,peak time,0.7436656963761122,0.053075693005762675,0.9755416815562806,False,"illustrative: amp>=0.90; NRMSE<=0.10; r>=0.95; delay<=max(1 min, T/4)"
primary_1080,pulse,10.0,plug_flow,10.0,0.0,,1.0,0.2504127363723791,0.1815197842855843,10.0,peak time,1.0,1.2746757413382217e-16,1.0,False,"illustrative: amp>=0.90; NRMSE<=0.10; r>=0.95; delay<=max(1 min, T/4)"
primary_1080,pulse,10.0,plug_flow,10.0,1.0,,0.9750869369452303,0.25798278230358807,0.11894946748648313,11.0,peak time,0.9750869369452303,0.004663629406996241,0.9998302774546024,False,"illustrative: amp>=0.90; NRMSE<=0.10; r>=0.95; delay<=max(1 min, T/4)"
primary_1080,pulse,10.0,plug_flow,10.0,2.0,,0.9199943236175339,0.25924715629926093,0.07960102866932989,11.75,peak time,0.9199943236175339,0.015977735390519575,0.9979394836074842,False,"illustrative: amp>=0.90; NRMSE<=0.10; r>=0.95; delay<=max(1 min, T/4)"
primary_1080,pulse,10.0,plug_flow,10.0,5.0,,0.7436656963761122,0.2523033112275203,0.01403943120052287,13.3,peak time,0.7436656963761122,0.0538657884458016,0.9755182438357823,False,"illustrative: amp>=0.90; NRMSE<=0.10; r>=0.95; delay<=max(1 min, T/4)"
primary_1080,pulse,10.0,plug_flow,15.0,0.0,,1.0,0.28268324606989953,-0.04302687214799534,15.0,peak time,1.0,1.5278757798315165e-16,1.0,False,"illustrative: amp>=0.90; NRMSE<=0.10; r>=0.95; delay<=max(1 min, T/4)"
primary_1080,pulse,10.0,plug_flow,15.0,1.0,,0.9750869369452301,0.28281389811811086,-0.05883729907615225,16.0,peak time,0.9750869369452301,0.0047341662206721175,0.9998300738870709,False,"illustrative: amp>=0.90; NRMSE<=0.10; r>=0.95; delay<=max(1 min, T/4)"
primary_1080,pulse,10.0,plug_flow,15.0,2.0,,0.9199943236175339,0.27941040409366985,-0.06933349674665165,16.75,peak time,0.9199943236175339,0.01622049823709868,0.9979368666215392,False,"illustrative: amp>=0.90; NRMSE<=0.10; r>=0.95; delay<=max(1 min, T/4)"
primary_1080,pulse,10.0,plug_flow,15.0,5.0,,0.7436656963761122,0.26537431902455527,-0.09267301995308917,18.300000000000015,peak time,0.7436656963761122,0.054692252613131584,0.9754936569643092,False,"illustrative: amp>=0.90; NRMSE<=0.10; r>=0.95; delay<=max(1 min, T/4)"
primary_1080,pulse,10.0,well_mixed,0.5,0.0,,0.9932674883486738,0.017707770704704386,0.9958988420242045,0.5,peak time,0.9932674883486738,0.0014148125610322863,0.9999807536752514,True,"illustrative: amp>=0.90; NRMSE<=0.10; r>=0.95; delay<=max(1 min, T/4)"
primary_1080,pulse,10.0,well_mixed,0.5,1.0,,0.9688301399267509,0.050530490435122394,0.9662330262479067,1.5,peak time,0.9688301399267509,0.005717292628820127,0.9997269745023255,True,"illustrative: amp>=0.90; NRMSE<=0.10; r>=0.95; delay<=max(1 min, T/4)"
primary_1080,pulse,10.0,well_mixed,0.5,2.0,,0.9145753562969242,0.07625206623714702,0.9213943979645695,2.3,peak time,0.9145753562969242,0.016328482187746584,0.9977589815931388,False,"illustrative: amp>=0.90; NRMSE<=0.10; r>=0.95; delay<=max(1 min, T/4)"
primary_1080,pulse,10.0,well_mixed,0.5,5.0,,0.7402872639135487,0.12178206533610027,0.7839563366448137,3.8,peak time,0.7402872639135487,0.0531216929928858,0.9747107702463512,False,"illustrative: amp>=0.90; NRMSE<=0.10; r>=0.95; delay<=max(1 min, T/4)"
primary_1080,pulse,10.0,well_mixed,1.0,0.0,,0.9750869369452303,0.03359811675308775,0.9851559377524955,1.0,peak time,0.9750869369452303,0.004531525800359265,0.9998306521146969,True,"illustrative: amp>=0.90; NRMSE<=0.10; r>=0.95; delay<=max(1 min, T/4)"
primary_1080,pulse,10.0,well_mixed,1.0,1.0,,0.951791385810459,0.06536809806821123,0.9430406840505096,1.95,peak time,0.951791385810459,0.008986934146850867,0.999314074727683,False,"illustrative: amp>=0.90; NRMSE<=0.10; r>=0.95; delay<=max(1 min, T/4)"
primary_1080,pulse,10.0,well_mixed,1.0,2.0,,0.8997086465868179,0.08980441835593615,0.8899423269113523,2.75,peak time,0.8997086465868179,0.01924294523802036,0.9968348267331428,False,"illustrative: amp>=0.90; NRMSE<=0.10; r>=0.95; delay<=max(1 min, T/4)"
primary_1080,pulse,10.0,well_mixed,1.0,5.0,,0.730716205785829,0.1318389118327978,0.7431194939465033,4.3,peak time,0.730716205785829,0.054801339006500735,0.9730109633421221,False,"illustrative: amp>=0.90; NRMSE<=0.10; r>=0.95; delay<=max(1 min, T/4)"
primary_1080,pulse,10.0,well_mixed,2.0,0.0,,0.919994323617534,0.060749401503586334,0.9506108341451446,1.75,peak time,0.919994323617534,0.015523212793513817,0.9979442978523378,True,"illustrative: amp>=0.90; NRMSE<=0.10; r>=0.95; delay<=max(1 min, T/4)"
primary_1080,pulse,10.0,well_mixed,2.0,1.0,,0.8997086465868176,0.08980441835593615,0.8899423269113519,2.75,peak time,0.8997086465868176,0.01924294523802038,0.9968348267331425,False,"illustrative: amp>=0.90; NRMSE<=0.10; r>=0.95; delay<=max(1 min, T/4)"
primary_1080,pulse,10.0,well_mixed,2.0,2.0,,0.8534522018201867,0.1118700765795721,0.8250926154131663,3.55,peak time,0.8534522018201867,0.028532600856820262,0.9928580773693612,False,"illustrative: amp>=0.90; NRMSE<=0.10; r>=0.95; delay<=max(1 min, T/4)"
primary_1080,pulse,10.0,well_mixed,2.0,5.0,,0.6994914411711712,0.1484122622499611,0.6659342055120325,5.2,peak time,0.6994914411711712,0.060809646607036444,0.9660000539000748,False,"illustrative: amp>=0.90; NRMSE<=0.10; r>=0.95; delay<=max(1 min, T/4)"
primary_1080,pulse,10.0,well_mixed,5.0,0.0,,0.7436656963761122,0.110396822343393,0.8257413899099841,3.3,peak time,0.7436656963761122,0.05231937487115947,0.9755640374505934,False,"illustrative: amp>=0.90; NRMSE<=0.10; r>=0.95; delay<=max(1 min, T/4)"
primary_1080,pulse,10.0,well_mixed,5.0,1.0,,0.7307162057858291,0.13183891183279786,0.7431194939465031,4.3,peak time,0.7307162057858291,0.054801339006500735,0.9730109633421223,False,"illustrative: amp>=0.90; NRMSE<=0.10; r>=0.95; delay<=max(1 min, T/4)"
primary_1080,pulse,10.0,well_mixed,5.0,2.0,,0.6994914411711715,0.14841226224996118,0.6659342055120323,5.2,peak time,0.6994914411711715,0.06080964660703647,0.9660000539000746,False,"illustrative: amp>=0.90; NRMSE<=0.10; r>=0.95; delay<=max(1 min, T/4)"
primary_1080,pulse,10.0,well_mixed,5.0,5.0,,0.5880355412424088,0.1755224087007321,0.49716549072339844,7.15,peak time,0.5880355412424088,0.08420850531925128,0.9297888265650178,False,"illustrative: amp>=0.90; NRMSE<=0.10; r>=0.95; delay<=max(1 min, T/4)"
primary_1080,pulse,10.0,well_mixed,10.0,0.0,,0.5477993164510165,0.14578735307886403,0.6672089161617534,4.7,peak time,0.5477993164510165,0.09380722106445144,0.9145371745420517,False,"illustrative: amp>=0.90; NRMSE<=0.10; r>=0.95; delay<=max(1 min, T/4)"
primary_1080,pulse,10.0,well_mixed,10.0,1.0,,0.5406264660162636,0.16009529417077742,0.5813462376548844,5.75,peak time,0.5406264660162636,0.09520845816560959,0.9119765025062583,False,"illustrative: amp>=0.90; NRMSE<=0.10; r>=0.95; delay<=max(1 min, T/4)"
primary_1080,pulse,10.0,well_mixed,10.0,2.0,,0.5221941632168695,0.17149660161465907,0.5047363818278535,6.75,peak time,0.5221941632168695,0.09865178806837036,0.9041717547358539,False,"illustrative: amp>=0.90; NRMSE<=0.10; r>=0.95; delay<=max(1 min, T/4)"
primary_1080,pulse,10.0,well_mixed,10.0,5.0,,0.45128049278499505,0.1909605833357242,0.34324662768522385,9.100000000000016,peak time,0.45128049278499505,0.11368416364288189,0.8629858971114298,False,"illustrative: amp>=0.90; NRMSE<=0.10; r>=0.95; delay<=max(1 min, T/4)"
primary_1080,pulse,10.0,well_mixed,15.0,0.0,,0.4321632398090587,0.16196900709869969,0.561394933099266,5.55,peak time,0.4321632398090587,0.11819691619034876,0.8555336439068635,False,"illustrative: amp>=0.90; NRMSE<=0.10; r>=0.95; delay<=max(1 min, T/4)"
primary_1080,pulse,10.0,well_mixed,15.0,1.0,,0.42754472347238115,0.17261690097722687,0.478485096097148,6.600000000000015,peak time,0.42754472347238115,0.11927694907041071,0.8529436745246765,False,"illustrative: amp>=0.90; NRMSE<=0.10; r>=0.95; delay<=max(1 min, T/4)"
primary_1080,pulse,10.0,well_mixed,15.0,2.0,,0.4151658861797057,0.18124581980161716,0.4055518797241016,7.7,peak time,0.4151658861797057,0.12155114874740622,0.846327914576991,False,"illustrative: amp>=0.90; NRMSE<=0.10; r>=0.95; delay<=max(1 min, T/4)"
primary_1080,pulse,10.0,well_mixed,15.0,5.0,,0.36520560406338987,0.19648885969633403,0.2530376912994048,10.350000000000016,peak time,0.36520560406338987,0.13241848683737809,0.805902719538063,False,"illustrative: amp>=0.90; NRMSE<=0.10; r>=0.95; delay<=max(1 min, T/4)"
primary_1080,pulse,10.0,distributed_RTD,0.5,0.0,3.0,0.9977026661482352,0.01697181514617728,0.9962363733058464,0.5,peak time,0.9977026661482352,0.00040804397482744936,0.9999986192480997,True,"illustrative: amp>=0.90; NRMSE<=0.10; r>=0.95; delay<=max(1 min, T/4)"
primary_1080,pulse,10.0,distributed_RTD,0.5,1.0,3.0,0.97294844777974,0.04988147897695794,0.967137469768007,1.5,peak time,0.97294844777974,0.00491959454165401,0.9998005929549568,True,"illustrative: amp>=0.90; NRMSE<=0.10; r>=0.95; delay<=max(1 min, T/4)"
primary_1080,pulse,10.0,distributed_RTD,0.5,2.0,3.0,0.918156585439883,0.075654240631504,0.9227011113415914,2.25,peak time,0.918156585439883,0.015860916382271346,0.9978597595603854,False,"illustrative: amp>=0.90; NRMSE<=0.10; r>=0.95; delay<=max(1 min, T/4)"
primary_1080,pulse,10.0,distributed_RTD,0.5,5.0,3.0,0.74253846410426,0.12132360930544932,0.7857792517657168,3.8,peak time,0.74253846410426,0.05258498968582775,0.975364677236092,False,"illustrative: amp>=0.90; NRMSE<=0.10; r>=0.95; delay<=max(1 min, T/4)"
primary_1080,pulse,10.0,distributed_RTD,1.0,0.0,3.0,0.9909614052377745,0.033636403522487035,0.9851709478494033,1.0,peak time,0.9909614052377745,0.0016158759232215193,0.9999783200726232,True,"illustrative: amp>=0.90; NRMSE<=0.10; r>=0.95; delay<=max(1 min, T/4)"
primary_1080,pulse,10.0,distributed_RTD,1.0,1.0,3.0,0.9666636901849213,0.06568788384416244,0.942781180540702,1.95,peak time,0.9666636901849213,0.0062611458919602314,0.9996638135196746,False,"illustrative: amp>=0.90; NRMSE<=0.10; r>=0.95; delay<=max(1 min, T/4)"
primary_1080,pulse,10.0,distributed_RTD,1.0,2.0,3.0,0.912738176299072,0.09009766887460312,0.8896469004128378,2.75,peak time,0.912738176299072,0.016819243220961688,0.9975996194513982,False,"illustrative: amp>=0.90; NRMSE<=0.10; r>=0.95; delay<=max(1 min, T/4)"
primary_1080,pulse,10.0,distributed_RTD,1.0,5.0,3.0,0.7391766702982491,0.13194744651851806,0.743124503495317,4.3,peak time,0.7391766702982491,0.053229463802750336,0.9747704374935617,False,"illustrative: amp>=0.90; NRMSE<=0.10; r>=0.95; delay<=max(1 min, T/4)"
primary_1080,pulse,10.0,distributed_RTD,2.0,0.0,3.0,0.9660009267401469,0.06501486836988912,0.9439432412287558,1.95,peak time,0.9660009267401469,0.006221950924210984,0.9996743063064444,False,"illustrative: amp>=0.90; NRMSE<=0.10; r>=0.95; delay<=max(1 min, T/4)"
primary_1080,pulse,10.0,distributed_RTD,2.0,1.0,3.0,0.9433249652311532,0.09483841973768185,0.8792474684944941,2.95,peak time,0.9433249652311532,0.010411794619132905,0.9990911031427326,False,"illustrative: amp>=0.90; NRMSE<=0.10; r>=0.95; delay<=max(1 min, T/4)"
primary_1080,pulse,10.0,distributed_RTD,2.0,2.0,3.0,0.8924355950291847,0.11655787933676343,0.8127669895468632,3.75,peak time,0.8924355950291847,0.02045805438167793,0.9964543883577694,False,"illustrative: amp>=0.90; NRMSE<=0.10; r>=0.95; delay<=max(1 min, T/4)"
primary_1080,pulse,10.0,distributed_RTD,2.0,5.0,3.0,0.7263088684856576,0.1514870310302547,0.6540519945513826,5.3,peak time,0.7263088684856576,0.05558484801632175,0.9723996427150521,False,"illustrative: amp>=0.90; NRMSE<=0.10; r>=0.95; delay<=max(1 min, T/4)"
primary_1080,pulse,10.0,distributed_RTD,5.0,0.0,3.0,0.8426655452881395,0.13556813074610888,0.7401599450557682,4.55,peak time,0.8426655452881395,0.03034717147764031,0.9919068054874212,False,"illustrative: amp>=0.90; NRMSE<=0.10; r>=0.95; delay<=max(1 min, T/4)"
primary_1080,pulse,10.0,distributed_RTD,5.0,1.0,3.0,0.8266822847974451,0.1573259359576815,0.6457109621622633,5.55,peak time,0.8266822847974451,0.03348347632754727,0.9901071349882712,False,"illustrative: amp>=0.90; NRMSE<=0.10; r>=0.95; delay<=max(1 min, T/4)"
primary_1080,pulse,10.0,distributed_RTD,5.0,2.0,3.0,0.7889790936361082,0.1720148761503822,0.5668146212889854,6.4,peak time,0.7889790936361082,0.041131895474459,0.9848344106280009,False,"illustrative: amp>=0.90; NRMSE<=0.10; r>=0.95; delay<=max(1 min, T/4)"
primary_1080,pulse,10.0,distributed_RTD,5.0,5.0,3.0,0.6571262703781847,0.19238043495732415,0.41002512364413507,8.15,peak time,0.6571262703781847,0.06921736766805785,0.9552288385274391,False,"illustrative: amp>=0.90; NRMSE<=0.10; r>=0.95; delay<=max(1 min, T/4)"
primary_1080,pulse,10.0,distributed_RTD,10.0,0.0,3.0,0.6364637233716091,0.19014263931369066,0.4198034327720709,8.15,peak time,0.6364637233716091,0.07352747507574202,0.947644205602205,False,"illustrative: amp>=0.90; NRMSE<=0.10; r>=0.95; delay<=max(1 min, T/4)"
primary_1080,pulse,10.0,distributed_RTD,10.0,1.0,3.0,0.6286378320268544,0.2021590575800039,0.3367070854927188,9.2,peak time,0.6286378320268544,0.0751859048849258,0.9453415102923683,False,"illustrative: amp>=0.90; NRMSE<=0.10; r>=0.95; delay<=max(1 min, T/4)"
primary_1080,pulse,10.0,distributed_RTD,10.0,2.0,3.0,0.608415034455463,0.20990896045340648,0.27348891925159735,10.15,peak time,0.608415034455463,0.07949662481023126,0.9382945828773601,False,"illustrative: amp>=0.90; NRMSE<=0.10; r>=0.95; delay<=max(1 min, T/4)"
primary_1080,pulse,10.0,distributed_RTD,10.0,5.0,3.0,0.527750003716234,0.219311168709976,0.15700355550905093,12.3,peak time,0.527750003716234,0.09736132227894738,0.9034478825538204,False,"illustrative: amp>=0.90; NRMSE<=0.10; r>=0.95; delay<=max(1 min, T/4)"
primary_1080,pulse,10.0,distributed_RTD,15.0,0.0,3.0,0.49095943936352887,0.20956342544857418,0.21532380238543555,11.4,peak time,0.49095943936352887,0.1053232649472297,0.8837287755393769,False,"illustrative: amp>=0.90; NRMSE<=0.10; r>=0.95; delay<=max(1 min, T/4)"
primary_1080,pulse,10.0,distributed_RTD,15.0,1.0,3.0,0.48708423937044065,0.2165859957761118,0.15345456072403144,12.45,peak time,0.48708423937044065,0.1064206181815858,0.8816054508757382,False,"illustrative: amp>=0.90; NRMSE<=0.10; r>=0.95; delay<=max(1 min, T/4)"
primary_1080,pulse,10.0,distributed_RTD,15.0,2.0,3.0,0.4762605216780272,0.22103968232873558,0.10788641715671486,13.45,peak time,0.4762605216780272,0.10902654142442904,0.875152780317756,False,"illustrative: amp>=0.90; NRMSE<=0.10; r>=0.95; delay<=max(1 min, T/4)"
primary_1080,pulse,10.0,distributed_RTD,15.0,5.0,3.0,0.42715185941080125,0.2261183087099735,0.024826755013811312,16.050000000000015,peak time,0.42715185941080125,0.12063439697118858,0.8427970935954491,False,"illustrative: amp>=0.90; NRMSE<=0.10; r>=0.95; delay<=max(1 min, T/4)"
primary_1080,pulse,30.0,plug_flow,0.5,0.0,,1.0,0.00851107922465826,0.999525710475446,0.5,peak time,1.0,9.623907248612406e-18,1.0,True,"illustrative: amp>=0.90; NRMSE<=0.10; r>=0.95; delay<=max(1 min, T/4)"
primary_1080,pulse,30.0,plug_flow,0.5,1.0,,0.9969599778307285,0.025843594886827147,0.9956205232913344,1.5,peak time,0.9969599778307285,0.0008960106325597039,0.9999965375875158,True,"illustrative: amp>=0.90; NRMSE<=0.10; r>=0.95; delay<=max(1 min, T/4)"
primary_1080,pulse,30.0,plug_flow,0.5,2.0,,0.9882935747994267,0.042227614000493754,0.9882654721837848,2.5,peak time,0.9882935747994267,0.003165291983610809,0.9999618024169341,True,"illustrative: amp>=0.90; NRMSE<=0.10; r>=0.95; delay<=max(1 min, T/4)"
primary_1080,pulse,30.0,plug_flow,0.5,5.0,,0.9399531245403789,0.08561447193546894,0.950840640882128,5.0,peak time,0.9399531245403789,0.017300631247834472,0.9988372987808103,True,"illustrative: amp>=0.90; NRMSE<=0.10; r>=0.95; delay<=max(1 min, T/4)"
primary_1080,pulse,30.0,plug_flow,1.0,0.0,,1.0,0.017017243004653064,0.9981039374184586,1.0,peak time,1.0,1.3718787158284153e-17,1.0,True,"illustrative: amp>=0.90; NRMSE<=0.10; r>=0.95; delay<=max(1 min, T/4)"
primary_1080,pulse,30.0,plug_flow,1.0,1.0,,0.9969599778307285,0.034302115718605954,0.992283253632771,2.0,peak time,0.9969599778307285,0.0008969511289166138,0.9999965367602357,True,"illustrative: amp>=0.90; NRMSE<=0.10; r>=0.95; delay<=max(1 min, T/4)"
primary_1080,pulse,30.0,plug_flow,1.0,2.0,,0.9882935747994267,0.050572644621725414,0.9831574104278523,3.0,peak time,0.9882935747994267,0.0031686284365067346,0.9999617970155732,True,"illustrative: amp>=0.90; NRMSE<=0.10; r>=0.95; delay<=max(1 min, T/4)"
primary_1080,pulse,30.0,plug_flow,1.0,5.0,,0.9399531245398391,0.09334539875632816,0.9414035011339407,5.5,peak time,0.9399531245398391,0.01731906166879295,0.9988371314992193,False,"illustrative: amp>=0.90; NRMSE<=0.10; r>=0.95; delay<=max(1 min, T/4)"
primary_1080,pulse,30.0,plug_flow,2.0,0.0,,1.0,0.033995209742024524,0.9924332442329155,2.0,peak time,1.0,1.919074301978772e-17,1.0,True,"illustrative: amp>=0.90; NRMSE<=0.10; r>=0.95; delay<=max(1 min, T/4)"
primary_1080,pulse,30.0,plug_flow,2.0,1.0,,0.9969599778307285,0.05115845503195988,0.9828334829354919,3.0,peak time,0.9969599778307285,0.0008988410406810452,0.9999965350953498,True,"illustrative: amp>=0.90; NRMSE<=0.10; r>=0.95; delay<=max(1 min, T/4)"
primary_1080,pulse,30.0,plug_flow,2.0,2.0,,0.9882935747994267,0.06718724999734532,0.9702521593931829,4.0,peak time,0.9882935747994267,0.0031753331169541775,0.9999617861692569,True,"illustrative: amp>=0.90; NRMSE<=0.10; r>=0.95; delay<=max(1 min, T/4)"
primary_1080,pulse,30.0,plug_flow,2.0,5.0,,0.939953124538583,0.1087229020900444,0.9202083173816638,6.5,peak time,0.939953124538583,0.017356099909703923,0.9988367956871963,False,"illustrative: amp>=0.90; NRMSE<=0.10; r>=0.95; delay<=max(1 min, T/4)"
primary_1080,pulse,30.0,plug_flow,5.0,0.0,,1.0,0.08430595598596144,0.9534638145727512,5.0,peak time,1.0,2.832638463063657e-17,0.9999999999999998,True,"illustrative: amp>=0.90; NRMSE<=0.10; r>=0.95; delay<=max(1 min, T/4)"
primary_1080,pulse,30.0,plug_flow,5.0,1.0,,0.9969599778307285,0.10088276284033838,0.9332402634857582,6.0,peak time,0.9969599778307285,0.0009045832692745827,0.9999965300166285,False,"illustrative: amp>=0.90; NRMSE<=0.10; r>=0.95; delay<=max(1 min, T/4)"
primary_1080,pulse,30.0,plug_flow,5.0,2.0,,0.9882935747994267,0.11602440027343076,0.9112344405761461,7.0,peak time,0.9882935747994267,0.0031957054374546876,0.9999617532812831,False,"illustrative: amp>=0.90; NRMSE<=0.10; r>=0.95; delay<=max(1 min, T/4)"
primary_1080,pulse,30.0,plug_flow,5.0,5.0,,0.9399531245328864,0.15367655637137767,0.8397481183887195,9.5,peak time,0.9399531245328864,0.017468656860463515,0.9988357783018535,False,"illustrative: amp>=0.90; NRMSE<=0.10; r>=0.95; delay<=max(1 min, T/4)"
primary_1080,pulse,30.0,plug_flow,10.0,0.0,,1.0,0.1638870699320954,0.8241413852403423,10.0,peak time,1.0,3.466170271169176e-17,0.9999999999999998,False,"illustrative: amp>=0.90; NRMSE<=0.10; r>=0.95; delay<=max(1 min, T/4)"
primary_1080,pulse,30.0,plug_flow,10.0,1.0,,0.9969599778307285,0.1788145066270001,0.7902538288694949,11.0,peak time,0.9969599778307285,0.0009144031756570013,0.9999965212618136,False,"illustrative: amp>=0.90; NRMSE<=0.10; r>=0.95; delay<=max(1 min, T/4)"
primary_1080,pulse,30.0,plug_flow,10.0,2.0,,0.9882935747994267,0.1919577164680681,0.7569802807680834,12.0,peak time,0.9882935747994267,0.0032305484367615035,0.9999616973054086,False,"illustrative: amp>=0.90; NRMSE<=0.10; r>=0.95; delay<=max(1 min, T/4)"
primary_1080,pulse,30.0,plug_flow,10.0,5.0,,0.9399531245111915,0.22248499115588818,0.6631974996302283,14.5,peak time,0.9399531245111915,0.017661218419278972,0.9988340498904381,False,"illustrative: amp>=0.90; NRMSE<=0.10; r>=0.95; delay<=max(1 min, T/4)"
primary_1080,pulse,30.0,plug_flow,15.0,0.0,,1.0,0.23474654472586384,0.6391948868734504,15.0,peak time,1.0,3.6605513146509284e-17,1.0,False,"illustrative: amp>=0.90; NRMSE<=0.10; r>=0.95; delay<=max(1 min, T/4)"
primary_1080,pulse,30.0,plug_flow,15.0,1.0,,0.9969599778307285,0.24739991180071907,0.598496459814108,16.0,peak time,0.9969599778307285,0.0009245499928926153,0.9999965121250639,False,"illustrative: amp>=0.90; NRMSE<=0.10; r>=0.95; delay<=max(1 min, T/4)"
primary_1080,pulse,30.0,plug_flow,15.0,2.0,,0.9882935747994267,0.25810607482068904,0.560611626959795,17.0,peak time,0.9882935747994267,0.003266556553329367,0.9999616398864496,False,"illustrative: amp>=0.90; NRMSE<=0.10; r>=0.95; delay<=max(1 min, T/4)"
primary_1080,pulse,30.0,plug_flow,15.0,5.0,,0.9399531244522188,0.28112872032293096,0.4617451710215005,19.5,peak time,0.9399531244522188,0.01786029164123988,0.9988322815970584,False,"illustrative: amp>=0.90; NRMSE<=0.10; r>=0.95; delay<=max(1 min, T/4)"
primary_1080,pulse,30.0,well_mixed,0.5,0.0,,0.9992311426721905,0.008934284616095502,0.9994772352005843,0.5,peak time,0.9992311426721905,0.00047268997217613765,0.9999986507363477,True,"illustrative: amp>=0.90; NRMSE<=0.10; r>=0.95; delay<=max(1 min, T/4)"
primary_1080,pulse,30.0,well_mixed,0.5,1.0,,0.9962008947653196,0.02625946768405279,0.9954772512806246,1.5500000000000151,peak time,0.9962008947653196,0.0010168126162706972,0.9999960285422727,True,"illustrative: amp>=0.90; NRMSE<=0.10; r>=0.95; delay<=max(1 min, T/4)"
primary_1080,pulse,30.0,well_mixed,0.5,2.0,,0.9875535999512955,0.04263721135884737,0.9880341622683155,2.5,peak time,0.9875535999512955,0.0033938705788059127,0.9999555016686328,True,"illustrative: amp>=0.90; NRMSE<=0.10; r>=0.95; delay<=max(1 min, T/4)"
primary_1080,pulse,30.0,well_mixed,0.5,5.0,,0.9393050028575383,0.08599442180337853,0.9503919336731874,5.050000000000015,peak time,0.9393050028574861,0.01739430266300664,0.9988331454053444,True,"illustrative: amp>=0.90; NRMSE<=0.10; r>=0.95; delay<=max(1 min, T/4)"
primary_1080,pulse,30.0,well_mixed,1.0,0.0,,0.9969599778307285,0.01737331176014501,0.9980218089200112,1.0,peak time,0.9969599778307285,0.0008950730884789889,0.9999965384113824,True,"illustrative: amp>=0.90; NRMSE<=0.10; r>=0.95; delay<=max(1 min, T/4)"
primary_1080,pulse,30.0,well_mixed,1.0,1.0,,0.9939488819172259,0.034626506179423984,0.99212711213466,2.0500000000000154,peak time,0.9939488819172259,0.001623868188196392,0.9999898716996733,True,"illustrative: amp>=0.90; NRMSE<=0.10; r>=0.95; delay<=max(1 min, T/4)"
primary_1080,pulse,30.0,well_mixed,1.0,2.0,,0.9853573529640186,0.05088475479980148,0.9829323201353867,3.0,peak time,0.9853573529640186,0.0039800360021592035,0.9999391204682496,True,"illustrative: amp>=0.90; NRMSE<=0.10; r>=0.95; delay<=max(1 min, T/4)"
primary_1080,pulse,30.0,well_mixed,1.0,5.0,,0.937380500789984,0.09363459491647902,0.9410040519929938,5.550000000000015,peak time,0.9373805007899254,0.017918156755335115,0.9987645197572801,False,"illustrative: amp>=0.90; NRMSE<=0.10; r>=0.95; delay<=max(1 min, T/4)"
primary_1080,pulse,30.0,well_mixed,2.0,0.0,,0.9882935747994267,0.033868516576705095,0.992461138862781,2.0,peak time,0.9882935747994267,0.0031619660480662554,0.9999618078037752,True,"illustrative: amp>=0.90; NRMSE<=0.10; r>=0.95; delay<=max(1 min, T/4)"
primary_1080,pulse,30.0,well_mixed,2.0,1.0,,0.985357352964018,0.05088475479980149,0.9829323201353865,3.0,peak time,0.985357352964018,0.0039800360021592495,0.9999391204682494,True,"illustrative: amp>=0.90; NRMSE<=0.10; r>=0.95; delay<=max(1 min, T/4)"
primary_1080,pulse,30.0,well_mixed,2.0,2.0,,0.9769685228655507,0.06685731874034301,0.9704093870642309,3.95,peak time,0.9769685228655507,0.006325653591876398,0.9998450909697926,True,"illustrative: amp>=0.90; NRMSE<=0.10; r>=0.95; delay<=max(1 min, T/4)"
primary_1080,pulse,30.0,well_mixed,2.0,5.0,,0.9299917339392793,0.10839499724934257,0.9204534736159404,6.5,peak time,0.9299917339392793,0.020052546894250733,0.9984435784482112,False,"illustrative: amp>=0.90; NRMSE<=0.10; r>=0.95; delay<=max(1 min, T/4)"
primary_1080,pulse,30.0,well_mixed,5.0,0.0,,0.9399531245408674,0.07786922063129416,0.9594776448400706,4.5,peak time,0.9399531245408674,0.017282259541210602,0.9988374656455112,True,"illustrative: amp>=0.90; NRMSE<=0.10; r>=0.95; delay<=max(1 min, T/4)"
primary_1080,pulse,30.0,well_mixed,5.0,1.0,,0.9373805007899836,0.09363459491647906,0.9410040519929936,5.550000000000015,peak time,0.937380500789925,0.01791815675533519,0.9987645197572801,False,"illustrative: amp>=0.90; NRMSE<=0.10; r>=0.95; delay<=max(1 min, T/4)"
primary_1080,pulse,30.0,well_mixed,5.0,2.0,,0.9299917339392798,0.10839499724934261,0.9204534736159402,6.5,peak time,0.9299917339392798,0.020052546894250702,0.998443578448211,False,"illustrative: amp>=0.90; NRMSE<=0.10; r>=0.95; delay<=max(1 min, T/4)"
primary_1080,pulse,30.0,well_mixed,5.0,5.0,,0.8879701765480391,0.14623856005351565,0.8516436201976186,9.100000000000016,peak time,0.8879701765480391,0.03251476267159424,0.995850883629179,False,"illustrative: amp>=0.90; NRMSE<=0.10; r>=0.95; delay<=max(1 min, T/4)"
primary_1080,pulse,30.0,well_mixed,10.0,0.0,,0.8374041442307913,0.1306672929344784,0.881145717508075,7.600000000000015,peak time,0.8374041418202743,0.04931631658907384,0.9904235236336544,False,"illustrative: amp>=0.90; NRMSE<=0.10; r>=0.95; delay<=max(1 min, T/4)"
primary_1080,pulse,30.0,well_mixed,10.0,1.0,,0.8354493058851851,0.1439389419484282,0.85404579370338,8.65,peak time,0.8354493032018602,0.049848575661568986,0.9902820099222601,False,"illustrative: amp>=0.90; NRMSE<=0.10; r>=0.95; delay<=max(1 min, T/4)"
primary_1080,pulse,30.0,well_mixed,10.0,2.0,,0.8297588700909982,0.15640272218315487,0.8259907001000465,9.65,peak time,0.8297588667785232,0.051424811470988124,0.989680062396187,False,"illustrative: amp>=0.90; NRMSE<=0.10; r>=0.95; delay<=max(1 min, T/4)"
primary_1080,pulse,30.0,well_mixed,10.0,5.0,,0.796451945383239,0.18846278485474438,0.7401883178598173,12.350000000000016,peak time,0.7964519383681027,0.061393509497498285,0.9850079644853189,False,"illustrative: amp>=0.90; NRMSE<=0.10; r>=0.95; delay<=max(1 min, T/4)"
primary_1080,pulse,30.0,well_mixed,15.0,0.0,,0.7436631943426749,0.16505050824620204,0.8020423385112797,9.850000000000016,peak time,0.7436631891263529,0.0793944950116835,0.9749061533192807,False,"illustrative: amp>=0.90; NRMSE<=0.10; r>=0.95; delay<=max(1 min, T/4)"
primary_1080,pulse,30.0,well_mixed,15.0,1.0,,0.7421568566660054,0.17624365247818546,0.770847367356963,10.850000000000016,peak time,0.7421568510524036,0.08003361016324188,0.9745338980329804,False,"illustrative: amp>=0.90; NRMSE<=0.10; r>=0.95; delay<=max(1 min, T/4)"
primary_1080,pulse,30.0,well_mixed,15.0,2.0,,0.7377212785583243,0.1867906764035587,0.739362464519805,11.850000000000016,peak time,0.7377212717469009,0.08134057054770522,0.9737340234403697,False,"illustrative: amp>=0.90; NRMSE<=0.10; r>=0.95; delay<=max(1 min, T/4)"
primary_1080,pulse,30.0,well_mixed,15.0,5.0,,0.7110930198297948,0.21416622017007816,0.6461696179153739,14.65,peak time,0.7110930054402017,0.08933909089527622,0.9678683628096167,False,"illustrative: amp>=0.90; NRMSE<=0.10; r>=0.95; delay<=max(1 min, T/4)"
primary_1080,pulse,30.0,distributed_RTD,0.5,0.0,3.0,0.9997434382319358,0.008509365415563372,0.9995258390168786,0.5,peak time,0.9997434382319358,6.822533682551621e-05,0.9999999820693795,True,"illustrative: amp>=0.90; NRMSE<=0.10; r>=0.95; delay<=max(1 min, T/4)"
primary_1080,pulse,30.0,distributed_RTD,0.5,1.0,3.0,0.9967057391206408,0.025840523183468512,0.9956211845151596,1.5,peak time,0.9967057391206408,0.000957752721000519,0.9999960987746648,True,"illustrative: amp>=0.90; NRMSE<=0.10; r>=0.95; delay<=max(1 min, T/4)"
primary_1080,pulse,30.0,distributed_RTD,0.5,2.0,3.0,0.9880457124809673,0.04222438155047431,0.9882666064781771,2.5,peak time,0.9880457124809673,0.0032315399156842774,0.9999601789558967,True,"illustrative: amp>=0.90; NRMSE<=0.10; r>=0.95; delay<=max(1 min, T/4)"
primary_1080,pulse,30.0,distributed_RTD,0.5,5.0,3.0,0.9397367701331374,0.08561157548420491,0.9508427477312204,5.0,peak time,0.9397367701331374,0.017357210520797257,0.9988297372305186,True,"illustrative: amp>=0.90; NRMSE<=0.10; r>=0.95; delay<=max(1 min, T/4)"
primary_1080,pulse,30.0,distributed_RTD,1.0,0.0,3.0,0.9989755911365085,0.017000593236820086,0.9981066497039611,1.0,peak time,0.9989755911365085,0.0002728721560328276,0.9999997135826346,True,"illustrative: amp>=0.90; NRMSE<=0.10; r>=0.95; delay<=max(1 min, T/4)"
primary_1080,pulse,30.0,distributed_RTD,1.0,1.0,3.0,0.9959448745730417,0.03427770598221429,0.9922907718262824,2.0,peak time,0.9959448745730417,0.0011466252579118443,0.999994591697373,True,"illustrative: amp>=0.90; NRMSE<=0.10; r>=0.95; delay<=max(1 min, T/4)"
primary_1080,pulse,30.0,distributed_RTD,1.0,2.0,3.0,0.9873037556660834,0.05054648048344174,0.9831691888498082,3.0,peak time,0.9873037556660834,0.003433772893520048,0.9999550979060902,True,"illustrative: amp>=0.90; NRMSE<=0.10; r>=0.95; delay<=max(1 min, T/4)"
primary_1080,pulse,30.0,distributed_RTD,1.0,5.0,3.0,0.9390886936337545,0.09332106674912842,0.9414241504292815,5.5,peak time,0.9390886936337545,0.017545028425124065,0.9988068438805778,False,"illustrative: amp>=0.90; NRMSE<=0.10; r>=0.95; delay<=max(1 min, T/4)"
primary_1080,pulse,30.0,distributed_RTD,2.0,0.0,3.0,0.9959332217308978,0.03386301278643783,0.9924762315929021,2.0,peak time,0.9959332217308978,0.0010880918764516493,0.9999954553027933,True,"illustrative: amp>=0.90; NRMSE<=0.10; r>=0.95; delay<=max(1 min, T/4)"
primary_1080,pulse,30.0,distributed_RTD,2.0,1.0,3.0,0.9929302109585425,0.0509867950413508,0.9829136211466435,3.0,peak time,0.9929302109585425,0.00192503622182414,0.9999855379076206,True,"illustrative: amp>=0.90; NRMSE<=0.10; r>=0.95; delay<=max(1 min, T/4)"
primary_1080,pulse,30.0,distributed_RTD,2.0,2.0,3.0,0.9843627592609514,0.06700151589984639,0.9703647115216774,4.0,peak time,0.9843627592609514,0.004233846534532627,0.9999318196383833,True,"illustrative: amp>=0.90; NRMSE<=0.10; r>=0.95; delay<=max(1 min, T/4)"
primary_1080,pulse,30.0,distributed_RTD,2.0,5.0,3.0,0.9365159701239304,0.10854412885184889,0.9203863883347042,6.5,peak time,0.9365159701239304,0.01825762661392973,0.9987137843864861,False,"illustrative: amp>=0.90; NRMSE<=0.10; r>=0.95; delay<=max(1 min, T/4)"
primary_1080,pulse,30.0,distributed_RTD,5.0,0.0,3.0,0.9758145313388715,0.08237888036596189,0.9549993960467831,4.9,peak time,0.9758145313388715,0.006648008409976545,0.9998287830072284,True,"illustrative: amp>=0.90; NRMSE<=0.10; r>=0.95; delay<=max(1 min, T/4)"
primary_1080,pulse,30.0,distributed_RTD,5.0,1.0,3.0,0.9729857641937735,0.09869556599411354,0.9352689184388308,5.95,peak time,0.9729857641937735,0.0073772297673023336,0.9997921734891982,False,"illustrative: amp>=0.90; NRMSE<=0.10; r>=0.95; delay<=max(1 min, T/4)"
primary_1080,pulse,30.0,distributed_RTD,5.0,2.0,3.0,0.9648930764764284,0.11371279825307594,0.9136725975583069,6.9,peak time,0.9648930764764284,0.009666905793599936,0.9996417166438879,False,"illustrative: amp>=0.90; NRMSE<=0.10; r>=0.95; delay<=max(1 min, T/4)"
primary_1080,pulse,30.0,distributed_RTD,5.0,5.0,3.0,0.9193778957769037,0.15141815872673361,0.842935912547874,9.45,peak time,0.9193778957769037,0.023098592514505557,0.9979480607164735,False,"illustrative: amp>=0.90; NRMSE<=0.10; r>=0.95; delay<=max(1 min, T/4)"
primary_1080,pulse,30.0,distributed_RTD,10.0,0.0,3.0,0.9163022147629922,0.15145787887278359,0.842716634868861,9.5,peak time,0.9163022147629922,0.023772432411270444,0.9978063550173761,False,"illustrative: amp>=0.90; NRMSE<=0.10; r>=0.95; delay<=max(1 min, T/4)"
primary_1080,pulse,30.0,distributed_RTD,10.0,1.0,3.0,0.9139282327668924,0.16568872098543683,0.811246485465956,10.5,peak time,0.9139282327668924,0.024535713816849578,0.9976629562456529,False,"illustrative: amp>=0.90; NRMSE<=0.10; r>=0.95; delay<=max(1 min, T/4)"
primary_1080,pulse,30.0,distributed_RTD,10.0,2.0,3.0,0.907090571809439,0.17854128106622602,0.7797922610428556,11.5,peak time,0.907090571809439,0.026468816368808365,0.9972906354385757,False,"illustrative: amp>=0.90; NRMSE<=0.10; r>=0.95; delay<=max(1 min, T/4)"
primary_1080,pulse,30.0,distributed_RTD,10.0,5.0,3.0,0.8678528463343563,0.20969502179285782,0.6886011385600408,14.100000000000016,peak time,0.8678528463343563,0.03839340746849389,0.9942457437643241,False,"illustrative: amp>=0.90; NRMSE<=0.10; r>=0.95; delay<=max(1 min, T/4)"
primary_1080,pulse,30.0,distributed_RTD,15.0,0.0,3.0,0.8426655432060142,0.20335925448750408,0.7033160405319657,13.65,peak time,0.8426655421703065,0.04627700946840694,0.9915091638241345,False,"illustrative: amp>=0.90; NRMSE<=0.10; r>=0.95; delay<=max(1 min, T/4)"
primary_1080,pulse,30.0,distributed_RTD,15.0,1.0,3.0,0.8407736143797915,0.21528767776653304,0.6664051724632536,14.7,peak time,0.8407736130280669,0.046846290310396596,0.9913462178981575,False,"illustrative: amp>=0.90; NRMSE<=0.10; r>=0.95; delay<=max(1 min, T/4)"
primary_1080,pulse,30.0,distributed_RTD,15.0,2.0,3.0,0.8352730949507291,0.2259240841223004,0.6308951796636212,15.65,peak time,0.8352730930695014,0.048614803933679444,0.9906644257420285,False,"illustrative: amp>=0.90; NRMSE<=0.10; r>=0.95; delay<=max(1 min, T/4)"
primary_1080,pulse,30.0,distributed_RTD,15.0,5.0,3.0,0.8029144545719413,0.25117019541577074,0.533267641623264,18.350000000000016,peak time,0.8029144429285098,0.058702828092785674,0.9862801596846932,False,"illustrative: amp>=0.90; NRMSE<=0.10; r>=0.95; delay<=max(1 min, T/4)"
primary_1080,pulse,60.0,plug_flow,0.5,0.0,,1.0,0.004256068549903847,0.999881407631091,0.5,peak time,1.0,6.801933219964002e-18,1.0,True,"illustrative: amp>=0.90; NRMSE<=0.10; r>=0.95; delay<=max(1 min, T/4)"
primary_1080,pulse,60.0,plug_flow,0.5,1.0,,0.9992320998330982,0.012967792329093267,0.9988986305443952,1.5,peak time,0.9992320998330982,0.00029177133635925585,0.9999995559573553,True,"illustrative: amp>=0.90; NRMSE<=0.10; r>=0.95; delay<=max(1 min, T/4)"
primary_1080,pulse,60.0,plug_flow,0.5,2.0,,0.9969604950283113,0.021396088281023618,0.9969989744549917,2.5,peak time,0.9969604950283113,0.0008282670532571304,0.9999972966926802,True,"illustrative: amp>=0.90; NRMSE<=0.10; r>=0.95; delay<=max(1 min, T/4)"
primary_1080,pulse,60.0,plug_flow,0.5,5.0,,0.9821812257798962,0.045770951686118645,0.9861920787551688,5.350000000000031,peak time,0.9821812257798962,0.004901797927779084,0.9999071465377758,True,"illustrative: amp>=0.90; NRMSE<=0.10; r>=0.95; delay<=max(1 min, T/4)"
primary_1080,pulse,60.0,plug_flow,1.0,0.0,,1.0,0.008511522452322909,0.9995256990287825,1.0,peak time,1.0,9.624407203987162e-18,1.0,True,"illustrative: amp>=0.90; NRMSE<=0.10; r>=0.95; delay<=max(1 min, T/4)"
primary_1080,pulse,60.0,plug_flow,1.0,1.0,,0.9992320998330982,0.01721722840196615,0.9980584591311115,2.0,peak time,0.9992320998330982,0.0002919238805932149,0.9999995558765681,True,"illustrative: amp>=0.90; NRMSE<=0.10; r>=0.95; delay<=max(1 min, T/4)"
primary_1080,pulse,60.0,plug_flow,1.0,2.0,,0.9969604950283113,0.025630632297599765,0.995692776620748,3.0,peak time,0.9969604950283113,0.0008287009963126551,0.9999972964662425,True,"illustrative: amp>=0.90; NRMSE<=0.10; r>=0.95; delay<=max(1 min, T/4)"
primary_1080,pulse,60.0,plug_flow,1.0,5.0,,0.9821812257798962,0.04991064536460876,0.9835692486223458,5.850000000000031,peak time,0.9821812257798962,0.004904381765356537,0.9999071395278505,True,"illustrative: amp>=0.90; NRMSE<=0.10; r>=0.95; delay<=max(1 min, T/4)"
primary_1080,pulse,60.0,plug_flow,2.0,0.0,,1.0,0.01701812920400295,0.9981038916582422,2.0,peak time,1.0,1.367243443738403e-17,1.0,True,"illustrative: amp>=0.90; NRMSE<=0.10; r>=0.95; delay<=max(1 min, T/4)"
primary_1080,pulse,60.0,plug_flow,2.0,1.0,,0.9992320998330982,0.025708436633337058,0.9956710236410451,3.0,peak time,0.9992320998330982,0.00029222968822011303,0.9999995557144077,True,"illustrative: amp>=0.90; NRMSE<=0.10; r>=0.95; delay<=max(1 min, T/4)"
primary_1080,pulse,60.0,plug_flow,2.0,2.0,,0.9969604950283113,0.03408997856872833,0.9923790348859216,4.0,peak time,0.9969604950283113,0.0008295709325130528,0.9999972960122558,True,"illustrative: amp>=0.90; NRMSE<=0.10; r>=0.95; delay<=max(1 min, T/4)"
primary_1080,pulse,60.0,plug_flow,2.0,5.0,,0.9821812257798962,0.05817784193073565,0.9776521167897491,6.850000000000031,peak time,0.9821812257798962,0.004909561722192605,0.9999071254775731,True,"illustrative: amp>=0.90; NRMSE<=0.10; r>=0.95; delay<=max(1 min, T/4)"
primary_1080,pulse,60.0,plug_flow,5.0,0.0,,1.0,0.042459463686468274,0.9881971055280794,5.0,peak time,1.0,2.1142916085954645e-17,1.0,True,"illustrative: amp>=0.90; NRMSE<=0.10; r>=0.95; delay<=max(1 min, T/4)"
primary_1080,pulse,60.0,plug_flow,5.0,1.0,,0.9992320998330982,0.051074573041067106,0.9829135530245052,6.0,peak time,0.9992320998330982,0.0002931529098383863,0.9999995552231874,True,"illustrative: amp>=0.90; NRMSE<=0.10; r>=0.95; delay<=max(1 min, T/4)"
primary_1080,pulse,60.0,plug_flow,5.0,2.0,,0.9969604950283113,0.05933697043344238,0.9769072855625347,7.0,peak time,0.9969604950283113,0.0008321972717107417,0.9999972946413105,True,"illustrative: amp>=0.90; NRMSE<=0.10; r>=0.95; delay<=max(1 min, T/4)"
primary_1080,pulse,60.0,plug_flow,5.0,5.0,,0.9821812257798962,0.08280761502257977,0.9546584480832513,9.85000000000003,peak time,0.9821812257798962,0.004925200629040421,0.999907083082812,True,"illustrative: amp>=0.90; NRMSE<=0.10; r>=0.95; delay<=max(1 min, T/4)"
primary_1080,pulse,60.0,plug_flow,10.0,0.0,,1.0,0.0843103463495101,0.9534626914526806,10.0,peak time,1.0,2.8306144923527857e-17,0.9999999999999998,True,"illustrative: amp>=0.90; NRMSE<=0.10; r>=0.95; delay<=max(1 min, T/4)"
primary_1080,pulse,60.0,plug_flow,10.0,1.0,,0.9992320998330982,0.09270405972666594,0.9437086370641109,11.0,peak time,0.9992320998330982,0.00029471125012810596,0.9999995543883211,False,"illustrative: amp>=0.90; NRMSE<=0.10; r>=0.95; delay<=max(1 min, T/4)"
primary_1080,pulse,60.0,plug_flow,10.0,2.0,,0.9969604950283113,0.10068179652326788,0.9335112853466896,12.0,peak time,0.9969604950283113,0.0008366304869253914,0.999997292326175,False,"illustrative: amp>=0.90; NRMSE<=0.10; r>=0.95; delay<=max(1 min, T/4)"
primary_1080,pulse,60.0,plug_flow,10.0,5.0,,0.9821812257798962,0.12293751985580403,0.8999856568074833,14.85000000000003,peak time,0.9821812257798962,0.004951600907301899,0.9999070116085351,False,"illustrative: amp>=0.90; NRMSE<=0.10; r>=0.95; delay<=max(1 min, T/4)"
primary_1080,pulse,60.0,plug_flow,15.0,0.0,,1.0,0.12496823520532248,0.8977557745401903,15.0,peak time,1.0,3.235972560036256e-17,1.0,False,"illustrative: amp>=0.90; NRMSE<=0.10; r>=0.95; delay<=max(1 min, T/4)"
primary_1080,pulse,60.0,plug_flow,15.0,1.0,,0.9992320998330982,0.13302780044606227,0.884087700218134,16.0,peak time,0.9992320998330982,0.00029629470903299427,0.9999995535326007,False,"illustrative: amp>=0.90; NRMSE<=0.10; r>=0.95; delay<=max(1 min, T/4)"
primary_1080,pulse,60.0,plug_flow,15.0,2.0,,0.9969604950283113,0.140618914743596,0.8703002447932773,17.0,peak time,0.9969604950283113,0.0008411353142713478,0.9999972899727416,False,"illustrative: amp>=0.90; NRMSE<=0.10; r>=0.95; delay<=max(1 min, T/4)"
primary_1080,pulse,60.0,plug_flow,15.0,5.0,,0.9821812257798962,0.1614239105497636,0.8275167988787594,19.85000000000003,peak time,0.9821812257798962,0.004978430324032384,0.9999069391089069,False,"illustrative: amp>=0.90; NRMSE<=0.10; r>=0.95; delay<=max(1 min, T/4)"
primary_1080,pulse,60.0,well_mixed,0.5,0.0,,0.9998072840266414,0.004471234909410756,0.9998691051205416,0.55,peak time,0.9998072840266414,0.00021630657370810556,0.9999997009539873,True,"illustrative: amp>=0.90; NRMSE<=0.10; r>=0.95; delay<=max(1 min, T/4)"
primary_1080,pulse,60.0,well_mixed,0.5,1.0,,0.9990407273782475,0.013182022283617287,0.9988618649975719,1.55,peak time,0.9990407273782475,0.0002554458398653352,0.9999997489676312,True,"illustrative: amp>=0.90; NRMSE<=0.10; r>=0.95; delay<=max(1 min, T/4)"
primary_1080,pulse,60.0,well_mixed,0.5,2.0,,0.9967700116769179,0.021609455621460206,0.9969386544338156,2.55,peak time,0.9967700116769179,0.000864504914886175,0.9999971257627616,True,"illustrative: amp>=0.90; NRMSE<=0.10; r>=0.95; delay<=max(1 min, T/4)"
primary_1080,pulse,60.0,well_mixed,0.5,5.0,,0.9819985284264637,0.04597949961666572,0.9860650792943602,5.4,peak time,0.9819985284264637,0.004924075271657065,0.9999070087474972,True,"illustrative: amp>=0.90; NRMSE<=0.10; r>=0.95; delay<=max(1 min, T/4)"
primary_1080,pulse,60.0,well_mixed,1.0,0.0,,0.9992320998330982,0.008716873439900482,0.9995024132552434,1.0,peak time,0.9992320998330982,0.0002916190310106936,0.9999995560379468,True,"illustrative: amp>=0.90; NRMSE<=0.10; r>=0.95; delay<=max(1 min, T/4)"
primary_1080,pulse,60.0,well_mixed,1.0,1.0,,0.9984668125925724,0.017418459897225368,0.9980122023971835,2.05,peak time,0.9984668125925724,0.0004086918407243923,0.9999993576805797,True,"illustrative: amp>=0.90; NRMSE<=0.10; r>=0.95; delay<=max(1 min, T/4)"
primary_1080,pulse,60.0,well_mixed,1.0,2.0,,0.9961999249530956,0.02582996193755514,0.9956244304519525,3.05,peak time,0.9961999249530956,0.0010174182573290805,0.9999960212053144,True,"illustrative: amp>=0.90; NRMSE<=0.10; r>=0.95; delay<=max(1 min, T/4)"
primary_1080,pulse,60.0,well_mixed,1.0,5.0,,0.9814523088672559,0.0501046853645707,0.9834384296062967,5.9,peak time,0.9814523088672559,0.0050717703658286995,0.9999014566220055,True,"illustrative: amp>=0.90; NRMSE<=0.10; r>=0.95; delay<=max(1 min, T/4)"
primary_1080,pulse,60.0,well_mixed,2.0,0.0,,0.9969604950283113,0.017159731037311794,0.998070346045915,2.0,peak time,0.9969604950283113,0.0008278337911815266,0.9999972969187435,True,"illustrative: amp>=0.90; NRMSE<=0.10; r>=0.95; delay<=max(1 min, T/4)"
primary_1080,pulse,60.0,well_mixed,2.0,1.0,,0.9961999249530954,0.0258299619375551,0.9956244304519525,3.05,peak time,0.9961999249530954,0.0010174182573290892,0.9999960212053146,True,"illustrative: amp>=0.90; NRMSE<=0.10; r>=0.95; delay<=max(1 min, T/4)"
primary_1080,pulse,60.0,well_mixed,2.0,2.0,,0.9939479143594084,0.03420181396276226,0.9923198334124723,4.05,peak time,0.9939479143594084,0.0016243587964958664,0.9999898617649581,True,"illustrative: amp>=0.90; NRMSE<=0.10; r>=0.95; delay<=max(1 min, T/4)"
primary_1080,pulse,60.0,well_mixed,2.0,5.0,,0.9792935148483222,0.05827799544020022,0.9775561967331002,6.850000000000031,peak time,0.9792935148483222,0.005703974997337732,0.9998740802494431,True,"illustrative: amp>=0.90; NRMSE<=0.10; r>=0.95; delay<=max(1 min, T/4)"
primary_1080,pulse,60.0,well_mixed,5.0,0.0,,0.9821812257798962,0.041629191223672736,0.9885890932674998,4.850000000000031,peak time,0.9821812257798962,0.004899218169730932,0.9999071535375699,True,"illustrative: amp>=0.90; NRMSE<=0.10; r>=0.95; delay<=max(1 min, T/4)"
primary_1080,pulse,60.0,well_mixed,5.0,1.0,,0.9814523088672561,0.050104685364570724,0.9834384296062965,5.9,peak time,0.9814523088672561,0.005071770365828614,0.9999014566220057,True,"illustrative: amp>=0.90; NRMSE<=0.10; r>=0.95; delay<=max(1 min, T/4)"
primary_1080,pulse,60.0,well_mixed,5.0,2.0,,0.9792935148483228,0.05827799544020024,0.9775561967331005,6.850000000000031,peak time,0.9792935148483228,0.005703974997337629,0.9998740802494434,True,"illustrative: amp>=0.90; NRMSE<=0.10; r>=0.95; delay<=max(1 min, T/4)"
primary_1080,pulse,60.0,well_mixed,5.0,5.0,,0.965210918651366,0.08163912381043993,0.9556276572922151,9.70000000000003,peak time,0.965210918651366,0.009647058305979466,0.9996395124429356,True,"illustrative: amp>=0.90; NRMSE<=0.10; r>=0.95; delay<=max(1 min, T/4)"
primary_1080,pulse,60.0,well_mixed,10.0,0.0,,0.939952842389628,0.07767907850049637,0.9596826800248024,9.0,peak time,0.939952842389628,0.01724147814495118,0.998847147450311,True,"illustrative: amp>=0.90; NRMSE<=0.10; r>=0.95; delay<=max(1 min, T/4)"
primary_1080,pulse,60.0,well_mixed,10.0,1.0,,0.9393047326853583,0.08560693025223341,0.9508496760221009,10.0,peak time,0.9393047326853583,0.017470940660260018,0.9988145974042718,True,"illustrative: amp>=0.90; NRMSE<=0.10; r>=0.95; delay<=max(1 min, T/4)"
primary_1080,pulse,60.0,well_mixed,10.0,2.0,,0.9373806526604124,0.09325191193258557,0.9414974387224048,11.0,peak time,0.9373806526604124,0.01799202805765245,0.998746067865843,False,"illustrative: amp>=0.90; NRMSE<=0.10; r>=0.95; delay<=max(1 min, T/4)"
primary_1080,pulse,60.0,well_mixed,10.0,5.0,,0.9247428449909351,0.11505195992636463,0.9100966038650059,13.9,peak time,0.9247428449909351,0.021538239851545495,0.9982034275964354,False,"illustrative: amp>=0.90; NRMSE<=0.10; r>=0.95; delay<=max(1 min, T/4)"
primary_1080,pulse,60.0,well_mixed,15.0,0.0,,0.8889535096330902,0.10700954125981785,0.9219875843272309,12.4,peak time,0.8889535081749408,0.03293568195615443,0.9957687106546472,False,"illustrative: amp>=0.90; NRMSE<=0.10; r>=0.95; delay<=max(1 min, T/4)"
primary_1080,pulse,60.0,well_mixed,15.0,1.0,,0.8883891826482873,0.11429742131930312,0.9105336695291303,13.4,peak time,0.8883891811569656,0.033161862177816546,0.9957095712094263,False,"illustrative: amp>=0.90; NRMSE<=0.10; r>=0.95; delay<=max(1 min, T/4)"
primary_1080,pulse,60.0,well_mixed,15.0,2.0,,0.8867086284136847,0.12132924693170218,0.8987408431312129,14.4,peak time,0.8867086268072524,0.03363167851159856,0.9955952471529023,False,"illustrative: amp>=0.90; NRMSE<=0.10; r>=0.95; delay<=max(1 min, T/4)"
primary_1080,pulse,60.0,well_mixed,15.0,5.0,,0.8755830365459206,0.1414042796028642,0.8607986295819392,17.3,peak time,0.8755830342862797,0.03680651409997124,0.994715882672859,False,"illustrative: amp>=0.90; NRMSE<=0.10; r>=0.95; delay<=max(1 min, T/4)"
primary_1080,pulse,60.0,distributed_RTD,0.5,0.0,3.0,0.9999358287057467,0.004255996261595875,0.9998814077534831,0.5,peak time,0.9999358287057467,1.7054739891694306e-05,0.9999999988786202,True,"illustrative: amp>=0.90; NRMSE<=0.10; r>=0.95; delay<=max(1 min, T/4)"
primary_1080,pulse,60.0,distributed_RTD,0.5,1.0,3.0,0.999168075943303,0.012967546612114206,0.9988986482764681,1.5,peak time,0.999168075943303,0.0003040075791312718,0.9999995277910989,True,"illustrative: amp>=0.90; NRMSE<=0.10; r>=0.95; delay<=max(1 min, T/4)"
primary_1080,pulse,60.0,distributed_RTD,0.5,2.0,3.0,0.9968969033158778,0.021395812038901257,0.9969990087730362,2.5,peak time,0.9968969033158778,0.0008449066283186639,0.9999971896309262,True,"illustrative: amp>=0.90; NRMSE<=0.10; r>=0.95; delay<=max(1 min, T/4)"
primary_1080,pulse,60.0,distributed_RTD,0.5,5.0,3.0,0.9821203207403087,0.04577066823619795,0.9861921551351502,5.350000000000031,peak time,0.9821203207403087,0.004917912965522461,0.9999065397631968,True,"illustrative: amp>=0.90; NRMSE<=0.10; r>=0.95; delay<=max(1 min, T/4)"
primary_1080,pulse,60.0,distributed_RTD,1.0,0.0,3.0,0.9997434063546782,0.008509453576410341,0.9995258671250123,1.0,peak time,0.9997434063546782,6.824011614099707e-05,0.9999999820623434,True,"illustrative: amp>=0.90; NRMSE<=0.10; r>=0.95; delay<=max(1 min, T/4)"
primary_1080,pulse,60.0,distributed_RTD,1.0,1.0,3.0,0.9989761015126765,0.017214159962335527,0.9980589319208365,2.0,peak time,0.9989761015126765,0.00034268623491140346,0.9999994327886275,True,"illustrative: amp>=0.90; NRMSE<=0.10; r>=0.95; delay<=max(1 min, T/4)"
primary_1080,pulse,60.0,distributed_RTD,1.0,2.0,3.0,0.996706220552833,0.025627266867022682,0.9956935393041065,3.0,peak time,0.996706220552833,0.0008951639709422597,0.9999968571635771,True,"illustrative: amp>=0.90; NRMSE<=0.10; r>=0.95; delay<=max(1 min, T/4)"
primary_1080,pulse,60.0,distributed_RTD,1.0,5.0,3.0,0.9819376779578749,0.04990714080972728,0.9835707905806607,5.850000000000031,peak time,0.9819376779578749,0.004968747275337976,0.9999047083186442,True,"illustrative: amp>=0.90; NRMSE<=0.10; r>=0.95; delay<=max(1 min, T/4)"
primary_1080,pulse,60.0,distributed_RTD,2.0,0.0,3.0,0.9989755830672836,0.017001433874154735,0.9981066139349505,2.0,peak time,0.9989755830672836,0.0002728895218416332,0.9999997135726318,True,"illustrative: amp>=0.90; NRMSE<=0.10; r>=0.95; delay<=max(1 min, T/4)"
primary_1080,pulse,60.0,distributed_RTD,2.0,1.0,3.0,0.9982100806477595,0.025686538510808248,0.9956761661130163,3.0,peak time,0.9982100806477595,0.0005184886996813095,0.9999988578939816,True,"illustrative: amp>=0.90; NRMSE<=0.10; r>=0.95; delay<=max(1 min, T/4)"
primary_1080,pulse,60.0,distributed_RTD,2.0,2.0,3.0,0.9959453312126942,0.034065733278187384,0.9923864709985727,4.0,peak time,0.9959453312126942,0.0010959784704454344,0.9999953340071284,True,"illustrative: amp>=0.90; NRMSE<=0.10; r>=0.95; delay<=max(1 min, T/4)"
primary_1080,pulse,60.0,distributed_RTD,2.0,5.0,3.0,0.9812087421860745,0.058151715362176726,0.9776656741038915,6.850000000000031,peak time,0.9812087421860745,0.005166946774231919,0.999897223071399,True,"illustrative: amp>=0.90; NRMSE<=0.10; r>=0.95; delay<=max(1 min, T/4)"
primary_1080,pulse,60.0,distributed_RTD,5.0,0.0,3.0,0.9936809673956369,0.04220322044034588,0.9883010296956218,5.0,peak time,0.9936809673956369,0.001695436663159575,0.9999889736607785,True,"illustrative: amp>=0.90; NRMSE<=0.10; r>=0.95; delay<=max(1 min, T/4)"
primary_1080,pulse,60.0,distributed_RTD,5.0,1.0,3.0,0.9929281560575144,0.05077962901283475,0.9830536085469423,6.0,peak time,0.9929281560575144,0.0019005987559009025,0.9999861535252883,True,"illustrative: amp>=0.90; NRMSE<=0.10; r>=0.95; delay<=max(1 min, T/4)"
primary_1080,pulse,60.0,distributed_RTD,5.0,2.0,3.0,0.9906981671699651,0.05901729048718418,0.9770811727058479,7.0,peak time,0.9906981671699651,0.0025010617849497685,0.9999760991503388,True,"illustrative: amp>=0.90; NRMSE<=0.10; r>=0.95; delay<=max(1 min, T/4)"
primary_1080,pulse,60.0,distributed_RTD,5.0,5.0,3.0,0.9761785395679244,0.08245757209009132,0.9549205543270195,9.85000000000003,peak time,0.9761785395679244,0.006527054923750768,0.9998373306526893,True,"illustrative: amp>=0.90; NRMSE<=0.10; r>=0.95; delay<=max(1 min, T/4)"
primary_1080,pulse,60.0,distributed_RTD,10.0,0.0,3.0,0.9758158950707347,0.08238317002795381,0.9549982963658832,9.85000000000003,peak time,0.9758158950707347,0.006598058223854365,0.9998331416147824,True,"illustrative: amp>=0.90; NRMSE<=0.10; r>=0.95; delay<=max(1 min, T/4)"
primary_1080,pulse,60.0,distributed_RTD,10.0,1.0,3.0,0.9751015016277202,0.09062805930004235,0.9454977541837792,10.85000000000003,peak time,0.9751015016277202,0.006818932859251714,0.9998213381852176,False,"illustrative: amp>=0.90; NRMSE<=0.10; r>=0.95; delay<=max(1 min, T/4)"
primary_1080,pulse,60.0,distributed_RTD,10.0,2.0,3.0,0.9729854549649527,0.09849843062989248,0.9355329687373755,11.85000000000003,peak time,0.9729854549649527,0.007395734984153292,0.9997904284867151,False,"illustrative: amp>=0.90; NRMSE<=0.10; r>=0.95; delay<=max(1 min, T/4)"
primary_1080,pulse,60.0,distributed_RTD,10.0,5.0,3.0,0.959168453154476,0.120603102987596,0.9025899514793847,14.70000000000003,peak time,0.959168453154476,0.011298777798927165,0.9995101506851426,False,"illustrative: amp>=0.90; NRMSE<=0.10; r>=0.95; delay<=max(1 min, T/4)"
primary_1080,pulse,60.0,distributed_RTD,15.0,0.0,3.0,0.9490298493063865,0.11905379664993762,0.9046301577931921,14.5,peak time,0.9490298493063865,0.014224450607166633,0.9992179626051207,False,"illustrative: amp>=0.90; NRMSE<=0.10; r>=0.95; delay<=max(1 min, T/4)"
primary_1080,pulse,60.0,distributed_RTD,15.0,1.0,3.0,0.9483706797703801,0.12682794309566897,0.8916618072645881,15.55,peak time,0.9483706797703801,0.014393104138024658,0.9992031724261475,False,"illustrative: amp>=0.90; NRMSE<=0.10; r>=0.95; delay<=max(1 min, T/4)"
primary_1080,pulse,60.0,distributed_RTD,15.0,2.0,3.0,0.9464139731963117,0.13421006701840324,0.8785024590603016,16.55,peak time,0.9464139731963117,0.014940971889836785,0.9991429303861527,False,"illustrative: amp>=0.90; NRMSE<=0.10; r>=0.95; delay<=max(1 min, T/4)"
primary_1080,pulse,60.0,distributed_RTD,15.0,5.0,3.0,0.933584458407543,0.15473473566300822,0.8372242686350138,19.4,peak time,0.933584458407543,0.018648156480813027,0.9986605114472309,False,"illustrative: amp>=0.90; NRMSE<=0.10; r>=0.95; delay<=max(1 min, T/4)"
primary_1080,ramp,2.0,plug_flow,0.5,0.0,,1.0,0.025238380297563312,0.9980741226219432,0.5,t50 crossing,1.0,0.0,1.0,True,"illustrative: amp>=0.90; NRMSE<=0.10; r>=0.95; delay<=max(1 min, T/4)"
primary_1080,ramp,2.0,plug_flow,0.5,1.0,,0.9999999999999989,0.06009684340863952,0.9892045691596412,1.4000000000000077,t50 crossing,0.9999999999999989,0.013682711707206963,0.9994298782733502,False,"illustrative: amp>=0.90; NRMSE<=0.10; r>=0.95; delay<=max(1 min, T/4)"
primary_1080,ramp,2.0,plug_flow,0.5,2.0,,0.9999999999999978,0.0804637595287384,0.9808729171946486,2.0,t50 crossing,0.9999999999999978,0.0290149737023073,0.9974504415441023,False,"illustrative: amp>=0.90; NRMSE<=0.10; r>=0.95; delay<=max(1 min, T/4)"
primary_1080,ramp,2.0,plug_flow,0.5,5.0,,0.9999999999995756,0.12199619048623275,0.9575928703554469,4.050000000000008,t50 crossing,0.9999999999995713,0.0616303166462874,0.9886644224638095,False,"illustrative: amp>=0.90; NRMSE<=0.10; r>=0.95; delay<=max(1 min, T/4)"
primary_1080,ramp,2.0,plug_flow,1.0,0.0,,1.0,0.04811786648695962,0.9930464796154547,1.0,t50 crossing,1.0,0.0,0.9999999999999999,True,"illustrative: amp>=0.90; NRMSE<=0.10; r>=0.95; delay<=max(1 min, T/4)"
primary_1080,ramp,2.0,plug_flow,1.0,1.0,,0.9999999999999989,0.0778304589861603,0.9820235574172647,1.9000000000000077,t50 crossing,0.9999999999999989,0.013701904747511508,0.9994294700233217,False,"illustrative: amp>=0.90; NRMSE<=0.10; r>=0.95; delay<=max(1 min, T/4)"
primary_1080,ramp,2.0,plug_flow,1.0,2.0,,0.9999999999999978,0.09519155110184609,0.9734144701951757,2.5,t50 crossing,0.9999999999999978,0.029055799631747828,0.9974486693451654,False,"illustrative: amp>=0.90; NRMSE<=0.10; r>=0.95; delay<=max(1 min, T/4)"
primary_1080,ramp,2.0,plug_flow,1.0,5.0,,0.9999999999995309,0.1325782227078071,0.9502131916873872,4.550000000000008,t50 crossing,0.9999999999995263,0.06171807166246641,0.9886567522779656,False,"illustrative: amp>=0.90; NRMSE<=0.10; r>=0.95; delay<=max(1 min, T/4)"
primary_1080,ramp,2.0,plug_flow,2.0,0.0,,1.0,0.08606779036101966,0.9780729164746765,2.0,t50 crossing,1.0,0.0,0.9999999999999999,False,"illustrative: amp>=0.90; NRMSE<=0.10; r>=0.95; delay<=max(1 min, T/4)"
primary_1080,ramp,2.0,plug_flow,2.0,1.0,,0.9999999999999989,0.10735500168078459,0.9663218860357914,2.9000000000000075,t50 crossing,0.9999999999999989,0.01374053438364406,0.9994286448298295,False,"illustrative: amp>=0.90; NRMSE<=0.10; r>=0.95; delay<=max(1 min, T/4)"
primary_1080,ramp,2.0,plug_flow,2.0,2.0,,0.9999999999999978,0.12069874155154466,0.9578913256661523,3.5,t50 crossing,0.9999999999999978,0.029137971174864975,0.9974450874005094,False,"illustrative: amp>=0.90; NRMSE<=0.10; r>=0.95; delay<=max(1 min, T/4)"
primary_1080,ramp,2.0,plug_flow,2.0,5.0,,0.9999999999994272,0.15202304805470387,0.9353834593004623,5.550000000000008,t50 crossing,0.9999999999994215,0.061894712182988955,0.9886412497071514,False,"illustrative: amp>=0.90; NRMSE<=0.10; r>=0.95; delay<=max(1 min, T/4)"
primary_1080,ramp,2.0,plug_flow,5.0,0.0,,1.0,0.1551441357587085,0.9321744128609404,5.0,t50 crossing,1.0,0.0,1.0,False,"illustrative: amp>=0.90; NRMSE<=0.10; r>=0.95; delay<=max(1 min, T/4)"
primary_1080,ramp,2.0,plug_flow,5.0,1.0,,0.9999999999999989,0.16789024601974173,0.9215448876023903,5.9000000000000075,t50 crossing,0.9999999999999989,0.013858413589735944,0.9994260974323889,False,"illustrative: amp>=0.90; NRMSE<=0.10; r>=0.95; delay<=max(1 min, T/4)"
primary_1080,ramp,2.0,plug_flow,5.0,2.0,,0.9999999999999978,0.1767207529828195,0.9139066199999699,6.5,t50 crossing,0.9999999999999978,0.029388732864862578,0.9974340314446581,False,"illustrative: amp>=0.90; NRMSE<=0.10; r>=0.95; delay<=max(1 min, T/4)"
primary_1080,ramp,2.0,plug_flow,5.0,5.0,,0.9999999999989561,0.19943180654682682,0.8934664233331178,8.550000000000008,t50 crossing,0.9999999999989456,0.06243387491163168,0.9885934024569547,False,"illustrative: amp>=0.90; NRMSE<=0.10; r>=0.95; delay<=max(1 min, T/4)"
primary_1080,ramp,2.0,plug_flow,10.0,0.0,,1.0,0.22768347926774019,0.8647875512889776,10.0,t50 crossing,1.0,0.0,1.0,False,"illustrative: amp>=0.90; NRMSE<=0.10; r>=0.95; delay<=max(1 min, T/4)"
primary_1080,ramp,2.0,plug_flow,10.0,1.0,,0.9999999999999989,0.23655273953120118,0.8556399391112124,10.900000000000007,t50 crossing,0.9999999999999989,0.014061805935242951,0.9994215961680909,False,"illustrative: amp>=0.90; NRMSE<=0.10; r>=0.95; delay<=max(1 min, T/4)"
primary_1080,ramp,2.0,plug_flow,10.0,2.0,,0.9999999999999978,0.24289974970337375,0.8490521668108311,11.5,t50 crossing,0.9999999999999978,0.029821452447672026,0.9974145015119588,False,"illustrative: amp>=0.90; NRMSE<=0.10; r>=0.95; delay<=max(1 min, T/4)"
primary_1080,ramp,2.0,plug_flow,10.0,5.0,,0.9999999999971634,0.259890571844532,0.8313679488899799,13.550000000000008,t50 crossing,0.9999999999971348,0.06336466379632825,0.9885088925474659,False,"illustrative: amp>=0.90; NRMSE<=0.10; r>=0.95; delay<=max(1 min, T/4)"
primary_1080,ramp,2.0,plug_flow,15.0,0.0,,1.0,0.28215214087901297,0.8063447363562223,15.0,t50 crossing,1.0,0.0,1.0,False,"illustrative: amp>=0.90; NRMSE<=0.10; r>=0.95; delay<=max(1 min, T/4)"
primary_1080,ramp,2.0,plug_flow,15.0,1.0,,0.9999999999999989,0.2893566354014769,0.7983316170716355,15.900000000000007,t50 crossing,0.9999999999999989,0.014274424677599934,0.9994167429261084,False,"illustrative: amp>=0.90; NRMSE<=0.10; r>=0.95; delay<=max(1 min, T/4)"
primary_1080,ramp,2.0,plug_flow,15.0,2.0,,0.9999999999999978,0.2945680774916191,0.7925509854734284,16.5,t50 crossing,0.9999999999999978,0.030273866819617377,0.9973934530734835,False,"illustrative: amp>=0.90; NRMSE<=0.10; r>=0.95; delay<=max(1 min, T/4)"
primary_1080,ramp,2.0,plug_flow,15.0,5.0,,0.9999999999922892,0.3087283161694514,0.776996318682635,18.550000000000008,t50 crossing,0.9999999999922117,0.0643383634873173,0.9884178281355598,False,"illustrative: amp>=0.90; NRMSE<=0.10; r>=0.95; delay<=max(1 min, T/4)"
primary_1080,ramp,2.0,well_mixed,0.5,0.0,,0.9999999999999994,0.024058142794536188,0.9982475720532328,0.5,t50 crossing,0.9999999999999994,0.005534926668947998,0.9999062156899651,True,"illustrative: amp>=0.90; NRMSE<=0.10; r>=0.95; delay<=max(1 min, T/4)"
primary_1080,ramp,2.0,well_mixed,0.5,1.0,,0.9999999999999989,0.05956124213302605,0.9893915805461029,1.4000000000000077,t50 crossing,0.9999999999999989,0.016539816056637284,0.9991665432353365,False,"illustrative: amp>=0.90; NRMSE<=0.10; r>=0.95; delay<=max(1 min, T/4)"
primary_1080,ramp,2.0,well_mixed,0.5,2.0,,0.9999999999999978,0.08041608272967235,0.9808936813379732,2.1,t50 crossing,0.9999999999999978,0.030466654682913093,0.9971855321208983,False,"illustrative: amp>=0.90; NRMSE<=0.10; r>=0.95; delay<=max(1 min, T/4)"
primary_1080,ramp,2.0,well_mixed,0.5,5.0,,0.9999999999995709,0.1222565915318599,0.9574178420221664,4.1,t50 crossing,0.9999999999995709,0.061880932257588464,0.9885686944715518,False,"illustrative: amp>=0.90; NRMSE<=0.10; r>=0.95; delay<=max(1 min, T/4)"
primary_1080,ramp,2.0,well_mixed,1.0,0.0,,0.9999999999999989,0.04071144425007438,0.9950103956272157,0.9,t50 crossing,0.9999999999999989,0.013663599095967673,0.9994302836661256,True,"illustrative: amp>=0.90; NRMSE<=0.10; r>=0.95; delay<=max(1 min, T/4)"
primary_1080,ramp,2.0,well_mixed,1.0,1.0,,0.9999999999999967,0.07284493346326905,0.9842288544967802,1.8000000000000076,t50 crossing,0.9999999999999967,0.022404702318887595,0.998472633173589,False,"illustrative: amp>=0.90; NRMSE<=0.10; r>=0.95; delay<=max(1 min, T/4)"
primary_1080,ramp,2.0,well_mixed,1.0,2.0,,0.9999999999999978,0.09232971132592523,0.9749697657047118,2.6,t50 crossing,0.9999999999999978,0.034351985433505164,0.9964252757639852,False,"illustrative: amp>=0.90; NRMSE<=0.10; r>=0.95; delay<=max(1 min, T/4)"
primary_1080,ramp,2.0,well_mixed,1.0,5.0,,0.9999999999995175,0.13170122151356708,0.9508704575338314,4.6500000000000075,t50 crossing,0.9999999999995126,0.06307269287781486,0.9881432346660549,False,"illustrative: amp>=0.90; NRMSE<=0.10; r>=0.95; delay<=max(1 min, T/4)"
primary_1080,ramp,2.0,well_mixed,2.0,0.0,,0.9999999999999978,0.0647332520805938,0.9875384905515889,1.5,t50 crossing,0.9999999999999978,0.028974319382630984,0.9974522014016768,False,"illustrative: amp>=0.90; NRMSE<=0.10; r>=0.95; delay<=max(1 min, T/4)"
primary_1080,ramp,2.0,well_mixed,2.0,1.0,,0.9999999999999967,0.09232971132592524,0.9749697657047115,2.6,t50 crossing,0.9999999999999967,0.0343519854335052,0.9964252757639862,False,"illustrative: amp>=0.90; NRMSE<=0.10; r>=0.95; delay<=max(1 min, T/4)"
primary_1080,ramp,2.0,well_mixed,2.0,2.0,,0.9999999999999933,0.11048941073482747,0.964597519801251,3.45,t50 crossing,0.9999999999999933,0.043405228964728496,0.9943118618405746,False,"illustrative: amp>=0.90; NRMSE<=0.10; r>=0.95; delay<=max(1 min, T/4)"
primary_1080,ramp,2.0,well_mixed,2.0,5.0,,0.9999999999993567,0.14750029349211002,0.9391191159798976,5.75,t50 crossing,0.9999999999993567,0.06739934768271166,0.9864897665321881,False,"illustrative: amp>=0.90; NRMSE<=0.10; r>=0.95; delay<=max(1 min, T/4)"
primary_1080,ramp,2.0,well_mixed,5.0,0.0,,0.999999999999616,0.11103365870176192,0.9646741827731506,3.5500000000000074,t50 crossing,0.9999999999996121,0.06154293489718555,0.9886720393331758,False,"illustrative: amp>=0.90; NRMSE<=0.10; r>=0.95; delay<=max(1 min, T/4)"
primary_1080,ramp,2.0,well_mixed,5.0,1.0,,0.9999999999995176,0.13170122151356708,0.9508704575338311,4.6500000000000075,t50 crossing,0.9999999999995127,0.06307269287781485,0.9881432346660547,False,"illustrative: amp>=0.90; NRMSE<=0.10; r>=0.95; delay<=max(1 min, T/4)"
primary_1080,ramp,2.0,well_mixed,5.0,2.0,,0.999999999999357,0.14750029349211,0.9391191159798973,5.75,t50 crossing,0.999999999999357,0.0673993476827116,0.9864897665321882,False,"illustrative: amp>=0.90; NRMSE<=0.10; r>=0.95; delay<=max(1 min, T/4)"
primary_1080,ramp,2.0,well_mixed,5.0,5.0,,0.9999999999885881,0.18185588473670425,0.9106913739901801,8.5,t50 crossing,0.9999999999885881,0.08365583599891756,0.9794348669369249,False,"illustrative: amp>=0.90; NRMSE<=0.10; r>=0.95; delay<=max(1 min, T/4)"
primary_1080,ramp,2.0,well_mixed,10.0,0.0,,0.9999993814172917,0.16167583052350132,0.929532483229167,7.0,t50 crossing,0.9999993814172917,0.0966240268761309,0.9728223128514158,False,"illustrative: amp>=0.90; NRMSE<=0.10; r>=0.95; delay<=max(1 min, T/4)"
primary_1080,ramp,2.0,well_mixed,10.0,1.0,,0.9999993109518078,0.17738184699857898,0.9159987451597572,8.1,t50 crossing,0.9999993109518078,0.09720567224967917,0.9726143898346666,False,"illustrative: amp>=0.90; NRMSE<=0.10; r>=0.95; delay<=max(1 min, T/4)"
primary_1080,ramp,2.0,well_mixed,10.0,2.0,,0.9999992248288577,0.190607213312907,0.9040349248586099,9.2,t50 crossing,0.9999992248288577,0.09891164770548451,0.9717484045080651,False,"illustrative: amp>=0.90; NRMSE<=0.10; r>=0.95; delay<=max(1 min, T/4)"
primary_1080,ramp,2.0,well_mixed,10.0,5.0,,0.9999987597343101,0.22201365104169782,0.8741034444071588,12.35,t50 crossing,0.9999987597343101,0.10886083882140182,0.9661364340385131,False,"illustrative: amp>=0.90; NRMSE<=0.10; r>=0.95; delay<=max(1 min, T/4)"
primary_1080,ramp,2.0,well_mixed,15.0,0.0,,0.9999274276453503,0.19999502641234837,0.8984706492555833,10.45,t50 crossing,0.9999274276453503,0.1232295991118226,0.9571706126436955,False,"illustrative: amp>=0.90; NRMSE<=0.10; r>=0.95; delay<=max(1 min, T/4)"
primary_1080,ramp,2.0,well_mixed,15.0,1.0,,0.9999221131585323,0.2131634702629262,0.8856013915869472,11.5,t50 crossing,0.9999221131585323,0.12371153093669209,0.9570577832094601,False,"illustrative: amp>=0.90; NRMSE<=0.10; r>=0.95; delay<=max(1 min, T/4)"
primary_1080,ramp,2.0,well_mixed,15.0,2.0,,0.9999161224454804,0.2247264169470822,0.8740155517616972,12.6,t50 crossing,0.9999161224454804,0.12470648520630122,0.9565625787483936,False,"illustrative: amp>=0.90; NRMSE<=0.10; r>=0.95; delay<=max(1 min, T/4)"
primary_1080,ramp,2.0,well_mixed,15.0,5.0,,0.9998909596336472,0.25366040460511735,0.8443048247931298,15.95,t50 crossing,0.9998909596336472,0.13147187736984142,0.9522761403691624,False,"illustrative: amp>=0.90; NRMSE<=0.10; r>=0.95; delay<=max(1 min, T/4)"
primary_1080,ramp,2.0,distributed_RTD,0.5,0.0,3.0,1.0000000000000002,0.02437764140715661,0.9982016219081963,0.5,t50 crossing,1.0000000000000002,0.0026740814384231533,0.9999780918377161,True,"illustrative: amp>=0.90; NRMSE<=0.10; r>=0.95; delay<=max(1 min, T/4)"
primary_1080,ramp,2.0,distributed_RTD,0.5,1.0,3.0,0.9999999999999989,0.05964303735131874,0.9893631099344197,1.4000000000000077,t50 crossing,0.9999999999999989,0.014680017210840201,0.9993437691749434,False,"illustrative: amp>=0.90; NRMSE<=0.10; r>=0.95; delay<=max(1 min, T/4)"
primary_1080,ramp,2.0,distributed_RTD,0.5,2.0,3.0,0.9999999999999978,0.08022062917789237,0.9809845788781798,2.0500000000000074,t50 crossing,0.9999999999999978,0.029411316277896154,0.9973790744473013,False,"illustrative: amp>=0.90; NRMSE<=0.10; r>=0.95; delay<=max(1 min, T/4)"
primary_1080,ramp,2.0,distributed_RTD,0.5,5.0,3.0,0.9999999999995749,0.12191417992166076,0.9576469588035946,4.050000000000008,t50 crossing,0.9999999999995707,0.061689463643380744,0.9886433229688392,False,"illustrative: amp>=0.90; NRMSE<=0.10; r>=0.95; delay<=max(1 min, T/4)"
primary_1080,ramp,2.0,distributed_RTD,1.0,0.0,3.0,1.0,0.04455703393229767,0.9940262786982276,1.0,t50 crossing,1.0,0.0074717591213660315,0.9998298798196351,True,"illustrative: amp>=0.90; NRMSE<=0.10; r>=0.95; delay<=max(1 min, T/4)"
primary_1080,ramp,2.0,distributed_RTD,1.0,1.0,3.0,0.9999999999999989,0.07560270234205434,0.9830216195017006,1.9000000000000077,t50 crossing,0.9999999999999989,0.017528097565922638,0.9990662134732674,False,"illustrative: amp>=0.90; NRMSE<=0.10; r>=0.95; delay<=max(1 min, T/4)"
primary_1080,ramp,2.0,distributed_RTD,1.0,2.0,3.0,0.9999999999999978,0.09390655152671173,0.9741138607487769,2.5500000000000074,t50 crossing,0.9999999999999978,0.03097421432116792,0.9970975192566071,False,"illustrative: amp>=0.90; NRMSE<=0.10; r>=0.95; delay<=max(1 min, T/4)"
primary_1080,ramp,2.0,distributed_RTD,1.0,5.0,3.0,0.9999999999995277,0.13210791980806064,0.9505589020310982,4.6,t50 crossing,0.9999999999995277,0.0620151385442285,0.9885408845110697,False,"illustrative: amp>=0.90; NRMSE<=0.10; r>=0.95; delay<=max(1 min, T/4)"
primary_1080,ramp,2.0,distributed_RTD,2.0,0.0,3.0,1.0,0.07462837752584389,0.9834471385635957,1.85,t50 crossing,1.0,0.018391712268666205,0.9989703332347974,False,"illustrative: amp>=0.90; NRMSE<=0.10; r>=0.95; delay<=max(1 min, T/4)"
primary_1080,ramp,2.0,distributed_RTD,2.0,1.0,3.0,0.9999999999999989,0.1001338494904112,0.9706113944030637,2.85,t50 crossing,0.9999999999999989,0.025458015503443638,0.9980363261402777,False,"illustrative: amp>=0.90; NRMSE<=0.10; r>=0.95; delay<=max(1 min, T/4)"
primary_1080,ramp,2.0,distributed_RTD,2.0,2.0,3.0,0.9999999999999978,0.11610744864459406,0.9609614659182845,3.6,t50 crossing,0.9999999999999978,0.03602092758888054,0.9960851805832017,False,"illustrative: amp>=0.90; NRMSE<=0.10; r>=0.95; delay<=max(1 min, T/4)"
primary_1080,ramp,2.0,distributed_RTD,2.0,5.0,3.0,0.9999999999994101,0.15011046754682622,0.9369663582000705,5.6500000000000075,t50 crossing,0.9999999999994043,0.06351836127066644,0.9880262927962843,False,"illustrative: amp>=0.90; NRMSE<=0.10; r>=0.95; delay<=max(1 min, T/4)"
primary_1080,ramp,2.0,distributed_RTD,5.0,0.0,3.0,1.0,0.13064976220757915,0.9511577857548439,4.5,t50 crossing,1.0,0.04545060782281161,0.9937866547996715,False,"illustrative: amp>=0.90; NRMSE<=0.10; r>=0.95; delay<=max(1 min, T/4)"
primary_1080,ramp,2.0,distributed_RTD,5.0,1.0,3.0,0.9999999999999989,0.14893190433520606,0.9374497514587145,5.550000000000008,t50 crossing,0.9999999999999989,0.04804530796801002,0.9930906383686442,False,"illustrative: amp>=0.90; NRMSE<=0.10; r>=0.95; delay<=max(1 min, T/4)"
primary_1080,ramp,2.0,distributed_RTD,5.0,2.0,3.0,0.9999999999999978,0.16232307104648386,0.9266375977071101,6.5,t50 crossing,0.9999999999999978,0.05369080408610144,0.9914084692205645,False,"illustrative: amp>=0.90; NRMSE<=0.10; r>=0.95; delay<=max(1 min, T/4)"
primary_1080,ramp,2.0,distributed_RTD,5.0,5.0,3.0,0.9999999999987041,0.19168777344346716,0.9011232784471807,8.85,t50 crossing,0.9999999999987041,0.07268092951933709,0.9844875858725173,False,"illustrative: amp>=0.90; NRMSE<=0.10; r>=0.95; delay<=max(1 min, T/4)"
primary_1080,ramp,2.0,distributed_RTD,10.0,0.0,3.0,0.9999999999999999,0.19035552414781876,0.9024111737105693,8.95,t50 crossing,0.9999999999999999,0.07523062879174477,0.9833527646262343,False,"illustrative: amp>=0.90; NRMSE<=0.10; r>=0.95; delay<=max(1 min, T/4)"
primary_1080,ramp,2.0,distributed_RTD,10.0,1.0,3.0,0.9999999999999989,0.20401859302118444,0.8894434473383238,10.0,t50 crossing,0.9999999999999989,0.07626922567375063,0.9829721278172125,False,"illustrative: amp>=0.90; NRMSE<=0.10; r>=0.95; delay<=max(1 min, T/4)"
primary_1080,ramp,2.0,distributed_RTD,10.0,2.0,3.0,0.9999999999999978,0.21526600514913763,0.8784671897052874,11.0,t50 crossing,0.9999999999999978,0.07893876581942076,0.9818438466022011,False,"illustrative: amp>=0.90; NRMSE<=0.10; r>=0.95; delay<=max(1 min, T/4)"
primary_1080,ramp,2.0,distributed_RTD,10.0,5.0,3.0,0.9999999999896633,0.24169879765926813,0.851916429265467,13.75,t50 crossing,0.9999999999896633,0.09118279603291786,0.9761298954094384,False,"illustrative: amp>=0.90; NRMSE<=0.10; r>=0.95; delay<=max(1 min, T/4)"
primary_1080,ramp,2.0,distributed_RTD,15.0,0.0,3.0,0.9999999998774093,0.23528285701706436,0.8591316580301942,13.400000000000007,t50 crossing,0.9999999998758411,0.09780863041092436,0.9725408702998365,False,"illustrative: amp>=0.90; NRMSE<=0.10; r>=0.95; delay<=max(1 min, T/4)"
primary_1080,ramp,2.0,distributed_RTD,15.0,1.0,3.0,0.9999999998380957,0.2466696554364101,0.8471550091200286,14.45,t50 crossing,0.9999999998380957,0.09851522914570157,0.972274095274664,False,"illustrative: amp>=0.90; NRMSE<=0.10; r>=0.95; delay<=max(1 min, T/4)"
primary_1080,ramp,2.0,distributed_RTD,15.0,2.0,3.0,0.999999999776842,0.2565336531680359,0.8366678191036062,15.5,t50 crossing,0.999999999776842,0.1001708368036607,0.9714827885798596,False,"illustrative: amp>=0.90; NRMSE<=0.10; r>=0.95; delay<=max(1 min, T/4)"
primary_1080,ramp,2.0,distributed_RTD,15.0,5.0,3.0,0.9999999983825465,0.2809591595319271,0.8104727771610927,18.40000000000001,t50 crossing,0.9999999983675387,0.10899866892516394,0.966754152012493,False,"illustrative: amp>=0.90; NRMSE<=0.10; r>=0.95; delay<=max(1 min, T/4)"
primary_1080,ramp,5.0,plug_flow,0.5,0.0,,1.0,0.016387083866081557,0.999218045935096,0.5,t50 crossing,1.0,0.0,1.0,True,"illustrative: amp>=0.90; NRMSE<=0.10; r>=0.95; delay<=max(1 min, T/4)"
primary_1080,ramp,5.0,plug_flow,0.5,1.0,,0.9999999999999989,0.04539010697329198,0.9940608837842997,1.5,t50 crossing,0.9999999999999989,0.006428309333275274,0.9998772783664573,False,"illustrative: amp>=0.90; NRMSE<=0.10; r>=0.95; delay<=max(1 min, T/4)"
primary_1080,ramp,5.0,plug_flow,0.5,2.0,,0.9999999999999978,0.0668777801068953,0.9872382023232394,2.3000000000000074,t50 crossing,0.9999999999999978,0.01643970890132873,0.999202241353476,False,"illustrative: amp>=0.90; NRMSE<=0.10; r>=0.95; delay<=max(1 min, T/4)"
primary_1080,ramp,5.0,plug_flow,0.5,5.0,,0.9999999999994071,0.11165984234436717,0.9656173561941077,4.2,t50 crossing,0.9999999999994071,0.04617900851400307,0.9938248382294558,False,"illustrative: amp>=0.90; NRMSE<=0.10; r>=0.95; delay<=max(1 min, T/4)"
primary_1080,ramp,5.0,plug_flow,1.0,0.0,,1.0,0.03220146246599097,0.996998920001031,1.0,t50 crossing,1.0,0.0,1.0,True,"illustrative: amp>=0.90; NRMSE<=0.10; r>=0.95; delay<=max(1 min, T/4)"
primary_1080,ramp,5.0,plug_flow,1.0,1.0,,0.9999999999999989,0.05976718786049326,0.9897697426138669,2.0,t50 crossing,0.9999999999999989,0.006437328994415954,0.9998771844197439,False,"illustrative: amp>=0.90; NRMSE<=0.10; r>=0.95; delay<=max(1 min, T/4)"
primary_1080,ramp,5.0,plug_flow,1.0,2.0,,0.9999999999999978,0.07975587116884779,0.9819676485550508,2.8000000000000074,t50 crossing,0.9999999999999978,0.016462886283345763,0.9992016539260026,False,"illustrative: amp>=0.90; NRMSE<=0.10; r>=0.95; delay<=max(1 min, T/4)"
primary_1080,ramp,5.0,plug_flow,1.0,5.0,,0.9999999999993447,0.12159658132790403,0.9594574550013337,4.7,t50 crossing,0.9999999999993447,0.046244799982774525,0.9938206927307999,False,"illustrative: amp>=0.90; NRMSE<=0.10; r>=0.95; delay<=max(1 min, T/4)"
primary_1080,ramp,5.0,plug_flow,2.0,0.0,,1.0,0.062057654303483395,0.9889899671807002,2.0,t50 crossing,1.0,0.0,1.0,False,"illustrative: amp>=0.90; NRMSE<=0.10; r>=0.95; delay<=max(1 min, T/4)"
primary_1080,ramp,5.0,plug_flow,2.0,1.0,,0.9999999999999989,0.08682958641679421,0.9786825588334674,3.0,t50 crossing,0.9999999999999989,0.006455482806528803,0.9998769944969224,False,"illustrative: amp>=0.90; NRMSE<=0.10; r>=0.95; delay<=max(1 min, T/4)"
primary_1080,ramp,5.0,plug_flow,2.0,2.0,,0.9999999999999978,0.1041191223651067,0.9696618122601628,3.8000000000000074,t50 crossing,0.9999999999999978,0.016509536663862994,0.9992004664623787,False,"illustrative: amp>=0.90; NRMSE<=0.10; r>=0.95; delay<=max(1 min, T/4)"
primary_1080,ramp,5.0,plug_flow,2.0,5.0,,0.9999999999991995,0.14072548753144704,0.9463295341438455,5.7,t50 crossing,0.9999999999991995,0.04637723095258457,0.9938123148812011,False,"illustrative: amp>=0.90; NRMSE<=0.10; r>=0.95; delay<=max(1 min, T/4)"
primary_1080,ramp,5.0,plug_flow,5.0,0.0,,1.0,0.13606726859496238,0.9490806642829048,5.0,t50 crossing,1.0,0.0,0.9999999999999999,False,"illustrative: amp>=0.90; NRMSE<=0.10; r>=0.95; delay<=max(1 min, T/4)"
primary_1080,ramp,5.0,plug_flow,5.0,1.0,,0.9999999999999989,0.1527032294676941,0.9366773537678625,6.0,t50 crossing,0.9999999999999989,0.0065108798415234375,0.9998764079556629,False,"illustrative: amp>=0.90; NRMSE<=0.10; r>=0.95; delay<=max(1 min, T/4)"
primary_1080,ramp,5.0,plug_flow,5.0,2.0,,0.9999999999999978,0.16416430191254178,0.9275794784359412,6.800000000000008,t50 crossing,0.9999999999999978,0.016651903800389098,0.9991967998853922,False,"illustrative: amp>=0.90; NRMSE<=0.10; r>=0.95; delay<=max(1 min, T/4)"
primary_1080,ramp,5.0,plug_flow,5.0,5.0,,0.9999999999985415,0.19028190713757842,0.9055214275739124,8.7,t50 crossing,0.9999999999985415,0.04678145618158137,0.993786464338032,False,"illustrative: amp>=0.90; NRMSE<=0.10; r>=0.95; delay<=max(1 min, T/4)"
primary_1080,ramp,5.0,plug_flow,10.0,0.0,,1.0,0.2151380148975084,0.8814555120104522,10.0,t50 crossing,1.0,0.0,1.0,False,"illustrative: amp>=0.90; NRMSE<=0.10; r>=0.95; delay<=max(1 min, T/4)"
primary_1080,ramp,5.0,plug_flow,10.0,1.0,,0.9999999999999989,0.22602729959235043,0.8707379680541886,11.0,t50 crossing,0.9999999999999989,0.006606464517083353,0.9998753706332928,False,"illustrative: amp>=0.90; NRMSE<=0.10; r>=0.95; delay<=max(1 min, T/4)"
primary_1080,ramp,5.0,plug_flow,10.0,2.0,,0.9999999999999978,0.23392302557375377,0.8628567136944472,11.800000000000008,t50 crossing,0.9999999999999978,0.01689759284454796,0.9991903179325736,False,"illustrative: amp>=0.90; NRMSE<=0.10; r>=0.95; delay<=max(1 min, T/4)"
primary_1080,ramp,5.0,plug_flow,10.0,5.0,,0.9999999999960358,0.25293728087227657,0.8436842076650296,13.7,t50 crossing,0.9999999999960358,0.04747930879840347,0.9937408320244694,False,"illustrative: amp>=0.90; NRMSE<=0.10; r>=0.95; delay<=max(1 min, T/4)"
primary_1080,ramp,5.0,plug_flow,15.0,0.0,,1.0,0.2721294348746336,0.8225987156678907,15.0,t50 crossing,1.0,0.0,0.9999999999999999,False,"illustrative: amp>=0.90; NRMSE<=0.10; r>=0.95; delay<=max(1 min, T/4)"
primary_1080,ramp,5.0,plug_flow,15.0,1.0,,0.9999999999999989,0.28081738555893765,0.8131790694662986,16.0,t50 crossing,0.9999999999999989,0.006706386469715062,0.9998742509061037,False,"illustrative: amp>=0.90; NRMSE<=0.10; r>=0.95; delay<=max(1 min, T/4)"
primary_1080,ramp,5.0,plug_flow,15.0,2.0,,0.9999999999999978,0.28721080370474567,0.8062383066688168,16.800000000000008,t50 crossing,0.9999999999999978,0.017154487977970166,0.9991833247219672,False,"illustrative: amp>=0.90; NRMSE<=0.10; r>=0.95; delay<=max(1 min, T/4)"
primary_1080,ramp,5.0,plug_flow,15.0,5.0,,0.9999999999892236,0.3028982204077928,0.7893097845068666,18.7,t50 crossing,0.9999999999892236,0.04820935328932063,0.9936916989192266,False,"illustrative: amp>=0.90; NRMSE<=0.10; r>=0.95; delay<=max(1 min, T/4)"
primary_1080,ramp,5.0,well_mixed,0.5,0.0,,0.9999999999999994,0.01661440268901098,0.9991949078030099,0.5500000000000076,t50 crossing,0.9999999999999994,0.002593077574034394,0.9999800341903793,True,"illustrative: amp>=0.90; NRMSE<=0.10; r>=0.95; delay<=max(1 min, T/4)"
primary_1080,ramp,5.0,well_mixed,0.5,1.0,,0.9999999999999989,0.045705535073849946,0.9939742519829454,1.5500000000000076,t50 crossing,0.9999999999999989,0.007898727817132153,0.9998155840605241,False,"illustrative: amp>=0.90; NRMSE<=0.10; r>=0.95; delay<=max(1 min, T/4)"
primary_1080,ramp,5.0,well_mixed,0.5,2.0,,0.9999999999999978,0.06725576493773745,0.987089722112662,2.35,t50 crossing,0.9999999999999978,0.017369260009646375,0.9991100394151107,False,"illustrative: amp>=0.90; NRMSE<=0.10; r>=0.95; delay<=max(1 min, T/4)"
primary_1080,ramp,5.0,well_mixed,0.5,5.0,,0.9999999999994007,0.11204821250070557,0.9653783191054653,4.25,t50 crossing,0.9999999999994007,0.04652595523413883,0.993728679755375,False,"illustrative: amp>=0.90; NRMSE<=0.10; r>=0.95; delay<=max(1 min, T/4)"
primary_1080,ramp,5.0,well_mixed,1.0,0.0,,0.9999999999999989,0.030588871001307156,0.9972833410209757,1.0,t50 crossing,0.9999999999999989,0.006419327479882923,0.9998773716463039,True,"illustrative: amp>=0.90; NRMSE<=0.10; r>=0.95; delay<=max(1 min, T/4)"
primary_1080,ramp,5.0,well_mixed,1.0,1.0,,0.9999999999999967,0.058316357963867804,0.9902419589568815,2.0,t50 crossing,0.9999999999999967,0.011085819486176512,0.9996366986878376,False,"illustrative: amp>=0.90; NRMSE<=0.10; r>=0.95; delay<=max(1 min, T/4)"
primary_1080,ramp,5.0,well_mixed,1.0,2.0,,0.9999999999999978,0.07880124986477237,0.9823748764890907,2.8000000000000074,t50 crossing,0.9999999999999978,0.01996145522305753,0.9988259850530773,False,"illustrative: amp>=0.90; NRMSE<=0.10; r>=0.95; delay<=max(1 min, T/4)"
primary_1080,ramp,5.0,well_mixed,1.0,5.0,,0.9999999999993263,0.12135021487781791,0.9596053393335228,4.800000000000008,t50 crossing,0.9999999999993195,0.047749488935921874,0.9934002003551615,False,"illustrative: amp>=0.90; NRMSE<=0.10; r>=0.95; delay<=max(1 min, T/4)"
primary_1080,ramp,5.0,well_mixed,2.0,0.0,,0.9999999999999978,0.05369376111088004,0.9917178297431699,1.8000000000000076,t50 crossing,0.9999999999999978,0.016416629135770043,0.9992028246373289,False,"illustrative: amp>=0.90; NRMSE<=0.10; r>=0.95; delay<=max(1 min, T/4)"
primary_1080,ramp,5.0,well_mixed,2.0,1.0,,0.9999999999999967,0.07880124986477238,0.9823748764890894,2.8000000000000074,t50 crossing,0.9999999999999967,0.019961455223057548,0.9988259850530744,False,"illustrative: amp>=0.90; NRMSE<=0.10; r>=0.95; delay<=max(1 min, T/4)"
primary_1080,ramp,5.0,well_mixed,2.0,2.0,,0.9999999999999933,0.09781314841061664,0.9731460763894435,3.6,t50 crossing,0.9999999999999933,0.027634900376863916,0.9977551741310077,False,"illustrative: amp>=0.90; NRMSE<=0.10; r>=0.95; delay<=max(1 min, T/4)"
primary_1080,ramp,5.0,well_mixed,2.0,5.0,,0.999999999999101,0.13757382405563773,0.9486470459421232,5.85,t50 crossing,0.999999999999101,0.05216363768547306,0.9921306846481184,False,"illustrative: amp>=0.90; NRMSE<=0.10; r>=0.95; delay<=max(1 min, T/4)"
primary_1080,ramp,5.0,well_mixed,5.0,0.0,,0.9999999999994638,0.10158207497133236,0.9713813847366093,3.7,t50 crossing,0.9999999999994638,0.04611349704888062,0.9938289551740401,False,"illustrative: amp>=0.90; NRMSE<=0.10; r>=0.95; delay<=max(1 min, T/4)"
primary_1080,ramp,5.0,well_mixed,5.0,1.0,,0.999999999999326,0.12135021487781796,0.9596053393335224,4.800000000000008,t50 crossing,0.9999999999993192,0.04774948893592192,0.9934002003551619,False,"illustrative: amp>=0.90; NRMSE<=0.10; r>=0.95; delay<=max(1 min, T/4)"
primary_1080,ramp,5.0,well_mixed,5.0,2.0,,0.9999999999991014,0.13757382405563778,0.9486470459421233,5.85,t50 crossing,0.9999999999991014,0.05216363768547309,0.9921306846481182,False,"illustrative: amp>=0.90; NRMSE<=0.10; r>=0.95; delay<=max(1 min, T/4)"
primary_1080,ramp,5.0,well_mixed,5.0,5.0,,0.9999999999842507,0.17355200493896336,0.9209616381476905,8.550000000000008,t50 crossing,0.9999999999840979,0.0696424887123924,0.9861187193032589,False,"illustrative: amp>=0.90; NRMSE<=0.10; r>=0.95; delay<=max(1 min, T/4)"
primary_1080,ramp,5.0,well_mixed,10.0,0.0,,0.9999992750085612,0.1542266291779671,0.9378411746513364,7.1,t50 crossing,0.9999992750085612,0.08370383401690888,0.9802197436892874,False,"illustrative: amp>=0.90; NRMSE<=0.10; r>=0.95; delay<=max(1 min, T/4)"
primary_1080,ramp,5.0,well_mixed,10.0,1.0,,0.9999991924215893,0.16956839665896148,0.9255440208146686,8.150000000000007,t50 crossing,0.9999991883735857,0.08438646143809447,0.9799896953118103,False,"illustrative: amp>=0.90; NRMSE<=0.10; r>=0.95; delay<=max(1 min, T/4)"
primary_1080,ramp,5.0,well_mixed,10.0,2.0,,0.9999990914837518,0.18299624684022278,0.9141118139985144,9.300000000000008,t50 crossing,0.9999990869297951,0.08629407650743932,0.9791208464354414,False,"illustrative: amp>=0.90; NRMSE<=0.10; r>=0.95; delay<=max(1 min, T/4)"
primary_1080,ramp,5.0,well_mixed,10.0,5.0,,0.9999985463836265,0.215302277675777,0.8847582173584144,12.400000000000007,t50 crossing,0.9999985390973469,0.09690753296861712,0.9738886345003454,False,"illustrative: amp>=0.90; NRMSE<=0.10; r>=0.95; delay<=max(1 min, T/4)"
primary_1080,ramp,5.0,well_mixed,15.0,0.0,,0.9999194829648492,0.19368348455326254,0.9076117294507701,10.5,t50 crossing,0.9999194829648492,0.1122874381170822,0.9655398510208859,False,"illustrative: amp>=0.90; NRMSE<=0.10; r>=0.95; delay<=max(1 min, T/4)"
primary_1080,ramp,5.0,well_mixed,15.0,1.0,,0.9999135866876234,0.206644035471228,0.8956286892218851,11.6,t50 crossing,0.9999135866876234,0.11279665158925274,0.9653842965066005,False,"illustrative: amp>=0.90; NRMSE<=0.10; r>=0.95; delay<=max(1 min, T/4)"
primary_1080,ramp,5.0,well_mixed,15.0,2.0,,0.9999069401559559,0.21833102642105592,0.8844372355387582,12.7,t50 crossing,0.9999069401559559,0.11386413944498108,0.9648723428330267,False,"illustrative: amp>=0.90; NRMSE<=0.10; r>=0.95; delay<=max(1 min, T/4)"
primary_1080,ramp,5.0,well_mixed,15.0,5.0,,0.9998790227070791,0.24786348316020687,0.8551787945026037,16.0,t50 crossing,0.9998790227070791,0.12094250807866272,0.9607650685762674,False,"illustrative: amp>=0.90; NRMSE<=0.10; r>=0.95; delay<=max(1 min, T/4)"
primary_1080,ramp,5.0,distributed_RTD,0.5,0.0,3.0,1.0000000000000002,0.016177668017998643,0.9992373430230408,0.5500000000000076,t50 crossing,1.0000000000000002,0.0020193590072573333,0.9999880763059311,True,"illustrative: amp>=0.90; NRMSE<=0.10; r>=0.95; delay<=max(1 min, T/4)"
primary_1080,ramp,5.0,distributed_RTD,0.5,1.0,3.0,0.9999999999999989,0.04527124874731559,0.9940895955572173,1.5,t50 crossing,0.9999999999999989,0.006860142591594822,0.9998603527858159,False,"illustrative: amp>=0.90; NRMSE<=0.10; r>=0.95; delay<=max(1 min, T/4)"
primary_1080,ramp,5.0,distributed_RTD,0.5,2.0,3.0,0.9999999999999978,0.06680211597376713,0.9872638695666269,2.3000000000000074,t50 crossing,0.9999999999999978,0.01672958279038178,0.9991739726014791,False,"illustrative: amp>=0.90; NRMSE<=0.10; r>=0.95; delay<=max(1 min, T/4)"
primary_1080,ramp,5.0,distributed_RTD,0.5,5.0,3.0,0.9999999999994058,0.11162897336065675,0.9656327008782637,4.25,t50 crossing,0.9999999999994058,0.04621323645065747,0.9938115440977496,False,"illustrative: amp>=0.90; NRMSE<=0.10; r>=0.95; delay<=max(1 min, T/4)"
primary_1080,ramp,5.0,distributed_RTD,1.0,0.0,3.0,1.0,0.03134279844866265,0.9971521869939589,1.0,t50 crossing,1.0,0.0030176846546280706,0.9999727693016296,True,"illustrative: amp>=0.90; NRMSE<=0.10; r>=0.95; delay<=max(1 min, T/4)"
primary_1080,ramp,5.0,distributed_RTD,1.0,1.0,3.0,0.9999999999999989,0.05909745866782043,0.9899871905163513,2.0,t50 crossing,0.9999999999999989,0.00819536952143951,0.9998013789320692,False,"illustrative: amp>=0.90; NRMSE<=0.10; r>=0.95; delay<=max(1 min, T/4)"
primary_1080,ramp,5.0,distributed_RTD,1.0,2.0,3.0,0.9999999999999978,0.07928382005437348,0.9821677275400619,2.8000000000000074,t50 crossing,0.9999999999999978,0.01766280653242353,0.9990813002746959,False,"illustrative: amp>=0.90; NRMSE<=0.10; r>=0.95; delay<=max(1 min, T/4)"
primary_1080,ramp,5.0,distributed_RTD,1.0,5.0,3.0,0.9999999999993401,0.12138618022957068,0.9595851178075406,4.75,t50 crossing,0.9999999999993401,0.04666027192257288,0.9937033408834753,False,"illustrative: amp>=0.90; NRMSE<=0.10; r>=0.95; delay<=max(1 min, T/4)"
primary_1080,ramp,5.0,distributed_RTD,2.0,0.0,3.0,1.0,0.05847317512200247,0.9901915653591421,2.0,t50 crossing,1.0,0.008526638485052728,0.9997854605541724,False,"illustrative: amp>=0.90; NRMSE<=0.10; r>=0.95; delay<=max(1 min, T/4)"
primary_1080,ramp,5.0,distributed_RTD,2.0,1.0,3.0,0.9999999999999989,0.08357180379065932,0.9802036150208192,2.95,t50 crossing,0.9999999999999989,0.012688909570341992,0.9995254432238384,False,"illustrative: amp>=0.90; NRMSE<=0.10; r>=0.95; delay<=max(1 min, T/4)"
primary_1080,ramp,5.0,distributed_RTD,2.0,2.0,3.0,0.9999999999999978,0.10163430136482972,0.9710415444100812,3.75,t50 crossing,0.9999999999999978,0.021205914382388155,0.9986794645834737,False,"illustrative: amp>=0.90; NRMSE<=0.10; r>=0.95; delay<=max(1 min, T/4)"
primary_1080,ramp,5.0,distributed_RTD,2.0,5.0,3.0,0.9999999999991761,0.13950663046034648,0.9472161769762261,5.800000000000008,t50 crossing,0.9999999999991678,0.04830978137019999,0.9932704233190578,False,"illustrative: amp>=0.90; NRMSE<=0.10; r>=0.95; delay<=max(1 min, T/4)"
primary_1080,ramp,5.0,distributed_RTD,5.0,0.0,3.0,1.0,0.11798729907334604,0.9613895991847399,4.6500000000000075,t50 crossing,1.0,0.029278936927775952,0.9974913601172252,False,"illustrative: amp>=0.90; NRMSE<=0.10; r>=0.95; delay<=max(1 min, T/4)"
primary_1080,ramp,5.0,distributed_RTD,5.0,1.0,3.0,0.9999999999999989,0.13699083960734157,0.948627099295542,5.6500000000000075,t50 crossing,0.9999999999999989,0.03177020128051915,0.9970578888681485,False,"illustrative: amp>=0.90; NRMSE<=0.10; r>=0.95; delay<=max(1 min, T/4)"
primary_1080,ramp,5.0,distributed_RTD,5.0,2.0,3.0,0.9999999999999978,0.15146295310844218,0.9379376103914014,6.550000000000008,t50 crossing,0.9999999999999978,0.03746009834001917,0.9959245810082814,False,"illustrative: amp>=0.90; NRMSE<=0.10; r>=0.95; delay<=max(1 min, T/4)"
primary_1080,ramp,5.0,distributed_RTD,5.0,5.0,3.0,0.9999999999981892,0.18301297962096624,0.9123101062844586,8.95,t50 crossing,0.9999999999981892,0.05783021323747765,0.9904364367385646,False,"illustrative: amp>=0.90; NRMSE<=0.10; r>=0.95; delay<=max(1 min, T/4)"
primary_1080,ramp,5.0,distributed_RTD,10.0,0.0,3.0,0.9999999999999999,0.1818288633078281,0.9133753279538732,9.0,t50 crossing,0.9999999999999999,0.060447451368213514,0.989520822304998,False,"illustrative: amp>=0.90; NRMSE<=0.10; r>=0.95; delay<=max(1 min, T/4)"
primary_1080,ramp,5.0,distributed_RTD,10.0,1.0,3.0,0.9999999999999989,0.19592666541979267,0.9007043281356442,10.050000000000008,t50 crossing,0.9999999999999989,0.0615588608914748,0.9891851863911578,False,"illustrative: amp>=0.90; NRMSE<=0.10; r>=0.95; delay<=max(1 min, T/4)"
primary_1080,ramp,5.0,distributed_RTD,10.0,2.0,3.0,0.9999999999999978,0.20762684967309786,0.8898084590900383,11.1,t50 crossing,0.9999999999999978,0.06442385176883104,0.988209913640629,False,"illustrative: amp>=0.90; NRMSE<=0.10; r>=0.95; delay<=max(1 min, T/4)"
primary_1080,ramp,5.0,distributed_RTD,10.0,5.0,3.0,0.9999999999855538,0.23507862432635052,0.863276295916812,13.800000000000008,t50 crossing,0.9999999999854086,0.0776646563288979,0.9831109038249669,False,"illustrative: amp>=0.90; NRMSE<=0.10; r>=0.95; delay<=max(1 min, T/4)"
primary_1080,ramp,5.0,distributed_RTD,15.0,0.0,3.0,0.9999999998166448,0.2286256227441431,0.8702874096825166,13.45,t50 crossing,0.9999999998166448,0.08485252429143673,0.9798388808082437,False,"illustrative: amp>=0.90; NRMSE<=0.10; r>=0.95; delay<=max(1 min, T/4)"
primary_1080,ramp,5.0,distributed_RTD,15.0,1.0,3.0,0.9999999997631204,0.24027925586247498,0.858448929467612,14.5,t50 crossing,0.9999999997631204,0.08558168438380793,0.9795910176305916,False,"illustrative: amp>=0.90; NRMSE<=0.10; r>=0.95; delay<=max(1 min, T/4)"
primary_1080,ramp,5.0,distributed_RTD,15.0,2.0,3.0,0.9999999996797775,0.2504002416111518,0.8480130164238897,15.550000000000008,t50 crossing,0.9999999996763668,0.08734145478087621,0.9788556477227911,False,"illustrative: amp>=0.90; NRMSE<=0.10; r>=0.95; delay<=max(1 min, T/4)"
primary_1080,ramp,5.0,distributed_RTD,15.0,5.0,3.0,0.9999999978068959,0.2754367244837378,0.8218481229928641,18.45,t50 crossing,0.9999999978068959,0.09669964685746266,0.9744620685039685,False,"illustrative: amp>=0.90; NRMSE<=0.10; r>=0.95; delay<=max(1 min, T/4)"
primary_1080,ramp,10.0,plug_flow,0.5,0.0,,1.0,0.011685858508743157,0.9996253033018422,0.5,t50 crossing,1.0,0.0,1.0,True,"illustrative: amp>=0.90; NRMSE<=0.10; r>=0.95; delay<=max(1 min, T/4)"
primary_1080,ramp,10.0,plug_flow,0.5,1.0,,0.9999999999999989,0.03406148297683589,0.9968455001805805,1.5500000000000076,t50 crossing,0.9999999999999989,0.003452166643816179,0.9999659618677282,True,"illustrative: amp>=0.90; NRMSE<=0.10; r>=0.95; delay<=max(1 min, T/4)"
primary_1080,ramp,10.0,plug_flow,0.5,2.0,,0.9999999999999978,0.053247019584484696,0.9923551472139781,2.5,t50 crossing,0.9999999999999978,0.009209094635755494,0.9997601159527412,True,"illustrative: amp>=0.90; NRMSE<=0.10; r>=0.95; delay<=max(1 min, T/4)"
primary_1080,ramp,10.0,plug_flow,0.5,5.0,,0.9999999999988977,0.09809273592201893,0.9748214649099319,4.75,t50 crossing,0.9999999999988977,0.03087285833298741,0.9973513754978129,False,"illustrative: amp>=0.90; NRMSE<=0.10; r>=0.95; delay<=max(1 min, T/4)"
primary_1080,ramp,10.0,plug_flow,1.0,0.0,,1.0,0.023171840344448805,0.9985348748527906,1.0,t50 crossing,1.0,0.0,0.9999999999999999,True,"illustrative: amp>=0.90; NRMSE<=0.10; r>=0.95; delay<=max(1 min, T/4)"
primary_1080,ramp,10.0,plug_flow,1.0,1.0,,0.9999999999999989,0.0450589596626873,0.9945125160998082,2.0500000000000074,t50 crossing,0.9999999999999989,0.0034570131527922143,0.9999659322287635,True,"illustrative: amp>=0.90; NRMSE<=0.10; r>=0.95; delay<=max(1 min, T/4)"
primary_1080,ramp,10.0,plug_flow,1.0,2.0,,0.9999999999999978,0.063665215577151,0.989137374406786,3.0,t50 crossing,0.9999999999999978,0.009222088990512651,0.999759914645412,False,"illustrative: amp>=0.90; NRMSE<=0.10; r>=0.95; delay<=max(1 min, T/4)"
primary_1080,ramp,10.0,plug_flow,1.0,5.0,,0.9999999999987816,0.10690273219512111,0.970259577729769,5.25,t50 crossing,0.9999999999987816,0.03091698134868945,0.9973494582118252,False,"illustrative: amp>=0.90; NRMSE<=0.10; r>=0.95; delay<=max(1 min, T/4)"
primary_1080,ramp,10.0,plug_flow,2.0,0.0,,1.0,0.04553669585354804,0.9944034958291007,2.0,t50 crossing,1.0,0.0,0.9999999999999999,True,"illustrative: amp>=0.90; NRMSE<=0.10; r>=0.95; delay<=max(1 min, T/4)"
primary_1080,ramp,10.0,plug_flow,2.0,1.0,,0.9999999999999989,0.06649112549381624,0.9881845199772049,3.0500000000000074,t50 crossing,0.9999999999999989,0.0034667677239664757,0.9999658722910729,False,"illustrative: amp>=0.90; NRMSE<=0.10; r>=0.95; delay<=max(1 min, T/4)"
primary_1080,ramp,10.0,plug_flow,2.0,2.0,,0.9999999999999978,0.0840151532298791,0.9812992295793397,4.0,t50 crossing,0.9999999999999978,0.009248243577887533,0.999759507576328,False,"illustrative: amp>=0.90; NRMSE<=0.10; r>=0.95; delay<=max(1 min, T/4)"
primary_1080,ramp,10.0,plug_flow,2.0,5.0,,0.999999999998512,0.12421420048965033,0.9602770601575938,6.25,t50 crossing,0.999999999998512,0.031005797910148805,0.9973455829646578,False,"illustrative: amp>=0.90; NRMSE<=0.10; r>=0.95; delay<=max(1 min, T/4)"
primary_1080,ramp,10.0,plug_flow,5.0,0.0,,1.0,0.1075690074487542,0.9697648260458586,5.0,t50 crossing,1.0,0.0,0.9999999999999999,False,"illustrative: amp>=0.90; NRMSE<=0.10; r>=0.95; delay<=max(1 min, T/4)"
primary_1080,ramp,10.0,plug_flow,5.0,1.0,,0.9999999999999989,0.12569110907446746,0.9591351589577488,6.050000000000008,t50 crossing,0.9999999999999989,0.0034965344499026845,0.9999656870196603,False,"illustrative: amp>=0.90; NRMSE<=0.10; r>=0.95; delay<=max(1 min, T/4)"
primary_1080,ramp,10.0,plug_flow,5.0,2.0,,0.9999999999999978,0.14017904803782358,0.949635400598709,7.0,t50 crossing,0.9999999999999978,0.009328063040462745,0.99975824952454,False,"illustrative: amp>=0.90; NRMSE<=0.10; r>=0.95; delay<=max(1 min, T/4)"
primary_1080,ramp,10.0,plug_flow,5.0,5.0,,0.9999999999972888,0.1724952843220255,0.9258144558984963,9.25,t50 crossing,0.9999999999972888,0.031276911766022375,0.9973336213296176,False,"illustrative: amp>=0.90; NRMSE<=0.10; r>=0.95; delay<=max(1 min, T/4)"
primary_1080,ramp,10.0,plug_flow,10.0,0.0,,1.0,0.19242456876031638,0.9084262834820527,10.0,t50 crossing,1.0,0.0,1.0,False,"illustrative: amp>=0.90; NRMSE<=0.10; r>=0.95; delay<=max(1 min, T/4)"
primary_1080,ramp,10.0,plug_flow,10.0,1.0,,0.9999999999999989,0.20547859284828676,0.8967441244573073,11.050000000000008,t50 crossing,0.9999999999999989,0.0035478964019233766,0.9999653587478348,False,"illustrative: amp>=0.90; NRMSE<=0.10; r>=0.95; delay<=max(1 min, T/4)"
primary_1080,ramp,10.0,plug_flow,10.0,2.0,,0.9999999999999978,0.215625689383711,0.8874046169957343,12.0,t50 crossing,0.9999999999999978,0.009465815076429797,0.9997560212959413,False,"illustrative: amp>=0.90; NRMSE<=0.10; r>=0.95; delay<=max(1 min, T/4)"
primary_1080,ramp,10.0,plug_flow,10.0,5.0,,0.9999999999926298,0.23886029928350327,0.8654235901558939,14.25,t50 crossing,0.9999999999926298,0.03174501488204712,0.9973124907941796,False,"illustrative: amp>=0.90; NRMSE<=0.10; r>=0.95; delay<=max(1 min, T/4)"
primary_1080,ramp,10.0,plug_flow,15.0,0.0,,1.0,0.25455309570645696,0.8489143786831113,15.0,t50 crossing,1.0,0.0,0.9999999999999999,False,"illustrative: amp>=0.90; NRMSE<=0.10; r>=0.95; delay<=max(1 min, T/4)"
primary_1080,ramp,10.0,plug_flow,15.0,1.0,,0.9999999999999989,0.264559097348889,0.8385950543597745,16.050000000000008,t50 crossing,0.9999999999999989,0.003601590379341797,0.9999650035180491,False,"illustrative: amp>=0.90; NRMSE<=0.10; r>=0.95; delay<=max(1 min, T/4)"
primary_1080,ramp,10.0,plug_flow,15.0,2.0,,0.9999999999999978,0.27251514048461145,0.8303273255155391,17.0,t50 crossing,0.9999999999999978,0.00960985583881157,0.9997536113013744,False,"illustrative: amp>=0.90; NRMSE<=0.10; r>=0.95; delay<=max(1 min, T/4)"
primary_1080,ramp,10.0,plug_flow,15.0,5.0,,0.9999999999799655,0.29124612691837065,0.8108125976002865,19.25,t50 crossing,0.9999999999799655,0.032234784852646164,0.9972897176351438,False,"illustrative: amp>=0.90; NRMSE<=0.10; r>=0.95; delay<=max(1 min, T/4)"
primary_1080,ramp,10.0,well_mixed,0.5,0.0,,0.9999999999999994,0.01206946590578431,0.9995996916412283,0.5500000000000076,t50 crossing,0.9999999999999994,0.0013599613918087354,0.9999947088990556,True,"illustrative: amp>=0.90; NRMSE<=0.10; r>=0.95; delay<=max(1 min, T/4)"
primary_1080,ramp,10.0,well_mixed,0.5,1.0,,0.9999999999999989,0.03448036526997984,0.9967654030371824,1.5500000000000076,t50 crossing,0.9999999999999989,0.003970190875846754,0.9999546658358107,True,"illustrative: amp>=0.90; NRMSE<=0.10; r>=0.95; delay<=max(1 min, T/4)"
primary_1080,ramp,10.0,well_mixed,0.5,2.0,,0.9999999999999978,0.05367940457941544,0.9922278616003103,2.5,t50 crossing,0.9999999999999978,0.009584879667278333,0.9997397163087716,True,"illustrative: amp>=0.90; NRMSE<=0.10; r>=0.95; delay<=max(1 min, T/4)"
primary_1080,ramp,10.0,well_mixed,0.5,5.0,,0.9999999999988859,0.09849231414450937,0.9746152573171813,4.800000000000008,t50 crossing,0.9999999999988747,0.031128723000266877,0.9973083156058993,False,"illustrative: amp>=0.90; NRMSE<=0.10; r>=0.95; delay<=max(1 min, T/4)"
primary_1080,ramp,10.0,well_mixed,1.0,0.0,,0.9999999999999989,0.022921759983738025,0.9985616165554954,1.0500000000000076,t50 crossing,0.9999999999999989,0.003447340461330837,0.9999659912899881,True,"illustrative: amp>=0.90; NRMSE<=0.10; r>=0.95; delay<=max(1 min, T/4)"
primary_1080,ramp,10.0,well_mixed,1.0,1.0,,0.9999999999999967,0.04486194839865895,0.9945495626997755,2.0500000000000074,t50 crossing,0.9999999999999967,0.005733391017018054,0.9999061906064219,True,"illustrative: amp>=0.90; NRMSE<=0.10; r>=0.95; delay<=max(1 min, T/4)"
primary_1080,ramp,10.0,well_mixed,1.0,2.0,,0.9999999999999978,0.0635942730248074,0.9891457089462947,3.0,t50 crossing,0.9999999999999978,0.011027887725898992,0.9996568271933588,False,"illustrative: amp>=0.90; NRMSE<=0.10; r>=0.95; delay<=max(1 min, T/4)"
primary_1080,ramp,10.0,well_mixed,1.0,5.0,,0.999999999998747,0.1070136008859966,0.9701789077492324,5.25,t50 crossing,0.999999999998747,0.03205498694088462,0.9971497813158006,False,"illustrative: amp>=0.90; NRMSE<=0.10; r>=0.95; delay<=max(1 min, T/4)"
primary_1080,ramp,10.0,well_mixed,2.0,0.0,,0.9999999999999978,0.042723505370931794,0.9950452288908611,2.0,t50 crossing,0.9999999999999978,0.00919615505561743,0.9997603157968383,True,"illustrative: amp>=0.90; NRMSE<=0.10; r>=0.95; delay<=max(1 min, T/4)"
primary_1080,ramp,10.0,well_mixed,2.0,1.0,,0.9999999999999967,0.06359427302480743,0.9891457089462949,3.0,t50 crossing,0.9999999999999967,0.011027887725898987,0.9996568271933589,False,"illustrative: amp>=0.90; NRMSE<=0.10; r>=0.95; delay<=max(1 min, T/4)"
primary_1080,ramp,10.0,well_mixed,2.0,2.0,,0.9999999999999933,0.08148574331733725,0.9823476016789559,3.9000000000000075,t50 crossing,0.9999999999999933,0.015693613457346385,0.9993071403352745,False,"illustrative: amp>=0.90; NRMSE<=0.10; r>=0.95; delay<=max(1 min, T/4)"
primary_1080,ramp,10.0,well_mixed,2.0,5.0,,0.9999999999983291,0.12272051879718505,0.9611557602087449,6.2,t50 crossing,0.9999999999983291,0.03540401537066468,0.9965317466514197,False,"illustrative: amp>=0.90; NRMSE<=0.10; r>=0.95; delay<=max(1 min, T/4)"
primary_1080,ramp,10.0,well_mixed,5.0,0.0,,0.9999999999990026,0.0892263094380122,0.9790490569937353,4.25,t50 crossing,0.9999999999990026,0.03082892368950544,0.9973532794130483,False,"illustrative: amp>=0.90; NRMSE<=0.10; r>=0.95; delay<=max(1 min, T/4)"
primary_1080,ramp,10.0,well_mixed,5.0,1.0,,0.999999999998747,0.10701360088599657,0.9701789077492325,5.25,t50 crossing,0.999999999998747,0.032054986940884586,0.9971497813158003,False,"illustrative: amp>=0.90; NRMSE<=0.10; r>=0.95; delay<=max(1 min, T/4)"
primary_1080,ramp,10.0,well_mixed,5.0,2.0,,0.9999999999983293,0.12272051879718501,0.9611557602087449,6.2,t50 crossing,0.9999999999983293,0.03540401537066456,0.9965317466514201,False,"illustrative: amp>=0.90; NRMSE<=0.10; r>=0.95; delay<=max(1 min, T/4)"
primary_1080,ramp,10.0,well_mixed,5.0,5.0,,0.999999999971453,0.15992630447002,0.9359728974231688,8.800000000000008,t50 crossing,0.9999999999711762,0.051097835375283944,0.9928539386242449,False,"illustrative: amp>=0.90; NRMSE<=0.10; r>=0.95; delay<=max(1 min, T/4)"
primary_1080,ramp,10.0,well_mixed,10.0,0.0,,0.999999039849877,0.14329895873741533,0.9489304707303847,7.4000000000000075,t50 crossing,0.9999990350371045,0.06587982756150872,0.9883683734431901,False,"illustrative: amp>=0.90; NRMSE<=0.10; r>=0.95; delay<=max(1 min, T/4)"
primary_1080,ramp,10.0,well_mixed,10.0,1.0,,0.9999989304749431,0.1577441514948847,0.9386461055472965,8.45,t50 crossing,0.9999989304749431,0.06659542086709459,0.9881571332568885,False,"illustrative: amp>=0.90; NRMSE<=0.10; r>=0.95; delay<=max(1 min, T/4)"
primary_1080,ramp,10.0,well_mixed,10.0,2.0,,0.9999987967968438,0.1709242988261331,0.9285661172299792,9.550000000000008,t50 crossing,0.9999987907657628,0.06846034303851899,0.9875046314244933,False,"illustrative: amp>=0.90; NRMSE<=0.10; r>=0.95; delay<=max(1 min, T/4)"
primary_1080,ramp,10.0,well_mixed,10.0,5.0,,0.9999980748879845,0.20396205440610457,0.9010435384511774,12.6,t50 crossing,0.9999980748879845,0.07910449946073647,0.9833930634288842,False,"illustrative: amp>=0.90; NRMSE<=0.10; r>=0.95; delay<=max(1 min, T/4)"
primary_1080,ramp,10.0,well_mixed,15.0,0.0,,0.9999035561950808,0.18403581074356093,0.9204986898093396,10.7,t50 crossing,0.9999035561950808,0.09542631852244608,0.9764548780715834,False,"illustrative: amp>=0.90; NRMSE<=0.10; r>=0.95; delay<=max(1 min, T/4)"
primary_1080,ramp,10.0,well_mixed,15.0,1.0,,0.9998964935975887,0.1964635006758972,0.9100284972113536,11.800000000000008,t50 crossing,0.9998961480005722,0.0959760471578576,0.976284589292846,False,"illustrative: amp>=0.90; NRMSE<=0.10; r>=0.95; delay<=max(1 min, T/4)"
primary_1080,ramp,10.0,well_mixed,15.0,2.0,,0.9998885323406659,0.20799856134320227,0.8998606954234684,12.900000000000007,t50 crossing,0.999888160161848,0.09718044021603311,0.9757578452990817,False,"illustrative: amp>=0.90; NRMSE<=0.10; r>=0.95; delay<=max(1 min, T/4)"
primary_1080,ramp,10.0,well_mixed,15.0,5.0,,0.9998550926471408,0.23802469384746666,0.8720262213468314,16.15000000000001,t50 crossing,0.9998546088166985,0.10460632568057006,0.9720897576018193,False,"illustrative: amp>=0.90; NRMSE<=0.10; r>=0.95; delay<=max(1 min, T/4)"
primary_1080,ramp,10.0,distributed_RTD,0.5,0.0,3.0,1.0000000000000002,0.011612948692526243,0.9996297342134756,0.5500000000000076,t50 crossing,1.0000000000000002,0.001309734875169547,0.9999952684742542,True,"illustrative: amp>=0.90; NRMSE<=0.10; r>=0.95; delay<=max(1 min, T/4)"
primary_1080,ramp,10.0,distributed_RTD,0.5,1.0,3.0,0.9999999999999989,0.034021784786090636,0.9968516838859954,1.5500000000000076,t50 crossing,0.9999999999999989,0.00365178206182244,0.9999619455522253,True,"illustrative: amp>=0.90; NRMSE<=0.10; r>=0.95; delay<=max(1 min, T/4)"
primary_1080,ramp,10.0,distributed_RTD,0.5,2.0,3.0,0.9999999999999978,0.05322112355455725,0.9923606771743124,2.5,t50 crossing,0.9999999999999978,0.009352025042597946,0.9997527501987084,True,"illustrative: amp>=0.90; NRMSE<=0.10; r>=0.95; delay<=max(1 min, T/4)"
primary_1080,ramp,10.0,distributed_RTD,0.5,5.0,3.0,0.9999999999988954,0.09808052164543506,0.9748248754999378,4.75,t50 crossing,0.9999999999988954,0.03095889143427754,0.9973366252187585,False,"illustrative: amp>=0.90; NRMSE<=0.10; r>=0.95; delay<=max(1 min, T/4)"
primary_1080,ramp,10.0,distributed_RTD,1.0,0.0,3.0,1.0,0.022875636699824387,0.9985701822764799,1.0500000000000076,t50 crossing,1.0,0.0019714155104634448,0.9999890951577456,True,"illustrative: amp>=0.90; NRMSE<=0.10; r>=0.95; delay<=max(1 min, T/4)"
primary_1080,ramp,10.0,distributed_RTD,1.0,1.0,3.0,0.9999999999999989,0.04483378613211213,0.9945620090455776,2.0500000000000074,t50 crossing,0.9999999999999989,0.004295265973747912,0.9999475137498987,True,"illustrative: amp>=0.90; NRMSE<=0.10; r>=0.95; delay<=max(1 min, T/4)"
primary_1080,ramp,10.0,distributed_RTD,1.0,2.0,3.0,0.9999999999999978,0.0634986052266965,0.9891862727627948,3.0,t50 crossing,0.9999999999999978,0.009826433364995795,0.9997278828875958,False,"illustrative: amp>=0.90; NRMSE<=0.10; r>=0.95; delay<=max(1 min, T/4)"
primary_1080,ramp,10.0,distributed_RTD,1.0,5.0,3.0,0.9999999999987729,0.10681470931143129,0.9702976450515503,5.25,t50 crossing,0.9999999999987729,0.031269133391688624,0.9972887391532836,False,"illustrative: amp>=0.90; NRMSE<=0.10; r>=0.95; delay<=max(1 min, T/4)"
primary_1080,ramp,10.0,distributed_RTD,2.0,0.0,3.0,1.0,0.04432314053131096,0.9946824204336011,2.0,t50 crossing,1.0,0.004275207568878979,0.9999475143646771,True,"illustrative: amp>=0.90; NRMSE<=0.10; r>=0.95; delay<=max(1 min, T/4)"
primary_1080,ramp,10.0,distributed_RTD,2.0,1.0,3.0,0.9999999999999989,0.06536870189051847,0.9885540025895341,3.0500000000000074,t50 crossing,0.9999999999999989,0.006622342972063837,0.9998762400051968,False,"illustrative: amp>=0.90; NRMSE<=0.10; r>=0.95; delay<=max(1 min, T/4)"
primary_1080,ramp,10.0,distributed_RTD,2.0,2.0,3.0,0.9999999999999978,0.08307337050675566,0.981682279017976,3.95,t50 crossing,0.9999999999999978,0.011604530850145785,0.9996210178471497,False,"illustrative: amp>=0.90; NRMSE<=0.10; r>=0.95; delay<=max(1 min, T/4)"
primary_1080,ramp,10.0,distributed_RTD,2.0,5.0,3.0,0.9999999999984678,0.1236499698385923,0.9605975565741758,6.25,t50 crossing,0.9999999999984678,0.03246184690764472,0.9970895297172061,False,"illustrative: amp>=0.90; NRMSE<=0.10; r>=0.95; delay<=max(1 min, T/4)"
primary_1080,ramp,10.0,distributed_RTD,5.0,0.0,3.0,1.0,0.0996137392797535,0.9738929529039091,4.9000000000000075,t50 crossing,1.0,0.01659414919826992,0.9992309081505967,False,"illustrative: amp>=0.90; NRMSE<=0.10; r>=0.95; delay<=max(1 min, T/4)"
primary_1080,ramp,10.0,distributed_RTD,5.0,1.0,3.0,0.9999999999999989,0.11773346914039452,0.9639356097497608,5.9000000000000075,t50 crossing,0.9999999999999989,0.01814959539094785,0.9990835068457048,False,"illustrative: amp>=0.90; NRMSE<=0.10; r>=0.95; delay<=max(1 min, T/4)"
primary_1080,ramp,10.0,distributed_RTD,5.0,2.0,3.0,0.9999999999999978,0.13289813751969864,0.9545069653722057,6.800000000000008,t50 crossing,0.9999999999999978,0.02220094117153191,0.9986317018995982,False,"illustrative: amp>=0.90; NRMSE<=0.10; r>=0.95; delay<=max(1 min, T/4)"
primary_1080,ramp,10.0,distributed_RTD,5.0,5.0,3.0,0.9999999999966335,0.16754231149193435,0.9298149295381363,9.2,t50 crossing,0.9999999999966335,0.04004035417601249,0.9956153168324706,False,"illustrative: amp>=0.90; NRMSE<=0.10; r>=0.95; delay<=max(1 min, T/4)"
primary_1080,ramp,10.0,distributed_RTD,10.0,0.0,3.0,0.9999999999999999,0.16685711527758257,0.9303206447988644,9.25,t50 crossing,0.9999999999999999,0.04198673489419283,0.9951616243299176,False,"illustrative: amp>=0.90; NRMSE<=0.10; r>=0.95; delay<=max(1 min, T/4)"
primary_1080,ramp,10.0,distributed_RTD,10.0,1.0,3.0,0.9999999999999989,0.1811279337079551,0.9188060264743596,10.25,t50 crossing,0.9999999999999989,0.04302562403318438,0.9949395472405447,False,"illustrative: amp>=0.90; NRMSE<=0.10; r>=0.95; delay<=max(1 min, T/4)"
primary_1080,ramp,10.0,distributed_RTD,10.0,2.0,3.0,0.9999999999999978,0.19339108793461166,0.9084012800776472,11.25,t50 crossing,0.9999999999999978,0.04568064837308254,0.9943207078834748,False,"illustrative: amp>=0.90; NRMSE<=0.10; r>=0.95; delay<=max(1 min, T/4)"
primary_1080,ramp,10.0,distributed_RTD,10.0,5.0,3.0,0.9999999999731434,0.22267573141798336,0.8821297548257251,13.95,t50 crossing,0.9999999999731434,0.05880320218043381,0.9907191890519235,False,"illustrative: amp>=0.90; NRMSE<=0.10; r>=0.95; delay<=max(1 min, T/4)"
primary_1080,ramp,10.0,distributed_RTD,15.0,0.0,3.0,0.9999999996414638,0.21658076758482445,0.8883004346807944,13.6,t50 crossing,0.9999999996414638,0.06625006063308923,0.9882245896911601,False,"illustrative: amp>=0.90; NRMSE<=0.10; r>=0.95; delay<=max(1 min, T/4)"
primary_1080,ramp,10.0,distributed_RTD,15.0,1.0,3.0,0.9999999995470628,0.2284880204235033,0.8770069247860738,14.650000000000007,t50 crossing,0.9999999995424159,0.0669773130449882,0.9880245393032853,False,"illustrative: amp>=0.90; NRMSE<=0.10; r>=0.95; delay<=max(1 min, T/4)"
primary_1080,ramp,10.0,distributed_RTD,15.0,2.0,3.0,0.9999999994002573,0.23898936823106995,0.8668034951519445,15.650000000000007,t50 crossing,0.9999999993942464,0.06876354770266074,0.9874331171411281,False,"illustrative: amp>=0.90; NRMSE<=0.10; r>=0.95; delay<=max(1 min, T/4)"
primary_1080,ramp,10.0,distributed_RTD,15.0,5.0,3.0,0.9999999961852359,0.26516840519107177,0.840740818410396,18.550000000000008,t50 crossing,0.9999999961505381,0.07845734193001587,0.9838721552882327,False,"illustrative: amp>=0.90; NRMSE<=0.10; r>=0.95; delay<=max(1 min, T/4)"
primary_1080,ramp,30.0,plug_flow,0.5,0.0,,1.0,0.005875717614727866,0.9999169371300487,0.5,t50 crossing,1.0,8.178691338805564e-18,1.0,True,"illustrative: amp>=0.90; NRMSE<=0.10; r>=0.95; delay<=max(1 min, T/4)"
primary_1080,ramp,30.0,plug_flow,0.5,1.0,,0.9999999999999989,0.01766459408999837,0.9992535455269079,1.55,t50 crossing,0.9999999999999989,0.0010238695515835726,0.999997149150629,True,"illustrative: amp>=0.90; NRMSE<=0.10; r>=0.95; delay<=max(1 min, T/4)"
primary_1080,ramp,30.0,plug_flow,0.5,2.0,,0.9999999999999978,0.028742806979842626,0.998033083915282,2.55,t50 crossing,0.9999999999999978,0.0027584712510038915,0.9999794822902208,True,"illustrative: amp>=0.90; NRMSE<=0.10; r>=0.95; delay<=max(1 min, T/4)"
primary_1080,ramp,30.0,plug_flow,0.5,5.0,,0.9999999999999944,0.059446752662023275,0.9917157367791721,5.45,t50 crossing,0.9999999999999944,0.01056774862623491,0.9997117020578368,True,"illustrative: amp>=0.90; NRMSE<=0.10; r>=0.95; delay<=max(1 min, T/4)"
primary_1080,ramp,30.0,plug_flow,1.0,0.0,,1.0,0.011718401277916029,0.9996707223479975,1.0,t50 crossing,1.0,1.1578506126388614e-17,1.0,True,"illustrative: amp>=0.90; NRMSE<=0.10; r>=0.95; delay<=max(1 min, T/4)"
primary_1080,ramp,30.0,plug_flow,1.0,1.0,,0.9999999999999989,0.02342839724781449,0.9986917835701149,2.05,t50 crossing,0.9999999999999989,0.0010249447062970964,0.9999971467439513,True,"illustrative: amp>=0.90; NRMSE<=0.10; r>=0.95; delay<=max(1 min, T/4)"
primary_1080,ramp,30.0,plug_flow,1.0,2.0,,0.9999999999999978,0.03441472843160257,0.9971912850105482,3.05,t50 crossing,0.9999999999999978,0.0027613801110876845,0.9999794653910211,True,"illustrative: amp>=0.90; NRMSE<=0.10; r>=0.95; delay<=max(1 min, T/4)"
primary_1080,ramp,30.0,plug_flow,1.0,5.0,,0.9999999999999944,0.06481576843485475,0.9901898318353423,5.95,t50 crossing,0.9999999999999944,0.010579028113516816,0.9997114841135603,True,"illustrative: amp>=0.90; NRMSE<=0.10; r>=0.95; delay<=max(1 min, T/4)"
primary_1080,ramp,30.0,plug_flow,2.0,0.0,,1.0,0.023304601387559583,0.9987063150573434,2.0,t50 crossing,1.0,1.640883729566283e-17,0.9999999999999999,True,"illustrative: amp>=0.90; NRMSE<=0.10; r>=0.95; delay<=max(1 min, T/4)"
primary_1080,ramp,30.0,plug_flow,2.0,1.0,,0.9999999999999989,0.03486639327518482,0.9971222597247953,3.05,t50 crossing,0.9999999999999989,0.0010271052160855617,0.9999971418877796,True,"illustrative: amp>=0.90; NRMSE<=0.10; r>=0.95; delay<=max(1 min, T/4)"
primary_1080,ramp,30.0,plug_flow,2.0,2.0,,0.9999999999999978,0.04568317175764819,0.9950858850484376,4.05,t50 crossing,0.9999999999999978,0.0027672255454680777,0.9999794312933452,True,"illustrative: amp>=0.90; NRMSE<=0.10; r>=0.95; delay<=max(1 min, T/4)"
primary_1080,ramp,30.0,plug_flow,2.0,5.0,,0.9999999999999944,0.0755038346809358,0.98678313901185,6.95,t50 crossing,0.9999999999999944,0.010601695866341132,0.9997110444504205,True,"illustrative: amp>=0.90; NRMSE<=0.10; r>=0.95; delay<=max(1 min, T/4)"
primary_1080,ramp,30.0,plug_flow,5.0,0.0,,1.0,0.057259560111735094,0.9923393983926567,5.0,t50 crossing,1.0,2.534534145145052e-17,1.0,True,"illustrative: amp>=0.90; NRMSE<=0.10; r>=0.95; delay<=max(1 min, T/4)"
primary_1080,ramp,30.0,plug_flow,5.0,1.0,,0.9999999999999989,0.06839042476101903,0.9891384341842122,6.05,t50 crossing,0.9999999999999989,0.0010336696536953022,0.9999971269674814,True,"illustrative: amp>=0.90; NRMSE<=0.10; r>=0.95; delay<=max(1 min, T/4)"
primary_1080,ramp,30.0,plug_flow,5.0,2.0,,0.9999999999999978,0.07874267042090793,0.9856798291791709,7.05,t50 crossing,0.9999999999999978,0.0027849871241278565,0.9999793265414209,True,"illustrative: amp>=0.90; NRMSE<=0.10; r>=0.95; delay<=max(1 min, T/4)"
primary_1080,ramp,30.0,plug_flow,5.0,5.0,,0.9999999999999944,0.1069595855698715,0.9739877356127671,9.95,t50 crossing,0.9999999999999944,0.010670583503822448,0.9997096944685051,False,"illustrative: amp>=0.90; NRMSE<=0.10; r>=0.95; delay<=max(1 min, T/4)"
primary_1080,ramp,30.0,plug_flow,10.0,0.0,,1.0,0.11109971243806603,0.9720257583944407,10.0,t50 crossing,1.0,3.624963341792899e-17,1.0,False,"illustrative: amp>=0.90; NRMSE<=0.10; r>=0.95; delay<=max(1 min, T/4)"
primary_1080,ramp,30.0,plug_flow,10.0,1.0,,0.9999999999999989,0.12149888324905805,0.9667384404376371,11.05,t50 crossing,0.9999999999999989,0.001044895761093132,0.9999971008619807,False,"illustrative: amp>=0.90; NRMSE<=0.10; r>=0.95; delay<=max(1 min, T/4)"
primary_1080,ramp,30.0,plug_flow,10.0,2.0,,0.9999999999999978,0.13109715450204132,0.961481229856829,12.05,t50 crossing,0.9999999999999978,0.0028153652820107067,0.9999791433015807,False,"illustrative: amp>=0.90; NRMSE<=0.10; r>=0.95; delay<=max(1 min, T/4)"
primary_1080,ramp,30.0,plug_flow,10.0,5.0,,0.9999999999999888,0.1568077254317332,0.9457334523694443,14.95,t50 crossing,0.9999999999999888,0.010788441988010298,0.9997073355821149,False,"illustrative: amp>=0.90; NRMSE<=0.10; r>=0.95; delay<=max(1 min, T/4)"
primary_1080,ramp,30.0,plug_flow,15.0,0.0,,1.0,0.16135767818051375,0.94267434329111,15.0,t50 crossing,1.0,4.464616139579234e-17,1.0,False,"illustrative: amp>=0.90; NRMSE<=0.10; r>=0.95; delay<=max(1 min, T/4)"
primary_1080,ramp,30.0,plug_flow,15.0,1.0,,0.9999999999999989,0.17099153510812504,0.935986302964712,16.050000000000015,t50 crossing,0.9999999999999989,0.0010564957586282847,0.9999970730792896,False,"illustrative: amp>=0.90; NRMSE<=0.10; r>=0.95; delay<=max(1 min, T/4)"
primary_1080,ramp,30.0,plug_flow,15.0,2.0,,0.9999999999999978,0.17981252316917593,0.9295798455945606,17.050000000000015,t50 crossing,0.9999999999999978,0.002846759710170501,0.9999789483462173,False,"illustrative: amp>=0.90; NRMSE<=0.10; r>=0.95; delay<=max(1 min, T/4)"
primary_1080,ramp,30.0,plug_flow,15.0,5.0,,0.9999999999999717,0.20304140353050357,0.9115748751512259,19.95,t50 crossing,0.9999999999999717,0.010910294078886603,0.9997048295460033,False,"illustrative: amp>=0.90; NRMSE<=0.10; r>=0.95; delay<=max(1 min, T/4)"
primary_1080,ramp,30.0,well_mixed,0.5,0.0,,0.9999999999999994,0.006139723488067446,0.9999092228270542,0.5500000000000076,t50 crossing,0.9999999999999994,0.0004583588751153059,0.999999451930525,True,"illustrative: amp>=0.90; NRMSE<=0.10; r>=0.95; delay<=max(1 min, T/4)"
primary_1080,ramp,30.0,well_mixed,0.5,1.0,,0.9999999999999989,0.017935095506541442,0.999230198836576,1.6000000000000076,t50 crossing,0.9999999999999989,0.0013247912531623542,0.9999953564469849,True,"illustrative: amp>=0.90; NRMSE<=0.10; r>=0.95; delay<=max(1 min, T/4)"
primary_1080,ramp,30.0,well_mixed,0.5,2.0,,0.9999999999999978,0.029015987660370935,0.9979950390858894,2.6000000000000076,t50 crossing,0.9999999999999978,0.0029663829618834306,0.999976556449168,True,"illustrative: amp>=0.90; NRMSE<=0.10; r>=0.95; delay<=max(1 min, T/4)"
primary_1080,ramp,30.0,well_mixed,0.5,5.0,,0.9999999999999944,0.05971185917309071,0.991641456487521,5.5,t50 crossing,0.9999999999999944,0.010694498243135104,0.9997056162018573,True,"illustrative: amp>=0.90; NRMSE<=0.10; r>=0.95; delay<=max(1 min, T/4)"
primary_1080,ramp,30.0,well_mixed,1.0,0.0,,0.9999999999999989,0.011877967483974086,0.999661004865688,1.05,t50 crossing,0.9999999999999989,0.00102279777326031,0.9999971515432088,True,"illustrative: amp>=0.90; NRMSE<=0.10; r>=0.95; delay<=max(1 min, T/4)"
primary_1080,ramp,30.0,well_mixed,1.0,1.0,,0.9999999999999967,0.023599168080016823,0.9986710162626785,2.1000000000000076,t50 crossing,0.9999999999999967,0.0017969707517669733,0.9999913778262187,True,"illustrative: amp>=0.90; NRMSE<=0.10; r>=0.95; delay<=max(1 min, T/4)"
primary_1080,ramp,30.0,well_mixed,1.0,2.0,,0.9999999999999978,0.03460768819935565,0.9971568209366957,3.05,t50 crossing,0.9999999999999978,0.003249424876824247,0.9999713964091048,True,"illustrative: amp>=0.90; NRMSE<=0.10; r>=0.95; delay<=max(1 min, T/4)"
primary_1080,ramp,30.0,well_mixed,1.0,5.0,,0.9999999999999944,0.06503113017176253,0.9901191724461018,6.0,t50 crossing,0.9999999999999944,0.010963043499881699,0.9996914627694946,True,"illustrative: amp>=0.90; NRMSE<=0.10; r>=0.95; delay<=max(1 min, T/4)"
primary_1080,ramp,30.0,well_mixed,2.0,0.0,,0.9999999999999978,0.023054509836687838,0.9987288118442537,2.05,t50 crossing,0.9999999999999978,0.0027555715642453107,0.9999794990908314,True,"illustrative: amp>=0.90; NRMSE<=0.10; r>=0.95; delay<=max(1 min, T/4)"
primary_1080,ramp,30.0,well_mixed,2.0,1.0,,0.9999999999999967,0.03460768819935563,0.9971568209366968,3.05,t50 crossing,0.9999999999999967,0.0032494248768242394,0.9999713964091063,True,"illustrative: amp>=0.90; NRMSE<=0.10; r>=0.95; delay<=max(1 min, T/4)"
primary_1080,ramp,30.0,well_mixed,2.0,2.0,,0.9999999999999933,0.04548198901906608,0.9951166345457529,4.05,t50 crossing,0.9999999999999933,0.0046954784522737734,0.9999410892331461,True,"illustrative: amp>=0.90; NRMSE<=0.10; r>=0.95; delay<=max(1 min, T/4)"
primary_1080,ramp,30.0,well_mixed,2.0,5.0,,0.9999999999999944,0.07542827945230468,0.9867859435885928,6.95,t50 crossing,0.9999999999999944,0.011972519287236137,0.9996325822486434,True,"illustrative: amp>=0.90; NRMSE<=0.10; r>=0.95; delay<=max(1 min, T/4)"
primary_1080,ramp,30.0,well_mixed,5.0,0.0,,0.9999999999999944,0.054068697476305355,0.9931182939608414,4.95,t50 crossing,0.9999999999999944,0.010556505141163694,0.9997119187582332,True,"illustrative: amp>=0.90; NRMSE<=0.10; r>=0.95; delay<=max(1 min, T/4)"
primary_1080,ramp,30.0,well_mixed,5.0,1.0,,0.9999999999999943,0.06503113017176253,0.9901191724461014,6.0,t50 crossing,0.9999999999999943,0.010963043499881675,0.9996914627694978,True,"illustrative: amp>=0.90; NRMSE<=0.10; r>=0.95; delay<=max(1 min, T/4)"
primary_1080,ramp,30.0,well_mixed,5.0,2.0,,0.9999999999999933,0.07542827945230467,0.9867859435885937,6.95,t50 crossing,0.9999999999999933,0.01197251928723614,0.9996325822486435,True,"illustrative: amp>=0.90; NRMSE<=0.10; r>=0.95; delay<=max(1 min, T/4)"
primary_1080,ramp,30.0,well_mixed,5.0,5.0,,0.999999999999948,0.10406451407898154,0.9752666112711811,9.850000000000016,t50 crossing,0.999999999999948,0.018374808398396742,0.9991517413272571,False,"illustrative: amp>=0.90; NRMSE<=0.10; r>=0.95; delay<=max(1 min, T/4)"
primary_1080,ramp,30.0,well_mixed,10.0,0.0,,0.99999997074404,0.09764903770567851,0.9782903678165865,9.15,t50 crossing,0.9999999705973939,0.02787849498273267,0.9980703160444342,False,"illustrative: amp>=0.90; NRMSE<=0.10; r>=0.95; delay<=max(1 min, T/4)"
primary_1080,ramp,30.0,well_mixed,10.0,1.0,,0.9999999674113643,0.10759424042169935,0.9738116024919315,10.15,t50 crossing,0.9999999672480131,0.028167039518647633,0.9980366556731403,False,"illustrative: amp>=0.90; NRMSE<=0.10; r>=0.95; delay<=max(1 min, T/4)"
primary_1080,ramp,30.0,well_mixed,10.0,2.0,,0.9999999633381671,0.11709560446899608,0.9691534763123862,11.15,t50 crossing,0.999999963154399,0.028971061319432227,0.9979308830216621,False,"illustrative: amp>=0.90; NRMSE<=0.10; r>=0.95; delay<=max(1 min, T/4)"
primary_1080,ramp,30.0,well_mixed,10.0,5.0,,0.999999941341435,0.14355863992002607,0.9543764641035176,14.0,t50 crossing,0.999999941341435,0.03416443741993207,0.9971480718615615,False,"illustrative: amp>=0.90; NRMSE<=0.10; r>=0.95; delay<=max(1 min, T/4)"
primary_1080,ramp,30.0,well_mixed,15.0,0.0,,0.9999911659274733,0.13339844754500307,0.9610091672816815,12.65,t50 crossing,0.9999911364314321,0.04698128439506377,0.9947279641684424,False,"illustrative: amp>=0.90; NRMSE<=0.10; r>=0.95; delay<=max(1 min, T/4)"
primary_1080,ramp,30.0,well_mixed,15.0,1.0,,0.9999905190067245,0.1424723496627941,0.9557598413222425,13.7,t50 crossing,0.9999905190067245,0.04724909162068308,0.994685629593864,False,"illustrative: amp>=0.90; NRMSE<=0.10; r>=0.95; delay<=max(1 min, T/4)"
primary_1080,ramp,30.0,well_mixed,15.0,2.0,,0.9999897897704493,0.15117854382319623,0.950425740690471,14.65,t50 crossing,0.9999897556795643,0.04794482940057386,0.9945476790127761,False,"illustrative: amp>=0.90; NRMSE<=0.10; r>=0.95; delay<=max(1 min, T/4)"
primary_1080,ramp,30.0,well_mixed,15.0,5.0,,0.9999867267568883,0.17570164392982257,0.9340033603578671,17.5,t50 crossing,0.9999867267568883,0.05228984745273309,0.9935602672723958,False,"illustrative: amp>=0.90; NRMSE<=0.10; r>=0.95; delay<=max(1 min, T/4)"
primary_1080,ramp,30.0,distributed_RTD,0.5,0.0,3.0,1.0000000000000002,0.0058638339989681276,0.9999172449967341,0.5500000000000076,t50 crossing,1.0000000000000002,0.0006120846632774061,0.9999990939749317,True,"illustrative: amp>=0.90; NRMSE<=0.10; r>=0.95; delay<=max(1 min, T/4)"
primary_1080,ramp,30.0,distributed_RTD,0.5,1.0,3.0,0.9999999999999989,0.01765839481569059,0.9992538948314703,1.55,t50 crossing,0.9999999999999989,0.0010798762912215076,0.9999968268983137,True,"illustrative: amp>=0.90; NRMSE<=0.10; r>=0.95; delay<=max(1 min, T/4)"
primary_1080,ramp,30.0,distributed_RTD,0.5,2.0,3.0,0.9999999999999978,0.028738957029857577,0.9980332818648202,2.55,t50 crossing,0.9999999999999978,0.0027979288266672822,0.9999789024015195,True,"illustrative: amp>=0.90; NRMSE<=0.10; r>=0.95; delay<=max(1 min, T/4)"
primary_1080,ramp,30.0,distributed_RTD,0.5,5.0,3.0,0.9999999999999944,0.05944496774792818,0.9917155574629671,5.45,t50 crossing,0.9999999999999944,0.010593189716491622,0.9997103749621619,True,"illustrative: amp>=0.90; NRMSE<=0.10; r>=0.95; delay<=max(1 min, T/4)"
primary_1080,ramp,30.0,distributed_RTD,1.0,0.0,3.0,1.0,0.011669822177117305,0.9996732206355428,1.05,t50 crossing,1.0,0.0007455678709973855,0.999998608809977,True,"illustrative: amp>=0.90; NRMSE<=0.10; r>=0.95; delay<=max(1 min, T/4)"
primary_1080,ramp,30.0,distributed_RTD,1.0,1.0,3.0,0.9999999999999989,0.02339238656671757,0.9986950753755383,2.05,t50 crossing,0.9999999999999989,0.0012611611294042514,0.999995667949801,True,"illustrative: amp>=0.90; NRMSE<=0.10; r>=0.95; delay<=max(1 min, T/4)"
primary_1080,ramp,30.0,distributed_RTD,1.0,2.0,3.0,0.9999999999999978,0.03438882606281374,0.9971941912370137,3.05,t50 crossing,0.9999999999999978,0.0029295302182140424,0.9999769255824222,True,"illustrative: amp>=0.90; NRMSE<=0.10; r>=0.95; delay<=max(1 min, T/4)"
primary_1080,ramp,30.0,distributed_RTD,1.0,5.0,3.0,0.9999999999999944,0.06480147824924244,0.9901914785615429,5.95,t50 crossing,0.9999999999999944,0.010683758822226002,0.9997059807238607,True,"illustrative: amp>=0.90; NRMSE<=0.10; r>=0.95; delay<=max(1 min, T/4)"
primary_1080,ramp,30.0,distributed_RTD,2.0,0.0,3.0,1.0,0.023108793212727734,0.9987261338963993,2.05,t50 crossing,1.0,0.0013967906286201995,0.9999948309643018,True,"illustrative: amp>=0.90; NRMSE<=0.10; r>=0.95; delay<=max(1 min, T/4)"
primary_1080,ramp,30.0,distributed_RTD,2.0,1.0,3.0,0.9999999999999989,0.034688962862178416,0.99714805391412,3.05,t50 crossing,0.9999999999999989,0.0019228216415033833,0.9999899496433593,True,"illustrative: amp>=0.90; NRMSE<=0.10; r>=0.95; delay<=max(1 min, T/4)"
primary_1080,ramp,30.0,distributed_RTD,2.0,2.0,3.0,0.9999999999999978,0.04553693156872631,0.9951117590017787,4.05,t50 crossing,0.9999999999999978,0.0034671742595724104,0.9999678467346529,True,"illustrative: amp>=0.90; NRMSE<=0.10; r>=0.95; delay<=max(1 min, T/4)"
primary_1080,ramp,30.0,distributed_RTD,2.0,5.0,3.0,0.9999999999999944,0.07540934987927503,0.9868056552831509,6.95,t50 crossing,0.9999999999999944,0.011041935299610079,0.9996873827382573,True,"illustrative: amp>=0.90; NRMSE<=0.10; r>=0.95; delay<=max(1 min, T/4)"
primary_1080,ramp,30.0,distributed_RTD,5.0,0.0,3.0,1.0,0.056006108555826495,0.9926434150116042,5.0,t50 crossing,1.0,0.004901308316468481,0.99993598225629,True,"illustrative: amp>=0.90; NRMSE<=0.10; r>=0.95; delay<=max(1 min, T/4)"
primary_1080,ramp,30.0,distributed_RTD,5.0,1.0,3.0,0.9999999999999989,0.06713064889623253,0.9895003499113233,6.05,t50 crossing,0.9999999999999989,0.005398621321140861,0.9999232347950867,True,"illustrative: amp>=0.90; NRMSE<=0.10; r>=0.95; delay<=max(1 min, T/4)"
primary_1080,ramp,30.0,distributed_RTD,5.0,2.0,3.0,0.9999999999999978,0.07755232315988937,0.9860659046601816,7.05,t50 crossing,0.9999999999999978,0.0066708080165397395,0.9998839616409797,True,"illustrative: amp>=0.90; NRMSE<=0.10; r>=0.95; delay<=max(1 min, T/4)"
primary_1080,ramp,30.0,distributed_RTD,5.0,5.0,3.0,0.9999999999999944,0.10599370729822402,0.9743906268903844,9.95,t50 crossing,0.9999999999999944,0.013548721274682863,0.9995367494290033,False,"illustrative: amp>=0.90; NRMSE<=0.10; r>=0.95; delay<=max(1 min, T/4)"
primary_1080,ramp,30.0,distributed_RTD,10.0,0.0,3.0,0.9999999999999999,0.10587959258659158,0.9744177175724044,9.95,t50 crossing,0.9999999999999999,0.013926061189317825,0.9995100778098721,False,"illustrative: amp>=0.90; NRMSE<=0.10; r>=0.95; delay<=max(1 min, T/4)"
primary_1080,ramp,30.0,distributed_RTD,10.0,1.0,3.0,0.9999999999999989,0.11617736714174222,0.9693976847812271,10.95,t50 crossing,0.9999999999999989,0.014249316363773924,0.9994879755066121,False,"illustrative: amp>=0.90; NRMSE<=0.10; r>=0.95; delay<=max(1 min, T/4)"
primary_1080,ramp,30.0,distributed_RTD,10.0,2.0,3.0,0.9999999999999978,0.125822083763075,0.9643117278545925,11.95,t50 crossing,0.9999999999999978,0.015252896989489917,0.9994166563803951,False,"illustrative: amp>=0.90; NRMSE<=0.10; r>=0.95; delay<=max(1 min, T/4)"
primary_1080,ramp,30.0,distributed_RTD,10.0,5.0,3.0,0.9999999999999618,0.15198899620930223,0.9487850843498921,14.800000000000015,t50 crossing,0.9999999999999615,0.021214967785857727,0.9988889854158679,False,"illustrative: amp>=0.90; NRMSE<=0.10; r>=0.95; delay<=max(1 min, T/4)"
primary_1080,ramp,30.0,distributed_RTD,15.0,0.0,3.0,1.0,0.14942476527631066,0.9504575842884315,14.600000000000016,t50 crossing,1.0,0.025277062428909532,0.9984245171267424,False,"illustrative: amp>=0.90; NRMSE<=0.10; r>=0.95; delay<=max(1 min, T/4)"
primary_1080,ramp,30.0,distributed_RTD,15.0,1.0,3.0,0.9999999999999989,0.1588752705654271,0.9443419716554549,15.600000000000016,t50 crossing,0.9999999999999989,0.0255887040818395,0.9983894668645207,False,"illustrative: amp>=0.90; NRMSE<=0.10; r>=0.95; delay<=max(1 min, T/4)"
primary_1080,ramp,30.0,distributed_RTD,15.0,2.0,3.0,0.9999999999999952,0.16772125585395223,0.9383281632634802,16.600000000000016,t50 crossing,0.9999999999999952,0.026439200952942447,0.9982879559365935,False,"illustrative: amp>=0.90; NRMSE<=0.10; r>=0.95; delay<=max(1 min, T/4)"
primary_1080,ramp,30.0,distributed_RTD,15.0,5.0,3.0,0.9999999999936143,0.19173617542762791,0.9207541772981663,19.4,t50 crossing,0.9999999999935502,0.03171829505469521,0.9975598639367372,False,"illustrative: amp>=0.90; NRMSE<=0.10; r>=0.95; delay<=max(1 min, T/4)"
primary_1080,ramp,60.0,plug_flow,0.5,0.0,,1.0,0.0029420711044737626,0.9999791386735207,0.5,t50 crossing,1.0,5.7804940474132275e-18,1.0,True,"illustrative: amp>=0.90; NRMSE<=0.10; r>=0.95; delay<=max(1 min, T/4)"
primary_1080,ramp,60.0,plug_flow,0.5,1.0,,0.9999999999999989,0.008910165963171936,0.9998092130853699,1.5500000000000151,t50 crossing,0.9999999999999989,0.0003759245540443184,0.9999996139444651,True,"illustrative: amp>=0.90; NRMSE<=0.10; r>=0.95; delay<=max(1 min, T/4)"
primary_1080,ramp,60.0,plug_flow,0.5,2.0,,0.9999999999999978,0.01462753943565812,0.9994870292150962,2.5500000000000154,t50 crossing,0.9999999999999978,0.0009782043899599637,0.9999973524596057,True,"illustrative: amp>=0.90; NRMSE<=0.10; r>=0.95; delay<=max(1 min, T/4)"
primary_1080,ramp,60.0,plug_flow,0.5,5.0,,0.9999999999999944,0.031168552697742227,0.9976872427188166,5.550000000000015,t50 crossing,0.9999999999999944,0.0038045887087346376,0.9999611676494403,True,"illustrative: amp>=0.90; NRMSE<=0.10; r>=0.95; delay<=max(1 min, T/4)"
primary_1080,ramp,60.0,plug_flow,1.0,0.0,,1.0,0.005875900506379411,0.9999169288989253,1.0,t50 crossing,1.0,8.17911814592073e-18,0.9999999999999999,True,"illustrative: amp>=0.90; NRMSE<=0.10; r>=0.95; delay<=max(1 min, T/4)"
primary_1080,ramp,60.0,plug_flow,1.0,1.0,,0.9999999999999989,0.011824424267767327,0.9996646338892669,2.0500000000000154,t50 crossing,0.9999999999999989,0.0003761211364737327,0.9999996137826995,True,"illustrative: amp>=0.90; NRMSE<=0.10; r>=0.95; delay<=max(1 min, T/4)"
primary_1080,ramp,60.0,plug_flow,1.0,2.0,,0.9999999999999978,0.017519175749360294,0.9992656807451538,3.0500000000000154,t50 crossing,0.9999999999999978,0.0009787169951358252,0.9999973513578436,True,"illustrative: amp>=0.90; NRMSE<=0.10; r>=0.95; delay<=max(1 min, T/4)"
primary_1080,ramp,60.0,plug_flow,1.0,5.0,,0.9999999999999944,0.033986647486668596,0.9972560942061833,6.050000000000015,t50 crossing,0.9999999999999944,0.0038065950310323597,0.9999611520240181,True,"illustrative: amp>=0.90; NRMSE<=0.10; r>=0.95; delay<=max(1 min, T/4)"
primary_1080,ramp,60.0,plug_flow,2.0,0.0,,1.0,0.011718888090029557,0.9996706817448077,2.0,t50 crossing,1.0,1.1579111617623249e-17,1.0,True,"illustrative: amp>=0.90; NRMSE<=0.10; r>=0.95; delay<=max(1 min, T/4)"
primary_1080,ramp,60.0,plug_flow,2.0,1.0,,0.9999999999999989,0.0176307784930764,0.9992569986671399,3.0500000000000154,t50 crossing,0.9999999999999989,0.0003765152283006747,0.9999996134577407,True,"illustrative: amp>=0.90; NRMSE<=0.10; r>=0.95; delay<=max(1 min, T/4)"
primary_1080,ramp,60.0,plug_flow,2.0,2.0,,0.9999999999999978,0.023283949399819273,0.9987076952354066,4.050000000000015,t50 crossing,0.9999999999999978,0.0009797446277111526,0.9999973491446046,True,"illustrative: amp>=0.90; NRMSE<=0.10; r>=0.95; delay<=max(1 min, T/4)"
primary_1080,ramp,60.0,plug_flow,2.0,5.0,,0.9999999999999944,0.03961089525695738,0.996287653465306,7.050000000000015,t50 crossing,0.9999999999999944,0.0038106172162531617,0.9999611206362718,True,"illustrative: amp>=0.90; NRMSE<=0.10; r>=0.95; delay<=max(1 min, T/4)"
primary_1080,ramp,60.0,plug_flow,5.0,0.0,,1.0,0.02904922392571593,0.997996409373652,5.0,t50 crossing,1.0,1.8365901244975472e-17,0.9999999999999999,True,"illustrative: amp>=0.90; NRMSE<=0.10; r>=0.95; delay<=max(1 min, T/4)"
primary_1080,ramp,60.0,plug_flow,5.0,1.0,,0.9999999999999989,0.034855620655508256,0.9971247173973846,6.050000000000015,t50 crossing,0.9999999999999989,0.000377704978142753,0.9999996124712875,True,"illustrative: amp>=0.90; NRMSE<=0.10; r>=0.95; delay<=max(1 min, T/4)"
primary_1080,ramp,60.0,plug_flow,5.0,2.0,,0.9999999999999978,0.04039615776159086,0.9961492694792271,7.050000000000015,t50 crossing,0.9999999999999978,0.0009828470567163543,0.9999973424261449,True,"illustrative: amp>=0.90; NRMSE<=0.10; r>=0.95; delay<=max(1 min, T/4)"
primary_1080,ramp,60.0,plug_flow,5.0,5.0,,0.9999999999999944,0.056338530612820306,0.9925694057406174,10.050000000000015,t50 crossing,0.9999999999999944,0.0038227607053399437,0.9999610253632885,True,"illustrative: amp>=0.90; NRMSE<=0.10; r>=0.95; delay<=max(1 min, T/4)"
primary_1080,ramp,60.0,plug_flow,10.0,0.0,,1.0,0.05726241567840008,0.992338344070531,10.0,t50 crossing,1.0,2.534668942865937e-17,0.9999999999999999,True,"illustrative: amp>=0.90; NRMSE<=0.10; r>=0.95; delay<=max(1 min, T/4)"
primary_1080,ramp,60.0,plug_flow,10.0,1.0,,0.9999999999999989,0.06289319021043013,0.9907865035355813,11.05,t50 crossing,0.9999999999999989,0.00037971320677130743,0.9999996107876191,True,"illustrative: amp>=0.90; NRMSE<=0.10; r>=0.95; delay<=max(1 min, T/4)"
primary_1080,ramp,60.0,plug_flow,10.0,2.0,,0.9999999999999978,0.06825496944958732,0.9891801638321102,12.05,t50 crossing,0.9999999999999978,0.0009880839174048178,0.9999973309591706,True,"illustrative: amp>=0.90; NRMSE<=0.10; r>=0.95; delay<=max(1 min, T/4)"
primary_1080,ramp,60.0,plug_flow,10.0,5.0,,0.9999999999999944,0.08360813845738813,0.983895849435573,15.05,t50 crossing,0.9999999999999944,0.003843260427103719,0.9999608627763028,False,"illustrative: amp>=0.90; NRMSE<=0.10; r>=0.95; delay<=max(1 min, T/4)"
primary_1080,ramp,60.0,plug_flow,15.0,0.0,,1.0,0.08462103555754819,0.9835251880606797,15.0,t50 crossing,1.0,3.112462274190406e-17,1.0,True,"illustrative: amp>=0.90; NRMSE<=0.10; r>=0.95; delay<=max(1 min, T/4)"
primary_1080,ramp,60.0,plug_flow,15.0,1.0,,0.9999999999999989,0.09007296778883836,0.9813908459386758,16.05,t50 crossing,0.9999999999999989,0.000381753812645202,0.9999996090524862,False,"illustrative: amp>=0.90; NRMSE<=0.10; r>=0.95; delay<=max(1 min, T/4)"
primary_1080,ramp,60.0,plug_flow,15.0,2.0,,0.9999999999999978,0.09525570879081266,0.9792469454702789,17.05,t50 crossing,0.9999999999999978,0.0009934053901701032,0.9999973191418867,False,"illustrative: amp>=0.90; NRMSE<=0.10; r>=0.95; delay<=max(1 min, T/4)"
primary_1080,ramp,60.0,plug_flow,15.0,5.0,,0.9999999999999944,0.11003563956341159,0.972528133910066,20.05,t50 crossing,0.9999999999999944,0.0038640935178624928,0.9999606952536697,False,"illustrative: amp>=0.90; NRMSE<=0.10; r>=0.95; delay<=max(1 min, T/4)"
primary_1080,ramp,60.0,well_mixed,0.5,0.0,,0.9999999999999994,0.003082980804194848,0.9999770819759247,0.5500000000000151,t50 crossing,0.9999999999999994,0.0001916653210508346,0.9999999058977448,True,"illustrative: amp>=0.90; NRMSE<=0.10; r>=0.95; delay<=max(1 min, T/4)"
primary_1080,ramp,60.0,well_mixed,0.5,1.0,,0.9999999999999989,0.009052734704031031,0.9998030188724579,1.6000000000000152,t50 crossing,0.9999999999999989,0.0005110404025806897,0.999999311370636,True,"illustrative: amp>=0.90; NRMSE<=0.10; r>=0.95; delay<=max(1 min, T/4)"
primary_1080,ramp,60.0,well_mixed,0.5,2.0,,0.9999999999999978,0.014770811673047847,0.9994768681270011,2.6,t50 crossing,0.9999999999999978,0.0010662569166026376,0.9999969039901854,True,"illustrative: amp>=0.90; NRMSE<=0.10; r>=0.95; delay<=max(1 min, T/4)"
primary_1080,ramp,60.0,well_mixed,0.5,5.0,,0.9999999999999944,0.03130993628078906,0.9976661922704525,5.550000000000015,t50 crossing,0.9999999999999944,0.0038062107579525926,0.9999610095478975,True,"illustrative: amp>=0.90; NRMSE<=0.10; r>=0.95; delay<=max(1 min, T/4)"
primary_1080,ramp,60.0,well_mixed,1.0,0.0,,0.9999999999999989,0.0059902531400440745,0.9999135733738468,1.0500000000000151,t50 crossing,0.9999999999999989,0.00037572827952874914,0.9999996141057608,True,"illustrative: amp>=0.90; NRMSE<=0.10; r>=0.95; delay<=max(1 min, T/4)"
primary_1080,ramp,60.0,well_mixed,1.0,1.0,,0.9999999999999967,0.011941711353814242,0.9996577357879239,2.1,t50 crossing,0.9999999999999967,0.0006669473505784891,0.9999988041941128,True,"illustrative: amp>=0.90; NRMSE<=0.10; r>=0.95; delay<=max(1 min, T/4)"
primary_1080,ramp,60.0,well_mixed,1.0,2.0,,0.9999999999999978,0.01764214007187561,0.9992549479626809,3.1,t50 crossing,0.9999999999999978,0.0012049608311592579,0.9999960408141472,True,"illustrative: amp>=0.90; NRMSE<=0.10; r>=0.95; delay<=max(1 min, T/4)"
primary_1080,ramp,60.0,well_mixed,1.0,5.0,,0.9999999999999944,0.03411549668062535,0.9972344380097709,6.050000000000015,t50 crossing,0.9999999999999944,0.003897626814002276,0.9999591742204007,True,"illustrative: amp>=0.90; NRMSE<=0.10; r>=0.95; delay<=max(1 min, T/4)"
primary_1080,ramp,60.0,well_mixed,2.0,0.0,,0.9999999999999978,0.011731881193194833,0.9996692331520726,2.0500000000000154,t50 crossing,0.9999999999999978,0.0009776925893755879,0.9999973535581534,True,"illustrative: amp>=0.90; NRMSE<=0.10; r>=0.95; delay<=max(1 min, T/4)"
primary_1080,ramp,60.0,well_mixed,2.0,1.0,,0.9999999999999967,0.0176421400718756,0.9992549479626792,3.1,t50 crossing,0.9999999999999967,0.001204960831159261,0.9999960408141472,True,"illustrative: amp>=0.90; NRMSE<=0.10; r>=0.95; delay<=max(1 min, T/4)"
primary_1080,ramp,60.0,well_mixed,2.0,2.0,,0.9999999999999933,0.023310267399040806,0.9987030284324162,4.1,t50 crossing,0.9999999999999933,0.0017026376140497972,0.9999920969836065,True,"illustrative: amp>=0.90; NRMSE<=0.10; r>=0.95; delay<=max(1 min, T/4)"
primary_1080,ramp,60.0,well_mixed,2.0,5.0,,0.9999999999999944,0.039669880865419546,0.9962727839080573,7.050000000000015,t50 crossing,0.9999999999999944,0.004273699555453656,0.9999510882958614,True,"illustrative: amp>=0.90; NRMSE<=0.10; r>=0.95; delay<=max(1 min, T/4)"
primary_1080,ramp,60.0,well_mixed,5.0,0.0,,0.9999999999999944,0.028348297045250055,0.9980823262742607,5.050000000000015,t50 crossing,0.9999999999999944,0.003802585555482137,0.9999611832294947,True,"illustrative: amp>=0.90; NRMSE<=0.10; r>=0.95; delay<=max(1 min, T/4)"
primary_1080,ramp,60.0,well_mixed,5.0,1.0,,0.9999999999999943,0.03411549668062531,0.9972344380097711,6.050000000000015,t50 crossing,0.9999999999999943,0.003897626814002313,0.9999591742204009,True,"illustrative: amp>=0.90; NRMSE<=0.10; r>=0.95; delay<=max(1 min, T/4)"
primary_1080,ramp,60.0,well_mixed,5.0,2.0,,0.9999999999999933,0.03966988086541944,0.996272783908057,7.050000000000015,t50 crossing,0.9999999999999933,0.00427369955545363,0.9999510882958604,True,"illustrative: amp>=0.90; NRMSE<=0.10; r>=0.95; delay<=max(1 min, T/4)"
primary_1080,ramp,60.0,well_mixed,5.0,5.0,,0.9999999999999833,0.05571857322518862,0.992708568690263,10.050000000000015,t50 crossing,0.9999999999999833,0.006575837778465244,0.9998862655621406,True,"illustrative: amp>=0.90; NRMSE<=0.10; r>=0.95; delay<=max(1 min, T/4)"
primary_1080,ramp,60.0,well_mixed,10.0,0.0,,0.9999999999999889,0.053936604569884396,0.9931508358726907,9.85,t50 crossing,0.9999999999999889,0.010536103168440324,0.9997126988933082,True,"illustrative: amp>=0.90; NRMSE<=0.10; r>=0.95; delay<=max(1 min, T/4)"
primary_1080,ramp,60.0,well_mixed,10.0,1.0,,0.9999999999999876,0.05944266498122988,0.9917146092936826,10.9,t50 crossing,0.9999999999999876,0.010647972132631814,0.9997074579900973,True,"illustrative: amp>=0.90; NRMSE<=0.10; r>=0.95; delay<=max(1 min, T/4)"
primary_1080,ramp,60.0,well_mixed,10.0,2.0,,0.9999999999999888,0.06476497887875618,0.9901975727871175,11.9,t50 crossing,0.9999999999999888,0.010917657267164222,0.9996932592462489,True,"illustrative: amp>=0.90; NRMSE<=0.10; r>=0.95; delay<=max(1 min, T/4)"
primary_1080,ramp,60.0,well_mixed,10.0,5.0,,0.9999999999999833,0.08021917040009366,0.9850925562447874,14.85,t50 crossing,0.9999999999999833,0.012764303800453304,0.9995838457171791,True,"illustrative: amp>=0.90; NRMSE<=0.10; r>=0.95; delay<=max(1 min, T/4)"
primary_1080,ramp,60.0,well_mixed,15.0,0.0,,0.9999999998977,0.07690392079624828,0.986294318668335,14.25,t50 crossing,0.9999999998977,0.01878822077440849,0.9991066555220246,True,"illustrative: amp>=0.90; NRMSE<=0.10; r>=0.95; delay<=max(1 min, T/4)"
primary_1080,ramp,60.0,well_mixed,15.0,1.0,,0.9999999998902086,0.08214429520943063,0.9844204376131674,15.3,t50 crossing,0.999999999889842,0.018887356785494115,0.9990992880889389,False,"illustrative: amp>=0.90; NRMSE<=0.10; r>=0.95; delay<=max(1 min, T/4)"
primary_1080,ramp,60.0,well_mixed,15.0,2.0,,0.9999999998817639,0.08721899967688197,0.9824924383285182,16.3,t50 crossing,0.9999999998813691,0.019116114093040707,0.9990793080730332,False,"illustrative: amp>=0.90; NRMSE<=0.10; r>=0.95; delay<=max(1 min, T/4)"
primary_1080,ramp,60.0,well_mixed,15.0,5.0,,0.9999999998462938,0.1020155903847028,0.9762537790212485,19.25,t50 crossing,0.9999999998462938,0.020692384162730462,0.9989277168827905,False,"illustrative: amp>=0.90; NRMSE<=0.10; r>=0.95; delay<=max(1 min, T/4)"
primary_1080,ramp,60.0,distributed_RTD,0.5,0.0,3.0,1.0000000000000002,0.0029391713919861844,0.999979176319868,0.5500000000000151,t50 crossing,1.0000000000000002,0.0003003183581384663,0.9999997820305971,True,"illustrative: amp>=0.90; NRMSE<=0.10; r>=0.95; delay<=max(1 min, T/4)"
primary_1080,ramp,60.0,distributed_RTD,0.5,1.0,3.0,0.9999999999999989,0.008908695826322824,0.9998092536746737,1.5500000000000151,t50 crossing,0.9999999999999989,0.00039494345685675016,0.9999995729977387,True,"illustrative: amp>=0.90; NRMSE<=0.10; r>=0.95; delay<=max(1 min, T/4)"
primary_1080,ramp,60.0,distributed_RTD,0.5,2.0,3.0,0.9999999999999978,0.014626660449270744,0.9994870471348144,2.5500000000000154,t50 crossing,0.9999999999999978,0.000992029939698966,0.9999972775531651,True,"illustrative: amp>=0.90; NRMSE<=0.10; r>=0.95; delay<=max(1 min, T/4)"
primary_1080,ramp,60.0,distributed_RTD,0.5,5.0,3.0,0.9999999999999944,0.03116819430299431,0.9976871956813005,5.550000000000015,t50 crossing,0.9999999999999944,0.0038132066244000074,0.999960996594028,True,"illustrative: amp>=0.90; NRMSE<=0.10; r>=0.95; delay<=max(1 min, T/4)"
primary_1080,ramp,60.0,distributed_RTD,1.0,0.0,3.0,1.0,0.005863809937399816,0.999917242376226,1.0500000000000151,t50 crossing,1.0,0.0003358938103662096,0.9999997209100929,True,"illustrative: amp>=0.90; NRMSE<=0.10; r>=0.95; delay<=max(1 min, T/4)"
primary_1080,ramp,60.0,distributed_RTD,1.0,1.0,3.0,0.9999999999999989,0.011815516428453299,0.999665046779616,2.0500000000000154,t50 crossing,0.9999999999999989,0.00045681191597538994,0.999999425864867,True,"illustrative: amp>=0.90; NRMSE<=0.10; r>=0.95; delay<=max(1 min, T/4)"
primary_1080,ramp,60.0,distributed_RTD,1.0,2.0,3.0,0.9999999999999978,0.017512824395574292,0.9992660384833881,3.0500000000000154,t50 crossing,0.9999999999999978,0.001037658696581037,0.9999970239544221,True,"illustrative: amp>=0.90; NRMSE<=0.10; r>=0.95; delay<=max(1 min, T/4)"
primary_1080,ramp,60.0,distributed_RTD,1.0,5.0,3.0,0.9999999999999944,0.03398323953023034,0.9972562452512422,6.050000000000015,t50 crossing,0.9999999999999944,0.003842169160358297,0.9999604419335036,True,"illustrative: amp>=0.90; NRMSE<=0.10; r>=0.95; delay<=max(1 min, T/4)"
primary_1080,ramp,60.0,distributed_RTD,2.0,0.0,3.0,1.0,0.011670313998438164,0.999673179395203,2.0500000000000154,t50 crossing,1.0,0.0005351824973930977,0.9999992424313179,True,"illustrative: amp>=0.90; NRMSE<=0.10; r>=0.95; delay<=max(1 min, T/4)"
primary_1080,ramp,60.0,distributed_RTD,2.0,1.0,3.0,0.9999999999999989,0.01758697165416659,0.9992602582317427,3.0500000000000154,t50 crossing,0.9999999999999989,0.0006855206306492428,0.9999986979198234,True,"illustrative: amp>=0.90; NRMSE<=0.10; r>=0.95; delay<=max(1 min, T/4)"
primary_1080,ramp,60.0,distributed_RTD,2.0,2.0,3.0,0.9999999999999978,0.023248111063690083,0.998710944166619,4.050000000000015,t50 crossing,0.9999999999999978,0.001225042053914939,0.9999958587610281,True,"illustrative: amp>=0.90; NRMSE<=0.10; r>=0.95; delay<=max(1 min, T/4)"
primary_1080,ramp,60.0,distributed_RTD,2.0,5.0,3.0,0.9999999999999944,0.039588312522479914,0.9962902922963952,7.050000000000015,t50 crossing,0.9999999999999944,0.003960690154231968,0.9999580657309608,True,"illustrative: amp>=0.90; NRMSE<=0.10; r>=0.95; delay<=max(1 min, T/4)"
primary_1080,ramp,60.0,distributed_RTD,5.0,0.0,3.0,1.0,0.028742110573451815,0.9980349706979315,5.0,t50 crossing,1.0,0.0017238227527785301,0.9999917731840317,True,"illustrative: amp>=0.90; NRMSE<=0.10; r>=0.95; delay<=max(1 min, T/4)"
primary_1080,ramp,60.0,distributed_RTD,5.0,1.0,3.0,0.9999999999999989,0.03454810067971,0.9971707757364465,6.050000000000015,t50 crossing,0.9999999999999989,0.0018993270906513557,0.9999901119842423,True,"illustrative: amp>=0.90; NRMSE<=0.10; r>=0.95; delay<=max(1 min, T/4)"
primary_1080,ramp,60.0,distributed_RTD,5.0,2.0,3.0,0.9999999999999978,0.04010724502276319,0.9961982995447026,7.050000000000015,t50 crossing,0.9999999999999978,0.0023431791173324514,0.999985031856529,True,"illustrative: amp>=0.90; NRMSE<=0.10; r>=0.95; delay<=max(1 min, T/4)"
primary_1080,ramp,60.0,distributed_RTD,5.0,5.0,3.0,0.9999999999999944,0.056108432735390505,0.9926195175068806,10.050000000000015,t50 crossing,0.9999999999999944,0.004814386227553766,0.9999385767615369,True,"illustrative: amp>=0.90; NRMSE<=0.10; r>=0.95; delay<=max(1 min, T/4)"
primary_1080,ramp,60.0,distributed_RTD,10.0,0.0,3.0,0.9999999999999999,0.056008936140527106,0.9926423782791322,10.0,t50 crossing,0.9999999999999999,0.0049013647274111895,0.9999359769793056,True,"illustrative: amp>=0.90; NRMSE<=0.10; r>=0.95; delay<=max(1 min, T/4)"
primary_1080,ramp,60.0,distributed_RTD,10.0,1.0,3.0,0.9999999999999989,0.06161896325173309,0.9911255245904195,11.05,t50 crossing,0.9999999999999989,0.005035099641580229,0.9999327893280476,True,"illustrative: amp>=0.90; NRMSE<=0.10; r>=0.95; delay<=max(1 min, T/4)"
primary_1080,ramp,60.0,distributed_RTD,10.0,2.0,3.0,0.9999999999999978,0.06699619504494203,0.9895410480313298,12.05,t50 crossing,0.9999999999999978,0.005379028911367948,0.9999235544068996,True,"illustrative: amp>=0.90; NRMSE<=0.10; r>=0.95; delay<=max(1 min, T/4)"
primary_1080,ramp,60.0,distributed_RTD,10.0,5.0,3.0,0.9999999999999944,0.08245881679296432,0.9842875555197315,15.05,t50 crossing,0.9999999999999944,0.007525476556134781,0.9998529445042068,False,"illustrative: amp>=0.90; NRMSE<=0.10; r>=0.95; delay<=max(1 min, T/4)"
primary_1080,ramp,60.0,distributed_RTD,15.0,0.0,3.0,1.0,0.08174121713457413,0.9845419110083949,15.0,t50 crossing,1.0,0.009052065959520681,0.9997885003878169,True,"illustrative: amp>=0.90; NRMSE<=0.10; r>=0.95; delay<=max(1 min, T/4)"
primary_1080,ramp,60.0,distributed_RTD,15.0,1.0,3.0,0.9999999999999989,0.08714623899870469,0.9824897135120493,16.0,t50 crossing,0.9999999999999989,0.009135410269627458,0.999784615441989,False,"illustrative: amp>=0.90; NRMSE<=0.10; r>=0.95; delay<=max(1 min, T/4)"
primary_1080,ramp,60.0,distributed_RTD,15.0,2.0,3.0,0.9999999999999978,0.09232803122338167,0.9804055688652048,17.0,t50 crossing,0.9999999999999978,0.009424856747037448,0.9997713643066893,False,"illustrative: amp>=0.90; NRMSE<=0.10; r>=0.95; delay<=max(1 min, T/4)"
primary_1080,ramp,60.0,distributed_RTD,15.0,5.0,3.0,0.9999999999999944,0.10722420435779488,0.973795487078927,20.0,t50 crossing,0.9999999999999944,0.011334551874319445,0.9996732308146339,False,"illustrative: amp>=0.90; NRMSE<=0.10; r>=0.95; delay<=max(1 min, T/4)"
primary_1080,sinusoid,2.0,plug_flow,0.5,0.0,,1.0,0.4999999999999985,-2.822453082939521e-17,0.5,steady-state cross-correlation phase,1.0,7.624754018034823e-16,0.9999999999999999,False,"illustrative: amp>=0.90; NRMSE<=0.10; r>=0.95; delay<=max(1 min, T/4)"
primary_1080,sinusoid,2.0,plug_flow,0.5,1.0,,0.3028421236611256,0.4568584350713238,-0.9734852679186827,0.95,steady-state cross-correlation phase,0.36279550494525237,0.2463763558168715,0.9962578465942933,False,"illustrative: amp>=0.90; NRMSE<=0.10; r>=0.95; delay<=max(1 min, T/4)"
primary_1080,sinusoid,2.0,plug_flow,0.5,2.0,,0.15685862796328753,0.40733779798430175,-0.9968327031982249,0.95,steady-state cross-correlation phase,0.2056293899343697,0.2979301893267343,0.9935180783898998,False,"illustrative: amp>=0.90; NRMSE<=0.10; r>=0.95; delay<=max(1 min, T/4)"
primary_1080,sinusoid,2.0,plug_flow,0.5,5.0,,0.06359148100154266,0.3744794362615824,-0.9998841962028285,-1.0,steady-state cross-correlation phase,0.08962363156641145,0.331114985520673,0.9856920099837901,False,"illustrative: amp>=0.90; NRMSE<=0.10; r>=0.95; delay<=max(1 min, T/4)"
primary_1080,sinusoid,2.0,plug_flow,1.0,0.0,,1.0,0.7041787902195286,-1.0,-1.0,steady-state cross-correlation phase,1.0,0.02642213114496694,0.9972153501735125,False,"illustrative: amp>=0.90; NRMSE<=0.10; r>=0.95; delay<=max(1 min, T/4)"
primary_1080,sinusoid,2.0,plug_flow,1.0,1.0,,0.3028421236611256,0.3907208844903603,-0.2252203576543997,-0.55,steady-state cross-correlation phase,0.3627955049452525,0.24752872648308202,0.9916579132980087,False,"illustrative: amp>=0.90; NRMSE<=0.10; r>=0.95; delay<=max(1 min, T/4)"
primary_1080,sinusoid,2.0,plug_flow,1.0,2.0,,0.15685862796328753,0.3607821616299969,-0.07824197129990955,-0.5,steady-state cross-correlation phase,0.20562938993437063,0.29858395479698824,0.9883183450366931,False,"illustrative: amp>=0.90; NRMSE<=0.10; r>=0.95; delay<=max(1 min, T/4)"
primary_1080,sinusoid,2.0,plug_flow,1.0,5.0,,0.063591481001543,0.352475122331282,0.014970824018380175,-0.5,steady-state cross-correlation phase,0.08962363156641145,0.33123213078509733,0.9840706126308482,False,"illustrative: amp>=0.90; NRMSE<=0.10; r>=0.95; delay<=max(1 min, T/4)"
primary_1080,sinusoid,2.0,plug_flow,2.0,0.0,,1.0,1.5790188012216845e-14,1.0,0.0,steady-state cross-correlation phase,1.0,0.03726262461981637,0.9944289260117533,True,"illustrative: amp>=0.90; NRMSE<=0.10; r>=0.95; delay<=max(1 min, T/4)"
primary_1080,sinusoid,2.0,plug_flow,2.0,1.0,,0.30284212366112695,0.3442225777781992,0.22522035765440176,0.4,steady-state cross-correlation phase,0.36279550494525237,0.2481262716242808,0.9893283569110769,False,"illustrative: amp>=0.90; NRMSE<=0.10; r>=0.95; delay<=max(1 min, T/4)"
primary_1080,sinusoid,2.0,plug_flow,2.0,2.0,,0.1568586279632882,0.3521497867581112,0.07824197129991267,0.45,steady-state cross-correlation phase,0.2056293899343697,0.2987598570851912,0.9873686527853812,False,"illustrative: amp>=0.90; NRMSE<=0.10; r>=0.95; delay<=max(1 min, T/4)"
primary_1080,sinusoid,2.0,plug_flow,2.0,5.0,,0.063591481001543,0.35314972057554456,-0.014970824018376228,0.5,steady-state cross-correlation phase,0.08962363156641134,0.3312909546619267,0.9827092657545229,False,"illustrative: amp>=0.90; NRMSE<=0.10; r>=0.95; delay<=max(1 min, T/4)"
primary_1080,sinusoid,2.0,plug_flow,5.0,0.0,,1.0,0.7041787902195299,-1.0,1.0,steady-state cross-correlation phase,1.0,0.05284426228993388,0.9887634036691828,False,"illustrative: amp>=0.90; NRMSE<=0.10; r>=0.95; delay<=max(1 min, T/4)"
primary_1080,sinusoid,2.0,plug_flow,5.0,1.0,,0.3028421236611273,0.3907208844903602,-0.22522035765439768,-0.55,steady-state cross-correlation phase,0.36279550494525237,0.25040131626529855,0.9804134493328048,False,"illustrative: amp>=0.90; NRMSE<=0.10; r>=0.95; delay<=max(1 min, T/4)"
primary_1080,sinusoid,2.0,plug_flow,5.0,2.0,,0.1568586279632882,0.36078216162999693,-0.07824197129990919,-0.5,steady-state cross-correlation phase,0.2056293899343702,0.2999283303048577,0.9770549213982573,False,"illustrative: amp>=0.90; NRMSE<=0.10; r>=0.95; delay<=max(1 min, T/4)"
primary_1080,sinusoid,2.0,plug_flow,5.0,5.0,,0.06359148100154349,0.352475122331282,0.014970824018381476,-0.5,steady-state cross-correlation phase,0.08962363156641134,0.33174935145282425,0.9726956926500151,False,"illustrative: amp>=0.90; NRMSE<=0.10; r>=0.95; delay<=max(1 min, T/4)"
primary_1080,sinusoid,2.0,plug_flow,10.0,0.0,,1.0,8.433525791620602e-15,1.0,0.0,steady-state cross-correlation phase,1.0,0.08332176166996667,0.9718253158075505,True,"illustrative: amp>=0.90; NRMSE<=0.10; r>=0.95; delay<=max(1 min, T/4)"
primary_1080,sinusoid,2.0,plug_flow,10.0,1.0,,0.3028421236611253,0.3442225777781994,0.22522035765439935,0.4,steady-state cross-correlation phase,0.3627955049452519,0.2538153380561418,0.9667275645109663,False,"illustrative: amp>=0.90; NRMSE<=0.10; r>=0.95; delay<=max(1 min, T/4)"
primary_1080,sinusoid,2.0,plug_flow,10.0,2.0,,0.15685862796328748,0.35214978675811126,0.07824197129991174,0.45,steady-state cross-correlation phase,0.2056293899343698,0.3014404938492128,0.9646974376423377,False,"illustrative: amp>=0.90; NRMSE<=0.10; r>=0.95; delay<=max(1 min, T/4)"
primary_1080,sinusoid,2.0,plug_flow,10.0,5.0,,0.06359148100154338,0.3531497205755446,-0.014970824018377854,0.5,steady-state cross-correlation phase,0.08962363156641145,0.3323244079069098,0.9597927690238931,False,"illustrative: amp>=0.90; NRMSE<=0.10; r>=0.95; delay<=max(1 min, T/4)"
primary_1080,sinusoid,2.0,plug_flow,15.0,0.0,,1.0,0.7041787902195291,-0.9999999999999996,1.0,steady-state cross-correlation phase,1.0,0.09886256217287537,0.9600967344617608,False,"illustrative: amp>=0.90; NRMSE<=0.10; r>=0.95; delay<=max(1 min, T/4)"
primary_1080,sinusoid,2.0,plug_flow,15.0,1.0,,0.3028421236611262,0.3907208844903603,-0.2252203576543995,-0.55,steady-state cross-correlation phase,0.3627955049452519,0.2574425976213691,0.9517213054567574,False,"illustrative: amp>=0.90; NRMSE<=0.10; r>=0.95; delay<=max(1 min, T/4)"
primary_1080,sinusoid,2.0,plug_flow,15.0,2.0,,0.15685862796328798,0.36078216162999693,-0.07824197129991001,-0.5,steady-state cross-correlation phase,0.20562938993437008,0.30326319668331775,0.9483115434701785,False,"illustrative: amp>=0.90; NRMSE<=0.10; r>=0.95; delay<=max(1 min, T/4)"
primary_1080,sinusoid,2.0,plug_flow,15.0,5.0,,0.06359148100154338,0.3524751223312819,0.014970824018381713,-0.5,steady-state cross-correlation phase,0.08962363156641112,0.33303888887291194,0.943660342951057,False,"illustrative: amp>=0.90; NRMSE<=0.10; r>=0.95; delay<=max(1 min, T/4)"
primary_1080,sinusoid,2.0,well_mixed,0.5,0.0,,0.5375142052798416,0.31285372128802574,0.4650401033532797,0.35,steady-state cross-correlation phase,0.5828278654574199,0.16344914135929592,0.9995698269600948,False,"illustrative: amp>=0.90; NRMSE<=0.10; r>=0.95; delay<=max(1 min, T/4)"
primary_1080,sinusoid,2.0,well_mixed,0.5,1.0,,0.1628315080130019,0.39727012531867056,-0.7517409588037313,0.75,steady-state cross-correlation phase,0.2296378010853964,0.29569212892866875,0.9928801086227732,False,"illustrative: amp>=0.90; NRMSE<=0.10; r>=0.95; delay<=max(1 min, T/4)"
primary_1080,sinusoid,2.0,well_mixed,0.5,2.0,,0.08441817887098596,0.3775688511122947,-0.8420395949810148,0.8,steady-state cross-correlation phase,0.13352178180291474,0.3234547520111048,0.9856177424243284,False,"illustrative: amp>=0.90; NRMSE<=0.10; r>=0.95; delay<=max(1 min, T/4)"
primary_1080,sinusoid,2.0,well_mixed,0.5,5.0,,0.03418948984351944,0.3628530948290931,-0.8891577782468246,0.85,steady-state cross-correlation phase,0.059431899345430916,0.34125764960379285,0.9641006155674788,False,"illustrative: amp>=0.90; NRMSE<=0.10; r>=0.95; delay<=max(1 min, T/4)"
primary_1080,sinusoid,2.0,well_mixed,1.0,0.0,,0.3028421236611237,0.34422257777819937,0.2252203576543998,0.4,steady-state cross-correlation phase,0.36279550494525237,0.2466413011801142,0.99524331037932,False,"illustrative: amp>=0.90; NRMSE<=0.10; r>=0.95; delay<=max(1 min, T/4)"
primary_1080,sinusoid,2.0,well_mixed,1.0,1.0,,0.09218090385084615,0.3814781745313305,-0.8955157074141744,0.85,steady-state cross-correlation phase,0.15078544297149926,0.32068626019296276,0.9867775912924456,False,"illustrative: amp>=0.90; NRMSE<=0.10; r>=0.95; delay<=max(1 min, T/4)"
primary_1080,sinusoid,2.0,well_mixed,1.0,2.0,,0.04777119006931191,0.3681541298951089,-0.952237731751756,0.9,steady-state cross-correlation phase,0.08926300323747355,0.33649673443753375,0.9654978958855389,False,"illustrative: amp>=0.90; NRMSE<=0.10; r>=0.95; delay<=max(1 min, T/4)"
primary_1080,sinusoid,2.0,well_mixed,1.0,5.0,,0.019279116257732876,0.3587363676205318,-0.9768511076301106,0.95,steady-state cross-correlation phase,0.04027950893716331,0.34661017143903794,0.9017628477999752,False,"illustrative: amp>=0.90; NRMSE<=0.10; r>=0.95; delay<=max(1 min, T/4)"
primary_1080,sinusoid,2.0,well_mixed,2.0,0.0,,0.15685862796328676,0.3521497867581113,0.07824197129991114,0.45,steady-state cross-correlation phase,0.2056293899343698,0.2980580599806649,0.9935355042609024,False,"illustrative: amp>=0.90; NRMSE<=0.10; r>=0.95; delay<=max(1 min, T/4)"
primary_1080,sinusoid,2.0,well_mixed,2.0,1.0,,0.04777119006931224,0.368154129895109,-0.9522377317517554,0.9,steady-state cross-correlation phase,0.08926300323747366,0.33649673443753375,0.9654978958855388,False,"illustrative: amp>=0.90; NRMSE<=0.10; r>=0.95; delay<=max(1 min, T/4)"
primary_1080,sinusoid,2.0,well_mixed,2.0,2.0,,0.024755371900071432,0.36069968081480247,-0.9873534611144694,0.95,steady-state cross-correlation phase,0.05365477203531954,0.34466557514104834,0.9086433182651579,False,"illustrative: amp>=0.90; NRMSE<=0.10; r>=0.95; delay<=max(1 min, T/4)"
primary_1080,sinusoid,2.0,well_mixed,2.0,5.0,,0.00998612071236693,0.3556054745957864,-0.9979274457194472,1.0,steady-state cross-correlation phase,0.027255756790893315,0.34995782284579585,0.759262930942929,False,"illustrative: amp>=0.90; NRMSE<=0.10; r>=0.95; delay<=max(1 min, T/4)"
primary_1080,sinusoid,2.0,well_mixed,5.0,0.0,,0.06359148100154272,0.3531497205755446,-0.014970824018378112,0.5,steady-state cross-correlation phase,0.08962363156641134,0.3310170517521915,0.989268545614452,False,"illustrative: amp>=0.90; NRMSE<=0.10; r>=0.95; delay<=max(1 min, T/4)"
primary_1080,sinusoid,2.0,well_mixed,5.0,1.0,,0.019279116257733042,0.3587363676205319,-0.9768511076301114,0.95,steady-state cross-correlation phase,0.040279508937163255,0.34661017143903794,0.9017628477999712,False,"illustrative: amp>=0.90; NRMSE<=0.10; r>=0.95; delay<=max(1 min, T/4)"
primary_1080,sinusoid,2.0,well_mixed,5.0,2.0,,0.009986120712366875,0.3556054745957864,-0.9979274457194475,1.0,steady-state cross-correlation phase,0.02725575679089426,0.34995782284579585,0.7592629309429172,False,"illustrative: amp>=0.90; NRMSE<=0.10; r>=0.95; delay<=max(1 min, T/4)"
primary_1080,sinusoid,2.0,well_mixed,5.0,5.0,,0.004042954932547471,0.35351287932355463,-0.9995368151200336,-1.0,steady-state cross-correlation phase,0.01572331145766015,0.3520854019638579,0.4955558199692591,False,"illustrative: amp>=0.90; NRMSE<=0.10; r>=0.95; delay<=max(1 min, T/4)"
primary_1080,sinusoid,2.0,well_mixed,10.0,0.0,,0.03181275880977125,0.35279463406376427,-0.04638702055510704,0.5,steady-state cross-correlation phase,0.04620544561027945,0.3422787459429784,0.9773692892191193,False,"illustrative: amp>=0.90; NRMSE<=0.10; r>=0.95; delay<=max(1 min, T/4)"
primary_1080,sinusoid,2.0,well_mixed,10.0,1.0,,0.009666728949159986,0.355438216509464,-0.9831826538735443,0.95,steady-state cross-correlation phase,0.021680550233747153,0.35002378793322864,0.8243744115954312,False,"illustrative: amp>=0.90; NRMSE<=0.10; r>=0.95; delay<=max(1 min, T/4)"
primary_1080,sinusoid,2.0,well_mixed,10.0,2.0,,0.005008258420918177,0.3538527543542914,-0.9994737521943827,1.0,steady-state cross-correlation phase,0.015604940382766885,0.35172616523451933,0.6195833696115631,False,"illustrative: amp>=0.90; NRMSE<=0.10; r>=0.95; delay<=max(1 min, T/4)"
primary_1080,sinusoid,2.0,well_mixed,10.0,5.0,,0.002021590823904351,0.3528011785031632,-0.9980545228561265,-1.0,steady-state cross-correlation phase,0.009956385041481164,0.3527961529665982,0.3410703585526078,False,"illustrative: amp>=0.90; NRMSE<=0.10; r>=0.95; delay<=max(1 min, T/4)"
primary_1080,sinusoid,2.0,well_mixed,15.0,0.0,,0.021202800303439073,0.35259847010219814,-0.05686769401223823,0.5,steady-state cross-correlation phase,0.031120381236662886,0.34603882214296566,0.9675887538979002,False,"illustrative: amp>=0.90; NRMSE<=0.10; r>=0.95; delay<=max(1 min, T/4)"
primary_1080,sinusoid,2.0,well_mixed,15.0,1.0,,0.0064476679433472794,0.3543266483538086,-0.9850739516469832,0.95,steady-state cross-correlation phase,0.015143846467061017,0.3511670868728569,0.7701466647128655,False,"illustrative: amp>=0.90; NRMSE<=0.10; r>=0.95; delay<=max(1 min, T/4)"
primary_1080,sinusoid,2.0,well_mixed,15.0,2.0,,0.0033407470002687623,0.3532656283837822,-0.9997629188099566,1.0,steady-state cross-correlation phase,0.011051378577221271,0.3523183174765176,0.54315005068757,False,"illustrative: amp>=0.90; NRMSE<=0.10; r>=0.95; delay<=max(1 min, T/4)"
primary_1080,sinusoid,2.0,well_mixed,15.0,5.0,,0.0013471708818520445,0.35256370938096776,-0.9973326250657185,-1.0,steady-state cross-correlation phase,0.007445857438549142,0.3530328254258974,0.2786732736803104,False,"illustrative: amp>=0.90; NRMSE<=0.10; r>=0.95; delay<=max(1 min, T/4)"
primary_1080,sinusoid,2.0,distributed_RTD,0.5,0.0,3.0,0.69493948157218,0.404493439914552,0.12239408333940056,0.45,steady-state cross-correlation phase,0.7133071789455254,0.10812012733585945,0.9993417453540115,False,"illustrative: amp>=0.90; NRMSE<=0.10; r>=0.95; delay<=max(1 min, T/4)"
primary_1080,sinusoid,2.0,distributed_RTD,0.5,1.0,3.0,0.2109630465905451,0.4226409455271364,-0.9375278127601305,0.9,steady-state cross-correlation phase,0.27569123323525024,0.27872882600043736,0.9965860454832332,False,"illustrative: amp>=0.90; NRMSE<=0.10; r>=0.95; delay<=max(1 min, T/4)"
primary_1080,sinusoid,2.0,distributed_RTD,0.5,2.0,3.0,0.1092879700181631,0.3898985750870701,-0.9792057512630721,0.95,steady-state cross-correlation phase,0.15927294796960123,0.3147162583645573,0.9917024748297701,False,"illustrative: amp>=0.90; NRMSE<=0.10; r>=0.95; delay<=max(1 min, T/4)"
primary_1080,sinusoid,2.0,distributed_RTD,0.5,5.0,3.0,0.044169955489981205,0.36757165765708727,-0.9940115583621183,0.95,steady-state cross-correlation phase,0.07042285413271998,0.3377913518183323,0.97689457282652,False,"illustrative: amp>=0.90; NRMSE<=0.10; r>=0.95; delay<=max(1 min, T/4)"
primary_1080,sinusoid,2.0,distributed_RTD,1.0,0.0,3.0,0.3286134227877642,0.4462240741349455,-0.7516021656216223,0.75,steady-state cross-correlation phase,0.39524171173472245,0.23716979986193779,0.9963952432090317,False,"illustrative: amp>=0.90; NRMSE<=0.10; r>=0.95; delay<=max(1 min, T/4)"
primary_1080,sinusoid,2.0,distributed_RTD,1.0,1.0,3.0,0.10001439696142927,0.38120233038824125,-0.8083393209500174,-0.8,steady-state cross-correlation phase,0.16868029420190844,0.31820692375324383,0.9793554069477679,False,"illustrative: amp>=0.90; NRMSE<=0.10; r>=0.95; delay<=max(1 min, T/4)"
primary_1080,sinusoid,2.0,distributed_RTD,1.0,2.0,3.0,0.05182489048500316,0.3653457626991002,-0.7111363116178387,-0.75,steady-state cross-correlation phase,0.10080849160023181,0.335149022515988,0.9583099279542495,False,"illustrative: amp>=0.90; NRMSE<=0.10; r>=0.95; delay<=max(1 min, T/4)"
primary_1080,sinusoid,2.0,distributed_RTD,1.0,5.0,3.0,0.020893922293637457,0.3568929446617324,-0.6420083726761201,-0.7,steady-state cross-correlation phase,0.04579242369534814,0.3460443755728563,0.8997747063624213,False,"illustrative: amp>=0.90; NRMSE<=0.10; r>=0.95; delay<=max(1 min, T/4)"
primary_1080,sinusoid,2.0,distributed_RTD,2.0,0.0,3.0,0.07975195651563394,0.3795404188009844,-0.9722157918363677,-0.9,steady-state cross-correlation phase,0.1466534173620372,0.3253773715091747,0.9683288611802631,False,"illustrative: amp>=0.90; NRMSE<=0.10; r>=0.95; delay<=max(1 min, T/4)"
primary_1080,sinusoid,2.0,distributed_RTD,2.0,1.0,3.0,0.024287048404111555,0.3521483989687444,0.0054011066146546815,-0.5,steady-state cross-correlation phase,0.07442504546090445,0.3450384972926569,0.8371937140950764,False,"illustrative: amp>=0.90; NRMSE<=0.10; r>=0.95; delay<=max(1 min, T/4)"
primary_1080,sinusoid,2.0,distributed_RTD,2.0,2.0,3.0,0.012585652986133677,0.35143102008489924,0.15359671587605167,-0.45,steady-state cross-correlation phase,0.04734730065495768,0.34919522411141246,0.6920486240200215,False,"illustrative: amp>=0.90; NRMSE<=0.10; r>=0.95; delay<=max(1 min, T/4)"
primary_1080,sinusoid,2.0,distributed_RTD,2.0,5.0,3.0,0.005076704247022501,0.35165144380710983,0.2450393934685706,-0.4,steady-state cross-correlation phase,0.024755613029611545,0.35186737875352014,0.4805011887892461,False,"illustrative: amp>=0.90; NRMSE<=0.10; r>=0.95; delay<=max(1 min, T/4)"
primary_1080,sinusoid,2.0,distributed_RTD,5.0,0.0,3.0,0.006589077477151983,0.3533417126077193,-0.5332500075094221,-0.65,steady-state cross-correlation phase,0.03228837474791324,0.3511205690555437,0.5079026549119583,False,"illustrative: amp>=0.90; NRMSE<=0.10; r>=0.95; delay<=max(1 min, T/4)"
primary_1080,sinusoid,2.0,distributed_RTD,5.0,1.0,3.0,0.0020043971690765217,0.3515955876553514,0.6972705124677187,-0.25,steady-state cross-correlation phase,0.02592822060969746,0.35299791726703744,0.1858098462049589,False,"illustrative: amp>=0.90; NRMSE<=0.10; r>=0.95; delay<=max(1 min, T/4)"
primary_1080,sinusoid,2.0,distributed_RTD,5.0,2.0,3.0,0.00103857589521128,0.3517972390395668,0.7966592510113252,-0.2,steady-state cross-correlation phase,0.02090220544926974,0.3533203025596733,0.10568935476900736,False,"illustrative: amp>=0.90; NRMSE<=0.10; r>=0.95; delay<=max(1 min, T/4)"
primary_1080,sinusoid,2.0,distributed_RTD,5.0,5.0,3.0,0.0004186154050002111,0.3519634550677479,0.8500529296653663,-0.15,steady-state cross-correlation phase,0.014555441983526207,0.3535041860581659,0.05330199149677038,False,"illustrative: amp>=0.90; NRMSE<=0.10; r>=0.95; delay<=max(1 min, T/4)"
primary_1080,sinusoid,2.0,distributed_RTD,10.0,0.0,3.0,0.0008586627542181424,0.3521747306693819,-0.2796269528473615,-0.55,steady-state cross-correlation phase,0.013671663637944864,0.3532146752290878,0.11245514754776742,False,"illustrative: amp>=0.90; NRMSE<=0.10; r>=0.95; delay<=max(1 min, T/4)"
primary_1080,sinusoid,2.0,distributed_RTD,10.0,1.0,3.0,0.00026057399011791826,0.3520094590651654,0.8687579321725677,-0.15,steady-state cross-correlation phase,0.012833386169685324,0.3535588435722584,0.03492258794566615,False,"illustrative: amp>=0.90; NRMSE<=0.10; r>=0.95; delay<=max(1 min, T/4)"
primary_1080,sinusoid,2.0,distributed_RTD,10.0,2.0,3.0,0.00013498396082978203,0.35204493631134354,0.9332943116508334,-0.1,steady-state cross-correlation phase,0.01194656998855359,0.3535627461308084,0.018713602382874908,False,"illustrative: amp>=0.90; NRMSE<=0.10; r>=0.95; delay<=max(1 min, T/4)"
primary_1080,sinusoid,2.0,distributed_RTD,10.0,5.0,3.0,5.458010031728078e-05,0.35207085930714305,0.9630640540199767,-0.1,steady-state cross-correlation phase,0.009514381949986606,0.35358905091440584,0.0086111334586517,False,"illustrative: amp>=0.90; NRMSE<=0.10; r>=0.95; delay<=max(1 min, T/4)"
primary_1080,sinusoid,2.0,distributed_RTD,15.0,0.0,3.0,0.0002563058493671444,0.35210652387455793,-0.1880822970089414,-0.55,steady-state cross-correlation phase,0.008871712878545102,0.35342106914326027,0.043763147993054606,False,"illustrative: amp>=0.90; NRMSE<=0.10; r>=0.95; delay<=max(1 min, T/4)"
primary_1080,sinusoid,2.0,distributed_RTD,15.0,1.0,3.0,7.776194676745174e-05,0.35206435913878126,0.9119590969140697,-0.15,steady-state cross-correlation phase,0.00856641411888448,0.3536197543634795,0.013127716760772647,False,"illustrative: amp>=0.90; NRMSE<=0.10; r>=0.95; delay<=max(1 min, T/4)"
primary_1080,sinusoid,2.0,distributed_RTD,15.0,2.0,3.0,4.030971725144106e-05,0.3520757019966517,0.9632877154458623,-0.1,steady-state cross-correlation phase,0.008283056033211222,0.3535929932101117,0.006921910680699919,False,"illustrative: amp>=0.90; NRMSE<=0.10; r>=0.95; delay<=max(1 min, T/4)"
primary_1080,sinusoid,2.0,distributed_RTD,15.0,5.0,3.0,1.6307150991545782e-05,0.35208374089223765,0.9843674999673607,-0.05,steady-state cross-correlation phase,0.007136041606870092,0.35355383487196523,0.003032087159049235,False,"illustrative: amp>=0.90; NRMSE<=0.10; r>=0.95; delay<=max(1 min, T/4)"
primary_1080,sinusoid,5.0,plug_flow,0.5,0.0,,1.0,0.21880146416983584,0.8080899904513028,0.5,steady-state cross-correlation phase,1.0,1.5045862816429872e-16,1.0,False,"illustrative: amp>=0.90; NRMSE<=0.10; r>=0.95; delay<=max(1 min, T/4)"
primary_1080,sinusoid,5.0,plug_flow,0.5,1.0,,0.6227333517895671,0.4139325311134952,0.012122469520797399,1.2,steady-state cross-correlation phase,0.6580963253121297,0.13384063978515742,0.9983598222067008,False,"illustrative: amp>=0.90; NRMSE<=0.10; r>=0.95; delay<=max(1 min, T/4)"
primary_1080,sinusoid,5.0,plug_flow,0.5,2.0,,0.3695939003827553,0.4090096463259223,-0.276643980575938,1.45,steady-state cross-correlation phase,0.4282822217161394,0.22236912391599487,0.9977269614028033,False,"illustrative: amp>=0.90; NRMSE<=0.10; r>=0.95; delay<=max(1 min, T/4)"
primary_1080,sinusoid,5.0,plug_flow,0.5,5.0,,0.1572025444346115,0.3827866705929535,-0.4799170990752049,1.6,steady-state cross-correlation phase,0.20581372117835878,0.29755768669360866,0.989943570726244,False,"illustrative: amp>=0.90; NRMSE<=0.10; r>=0.95; delay<=max(1 min, T/4)"
primary_1080,sinusoid,5.0,plug_flow,1.0,0.0,,1.0,0.4158402315313567,0.30809255954195236,0.95,steady-state cross-correlation phase,1.0,0.022190751387462734,0.9980327864881356,False,"illustrative: amp>=0.90; NRMSE<=0.10; r>=0.95; delay<=max(1 min, T/4)"
primary_1080,sinusoid,5.0,plug_flow,1.0,1.0,,0.6227333517895671,0.5126377036705659,-0.5766274597913341,1.7,steady-state cross-correlation phase,0.6580963253121296,0.13366996614404067,0.998351921241222,False,"illustrative: amp>=0.90; NRMSE<=0.10; r>=0.95; delay<=max(1 min, T/4)"
primary_1080,sinusoid,5.0,plug_flow,1.0,2.0,,0.3695939003827553,0.4630028887519574,-0.7882097723970387,1.95,steady-state cross-correlation phase,0.4282822217161394,0.22221715250994592,0.9977182579764619,False,"illustrative: amp>=0.90; NRMSE<=0.10; r>=0.95; delay<=max(1 min, T/4)"
primary_1080,sinusoid,5.0,plug_flow,1.0,5.0,,0.1572025444346115,0.40385361916187934,-0.9039832185642895,2.15,steady-state cross-correlation phase,0.20581372117835878,0.2974185144870304,0.991886467969465,False,"illustrative: amp>=0.90; NRMSE<=0.10; r>=0.95; delay<=max(1 min, T/4)"
primary_1080,sinusoid,5.0,plug_flow,2.0,0.0,,1.0,0.6715941451947602,-0.8080899904513024,2.0,steady-state cross-correlation phase,1.0,5.521843793844691e-16,1.0,False,"illustrative: amp>=0.90; NRMSE<=0.10; r>=0.95; delay<=max(1 min, T/4)"
primary_1080,sinusoid,5.0,plug_flow,2.0,1.0,,0.6227333517895671,0.5666470674079979,-0.9544641686175507,-2.25,steady-state cross-correlation phase,0.6580963253121299,0.13879886219461388,0.9920966504182935,False,"illustrative: amp>=0.90; NRMSE<=0.10; r>=0.95; delay<=max(1 min, T/4)"
primary_1080,sinusoid,5.0,plug_flow,2.0,2.0,,0.3695939003827553,0.46683580617406917,-0.8270937160470513,-2.0,steady-state cross-correlation phase,0.4282822217161397,0.2249312569076404,0.9891882613506083,False,"illustrative: amp>=0.90; NRMSE<=0.10; r>=0.95; delay<=max(1 min, T/4)"
primary_1080,sinusoid,5.0,plug_flow,2.0,5.0,,0.1572025444346115,0.3930752489499192,-0.6838519811225503,-1.8,steady-state cross-correlation phase,0.20581372117835867,0.2985480799172493,0.9800211388667681,False,"illustrative: amp>=0.90; NRMSE<=0.10; r>=0.95; delay<=max(1 min, T/4)"
primary_1080,sinusoid,5.0,plug_flow,5.0,0.0,,1.0,8.251841451758886e-15,0.9999999999999999,0.0,steady-state cross-correlation phase,1.0,0.05891738269724279,0.9860132971832691,True,"illustrative: amp>=0.90; NRMSE<=0.10; r>=0.95; delay<=max(1 min, T/4)"
primary_1080,sinusoid,5.0,plug_flow,5.0,1.0,,0.6227333517895671,0.2835158762319415,0.5963093017680082,0.7,steady-state cross-correlation phase,0.6580963253121298,0.1447845609033481,0.9840836623931936,False,"illustrative: amp>=0.90; NRMSE<=0.10; r>=0.95; delay<=max(1 min, T/4)"
primary_1080,sinusoid,5.0,plug_flow,5.0,2.0,,0.3695939003827555,0.3322264275775528,0.33921190149420266,0.95,steady-state cross-correlation phase,0.4282822217161394,0.22747354815388637,0.9827754292110682,False,"illustrative: amp>=0.90; NRMSE<=0.10; r>=0.95; delay<=max(1 min, T/4)"
primary_1080,sinusoid,5.0,plug_flow,5.0,5.0,,0.1572025444346123,0.3503530403353172,0.12561684975713516,1.1,steady-state cross-correlation phase,0.20581372117835878,0.2997095068432598,0.97423835145182,False,"illustrative: amp>=0.90; NRMSE<=0.10; r>=0.95; delay<=max(1 min, T/4)"
primary_1080,sinusoid,5.0,plug_flow,10.0,0.0,,1.0,6.571571988325169e-15,1.0,0.0,steady-state cross-correlation phase,1.0,0.08332176166996666,0.97182531580755,True,"illustrative: amp>=0.90; NRMSE<=0.10; r>=0.95; delay<=max(1 min, T/4)"
primary_1080,sinusoid,5.0,plug_flow,10.0,1.0,,0.6227333517895671,0.2835158762319415,0.5963093017680083,0.7,steady-state cross-correlation phase,0.6580963253121297,0.15474473472815597,0.9698820181156853,False,"illustrative: amp>=0.90; NRMSE<=0.10; r>=0.95; delay<=max(1 min, T/4)"
primary_1080,sinusoid,5.0,plug_flow,10.0,2.0,,0.3695939003827555,0.3322264275775528,0.3392119014942028,0.95,steady-state cross-correlation phase,0.4282822217161393,0.2320487537870317,0.9685031838071901,False,"illustrative: amp>=0.90; NRMSE<=0.10; r>=0.95; delay<=max(1 min, T/4)"
primary_1080,sinusoid,5.0,plug_flow,10.0,5.0,,0.15720254443461362,0.3503530403353171,0.12561684975713697,1.1,steady-state cross-correlation phase,0.20581372117835856,0.3013891976004177,0.9598684139592901,False,"illustrative: amp>=0.90; NRMSE<=0.10; r>=0.95; delay<=max(1 min, T/4)"
primary_1080,sinusoid,5.0,plug_flow,15.0,0.0,,1.0,7.260427242877603e-15,0.9999999999999999,0.0,steady-state cross-correlation phase,1.0,0.10204790028060395,0.957427107756338,True,"illustrative: amp>=0.90; NRMSE<=0.10; r>=0.95; delay<=max(1 min, T/4)"
primary_1080,sinusoid,5.0,plug_flow,15.0,1.0,,0.622733351789567,0.28351587623194136,0.5963093017680088,0.7,steady-state cross-correlation phase,0.6580963253121297,0.16410148316270454,0.955469319716088,False,"illustrative: amp>=0.90; NRMSE<=0.10; r>=0.95; delay<=max(1 min, T/4)"
primary_1080,sinusoid,5.0,plug_flow,15.0,2.0,,0.36959390038275525,0.3322264275775528,0.33921190149420294,0.95,steady-state cross-correlation phase,0.4282822217161392,0.23653547970338498,0.9540175264197025,False,"illustrative: amp>=0.90; NRMSE<=0.10; r>=0.95; delay<=max(1 min, T/4)"
primary_1080,sinusoid,5.0,plug_flow,15.0,5.0,,0.15720254443461568,0.35035304033531683,0.12561684975714132,1.1,steady-state cross-correlation phase,0.20581372117835772,0.3030595789085329,0.9452806225114755,False,"illustrative: amp>=0.90; NRMSE<=0.10; r>=0.95; delay<=max(1 min, T/4)"
primary_1080,sinusoid,5.0,well_mixed,0.5,0.0,,0.8465535548532395,0.19780043619954854,0.8284527274896382,0.45,steady-state cross-correlation phase,0.8544500145710692,0.05484375394258824,0.9995736536261124,False,"illustrative: amp>=0.90; NRMSE<=0.10; r>=0.95; delay<=max(1 min, T/4)"
primary_1080,sinusoid,5.0,well_mixed,0.5,1.0,,0.5273530992572539,0.3914367444493373,0.04738517472596665,1.15,steady-state cross-correlation phase,0.5713502019608373,0.1679363037028267,0.9962914346993095,False,"illustrative: amp>=0.90; NRMSE<=0.10; r>=0.95; delay<=max(1 min, T/4)"
primary_1080,sinusoid,5.0,well_mixed,0.5,2.0,,0.3131335407497408,0.39479398764168605,-0.24256047473324366,1.4,steady-state cross-correlation phase,0.37561683857991207,0.24252376347020063,0.9955689666510122,False,"illustrative: amp>=0.90; NRMSE<=0.10; r>=0.95; delay<=max(1 min, T/4)"
primary_1080,sinusoid,5.0,well_mixed,0.5,5.0,,0.13308292625651885,0.37646496176046873,-0.4486281278473935,1.6,steady-state cross-correlation phase,0.1824783796700568,0.3059421438726915,0.9881215765860913,False,"illustrative: amp>=0.90; NRMSE<=0.10; r>=0.95; delay<=max(1 min, T/4)"
primary_1080,sinusoid,5.0,well_mixed,1.0,0.0,,0.622733351789567,0.28351587623194147,0.5963093017680083,0.7,steady-state cross-correlation phase,0.6580963253121296,0.13393856506022797,0.9983663066297871,False,"illustrative: amp>=0.90; NRMSE<=0.10; r>=0.95; delay<=max(1 min, T/4)"
primary_1080,sinusoid,5.0,well_mixed,1.0,1.0,,0.38773945194040976,0.4135942887092624,-0.28492454873895173,1.45,steady-state cross-correlation phase,0.4484330116814588,0.2159814740726819,0.9973858273961502,False,"illustrative: amp>=0.90; NRMSE<=0.10; r>=0.95; delay<=max(1 min, T/4)"
primary_1080,sinusoid,5.0,well_mixed,1.0,2.0,,0.23024205135016368,0.4035082457045772,-0.549409019707197,1.7,steady-state cross-correlation phase,0.2990819228306965,0.2713834291105763,0.9940188662981834,False,"illustrative: amp>=0.90; NRMSE<=0.10; r>=0.95; delay<=max(1 min, T/4)"
primary_1080,sinusoid,5.0,well_mixed,1.0,5.0,,0.0978944348355858,0.37861474514457055,-0.7189547622202108,1.85,steady-state cross-correlation phase,0.14778356245881574,0.3183291584711892,0.9770353185878717,False,"illustrative: amp>=0.90; NRMSE<=0.10; r>=0.95; delay<=max(1 min, T/4)"
primary_1080,sinusoid,5.0,well_mixed,2.0,0.0,,0.3695939003827553,0.3322264275775528,0.33921190149420277,0.95,steady-state cross-correlation phase,0.4282822217161394,0.22265520343312645,0.9977391554059022,False,"illustrative: amp>=0.90; NRMSE<=0.10; r>=0.95; delay<=max(1 min, T/4)"
primary_1080,sinusoid,5.0,well_mixed,2.0,1.0,,0.23024205135016396,0.4035082457045772,-0.5494090197071972,1.7,steady-state cross-correlation phase,0.2990819228306967,0.2713834291105763,0.9940188662981839,False,"illustrative: amp>=0.90; NRMSE<=0.10; r>=0.95; delay<=max(1 min, T/4)"
primary_1080,sinusoid,5.0,well_mixed,2.0,2.0,,0.13672080376264667,0.3912810742714052,-0.7674753446603592,1.95,steady-state cross-correlation phase,0.2034921914945773,0.30444429754151675,0.9840882080028103,False,"illustrative: amp>=0.90; NRMSE<=0.10; r>=0.95; delay<=max(1 min, T/4)"
primary_1080,sinusoid,5.0,well_mixed,2.0,5.0,,0.058102314701959756,0.37134379451584504,-0.8893635994141044,2.1,steady-state cross-correlation phase,0.10295976014697505,0.3324420394326625,0.9437830112827704,False,"illustrative: amp>=0.90; NRMSE<=0.10; r>=0.95; delay<=max(1 min, T/4)"
primary_1080,sinusoid,5.0,well_mixed,5.0,0.0,,0.15720254443461146,0.3503530403353172,0.12561684975713477,1.1,steady-state cross-correlation phase,0.2058137211783586,0.2979441900902373,0.9899977250960659,False,"illustrative: amp>=0.90; NRMSE<=0.10; r>=0.95; delay<=max(1 min, T/4)"
primary_1080,sinusoid,5.0,well_mixed,5.0,1.0,,0.09789443483558574,0.3786147451445704,-0.7189547622202075,1.85,steady-state cross-correlation phase,0.14778356245881635,0.31832915847118926,0.9770353185878721,False,"illustrative: amp>=0.90; NRMSE<=0.10; r>=0.95; delay<=max(1 min, T/4)"
primary_1080,sinusoid,5.0,well_mixed,5.0,2.0,,0.05810231470195987,0.371343794515845,-0.8893635994141028,2.1,steady-state cross-correlation phase,0.10295976014697539,0.3324420394326625,0.9437830112827691,False,"illustrative: amp>=0.90; NRMSE<=0.10; r>=0.95; delay<=max(1 min, T/4)"
primary_1080,sinusoid,5.0,well_mixed,5.0,5.0,,0.02471262789537998,0.36141786329041103,-0.9680333954222342,2.3,steady-state cross-correlation phase,0.05367051962477898,0.3445221201639461,0.8188361806821368,False,"illustrative: amp>=0.90; NRMSE<=0.10; r>=0.95; delay<=max(1 min, T/4)"
primary_1080,sinusoid,5.0,well_mixed,10.0,0.0,,0.07933098431736091,0.35274105360255986,0.04779148552464182,1.15,steady-state cross-correlation phase,0.11038522245203386,0.3254820761431777,0.9782545604140728,False,"illustrative: amp>=0.90; NRMSE<=0.10; r>=0.95; delay<=max(1 min, T/4)"
primary_1080,sinusoid,5.0,well_mixed,10.0,1.0,,0.04941098239126884,0.3666022824727834,-0.7711984924828476,1.95,steady-state cross-correlation phase,0.08035069140049628,0.33552813432417916,0.952777401172549,False,"illustrative: amp>=0.90; NRMSE<=0.10; r>=0.95; delay<=max(1 min, T/4)"
primary_1080,sinusoid,5.0,well_mixed,10.0,2.0,,0.0293317475432327,0.36254468128840617,-0.9225022104209478,2.2,steady-state cross-correlation phase,0.05665705809984173,0.3427590622797572,0.8845664292145203,False,"illustrative: amp>=0.90; NRMSE<=0.10; r>=0.95; delay<=max(1 min, T/4)"
primary_1080,sinusoid,5.0,well_mixed,10.0,5.0,,0.012471163963312215,0.3573020308936531,-0.9847443899594811,2.35,steady-state cross-correlation phase,0.03206720014490877,0.34890234093916994,0.6688514882024692,False,"illustrative: amp>=0.90; NRMSE<=0.10; r>=0.95; delay<=max(1 min, T/4)"
primary_1080,sinusoid,5.0,well_mixed,15.0,0.0,,0.052973751569014904,0.353060999190415,0.021496758295652948,1.2,steady-state cross-correlation phase,0.07545241478637338,0.33477089288901674,0.9711115763363498,False,"illustrative: amp>=0.90; NRMSE<=0.10; r>=0.95; delay<=max(1 min, T/4)"
primary_1080,sinusoid,5.0,well_mixed,15.0,1.0,,0.03298468538880317,0.362223472773398,-0.7877445801370855,1.95,steady-state cross-correlation phase,0.055204330651580424,0.3413792287701811,0.9308118226808902,False,"illustrative: amp>=0.90; NRMSE<=0.10; r>=0.95; delay<=max(1 min, T/4)"
primary_1080,sinusoid,5.0,well_mixed,15.0,2.0,,0.01959146970066661,0.35942482978768536,-0.9323919887155442,2.2,steady-state cross-correlation phase,0.03911262035072072,0.34623832679426897,0.8388849804060452,False,"illustrative: amp>=0.90; NRMSE<=0.10; r>=0.95; delay<=max(1 min, T/4)"
primary_1080,sinusoid,5.0,well_mixed,15.0,5.0,,0.008327654687089459,0.3558737595930626,-0.9890065559853166,2.4,steady-state cross-correlation phase,0.0237395002549578,0.35047798436057054,0.581649413052552,False,"illustrative: amp>=0.90; NRMSE<=0.10; r>=0.95; delay<=max(1 min, T/4)"
primary_1080,sinusoid,5.0,distributed_RTD,0.5,0.0,3.0,0.9376052205421506,0.21007633325593028,0.8133209913547947,0.5,steady-state cross-correlation phase,0.9378193858578685,0.022337901006423463,0.999940863265307,False,"illustrative: amp>=0.90; NRMSE<=0.10; r>=0.95; delay<=max(1 min, T/4)"
primary_1080,sinusoid,5.0,distributed_RTD,0.5,1.0,3.0,0.5838146485477481,0.40531701589982044,0.021017529628151028,1.2,steady-state cross-correlation phase,0.6214224236679584,0.14723078277702076,0.9986526387567918,False,"illustrative: amp>=0.90; NRMSE<=0.10; r>=0.95; delay<=max(1 min, T/4)"
primary_1080,sinusoid,5.0,distributed_RTD,0.5,2.0,3.0,0.3466255418149648,0.40358721766168726,-0.26807982726157037,1.4,steady-state cross-correlation phase,0.4063167175862171,0.23108495051123115,0.9944005689378332,False,"illustrative: amp>=0.90; NRMSE<=0.10; r>=0.95; delay<=max(1 min, T/4)"
primary_1080,sinusoid,5.0,distributed_RTD,0.5,5.0,3.0,0.14739300645350345,0.380379507535665,-0.47208156153460606,1.6,steady-state cross-correlation phase,0.1962090274817085,0.3009759041038106,0.9893043691544054,False,"illustrative: amp>=0.90; NRMSE<=0.10; r>=0.95; delay<=max(1 min, T/4)"
primary_1080,sinusoid,5.0,distributed_RTD,1.0,0.0,3.0,0.784668563206567,0.3592674969339315,0.37057514451520146,0.9,steady-state cross-correlation phase,0.7934986734546015,0.07831458306038028,0.9981884076814057,False,"illustrative: amp>=0.90; NRMSE<=0.10; r>=0.95; delay<=max(1 min, T/4)"
primary_1080,sinusoid,5.0,distributed_RTD,1.0,1.0,3.0,0.4886168285747623,0.4669881131089417,-0.5210424632643647,1.65,steady-state cross-correlation phase,0.5347920154931338,0.18055106162132606,0.997979488007039,False,"illustrative: amp>=0.90; NRMSE<=0.10; r>=0.95; delay<=max(1 min, T/4)"
primary_1080,sinusoid,5.0,distributed_RTD,1.0,2.0,3.0,0.290041435624851,0.43482853487116185,-0.7454735905775604,1.9,steady-state cross-correlation phase,0.35350319964157345,0.2502510048259919,0.9962971419871227,False,"illustrative: amp>=0.90; NRMSE<=0.10; r>=0.95; delay<=max(1 min, T/4)"
primary_1080,sinusoid,5.0,distributed_RTD,1.0,5.0,3.0,0.12335156881954229,0.39160023639207975,-0.8734567196784039,2.1,steady-state cross-correlation phase,0.17290409210511837,0.3093189298548958,0.9865891360499295,False,"illustrative: amp>=0.90; NRMSE<=0.10; r>=0.95; delay<=max(1 min, T/4)"
primary_1080,sinusoid,5.0,distributed_RTD,2.0,0.0,3.0,0.45034745233588414,0.45373316789050006,-0.49671247953463826,1.65,steady-state cross-correlation phase,0.5018379634399275,0.19369325901359685,0.9985422043818156,False,"illustrative: amp>=0.90; NRMSE<=0.10; r>=0.95; delay<=max(1 min, T/4)"
primary_1080,sinusoid,5.0,distributed_RTD,2.0,1.0,3.0,0.2805097687524967,0.4514295386863873,-0.992851937643103,2.4,steady-state cross-correlation phase,0.3512975478058566,0.25372761112484565,0.9957005179487478,False,"illustrative: amp>=0.90; NRMSE<=0.10; r>=0.95; delay<=max(1 min, T/4)"
primary_1080,sinusoid,5.0,distributed_RTD,2.0,2.0,3.0,0.1665313616511538,0.4109898868590336,-0.9847849265474999,-2.35,steady-state cross-correlation phase,0.23922378657691112,0.2952898534618778,0.9740899202261181,False,"illustrative: amp>=0.90; NRMSE<=0.10; r>=0.95; delay<=max(1 min, T/4)"
primary_1080,sinusoid,5.0,distributed_RTD,2.0,5.0,3.0,0.07079668523702082,0.37615879963819965,-0.9225920944501987,-2.2,steady-state cross-correlation phase,0.1211773532943537,0.3285010287390972,0.9427568829831117,False,"illustrative: amp>=0.90; NRMSE<=0.10; r>=0.95; delay<=max(1 min, T/4)"
primary_1080,sinusoid,5.0,distributed_RTD,5.0,0.0,3.0,0.07997957133802097,0.380484329573134,-0.9724740524030218,-2.3,steady-state cross-correlation phase,0.14694666939097784,0.32537009954802115,0.9341775145573652,False,"illustrative: amp>=0.90; NRMSE<=0.10; r>=0.95; delay<=max(1 min, T/4)"
primary_1080,sinusoid,5.0,distributed_RTD,5.0,1.0,3.0,0.04979570501286745,0.3602757073808699,-0.3938878331073842,-1.55,steady-state cross-correlation phase,0.11349325276995714,0.33596533309415527,0.8650778095741375,False,"illustrative: amp>=0.90; NRMSE<=0.10; r>=0.95; delay<=max(1 min, T/4)"
primary_1080,sinusoid,5.0,distributed_RTD,5.0,2.0,3.0,0.02957488484507481,0.35429272882696566,-0.11210758251838293,-1.3,steady-state cross-correlation phase,0.08422056286660967,0.343272309871187,0.7497265096391328,False,"illustrative: amp>=0.90; NRMSE<=0.10; r>=0.95; delay<=max(1 min, T/4)"
primary_1080,sinusoid,5.0,distributed_RTD,5.0,5.0,3.0,0.012572843503434794,0.3525147144759245,0.10749825934239529,-1.1,steady-state cross-correlation phase,0.04739769120241211,0.3493816060226246,0.5244127227802013,False,"illustrative: amp>=0.90; NRMSE<=0.10; r>=0.95; delay<=max(1 min, T/4)"
primary_1080,sinusoid,5.0,distributed_RTD,10.0,0.0,3.0,0.012519736724622699,0.3558389616777504,-0.6452920681259944,-1.8,steady-state cross-correlation phase,0.04264694354161347,0.3488047663225461,0.5429674610187412,False,"illustrative: amp>=0.90; NRMSE<=0.10; r>=0.95; delay<=max(1 min, T/4)"
primary_1080,sinusoid,5.0,distributed_RTD,10.0,1.0,3.0,0.007795330195048467,0.35235571846671987,0.22461766827323257,-1.05,steady-state cross-correlation phase,0.03703167015607228,0.35107325529002453,0.3773012398318415,False,"illustrative: amp>=0.90; NRMSE<=0.10; r>=0.95; delay<=max(1 min, T/4)"
primary_1080,sinusoid,5.0,distributed_RTD,10.0,2.0,3.0,0.004628861112372151,0.3521556476490677,0.4961799596922669,-0.8,steady-state cross-correlation phase,0.033749702163591966,0.35233648114543703,0.24345881983982154,False,"illustrative: amp>=0.90; NRMSE<=0.10; r>=0.95; delay<=max(1 min, T/4)"
primary_1080,sinusoid,5.0,distributed_RTD,10.0,5.0,3.0,0.0019681181089052924,0.352496813509701,0.6741004081203603,-0.65,steady-state cross-correlation phase,0.026003252683461597,0.3532815253772809,0.12151961291702071,False,"illustrative: amp>=0.90; NRMSE<=0.10; r>=0.95; delay<=max(1 min, T/4)"
primary_1080,sinusoid,5.0,distributed_RTD,15.0,0.0,3.0,0.0038813249485937784,0.3535926935490979,-0.4548030879411462,-1.6,steady-state cross-correlation phase,0.025678241431423998,0.3519198630886282,0.25020428808493467,False,"illustrative: amp>=0.90; NRMSE<=0.10; r>=0.95; delay<=max(1 min, T/4)"
primary_1080,sinusoid,5.0,distributed_RTD,15.0,1.0,3.0,0.0024178880692808935,0.3525899408581506,0.4399219128876655,-0.85,steady-state cross-correlation phase,0.023910278940334595,0.3530713360924548,0.15859897233080925,False,"illustrative: amp>=0.90; NRMSE<=0.10; r>=0.95; delay<=max(1 min, T/4)"
primary_1080,sinusoid,5.0,distributed_RTD,15.0,2.0,3.0,0.0014357535037229918,0.3526203010657108,0.6805510190196123,-0.65,steady-state cross-correlation phase,0.021920403010117495,0.35346134137239216,0.09709273851417351,False,"illustrative: amp>=0.90; NRMSE<=0.10; r>=0.95; delay<=max(1 min, T/4)"
primary_1080,sinusoid,5.0,distributed_RTD,15.0,5.0,3.0,0.0006101666031693154,0.3527877848977102,0.8245440920892972,-0.45,steady-state cross-correlation phase,0.01853061988353516,0.353696736850255,0.04519084103324495,False,"illustrative: amp>=0.90; NRMSE<=0.10; r>=0.95; delay<=max(1 min, T/4)"
primary_1080,sinusoid,10.0,plug_flow,0.5,0.0,,1.0,0.11070335886026791,0.9509054411254675,0.5,steady-state cross-correlation phase,1.0,1.2251637139018453e-16,1.0,False,"illustrative: amp>=0.90; NRMSE<=0.10; r>=0.95; delay<=max(1 min, T/4)"
primary_1080,sinusoid,10.0,plug_flow,0.5,1.0,,0.8467134431254509,0.28564229603200686,0.6280183359894594,1.35,steady-state cross-correlation phase,0.8544547028708739,0.05588148820441803,0.9990224385128591,False,"illustrative: amp>=0.90; NRMSE<=0.10; r>=0.95; delay<=max(1 min, T/4)"
primary_1080,sinusoid,10.0,plug_flow,0.5,2.0,,0.6226991075072872,0.3480930479008428,0.33509095835702696,1.9,steady-state cross-correlation phase,0.6581108223999086,0.1333251870999179,0.9986755050063532,False,"illustrative: amp>=0.90; NRMSE<=0.10; r>=0.95; delay<=max(1 min, T/4)"
primary_1080,sinusoid,10.0,plug_flow,0.5,5.0,,0.30331269949070383,0.3714250392149651,-0.02168659187789083,2.45,steady-state cross-correlation phase,0.36314311920956127,0.24575155181844327,0.99338257575858,False,"illustrative: amp>=0.90; NRMSE<=0.10; r>=0.95; delay<=max(1 min, T/4)"
primary_1080,sinusoid,10.0,plug_flow,1.0,0.0,,1.0,0.21865503156278426,0.8085523226444239,0.95,steady-state cross-correlation phase,1.0,0.011082227442623067,0.9995106474811932,False,"illustrative: amp>=0.90; NRMSE<=0.10; r>=0.95; delay<=max(1 min, T/4)"
primary_1080,sinusoid,10.0,plug_flow,1.0,1.0,,0.8467134431254509,0.3727770959191881,0.3570450138378335,1.85,steady-state cross-correlation phase,0.854454702870874,0.055885452597868035,0.9990200559878605,False,"illustrative: amp>=0.90; NRMSE<=0.10; r>=0.95; delay<=max(1 min, T/4)"
primary_1080,sinusoid,10.0,plug_flow,1.0,2.0,,0.6226991075072872,0.4110727430640832,0.028017062512098023,2.35,steady-state cross-correlation phase,0.6581108223999086,0.13413134368067736,0.9971735704883351,False,"illustrative: amp>=0.90; NRMSE<=0.10; r>=0.95; delay<=max(1 min, T/4)"
primary_1080,sinusoid,10.0,plug_flow,1.0,5.0,,0.3033126994907037,0.4015728024673044,-0.3291157651510268,2.95,steady-state cross-correlation phase,0.36314311920956127,0.2454108377280266,0.9933453316215627,False,"illustrative: amp>=0.90; NRMSE<=0.10; r>=0.95; delay<=max(1 min, T/4)"
primary_1080,sinusoid,10.0,plug_flow,2.0,0.0,,1.0,0.41573377578230797,0.3085529692786,1.9,steady-state cross-correlation phase,1.0,0.022174077324444874,0.9980380456872364,False,"illustrative: amp>=0.90; NRMSE<=0.10; r>=0.95; delay<=max(1 min, T/4)"
primary_1080,sinusoid,10.0,plug_flow,2.0,1.0,,0.8467134431254509,0.5190594993495014,-0.2592499180165141,2.85,steady-state cross-correlation phase,0.8544547028708739,0.05577029178446667,0.9990096773891537,False,"illustrative: amp>=0.90; NRMSE<=0.10; r>=0.95; delay<=max(1 min, T/4)"
primary_1080,sinusoid,10.0,plug_flow,2.0,2.0,,0.6226991075072872,0.5109579875257594,-0.564210913689115,3.4,steady-state cross-correlation phase,0.6581108223999086,0.13283421459639277,0.9986552156809146,False,"illustrative: amp>=0.90; NRMSE<=0.10; r>=0.95; delay<=max(1 min, T/4)"
primary_1080,sinusoid,10.0,plug_flow,2.0,5.0,,0.30331269949070383,0.44551709158109015,-0.821150430215179,4.0,steady-state cross-correlation phase,0.3631431192095613,0.24494123898813613,0.9944464403813627,False,"illustrative: amp>=0.90; NRMSE<=0.10; r>=0.95; delay<=max(1 min, T/4)"
primary_1080,sinusoid,10.0,plug_flow,5.0,0.0,,1.0,0.7065182610835988,-0.9999999999999997,5.0,steady-state cross-correlation phase,1.0,4.163162902112602e-16,1.0,False,"illustrative: amp>=0.90; NRMSE<=0.10; r>=0.95; delay<=max(1 min, T/4)"
primary_1080,sinusoid,10.0,plug_flow,5.0,1.0,,0.8467134431254509,0.6257025229409476,-0.8377861049410893,-4.05,steady-state cross-correlation phase,0.8544547028708739,0.08136892981307459,0.984740232271347,False,"illustrative: amp>=0.90; NRMSE<=0.10; r>=0.95; delay<=max(1 min, T/4)"
primary_1080,sinusoid,10.0,plug_flow,5.0,2.0,,0.6226991075072872,0.5178094200423872,-0.6096214235608558,-3.5,steady-state cross-correlation phase,0.6581108223999086,0.14575819691369574,0.9816520584977493,False,"illustrative: amp>=0.90; NRMSE<=0.10; r>=0.95; delay<=max(1 min, T/4)"
primary_1080,sinusoid,10.0,plug_flow,5.0,5.0,,0.30331269949070416,0.39766018487628935,-0.2878458233267034,-2.9,steady-state cross-correlation phase,0.36314311920956127,0.2506241734231332,0.9721989936559582,False,"illustrative: amp>=0.90; NRMSE<=0.10; r>=0.95; delay<=max(1 min, T/4)"
primary_1080,sinusoid,10.0,plug_flow,10.0,0.0,,1.0,3.1139969318676344e-15,0.9999999999999997,0.0,steady-state cross-correlation phase,1.0,0.08332176166996666,0.9718253158075499,True,"illustrative: amp>=0.90; NRMSE<=0.10; r>=0.95; delay<=max(1 min, T/4)"
primary_1080,sinusoid,10.0,plug_flow,10.0,1.0,,0.8467134431254508,0.19290795020479629,0.8377861049410894,0.9,steady-state cross-correlation phase,0.8544547028708738,0.09895179012702925,0.9714596676298995,False,"illustrative: amp>=0.90; NRMSE<=0.10; r>=0.95; delay<=max(1 min, T/4)"
primary_1080,sinusoid,10.0,plug_flow,10.0,2.0,,0.622699107507287,0.2800682437742309,0.609621423560856,1.4,steady-state cross-correlation phase,0.6581108223999085,0.15453597787189385,0.9697548541652316,False,"illustrative: amp>=0.90; NRMSE<=0.10; r>=0.95; delay<=max(1 min, T/4)"
primary_1080,sinusoid,10.0,plug_flow,10.0,5.0,,0.3033126994907389,0.33835502637278964,0.2878458233267908,1.95,steady-state cross-correlation phase,0.36314311920956116,0.2535285355488035,0.9627880515294036,False,"illustrative: amp>=0.90; NRMSE<=0.10; r>=0.95; delay<=max(1 min, T/4)"
primary_1080,sinusoid,10.0,plug_flow,15.0,0.0,,1.0,0.7065182610835987,-0.9999999999999997,-5.0,steady-state cross-correlation phase,1.0,0.10349504995013849,0.9564992500481222,False,"illustrative: amp>=0.90; NRMSE<=0.10; r>=0.95; delay<=max(1 min, T/4)"
primary_1080,sinusoid,10.0,plug_flow,15.0,1.0,,0.8467134431254508,0.6257025229409477,-0.8377861049410897,-4.05,steady-state cross-correlation phase,0.854454702870874,0.1164215969157229,0.9553200515038834,False,"illustrative: amp>=0.90; NRMSE<=0.10; r>=0.95; delay<=max(1 min, T/4)"
primary_1080,sinusoid,10.0,plug_flow,15.0,2.0,,0.6226991075072872,0.5178094200423873,-0.6096214235608562,-3.5,steady-state cross-correlation phase,0.6581108223999086,0.1652702144266782,0.952247347791674,False,"illustrative: amp>=0.90; NRMSE<=0.10; r>=0.95; delay<=max(1 min, T/4)"
primary_1080,sinusoid,10.0,plug_flow,15.0,5.0,,0.3033126994907383,0.3976601848762754,-0.2878458233265541,-2.9,steady-state cross-correlation phase,0.3631431192095601,0.25776014589974083,0.942717720914027,False,"illustrative: amp>=0.90; NRMSE<=0.10; r>=0.95; delay<=max(1 min, T/4)"
primary_1080,sinusoid,10.0,well_mixed,0.5,0.0,,0.9540490565980825,0.1114284167165606,0.9489637992652533,0.5,steady-state cross-correlation phase,0.9544214255554608,0.016455309263574573,0.9999642556541974,False,"illustrative: amp>=0.90; NRMSE<=0.10; r>=0.95; delay<=max(1 min, T/4)"
primary_1080,sinusoid,10.0,well_mixed,0.5,1.0,,0.8077958438880697,0.2839436993431117,0.6231783181979905,1.4,steady-state cross-correlation phase,0.8173580394489169,0.06813431569537395,0.9996736033870283,False,"illustrative: amp>=0.90; NRMSE<=0.10; r>=0.95; delay<=max(1 min, T/4)"
primary_1080,sinusoid,10.0,well_mixed,0.5,2.0,,0.5940731492774256,0.3465209731427618,0.3292446752329551,1.9,steady-state cross-correlation phase,0.6312753177170869,0.14349556539139163,0.9983061230757763,False,"illustrative: amp>=0.90; NRMSE<=0.10; r>=0.95; delay<=max(1 min, T/4)"
primary_1080,sinusoid,10.0,well_mixed,0.5,5.0,,0.2893926010481946,0.37053361000185836,-0.02788064601831503,2.45,steady-state cross-correlation phase,0.3497943141357589,0.25070559817363164,0.9924334828690105,False,"illustrative: amp>=0.90; NRMSE<=0.10; r>=0.95; delay<=max(1 min, T/4)"
primary_1080,sinusoid,10.0,well_mixed,1.0,0.0,,0.846713443125451,0.1929079502047964,0.8377861049410893,0.9,steady-state cross-correlation phase,0.8544547028708739,0.05428677572121858,0.9998161033933397,False,"illustrative: amp>=0.90; NRMSE<=0.10; r>=0.95; delay<=max(1 min, T/4)"
primary_1080,sinusoid,10.0,well_mixed,1.0,1.0,,0.7169883318592558,0.34149965415922334,0.40459819011859427,1.75,steady-state cross-correlation phase,0.7355194007547132,0.1011645205031927,0.9982380409148608,False,"illustrative: amp>=0.90; NRMSE<=0.10; r>=0.95; delay<=max(1 min, T/4)"
primary_1080,sinusoid,10.0,well_mixed,1.0,2.0,,0.5272276930200105,0.38619023658173257,0.07934983529449972,2.3,steady-state cross-correlation phase,0.5712480358154677,0.16685681079973916,0.9975673170772044,False,"illustrative: amp>=0.90; NRMSE<=0.10; r>=0.95; delay<=max(1 min, T/4)"
primary_1080,sinusoid,10.0,well_mixed,1.0,5.0,,0.2568471531023293,0.38863316695456235,-0.2801391117819049,2.85,steady-state cross-correlation phase,0.3193934760325905,0.2618892552450105,0.9901299461638114,False,"illustrative: amp>=0.90; NRMSE<=0.10; r>=0.95; delay<=max(1 min, T/4)"
primary_1080,sinusoid,10.0,well_mixed,2.0,0.0,,0.6226991075072872,0.28006824377423095,0.609621423560856,1.4,steady-state cross-correlation phase,0.6581108223999086,0.13340161635049655,0.9986803706913828,False,"illustrative: amp>=0.90; NRMSE<=0.10; r>=0.95; delay<=max(1 min, T/4)"
primary_1080,sinusoid,10.0,well_mixed,2.0,1.0,,0.5272276930200106,0.38619023658173235,0.07934983529450014,2.3,steady-state cross-correlation phase,0.5712480358154671,0.16685681079973924,0.9975673170772041,False,"illustrative: amp>=0.90; NRMSE<=0.10; r>=0.95; delay<=max(1 min, T/4)"
primary_1080,sinusoid,10.0,well_mixed,2.0,2.0,,0.38774983042682426,0.41025459685153176,-0.2547751196798868,2.8,steady-state cross-correlation phase,0.4484395031327269,0.21580214425288066,0.9940695244632354,False,"illustrative: amp>=0.90; NRMSE<=0.10; r>=0.95; delay<=max(1 min, T/4)"
primary_1080,sinusoid,10.0,well_mixed,2.0,5.0,,0.18887867707982903,0.3958799095264395,-0.5820026086217528,3.4,steady-state cross-correlation phase,0.2554854944381947,0.2853988897059954,0.9827943608738962,False,"illustrative: amp>=0.90; NRMSE<=0.10; r>=0.95; delay<=max(1 min, T/4)"
primary_1080,sinusoid,10.0,well_mixed,5.0,0.0,,0.3033126994907044,0.3383550263727958,0.2878458233267358,1.95,steady-state cross-correlation phase,0.3631431192095617,0.246060373562417,0.993418277917774,False,"illustrative: amp>=0.90; NRMSE<=0.10; r>=0.95; delay<=max(1 min, T/4)"
primary_1080,sinusoid,10.0,well_mixed,5.0,1.0,,0.25684715310232814,0.3886331669545622,-0.280139111781904,2.85,steady-state cross-correlation phase,0.31939347603259,0.26188925524501055,0.9901299461638112,False,"illustrative: amp>=0.90; NRMSE<=0.10; r>=0.95; delay<=max(1 min, T/4)"
primary_1080,sinusoid,10.0,well_mixed,5.0,2.0,,0.18887867707982908,0.3958799095264396,-0.5820026086217539,3.4,steady-state cross-correlation phase,0.2554854944381945,0.2853988897059954,0.9827943608738956,False,"illustrative: amp>=0.90; NRMSE<=0.10; r>=0.95; delay<=max(1 min, T/4)"
primary_1080,sinusoid,10.0,well_mixed,5.0,5.0,,0.09200057470767992,0.38078356088810306,-0.8333614027155577,4.05,steady-state cross-correlation phase,0.15075616028031774,0.31968442161010296,0.9445881344164018,False,"illustrative: amp>=0.90; NRMSE<=0.10; r>=0.95; delay<=max(1 min, T/4)"
primary_1080,sinusoid,10.0,well_mixed,10.0,0.0,,0.15716559194276059,0.3497555869021839,0.14140195301757402,2.2,steady-state cross-correlation phase,0.2058195623531952,0.29773052806931266,0.9841262474800343,False,"illustrative: amp>=0.90; NRMSE<=0.10; r>=0.95; delay<=max(1 min, T/4)"
primary_1080,sinusoid,10.0,well_mixed,10.0,1.0,,0.1330959410666856,0.37549820965992564,-0.42057284600511863,3.1,steady-state cross-correlation phase,0.18250583393020353,0.30552911581526665,0.9771965503514801,False,"illustrative: amp>=0.90; NRMSE<=0.10; r>=0.95; delay<=max(1 min, T/4)"
primary_1080,sinusoid,10.0,well_mixed,10.0,2.0,,0.09786999735412372,0.37820059334152556,-0.697189866110434,3.7,steady-state cross-correlation phase,0.14777131170044921,0.31763775229812724,0.9608127300179773,False,"illustrative: amp>=0.90; NRMSE<=0.10; r>=0.95; delay<=max(1 min, T/4)"
primary_1080,sinusoid,10.0,well_mixed,10.0,5.0,,0.04767725127559541,0.3686048859030827,-0.9067942599608289,4.3,steady-state cross-correlation phase,0.08924736906901931,0.33571326358150405,0.8727606667762131,False,"illustrative: amp>=0.90; NRMSE<=0.10; r>=0.95; delay<=max(1 min, T/4)"
primary_1080,sinusoid,10.0,well_mixed,15.0,0.0,,0.1055158242934714,0.35187946214132565,0.08972583447324022,2.25,steady-state cross-correlation phase,0.1436782136261472,0.3161513160405902,0.9739097563187061,False,"illustrative: amp>=0.90; NRMSE<=0.10; r>=0.95; delay<=max(1 min, T/4)"
primary_1080,sinusoid,10.0,well_mixed,15.0,1.0,,0.0893372736494939,0.3690840342852999,-0.4672157310889382,3.2,steady-state cross-correlation phase,0.12783727290733565,0.3210115437470123,0.9653886230188617,False,"illustrative: amp>=0.90; NRMSE<=0.10; r>=0.95; delay<=max(1 min, T/4)"
primary_1080,sinusoid,10.0,well_mixed,15.0,2.0,,0.06570394616637143,0.37063556486364907,-0.7335880838722423,3.75,steady-state cross-correlation phase,0.10406118884496862,0.32916075775808995,0.9390058744196768,False,"illustrative: amp>=0.90; NRMSE<=0.10; r>=0.95; delay<=max(1 min, T/4)"
primary_1080,sinusoid,10.0,well_mixed,15.0,5.0,,0.03200661536545446,0.3637729983248173,-0.9275450824829855,4.4,steady-state cross-correlation phase,0.06348987415190055,0.3414299258899429,0.8154707619535962,False,"illustrative: amp>=0.90; NRMSE<=0.10; r>=0.95; delay<=max(1 min, T/4)"
primary_1080,sinusoid,10.0,distributed_RTD,0.5,0.0,3.0,0.9837748114913749,0.10955812060384615,0.9512541046644838,0.5,steady-state cross-correlation phase,0.9837749686913164,0.005838066356561967,0.9999950369966837,False,"illustrative: amp>=0.90; NRMSE<=0.10; r>=0.95; delay<=max(1 min, T/4)"
primary_1080,sinusoid,10.0,distributed_RTD,0.5,1.0,3.0,0.8329859990125946,0.2840403125125441,0.6288946977273701,1.35,steady-state cross-correlation phase,0.8411375132007299,0.06049478623033661,0.9990518519954481,False,"illustrative: amp>=0.90; NRMSE<=0.10; r>=0.95; delay<=max(1 min, T/4)"
primary_1080,sinusoid,10.0,distributed_RTD,0.5,2.0,3.0,0.6125980090907814,0.3468292230844576,0.3361512672794842,1.9,steady-state cross-correlation phase,0.6484759051458328,0.13685396394497965,0.9986652689229026,False,"illustrative: amp>=0.90; NRMSE<=0.10; r>=0.95; delay<=max(1 min, T/4)"
primary_1080,sinusoid,10.0,distributed_RTD,0.5,5.0,3.0,0.2983881343723404,0.370776451723409,-0.020561666180071693,2.45,steady-state cross-correlation phase,0.35836245071315065,0.2474733647905576,0.9932441801552566,False,"illustrative: amp>=0.90; NRMSE<=0.10; r>=0.95; delay<=max(1 min, T/4)"
primary_1080,sinusoid,10.0,distributed_RTD,1.0,0.0,3.0,0.9375973977478134,0.20994901190488974,0.8137895229192484,0.95,steady-state cross-correlation phase,0.9378124473595624,0.02342133158728717,0.9997323601074178,False,"illustrative: amp>=0.90; NRMSE<=0.10; r>=0.95; delay<=max(1 min, T/4)"
primary_1080,sinusoid,10.0,distributed_RTD,1.0,1.0,3.0,0.7939568669187755,0.3621827613321736,0.3653812959980381,1.85,steady-state cross-correlation phase,0.8037734670332333,0.07356296996450566,0.9992659421504262,False,"illustrative: amp>=0.90; NRMSE<=0.10; r>=0.95; delay<=max(1 min, T/4)"
primary_1080,sinusoid,10.0,distributed_RTD,1.0,2.0,3.0,0.5838585629487497,0.402594342259695,0.03694838479544855,2.35,steady-state cross-correlation phase,0.6214038927261587,0.1473516787535,0.9974963790915102,False,"illustrative: amp>=0.90; NRMSE<=0.10; r>=0.95; delay<=max(1 min, T/4)"
primary_1080,sinusoid,10.0,distributed_RTD,1.0,5.0,3.0,0.2843867451700284,0.3971301224435604,-0.32066155805019825,2.95,steady-state cross-correlation phase,0.344921602459617,0.2519907679084732,0.9929342627817298,False,"illustrative: amp>=0.90; NRMSE<=0.10; r>=0.95; delay<=max(1 min, T/4)"
primary_1080,sinusoid,10.0,distributed_RTD,2.0,0.0,3.0,0.7846669756266779,0.35925825125986954,0.37110545610525936,1.8,steady-state cross-correlation phase,0.7935132992148102,0.07828368630331456,0.9981321892724377,False,"illustrative: amp>=0.90; NRMSE<=0.10; r>=0.95; delay<=max(1 min, T/4)"
primary_1080,sinusoid,10.0,distributed_RTD,2.0,1.0,3.0,0.6644165493140393,0.46083035083938856,-0.1944844664742499,2.7,steady-state cross-correlation phase,0.6854927724956967,0.11989038229482757,0.9970813069879998,False,"illustrative: amp>=0.90; NRMSE<=0.10; r>=0.95; delay<=max(1 min, T/4)"
primary_1080,sinusoid,10.0,distributed_RTD,2.0,2.0,3.0,0.48861761164965406,0.4655020850067863,-0.5080431124078819,3.3,steady-state cross-correlation phase,0.53482210426399,0.17976544137735898,0.9976994830857063,False,"illustrative: amp>=0.90; NRMSE<=0.10; r>=0.95; delay<=max(1 min, T/4)"
primary_1080,sinusoid,10.0,distributed_RTD,2.0,5.0,3.0,0.2379907373484762,0.4222727667527733,-0.7813209698581812,3.9,steady-state cross-correlation phase,0.30118473015183533,0.2679019879590842,0.9905467321688027,False,"illustrative: amp>=0.90; NRMSE<=0.10; r>=0.95; delay<=max(1 min, T/4)"
primary_1080,sinusoid,10.0,distributed_RTD,5.0,0.0,3.0,0.3293903756669984,0.44761854785903354,-0.7537351499398616,3.8,steady-state cross-correlation phase,0.39579512804818795,0.23553732481579145,0.9936822243596061,False,"illustrative: amp>=0.90; NRMSE<=0.10; r>=0.95; delay<=max(1 min, T/4)"
primary_1080,sinusoid,10.0,distributed_RTD,5.0,1.0,3.0,0.27889633412751746,0.451043587406412,-0.9902642052577568,4.8,steady-state cross-correlation phase,0.3500216618635351,0.2536349167418915,0.9915815114968479,False,"illustrative: amp>=0.90; NRMSE<=0.10; r>=0.95; delay<=max(1 min, T/4)"
primary_1080,sinusoid,10.0,distributed_RTD,5.0,2.0,3.0,0.20510675200716783,0.4245408243856264,-0.9803664169316095,-4.7,steady-state cross-correlation phase,0.2822437705256053,0.2828154663191773,0.9573466292479103,False,"illustrative: amp>=0.90; NRMSE<=0.10; r>=0.95; delay<=max(1 min, T/4)"
primary_1080,sinusoid,10.0,distributed_RTD,5.0,5.0,3.0,0.09991440380157479,0.383587123169363,-0.8457300503310782,-4.1,steady-state cross-correlation phase,0.16886406859535186,0.31841431184737634,0.9109007755195456,False,"illustrative: amp>=0.90; NRMSE<=0.10; r>=0.95; delay<=max(1 min, T/4)"
primary_1080,sinusoid,10.0,distributed_RTD,10.0,0.0,3.0,0.07998257409868786,0.3808005509858337,-0.9725610264312878,-4.6,steady-state cross-correlation phase,0.14696383095098436,0.32550862006689457,0.8834332560180372,False,"illustrative: amp>=0.90; NRMSE<=0.10; r>=0.95; delay<=max(1 min, T/4)"
primary_1080,sinusoid,10.0,distributed_RTD,10.0,1.0,3.0,0.06773275304442772,0.3701438317119591,-0.687994608859687,-3.65,steady-state cross-correlation phase,0.13409025857695078,0.32950510616133205,0.8496508657821814,False,"illustrative: amp>=0.90; NRMSE<=0.10; r>=0.95; delay<=max(1 min, T/4)"
primary_1080,sinusoid,10.0,distributed_RTD,10.0,2.0,3.0,0.04980602598617667,0.36082406304112574,-0.4089851570968965,-3.1,steady-state cross-correlation phase,0.11351506076461071,0.3360051905738539,0.7780429447415493,False,"illustrative: amp>=0.90; NRMSE<=0.10; r>=0.95; delay<=max(1 min, T/4)"
primary_1080,sinusoid,10.0,distributed_RTD,10.0,5.0,3.0,0.024263142885312117,0.35385989963230685,-0.05788264905231569,-2.5,steady-state cross-correlation phase,0.07452047396249734,0.3453604797001382,0.5784928477669001,False,"illustrative: amp>=0.90; NRMSE<=0.10; r>=0.95; delay<=max(1 min, T/4)"
primary_1080,sinusoid,10.0,distributed_RTD,15.0,0.0,3.0,0.02790230846659908,0.36117767340181406,-0.7978427728882813,-3.95,steady-state cross-correlation phase,0.07286400549213462,0.3431583075993491,0.6630238672116966,False,"illustrative: amp>=0.90; NRMSE<=0.10; r>=0.95; delay<=max(1 min, T/4)"
primary_1080,sinusoid,10.0,distributed_RTD,15.0,1.0,3.0,0.023628860382070904,0.3561899425201595,-0.3402234016763773,-2.95,steady-state cross-correlation phase,0.06790724188202346,0.34510805937786404,0.5977973807518034,False,"illustrative: amp>=0.90; NRMSE<=0.10; r>=0.95; delay<=max(1 min, T/4)"
primary_1080,sinusoid,10.0,distributed_RTD,15.0,2.0,3.0,0.017375524909584994,0.3533745972457995,-0.010079783500422296,-2.4,steady-state cross-correlation phase,0.05946376024919925,0.3478195698797541,0.4887123987075087,False,"illustrative: amp>=0.90; NRMSE<=0.10; r>=0.95; delay<=max(1 min, T/4)"
primary_1080,sinusoid,10.0,distributed_RTD,15.0,5.0,3.0,0.008463997018308411,0.3522342231808531,0.3460095419030282,-1.85,steady-state cross-correlation phase,0.04184368868324345,0.35134177780015996,0.2896916406197829,False,"illustrative: amp>=0.90; NRMSE<=0.10; r>=0.95; delay<=max(1 min, T/4)"
primary_1080,sinusoid,30.0,plug_flow,0.5,0.0,,1.0,0.037017325911641426,0.9945158619169219,0.5,steady-state cross-correlation phase,1.0,4.5867748314137986e-17,1.0,True,"illustrative: amp>=0.90; NRMSE<=0.10; r>=0.95; delay<=max(1 min, T/4)"
primary_1080,sinusoid,30.0,plug_flow,0.5,1.0,,0.9787655860838196,0.11051112999795912,0.9502935868822193,1.5,steady-state cross-correlation phase,0.9787865122359504,0.007711021475343503,0.9999858899051824,False,"illustrative: amp>=0.90; NRMSE<=0.10; r>=0.95; delay<=max(1 min, T/4)"
primary_1080,sinusoid,30.0,plug_flow,0.5,2.0,,0.9223476690296826,0.1724322033163584,0.8742595979918921,2.35,steady-state cross-correlation phase,0.9239885619126665,0.02798837175863144,0.9998291929691359,False,"illustrative: amp>=0.90; NRMSE<=0.10; r>=0.95; delay<=max(1 min, T/4)"
primary_1080,sinusoid,30.0,plug_flow,0.5,5.0,,0.690620915516166,0.2824913709304449,0.6068690665563402,4.2,steady-state cross-correlation phase,0.7173097235977948,0.10937952442656579,0.9983695611734502,False,"illustrative: amp>=0.90; NRMSE<=0.10; r>=0.95; delay<=max(1 min, T/4)"
primary_1080,sinusoid,30.0,plug_flow,1.0,0.0,,1.0,0.07393285399860304,0.9781241242599799,1.0,steady-state cross-correlation phase,1.0,6.552743623268579e-17,0.9999999999999999,True,"illustrative: amp>=0.90; NRMSE<=0.10; r>=0.95; delay<=max(1 min, T/4)"
primary_1080,sinusoid,30.0,plug_flow,1.0,1.0,,0.9787655860838196,0.1464597250464968,0.9125247335634019,1.95,steady-state cross-correlation phase,0.9787865122359504,0.008802702803372229,0.9999139083269383,False,"illustrative: amp>=0.90; NRMSE<=0.10; r>=0.95; delay<=max(1 min, T/4)"
primary_1080,sinusoid,30.0,plug_flow,1.0,2.0,,0.9223476690296826,0.20624608806200428,0.8187114949930007,2.85,steady-state cross-correlation phase,0.9239885619126665,0.028010190958182708,0.9998293696399858,False,"illustrative: amp>=0.90; NRMSE<=0.10; r>=0.95; delay<=max(1 min, T/4)"
primary_1080,sinusoid,30.0,plug_flow,1.0,5.0,,0.690620915516166,0.3077579744325685,0.5204831170739957,4.7,steady-state cross-correlation phase,0.7173097235977948,0.10936534142869775,0.9983662010470312,False,"illustrative: amp>=0.90; NRMSE<=0.10; r>=0.95; delay<=max(1 min, T/4)"
primary_1080,sinusoid,30.0,plug_flow,2.0,0.0,,1.0,0.1470530481305419,0.9134615535364597,1.95,steady-state cross-correlation phase,1.0,0.0036884398193188263,0.999945972392262,False,"illustrative: amp>=0.90; NRMSE<=0.10; r>=0.95; delay<=max(1 min, T/4)"
primary_1080,sinusoid,30.0,plug_flow,2.0,1.0,,0.9787655860838196,0.21711542017783128,0.8075097746659388,2.9,steady-state cross-correlation phase,0.9787865122359503,0.011060774972999211,0.9997356597588509,False,"illustrative: amp>=0.90; NRMSE<=0.10; r>=0.95; delay<=max(1 min, T/4)"
primary_1080,sinusoid,30.0,plug_flow,2.0,2.0,,0.9223476690296826,0.2723760775207815,0.6814250874809987,3.8,steady-state cross-correlation phase,0.9239885619126665,0.028821554391959246,0.9996474663951429,False,"illustrative: amp>=0.90; NRMSE<=0.10; r>=0.95; delay<=max(1 min, T/4)"
primary_1080,sinusoid,30.0,plug_flow,2.0,5.0,,0.690620915516166,0.3568180089249991,0.3316482136237839,5.65,steady-state cross-correlation phase,0.7173097235977948,0.10962533889662104,0.997962141334977,False,"illustrative: amp>=0.90; NRMSE<=0.10; r>=0.95; delay<=max(1 min, T/4)"
primary_1080,sinusoid,30.0,plug_flow,5.0,0.0,,1.0,0.3536024645598635,0.4997919123167146,4.8,steady-state cross-correlation phase,1.0,0.014736212680978142,0.9991391797669654,False,"illustrative: amp>=0.90; NRMSE<=0.10; r>=0.95; delay<=max(1 min, T/4)"
primary_1080,sinusoid,30.0,plug_flow,5.0,1.0,,0.9787655860838196,0.4119405591168027,0.3066788895020431,5.75,steady-state cross-correlation phase,0.9787865122359504,0.020458624912151058,0.9985496799073558,False,"illustrative: amp>=0.90; NRMSE<=0.10; r>=0.95; delay<=max(1 min, T/4)"
primary_1080,sinusoid,30.0,plug_flow,5.0,2.0,,0.9223476690296826,0.45095463792286355,0.12129996736505202,6.65,steady-state cross-correlation phase,0.9239885619126665,0.033459722652649765,0.9984420988610649,False,"illustrative: amp>=0.90; NRMSE<=0.10; r>=0.95; delay<=max(1 min, T/4)"
primary_1080,sinusoid,30.0,plug_flow,5.0,5.0,,0.690620915516166,0.4836715369162875,-0.28589728164127026,8.6,steady-state cross-correlation phase,0.7173097235977948,0.10945826412234459,0.9973993664133946,False,"illustrative: amp>=0.90; NRMSE<=0.10; r>=0.95; delay<=max(1 min, T/4)"
primary_1080,sinusoid,30.0,plug_flow,10.0,0.0,,1.0,0.6122874252927063,-0.4997919123167143,9.8,steady-state cross-correlation phase,1.0,0.014867640272046526,0.99910659305533,False,"illustrative: amp>=0.90; NRMSE<=0.10; r>=0.95; delay<=max(1 min, T/4)"
primary_1080,sinusoid,30.0,plug_flow,10.0,1.0,,0.9787655860838196,0.6393296443821509,-0.6706299139137126,10.85,steady-state cross-correlation phase,0.9787865122359504,0.01399088751360888,0.9994267063871766,False,"illustrative: amp>=0.90; NRMSE<=0.10; r>=0.95; delay<=max(1 min, T/4)"
primary_1080,sinusoid,30.0,plug_flow,10.0,2.0,,0.9223476690296826,0.6445005811599962,-0.7987800027586746,11.8,steady-state cross-correlation phase,0.9239885619126665,0.028553754648506974,0.9996310738483424,False,"illustrative: amp>=0.90; NRMSE<=0.10; r>=0.95; delay<=max(1 min, T/4)"
primary_1080,sinusoid,30.0,plug_flow,10.0,5.0,,0.690620915516166,0.5936315881395388,-0.9728326557776129,13.85,steady-state cross-correlation phase,0.7173097235977948,0.1079623209307074,0.9988488358833776,False,"illustrative: amp>=0.90; NRMSE<=0.10; r>=0.95; delay<=max(1 min, T/4)"
primary_1080,sinusoid,30.0,plug_flow,15.0,0.0,,1.0,0.7069104444394095,-1.0,-15.0,steady-state cross-correlation phase,1.0,0.09127695159739224,0.9678362661438638,False,"illustrative: amp>=0.90; NRMSE<=0.10; r>=0.95; delay<=max(1 min, T/4)"
primary_1080,sinusoid,30.0,plug_flow,15.0,1.0,,0.9787655860838196,0.6954948318832751,-0.9776438038563998,-13.95,steady-state cross-correlation phase,0.9787865122359503,0.09154926636691725,0.9676744376607842,False,"illustrative: amp>=0.90; NRMSE<=0.10; r>=0.95; delay<=max(1 min, T/4)"
primary_1080,sinusoid,30.0,plug_flow,15.0,2.0,,0.9223476690296826,0.665827699676504,-0.9202285231422761,-13.05,steady-state cross-correlation phase,0.9239885619126665,0.09550155520564559,0.9670766662149023,False,"illustrative: amp>=0.90; NRMSE<=0.10; r>=0.95; delay<=max(1 min, T/4)"
primary_1080,sinusoid,30.0,plug_flow,15.0,5.0,,0.690620915516166,0.5505181704203516,-0.6866172030069131,-10.95,steady-state cross-correlation phase,0.7173097235977948,0.14211452230088034,0.960856270834103,False,"illustrative: amp>=0.90; NRMSE<=0.10; r>=0.95; delay<=max(1 min, T/4)"
primary_1080,sinusoid,30.0,well_mixed,0.5,0.0,,0.99455396725013,0.038704993701264734,0.9939864589660697,0.5,steady-state cross-correlation phase,0.9945539733747629,0.0026372961557008527,0.9999868385642809,True,"illustrative: amp>=0.90; NRMSE<=0.10; r>=0.95; delay<=max(1 min, T/4)"
primary_1080,sinusoid,30.0,well_mixed,0.5,1.0,,0.97344456385846,0.11205214894597815,0.9487422754455727,1.5,steady-state cross-correlation phase,0.9734693287623674,0.009857579470460023,0.9999610432592576,False,"illustrative: amp>=0.90; NRMSE<=0.10; r>=0.95; delay<=max(1 min, T/4)"
primary_1080,sinusoid,30.0,well_mixed,0.5,2.0,,0.9173419933780496,0.17386295425731554,0.8718486266732399,2.4,steady-state cross-correlation phase,0.9190498522969969,0.029525483166756055,0.9998747211219424,False,"illustrative: amp>=0.90; NRMSE<=0.10; r>=0.95; delay<=max(1 min, T/4)"
primary_1080,sinusoid,30.0,well_mixed,0.5,5.0,,0.6868703662365251,0.28354900208574,0.6029335930960189,4.25,steady-state cross-correlation phase,0.7137241472985641,0.11054721361155824,0.9985104496506241,False,"illustrative: amp>=0.90; NRMSE<=0.10; r>=0.95; delay<=max(1 min, T/4)"
primary_1080,sinusoid,30.0,well_mixed,1.0,0.0,,0.9787655860838196,0.074321420163551,0.9776438038563996,1.0,steady-state cross-correlation phase,0.9787865122359504,0.007703317253897393,0.9999858804933912,True,"illustrative: amp>=0.90; NRMSE<=0.10; r>=0.95; delay<=max(1 min, T/4)"
primary_1080,sinusoid,30.0,well_mixed,1.0,1.0,,0.9579770248927947,0.14623738018898122,0.911583103748161,2.0,steady-state cross-correlation phase,0.9580667511216515,0.015143625499823388,0.9999582816297149,False,"illustrative: amp>=0.90; NRMSE<=0.10; r>=0.95; delay<=max(1 min, T/4)"
primary_1080,sinusoid,30.0,well_mixed,1.0,2.0,,0.9027638647901784,0.20585249180968454,0.8173910450822535,2.85,steady-state cross-correlation phase,0.9047713584559638,0.03495959736801085,0.9997639387852881,False,"illustrative: amp>=0.90; NRMSE<=0.10; r>=0.95; delay<=max(1 min, T/4)"
primary_1080,sinusoid,30.0,well_mixed,1.0,5.0,,0.6759608270804845,0.3073248545801698,0.5185222481675542,4.7,steady-state cross-correlation phase,0.7034032019197165,0.11455955526419896,0.998188250189013,False,"illustrative: amp>=0.90; NRMSE<=0.10; r>=0.95; delay<=max(1 min, T/4)"
primary_1080,sinusoid,30.0,well_mixed,2.0,0.0,,0.9223476690296826,0.13833806049293187,0.9202285231422758,1.9,steady-state cross-correlation phase,0.9239885619126665,0.027638713281305356,0.9999052665148147,False,"illustrative: amp>=0.90; NRMSE<=0.10; r>=0.95; delay<=max(1 min, T/4)"
primary_1080,sinusoid,30.0,well_mixed,2.0,1.0,,0.9027638647901782,0.20585249180968454,0.8173910450822532,2.85,steady-state cross-correlation phase,0.9047713584559638,0.034959597368010915,0.9997639387852881,False,"illustrative: amp>=0.90; NRMSE<=0.10; r>=0.95; delay<=max(1 min, T/4)"
primary_1080,sinusoid,30.0,well_mixed,2.0,2.0,,0.8507362069974388,0.26056842046023204,0.6937292171014972,3.7,steady-state cross-correlation phase,0.8554757449014071,0.05365769529513519,0.9994011674296114,False,"illustrative: amp>=0.90; NRMSE<=0.10; r>=0.95; delay<=max(1 min, T/4)"
primary_1080,sinusoid,30.0,well_mixed,2.0,5.0,,0.6370005377719536,0.34687848433249724,0.3475804237752624,5.55,steady-state cross-correlation phase,0.6675395741571153,0.12840399789234236,0.9973375942439293,False,"illustrative: amp>=0.90; NRMSE<=0.10; r>=0.95; delay<=max(1 min, T/4)"
primary_1080,sinusoid,30.0,well_mixed,5.0,0.0,,0.690620915516166,0.2569730538788115,0.6866172030069932,3.75,steady-state cross-correlation phase,0.7173097235977948,0.10911616083493757,0.9986585842895588,False,"illustrative: amp>=0.90; NRMSE<=0.10; r>=0.95; delay<=max(1 min, T/4)"
primary_1080,sinusoid,30.0,well_mixed,5.0,1.0,,0.6759608270804852,0.3073248545801699,0.5185222481675538,4.7,steady-state cross-correlation phase,0.7034032019197171,0.11455955526419881,0.998188250189013,False,"illustrative: amp>=0.90; NRMSE<=0.10; r>=0.95; delay<=max(1 min, T/4)"
primary_1080,sinusoid,30.0,well_mixed,5.0,2.0,,0.6370005377719539,0.3468784843324974,0.3475804237752617,5.55,steady-state cross-correlation phase,0.6675395741571155,0.12840399789234228,0.9973375942439296,False,"illustrative: amp>=0.90; NRMSE<=0.10; r>=0.95; delay<=max(1 min, T/4)"
primary_1080,sinusoid,30.0,well_mixed,5.0,5.0,,0.47695762486305776,0.4001542426120632,-0.056529208161131224,7.5,steady-state cross-correlation phase,0.5272142780045839,0.1834441308983865,0.9943559126596508,False,"illustrative: amp>=0.90; NRMSE<=0.10; r>=0.95; delay<=max(1 min, T/4)"
primary_1080,sinusoid,30.0,well_mixed,10.0,0.0,,0.4308727258167892,0.3197938582419208,0.42594242709815117,5.2,steady-state cross-correlation phase,0.48615136857613267,0.2003390726630237,0.9942924311273779,False,"illustrative: amp>=0.90; NRMSE<=0.10; r>=0.95; delay<=max(1 min, T/4)"
primary_1080,sinusoid,30.0,well_mixed,10.0,1.0,,0.42172377806201367,0.35114994333763194,0.22638024812214746,6.15,steady-state cross-correlation phase,0.47742827184705394,0.2034286523449708,0.9934277493787055,False,"illustrative: amp>=0.90; NRMSE<=0.10; r>=0.95; delay<=max(1 min, T/4)"
primary_1080,sinusoid,30.0,well_mixed,10.0,2.0,,0.39741508237684264,0.37534439287384086,0.038254095975849355,7.05,steady-state cross-correlation phase,0.4547711635915087,0.2115828012093209,0.9923433103733282,False,"illustrative: amp>=0.90; NRMSE<=0.10; r>=0.95; delay<=max(1 min, T/4)"
primary_1080,sinusoid,30.0,well_mixed,10.0,5.0,,0.2975693610527612,0.40389495750230603,-0.3646788111214117,9.05,steady-state cross-correlation phase,0.3642303296121787,0.24539254238143454,0.9855376390631518,False,"illustrative: amp>=0.90; NRMSE<=0.10; r>=0.95; delay<=max(1 min, T/4)"
primary_1080,sinusoid,30.0,well_mixed,15.0,0.0,,0.3033184150855205,0.33738255347953355,0.2981716252548414,5.8,steady-state cross-correlation phase,0.36315538394126323,0.24546639020355265,0.9883306565148798,False,"illustrative: amp>=0.90; NRMSE<=0.10; r>=0.95; delay<=max(1 min, T/4)"
primary_1080,sinusoid,30.0,well_mixed,15.0,1.0,,0.2968771771541709,0.35944105793772596,0.09102343907513731,6.8,steady-state cross-correlation phase,0.3569421999412435,0.24729190401803147,0.987601788902945,False,"illustrative: amp>=0.90; NRMSE<=0.10; r>=0.95; delay<=max(1 min, T/4)"
primary_1080,sinusoid,30.0,well_mixed,15.0,2.0,,0.27976432340254337,0.37633530866415593,-0.09878140196739851,7.7,steady-state cross-correlation phase,0.3407329450130108,0.2528411640509343,0.9857645433939457,False,"illustrative: amp>=0.90; NRMSE<=0.10; r>=0.95; delay<=max(1 min, T/4)"
primary_1080,sinusoid,30.0,well_mixed,15.0,5.0,,0.2094796412108969,0.39497202915268964,-0.488631212833404,9.7,steady-state cross-correlation phase,0.2752209866584132,0.2763725672195244,0.974057203026739,False,"illustrative: amp>=0.90; NRMSE<=0.10; r>=0.95; delay<=max(1 min, T/4)"
primary_1080,sinusoid,30.0,distributed_RTD,0.5,0.0,3.0,0.9981753164897083,0.03697577255006873,0.9945198213783372,0.5,steady-state cross-correlation phase,0.9981753164897083,0.0007090383180585832,0.9999996529053462,True,"illustrative: amp>=0.90; NRMSE<=0.10; r>=0.95; delay<=max(1 min, T/4)"
primary_1080,sinusoid,30.0,distributed_RTD,0.5,1.0,3.0,0.97697973352867,0.11044229266484396,0.9503053746359831,1.5,steady-state cross-correlation phase,0.9770016662940774,0.008341464705819918,0.9999847026367922,False,"illustrative: amp>=0.90; NRMSE<=0.10; r>=0.95; delay<=max(1 min, T/4)"
primary_1080,sinusoid,30.0,distributed_RTD,0.5,2.0,3.0,0.9206648157286208,0.17236215403769223,0.8742779748214966,2.35,steady-state cross-correlation phase,0.9223239309949182,0.028572566504817713,0.9998274469812695,False,"illustrative: amp>=0.90; NRMSE<=0.10; r>=0.95; delay<=max(1 min, T/4)"
primary_1080,sinusoid,30.0,distributed_RTD,0.5,5.0,3.0,0.6893606695075931,0.2824357157608107,0.6068991408057505,4.2,steady-state cross-correlation phase,0.7161001788715818,0.10981960595995238,0.9983634200839278,False,"illustrative: amp>=0.90; NRMSE<=0.10; r>=0.95; delay<=max(1 min, T/4)"
primary_1080,sinusoid,30.0,distributed_RTD,1.0,0.0,3.0,0.9927334741305325,0.07358960334188057,0.9781945577486143,1.0,steady-state cross-correlation phase,0.9927334742331846,0.0026918504420828204,0.9999973705552454,True,"illustrative: amp>=0.90; NRMSE<=0.10; r>=0.95; delay<=max(1 min, T/4)"
primary_1080,sinusoid,30.0,distributed_RTD,1.0,1.0,3.0,0.9716541160223203,0.14596315855024128,0.9126632617334447,1.95,steady-state cross-correlation phase,0.9716800978206964,0.011023866541388,0.9999129782100918,False,"illustrative: amp>=0.90; NRMSE<=0.10; r>=0.95; delay<=max(1 min, T/4)"
primary_1080,sinusoid,30.0,distributed_RTD,1.0,2.0,3.0,0.9156466455100666,0.20572962882217352,0.8189059593435786,2.85,steady-state cross-correlation phase,0.9173673356325635,0.03033290963820326,0.9998236992987257,False,"illustrative: amp>=0.90; NRMSE<=0.10; r>=0.95; delay<=max(1 min, T/4)"
primary_1080,sinusoid,30.0,distributed_RTD,1.0,5.0,3.0,0.6856017761561322,0.3073349867964725,0.520772207203333,4.7,steady-state cross-correlation phase,0.7125032116420598,0.11111182560968637,0.9983465744965133,False,"illustrative: amp>=0.90; NRMSE<=0.10; r>=0.95; delay<=max(1 min, T/4)"
primary_1080,sinusoid,30.0,distributed_RTD,2.0,0.0,3.0,0.9714500063239124,0.14437232749852247,0.914553528007269,1.95,steady-state cross-correlation phase,0.9714558735387739,0.010610395179276897,0.999955486501869,False,"illustrative: amp>=0.90; NRMSE<=0.10; r>=0.95; delay<=max(1 min, T/4)"
primary_1080,sinusoid,30.0,distributed_RTD,2.0,1.0,3.0,0.9508277071857734,0.21368900596512766,0.8090941872919859,2.9,steady-state cross-correlation phase,0.9508996709891213,0.018917416859858784,0.999770202650647,False,"illustrative: amp>=0.90; NRMSE<=0.10; r>=0.95; delay<=max(1 min, T/4)"
primary_1080,sinusoid,30.0,distributed_RTD,2.0,2.0,3.0,0.8960242861584975,0.2687890729149834,0.6833917695104319,3.75,steady-state cross-correlation phase,0.8980821839296286,0.03844714034734187,0.9994036193529509,False,"illustrative: amp>=0.90; NRMSE<=0.10; r>=0.95; delay<=max(1 min, T/4)"
primary_1080,sinusoid,30.0,distributed_RTD,2.0,5.0,3.0,0.6709021008554826,0.3537957609448958,0.334184245888728,5.65,steady-state cross-correlation phase,0.6985233678975973,0.11639301358560249,0.9979412898344012,False,"illustrative: amp>=0.90; NRMSE<=0.10; r>=0.95; delay<=max(1 min, T/4)"
primary_1080,sinusoid,30.0,distributed_RTD,5.0,0.0,3.0,0.8415860064652395,0.3181285084794438,0.5337413822390078,4.65,steady-state cross-correlation phase,0.8458138392225136,0.05714572908868515,0.9992466734312514,False,"illustrative: amp>=0.90; NRMSE<=0.10; r>=0.95; delay<=max(1 min, T/4)"
primary_1080,sinusoid,30.0,distributed_RTD,5.0,1.0,3.0,0.8237112280944228,0.37270701204523865,0.34417025306775645,5.6,steady-state cross-correlation phase,0.8286523413956636,0.06409599680877896,0.9987372309293568,False,"illustrative: amp>=0.90; NRMSE<=0.10; r>=0.95; delay<=max(1 min, T/4)"
primary_1080,sinusoid,30.0,distributed_RTD,5.0,2.0,3.0,0.7762359681340751,0.41125812848192933,0.16055084951068208,6.45,steady-state cross-correlation phase,0.7847993231585773,0.08098109611748758,0.9979851047573578,False,"illustrative: amp>=0.90; NRMSE<=0.10; r>=0.95; delay<=max(1 min, T/4)"
primary_1080,sinusoid,30.0,distributed_RTD,5.0,5.0,3.0,0.5812209201992664,0.450740788681615,-0.24768600107486838,8.45,steady-state cross-correlation phase,0.6158165075066164,0.14694696920112663,0.9967102428329335,False,"illustrative: amp>=0.90; NRMSE<=0.10; r>=0.95; delay<=max(1 min, T/4)"
primary_1080,sinusoid,30.0,distributed_RTD,10.0,0.0,3.0,0.551264273183202,0.44500478552756867,-0.2546443397451797,8.45,steady-state cross-correlation phase,0.5889050955153309,0.15745629473607337,0.995819413766673,False,"illustrative: amp>=0.90; NRMSE<=0.10; r>=0.95; delay<=max(1 min, T/4)"
primary_1080,sinusoid,30.0,distributed_RTD,10.0,1.0,3.0,0.5395636799372159,0.471500011508612,-0.4521083990093882,9.5,steady-state cross-correlation phase,0.578165264289183,0.16098212218328065,0.9959714284416135,False,"illustrative: amp>=0.90; NRMSE<=0.10; r>=0.95; delay<=max(1 min, T/4)"
primary_1080,sinusoid,30.0,distributed_RTD,10.0,2.0,3.0,0.5084658191738423,0.4848721032108937,-0.6125482183012116,10.45,steady-state cross-correlation phase,0.5504571546920954,0.17136110742377733,0.995641333139005,False,"illustrative: amp>=0.90; NRMSE<=0.10; r>=0.95; delay<=max(1 min, T/4)"
primary_1080,sinusoid,30.0,distributed_RTD,10.0,5.0,3.0,0.3807179100407212,0.4759715410756603,-0.8777169605024641,12.55,steady-state cross-correlation phase,0.43996324466011416,0.21549072480355577,0.9915298586752677,False,"illustrative: amp>=0.90; NRMSE<=0.10; r>=0.95; delay<=max(1 min, T/4)"
primary_1080,sinusoid,30.0,distributed_RTD,15.0,0.0,3.0,0.32939410909425565,0.4478525193741152,-0.7540951043580616,11.45,steady-state cross-correlation phase,0.39580358055422643,0.23327896208253707,0.9878729276643153,False,"illustrative: amp>=0.90; NRMSE<=0.10; r>=0.95; delay<=max(1 min, T/4)"
primary_1080,sinusoid,30.0,distributed_RTD,15.0,1.0,3.0,0.3224026908848615,0.4565516128847123,-0.8752972369664308,12.5,steady-state cross-correlation phase,0.38931014986748014,0.23582593934462784,0.9874036379100051,False,"illustrative: amp>=0.90; NRMSE<=0.10; r>=0.95; delay<=max(1 min, T/4)"
primary_1080,sinusoid,30.0,distributed_RTD,15.0,2.0,3.0,0.3038209312633829,0.4567907536128083,-0.9509582985491111,13.45,steady-state cross-correlation phase,0.3724037099225585,0.24262188226476358,0.9856789720350172,False,"illustrative: amp>=0.90; NRMSE<=0.10; r>=0.95; delay<=max(1 min, T/4)"
primary_1080,sinusoid,30.0,distributed_RTD,15.0,5.0,3.0,0.22748836528248112,0.43355177846390985,-0.9952505436116507,-14.55,steady-state cross-correlation phase,0.3033090983593077,0.278313308116,0.9207970901170321,False,"illustrative: amp>=0.90; NRMSE<=0.10; r>=0.95; delay<=max(1 min, T/4)"
primary_1080,sinusoid,60.0,plug_flow,0.5,0.0,,1.0,0.018512464064311635,0.9986287751612888,0.5,steady-state cross-correlation phase,1.0,3.235865553530667e-17,1.0,True,"illustrative: amp>=0.90; NRMSE<=0.10; r>=0.95; delay<=max(1 min, T/4)"
primary_1080,sinusoid,60.0,plug_flow,0.5,1.0,,0.9945601721812221,0.05616262832935625,0.9873254511412541,1.5,steady-state cross-correlation phase,0.9945601781565453,0.002154922540322116,0.9999961570887506,True,"illustrative: amp>=0.90; NRMSE<=0.10; r>=0.95; delay<=max(1 min, T/4)"
primary_1080,sinusoid,60.0,plug_flow,0.5,2.0,,0.9787647492041206,0.09150764944436161,0.9659997991532554,2.45,steady-state cross-correlation phase,0.9787854171636615,0.007829058579879079,0.9999783395510525,True,"illustrative: amp>=0.90; NRMSE<=0.10; r>=0.95; delay<=max(1 min, T/4)"
primary_1080,sinusoid,60.0,plug_flow,0.5,5.0,,0.8859075457046377,0.18122694118578242,0.859015799038209,5.0,steady-state cross-correlation phase,0.8900506474905339,0.0406338156759115,0.9997674240976422,False,"illustrative: amp>=0.90; NRMSE<=0.10; r>=0.95; delay<=max(1 min, T/4)"
primary_1080,sinusoid,60.0,plug_flow,1.0,0.0,,1.0,0.03701221950649645,0.9945188777911245,1.0,steady-state cross-correlation phase,1.0,4.571562562907205e-17,1.0,True,"illustrative: amp>=0.90; NRMSE<=0.10; r>=0.95; delay<=max(1 min, T/4)"
primary_1080,sinusoid,60.0,plug_flow,1.0,1.0,,0.9945601721812221,0.07453863018627783,0.9776633377806982,2.0,steady-state cross-correlation phase,0.9945601781565453,0.0021559565055431287,0.9999961623890773,True,"illustrative: amp>=0.90; NRMSE<=0.10; r>=0.95; delay<=max(1 min, T/4)"
primary_1080,sinusoid,60.0,plug_flow,1.0,2.0,,0.9787647492041206,0.1095835731352714,0.9511410801517973,2.95,steady-state cross-correlation phase,0.9787854171636615,0.007833130597931665,0.9999783621446999,False,"illustrative: amp>=0.90; NRMSE<=0.10; r>=0.95; delay<=max(1 min, T/4)"
primary_1080,sinusoid,60.0,plug_flow,1.0,5.0,,0.8859075457046377,0.19757964357759614,0.8310417341516755,5.45,steady-state cross-correlation phase,0.8900506474905339,0.040849265785092015,0.9996970526922488,False,"illustrative: amp>=0.90; NRMSE<=0.10; r>=0.95; delay<=max(1 min, T/4)"
primary_1080,sinusoid,60.0,plug_flow,2.0,0.0,,1.0,0.07392282306868568,0.9781358590258779,2.0,steady-state cross-correlation phase,1.0,6.536342829475217e-17,0.9999999999999999,True,"illustrative: amp>=0.90; NRMSE<=0.10; r>=0.95; delay<=max(1 min, T/4)"
primary_1080,sinusoid,60.0,plug_flow,2.0,1.0,,0.9945601721812221,0.11113266064113454,0.9503303083852918,2.95,steady-state cross-correlation phase,0.9945601781565453,0.003285558193042263,0.9999716867232162,False,"illustrative: amp>=0.90; NRMSE<=0.10; r>=0.95; delay<=max(1 min, T/4)"
primary_1080,sinusoid,60.0,plug_flow,2.0,2.0,,0.9787647492041206,0.1455362193168674,0.9136480034127473,3.9,steady-state cross-correlation phase,0.9787854171636615,0.008390821370657506,0.9999425520923058,False,"illustrative: amp>=0.90; NRMSE<=0.10; r>=0.95; delay<=max(1 min, T/4)"
primary_1080,sinusoid,60.0,plug_flow,2.0,5.0,,0.8859075457046377,0.23004753279762433,0.7683441671037422,6.4,steady-state cross-correlation phase,0.8900506474905339,0.04115066609829207,0.9996003837384677,False,"illustrative: amp>=0.90; NRMSE<=0.10; r>=0.95; delay<=max(1 min, T/4)"
primary_1080,sinusoid,60.0,plug_flow,5.0,0.0,,1.0,0.18303470746302397,0.8659652860929438,4.85,steady-state cross-correlation phase,1.0,0.005528629141866747,0.9998787856432418,False,"illustrative: amp>=0.90; NRMSE<=0.10; r>=0.95; delay<=max(1 min, T/4)"
primary_1080,sinusoid,60.0,plug_flow,5.0,1.0,,0.9945601721812221,0.21870337977527646,0.8076088575047897,5.85,steady-state cross-correlation phase,0.9945601781565453,0.006582720871663126,0.9998428582084684,False,"illustrative: amp>=0.90; NRMSE<=0.10; r>=0.95; delay<=max(1 min, T/4)"
primary_1080,sinusoid,60.0,plug_flow,5.0,2.0,,0.9787647492041206,0.2507203807188173,0.7432901749324815,6.75,steady-state cross-correlation phase,0.9787854171636615,0.011730891638328252,0.9996756173167681,False,"illustrative: amp>=0.90; NRMSE<=0.10; r>=0.95; delay<=max(1 min, T/4)"
primary_1080,sinusoid,60.0,plug_flow,5.0,5.0,,0.8859075457046377,0.3241155523732376,0.5329660224859275,9.25,steady-state cross-correlation phase,0.8900506474905339,0.042459905293135966,0.9991499141930578,False,"illustrative: amp>=0.90; NRMSE<=0.10; r>=0.95; delay<=max(1 min, T/4)"
primary_1080,sinusoid,60.0,plug_flow,10.0,0.0,,1.0,0.3535779352418918,0.49989589478320046,9.6,steady-state cross-correlation phase,1.0,0.014736324233393237,0.9991392318704672,False,"illustrative: amp>=0.90; NRMSE<=0.10; r>=0.95; delay<=max(1 min, T/4)"
primary_1080,sinusoid,60.0,plug_flow,10.0,1.0,,0.9945601721812221,0.3847634499760055,0.40457749476299976,10.6,steady-state cross-correlation phase,0.9945601781565453,0.015600063504990502,0.999047919929929,False,"illustrative: amp>=0.90; NRMSE<=0.10; r>=0.95; delay<=max(1 min, T/4)"
primary_1080,sinusoid,60.0,plug_flow,10.0,2.0,,0.9787647492041206,0.4111743549244634,0.30927721892890153,11.5,steady-state cross-correlation phase,0.9787854171636615,0.019608362101863206,0.9986871046030765,False,"illustrative: amp>=0.90; NRMSE<=0.10; r>=0.95; delay<=max(1 min, T/4)"
primary_1080,sinusoid,60.0,plug_flow,10.0,5.0,,0.8859075457046377,0.4631911259417547,0.03860820130473017,14.1,steady-state cross-correlation phase,0.8900506474905339,0.04428868694939579,0.9984363410005267,False,"illustrative: amp>=0.90; NRMSE<=0.10; r>=0.95; delay<=max(1 min, T/4)"
primary_1080,sinusoid,60.0,plug_flow,15.0,0.0,,1.0,0.5,4.341000276210876e-17,14.45,steady-state cross-correlation phase,1.0,0.020343302084297715,0.9983454360711318,False,"illustrative: amp>=0.90; NRMSE<=0.10; r>=0.95; delay<=max(1 min, T/4)"
primary_1080,sinusoid,60.0,plug_flow,15.0,1.0,,0.9945601721812221,0.5245803390935588,-0.10674603038346281,15.45,steady-state cross-correlation phase,0.9945601781565453,0.021176142466125595,0.9982148297616622,False,"illustrative: amp>=0.90; NRMSE<=0.10; r>=0.95; delay<=max(1 min, T/4)"
primary_1080,sinusoid,60.0,plug_flow,15.0,2.0,,0.9787647492041206,0.5436159150037828,-0.20750901567892277,16.45,steady-state cross-correlation phase,0.9787854171636616,0.021387221323691773,0.9983758288282574,False,"illustrative: amp>=0.90; NRMSE<=0.10; r>=0.95; delay<=max(1 min, T/4)"
primary_1080,sinusoid,60.0,plug_flow,15.0,5.0,,0.8859075457046377,0.5712312791899847,-0.46608076155956035,19.2,steady-state cross-correlation phase,0.8900506474905339,0.042754866706838736,0.9989075267345914,False,"illustrative: amp>=0.90; NRMSE<=0.10; r>=0.95; delay<=max(1 min, T/4)"
primary_1080,sinusoid,60.0,well_mixed,0.5,0.0,,0.9986297624878332,0.019429108257573113,0.9984884880622242,0.5,steady-state cross-correlation phase,0.9986297624878341,0.0010558890645389013,0.9999964714861861,True,"illustrative: amp>=0.90; NRMSE<=0.10; r>=0.95; delay<=max(1 min, T/4)"
primary_1080,sinusoid,60.0,well_mixed,0.5,1.0,,0.9932032514527247,0.057060081861604495,0.9869071271145354,1.55,steady-state cross-correlation phase,0.993203258524403,0.0025169549069118118,0.9999976808638394,True,"illustrative: amp>=0.90; NRMSE<=0.10; r>=0.95; delay<=max(1 min, T/4)"
primary_1080,sinusoid,60.0,well_mixed,0.5,2.0,,0.977424516741137,0.0923879752776789,0.9653205441303088,2.5,steady-state cross-correlation phase,0.9774462522873183,0.008176460299751668,0.9999852839763183,True,"illustrative: amp>=0.90; NRMSE<=0.10; r>=0.95; delay<=max(1 min, T/4)"
primary_1080,sinusoid,60.0,well_mixed,0.5,5.0,,0.884698212762757,0.1820214979980991,0.8576745316458335,5.0,steady-state cross-correlation phase,0.8888629831003281,0.04114941468726541,0.9997333727831084,False,"illustrative: amp>=0.90; NRMSE<=0.10; r>=0.95; delay<=max(1 min, T/4)"
primary_1080,sinusoid,60.0,well_mixed,1.0,0.0,,0.9945601721812221,0.03775603758695811,0.9942800252587307,1.0,steady-state cross-correlation phase,0.9945601781565453,0.0021539403990093733,0.9999961515795434,True,"illustrative: amp>=0.90; NRMSE<=0.10; r>=0.95; delay<=max(1 min, T/4)"
primary_1080,sinusoid,60.0,well_mixed,1.0,1.0,,0.9891547318945073,0.07519879111549217,0.9771858228842448,2.0,steady-state cross-correlation phase,0.9891547725876992,0.00424432632515909,0.9999865172175603,True,"illustrative: amp>=0.90; NRMSE<=0.10; r>=0.95; delay<=max(1 min, T/4)"
primary_1080,sinusoid,60.0,well_mixed,1.0,2.0,,0.9734412189575794,0.11020747770853513,0.9504408549015917,2.95,steady-state cross-correlation phase,0.9734666069747572,0.009847418857180608,0.9999620381589914,False,"illustrative: amp>=0.90; NRMSE<=0.10; r>=0.95; delay<=max(1 min, T/4)"
primary_1080,sinusoid,60.0,well_mixed,1.0,5.0,,0.8810922962780783,0.1981205299361292,0.8297827159466711,5.5,steady-state cross-correlation phase,0.8853356501325406,0.04241440250524196,0.999730774932124,False,"illustrative: amp>=0.90; NRMSE<=0.10; r>=0.95; delay<=max(1 min, T/4)"
primary_1080,sinusoid,60.0,well_mixed,2.0,0.0,,0.9787647492041206,0.073394593384426,0.9782097046910684,2.0,steady-state cross-correlation phase,0.9787854171636615,0.007680183612194764,0.9999873780342462,True,"illustrative: amp>=0.90; NRMSE<=0.10; r>=0.95; delay<=max(1 min, T/4)"
primary_1080,sinusoid,60.0,well_mixed,2.0,1.0,,0.9734412189575792,0.11020747770853512,0.9504408549015915,2.95,steady-state cross-correlation phase,0.973466606974757,0.009847418857180705,0.9999620381589913,False,"illustrative: amp>=0.90; NRMSE<=0.10; r>=0.95; delay<=max(1 min, T/4)"
primary_1080,sinusoid,60.0,well_mixed,2.0,2.0,,0.9579803133573866,0.1444357923612917,0.9137924004232266,3.9,steady-state cross-correlation phase,0.9580680149106687,0.015396797236223036,0.999927175889097,False,"illustrative: amp>=0.90; NRMSE<=0.10; r>=0.95; delay<=max(1 min, T/4)"
primary_1080,sinusoid,60.0,well_mixed,2.0,5.0,,0.8670944678571674,0.22883076320083676,0.7685715291228379,6.4,steady-state cross-correlation phase,0.8717594915988311,0.04766600198232601,0.9995658294962431,False,"illustrative: amp>=0.90; NRMSE<=0.10; r>=0.95; delay<=max(1 min, T/4)"
primary_1080,sinusoid,60.0,well_mixed,5.0,0.0,,0.8859075457046377,0.16483384662463946,0.8846354242980159,4.5,steady-state cross-correlation phase,0.8900506474905339,0.040618581622373494,0.9997673521249643,False,"illustrative: amp>=0.90; NRMSE<=0.10; r>=0.95; delay<=max(1 min, T/4)"
primary_1080,sinusoid,60.0,well_mixed,5.0,1.0,,0.8810922962780785,0.19812052993612922,0.8297827159466713,5.5,steady-state cross-correlation phase,0.8853356501325403,0.042414402505241915,0.9997307749321239,False,"illustrative: amp>=0.90; NRMSE<=0.10; r>=0.95; delay<=max(1 min, T/4)"
primary_1080,sinusoid,60.0,well_mixed,5.0,2.0,,0.8670944678571673,0.22883076320083662,0.7685715291228381,6.4,steady-state cross-correlation phase,0.8717594915988317,0.04766600198232603,0.9995658294962438,False,"illustrative: amp>=0.90; NRMSE<=0.10; r>=0.95; delay<=max(1 min, T/4)"
primary_1080,sinusoid,60.0,well_mixed,5.0,5.0,,0.7848346000867255,0.3017834099109429,0.5652417993146566,8.9,steady-state cross-correlation phase,0.7956094428094321,0.0768544254767795,0.9989169708659988,False,"illustrative: amp>=0.90; NRMSE<=0.10; r>=0.95; delay<=max(1 min, T/4)"
primary_1080,sinusoid,60.0,well_mixed,10.0,0.0,,0.6906218219494795,0.2563338651154588,0.6886232840940921,7.5,steady-state cross-correlation phase,0.7173116683765618,0.10906656708167187,0.9987189221188304,False,"illustrative: amp>=0.90; NRMSE<=0.10; r>=0.95; delay<=max(1 min, T/4)"
primary_1080,sinusoid,60.0,well_mixed,10.0,1.0,,0.6868657483183079,0.2822692134971266,0.6072654083792203,8.45,steady-state cross-correlation phase,0.7137199724524123,0.11054736654783842,0.9985173309103711,False,"illustrative: amp>=0.90; NRMSE<=0.10; r>=0.95; delay<=max(1 min, T/4)"
primary_1080,sinusoid,60.0,well_mixed,10.0,2.0,,0.6759561720811755,0.3060891529176257,0.5231299219565891,9.35,steady-state cross-correlation phase,0.7033991464397191,0.11455956261659225,0.9981945763983968,False,"illustrative: amp>=0.90; NRMSE<=0.10; r>=0.95; delay<=max(1 min, T/4)"
primary_1080,sinusoid,60.0,well_mixed,10.0,5.0,,0.611826467578602,0.3609437151225537,0.2712433796176511,11.9,steady-state cross-correlation phase,0.6449959543983101,0.13697205361667492,0.9972061864849303,False,"illustrative: amp>=0.90; NRMSE<=0.10; r>=0.95; delay<=max(1 min, T/4)"
primary_1080,sinusoid,60.0,well_mixed,15.0,0.0,,0.5370295024911123,0.2987245694488711,0.5347117543690499,9.25,steady-state cross-correlation phase,0.5825753486913292,0.16300772547835402,0.9967161478763856,False,"illustrative: amp>=0.90; NRMSE<=0.10; r>=0.95; delay<=max(1 min, T/4)"
primary_1080,sinusoid,60.0,well_mixed,15.0,1.0,,0.534109051109007,0.31888765599486246,0.4414399448060546,10.2,steady-state cross-correlation phase,0.5797860168732569,0.1640999490980884,0.9964016454623954,False,"illustrative: amp>=0.90; NRMSE<=0.10; r>=0.95; delay<=max(1 min, T/4)"
primary_1080,sinusoid,60.0,well_mixed,15.0,2.0,,0.5256257694192571,0.33737122439808387,0.34770036820179273,11.15,steady-state cross-correlation phase,0.5717638139161823,0.1670318511355116,0.9961445879613187,False,"illustrative: amp>=0.90; NRMSE<=0.10; r>=0.95; delay<=max(1 min, T/4)"
primary_1080,sinusoid,60.0,well_mixed,15.0,5.0,,0.4757596119455541,0.3792682990937519,0.0792167798956368,13.7,steady-state cross-correlation phase,0.526089683097998,0.18421370761991182,0.9945810214661508,False,"illustrative: amp>=0.90; NRMSE<=0.10; r>=0.95; delay<=max(1 min, T/4)"
primary_1080,sinusoid,60.0,distributed_RTD,0.5,0.0,3.0,0.9995433083606824,0.018507883183413246,0.998628931472912,0.5,steady-state cross-correlation phase,0.9995433083606824,0.00019200566137004134,0.9999999568332696,True,"illustrative: amp>=0.90; NRMSE<=0.10; r>=0.95; delay<=max(1 min, T/4)"
primary_1080,sinusoid,60.0,distributed_RTD,0.5,1.0,3.0,0.9941059715709929,0.05615448767891453,0.9873259250279814,1.5,steady-state cross-correlation phase,0.9941059778337473,0.0023066303384358115,0.9999960153100107,True,"illustrative: amp>=0.90; NRMSE<=0.10; r>=0.95; delay<=max(1 min, T/4)"
primary_1080,sinusoid,60.0,distributed_RTD,0.5,2.0,3.0,0.9783177544887072,0.09149895074199309,0.966000571118659,2.45,steady-state cross-correlation phase,0.9783386519693129,0.007983747350373176,0.9999780861954483,True,"illustrative: amp>=0.90; NRMSE<=0.10; r>=0.95; delay<=max(1 min, T/4)"
primary_1080,sinusoid,60.0,distributed_RTD,0.5,5.0,3.0,0.885502953910477,0.18121854271215185,0.8590173274711422,5.0,steady-state cross-correlation phase,0.8896533403252306,0.04077566816707051,0.9997667541270687,False,"illustrative: amp>=0.90; NRMSE<=0.10; r>=0.95; delay<=max(1 min, T/4)"
primary_1080,sinusoid,60.0,distributed_RTD,1.0,0.0,3.0,0.9981750897336652,0.03696915165296091,0.9945232912733839,1.0,steady-state cross-correlation phase,0.9981750897336652,0.0007039284459379921,0.9999996823692152,True,"illustrative: amp>=0.90; NRMSE<=0.10; r>=0.95; delay<=max(1 min, T/4)"
primary_1080,sinusoid,60.0,distributed_RTD,1.0,1.0,3.0,0.9927452837908608,0.0744751370196308,0.977672210350773,2.0,steady-state cross-correlation phase,0.9927452912097904,0.00277035806140859,0.9999955480049899,True,"illustrative: amp>=0.90; NRMSE<=0.10; r>=0.95; delay<=max(1 min, T/4)"
primary_1080,sinusoid,60.0,distributed_RTD,1.0,2.0,3.0,0.9769785767140279,0.10951452822787759,0.9511541142941122,2.95,steady-state cross-correlation phase,0.9770002385154977,0.008451706650094157,0.9999773714767551,False,"illustrative: amp>=0.90; NRMSE<=0.10; r>=0.95; delay<=max(1 min, T/4)"
primary_1080,sinusoid,60.0,distributed_RTD,1.0,5.0,3.0,0.8842907701542104,0.19751113896937503,0.8310652125235577,5.45,steady-state cross-correlation phase,0.8884639749063783,0.0414115534568651,0.9996949167582786,False,"illustrative: amp>=0.90; NRMSE<=0.10; r>=0.95; delay<=max(1 min, T/4)"
primary_1080,sinusoid,60.0,distributed_RTD,2.0,0.0,3.0,0.9927334168521672,0.07357959604579463,0.9782063698072355,2.0,steady-state cross-correlation phase,0.9927334169547158,0.0026865614103947976,0.9999974881893936,True,"illustrative: amp>=0.90; NRMSE<=0.10; r>=0.95; delay<=max(1 min, T/4)"
primary_1080,sinusoid,60.0,distributed_RTD,2.0,1.0,3.0,0.9873338747882648,0.11068424537259726,0.9504358611998326,2.95,steady-state cross-correlation phase,0.987333896544226,0.005219255021891693,0.9999711303797575,False,"illustrative: amp>=0.90; NRMSE<=0.10; r>=0.95; delay<=max(1 min, T/4)"
primary_1080,sinusoid,60.0,distributed_RTD,2.0,2.0,3.0,0.9716523566622637,0.14504411118081284,0.913785876704818,3.9,steady-state cross-correlation phase,0.9716780178492729,0.01071175208149715,0.9999406027512158,False,"illustrative: amp>=0.90; NRMSE<=0.10; r>=0.95; delay<=max(1 min, T/4)"
primary_1080,sinusoid,60.0,distributed_RTD,2.0,5.0,3.0,0.8794694351537543,0.2295429917419035,0.7685612552979095,6.4,steady-state cross-correlation phase,0.8837417770833456,0.043364081021114,0.9995956900100152,False,"illustrative: amp>=0.90; NRMSE<=0.10; r>=0.95; delay<=max(1 min, T/4)"
primary_1080,sinusoid,60.0,distributed_RTD,5.0,0.0,3.0,0.9559874516431754,0.17789688796517467,0.8685651098884641,4.85,steady-state cross-correlation phase,0.956039817007934,0.01616120886269777,0.9999186775390583,False,"illustrative: amp>=0.90; NRMSE<=0.10; r>=0.95; delay<=max(1 min, T/4)"
primary_1080,sinusoid,60.0,distributed_RTD,5.0,1.0,3.0,0.9507870133177339,0.21282578014921885,0.8106772938625886,5.8,steady-state cross-correlation phase,0.9508515989523906,0.018629788981399362,0.9998163771494013,False,"illustrative: amp>=0.90; NRMSE<=0.10; r>=0.95; delay<=max(1 min, T/4)"
primary_1080,sinusoid,60.0,distributed_RTD,5.0,2.0,3.0,0.9356868231765434,0.24441997987949227,0.7467731344310494,6.7,steady-state cross-correlation phase,0.9358646629187166,0.024546896843324954,0.999641401476204,False,"illustrative: amp>=0.90; NRMSE<=0.10; r>=0.95; delay<=max(1 min, T/4)"
primary_1080,sinusoid,60.0,distributed_RTD,5.0,5.0,3.0,0.8469165213147443,0.3175929737997822,0.537376291045871,9.2,steady-state cross-correlation phase,0.8521377554481677,0.05567269667467252,0.9990657547179251,False,"illustrative: amp>=0.90; NRMSE<=0.10; r>=0.95; delay<=max(1 min, T/4)"
primary_1080,sinusoid,60.0,distributed_RTD,10.0,0.0,3.0,0.8415860045661641,0.31811743013186333,0.5338472359711031,9.25,steady-state cross-correlation phase,0.8458140115028032,0.057475842436208305,0.999081753969805,False,"illustrative: amp>=0.90; NRMSE<=0.10; r>=0.95; delay<=max(1 min, T/4)"
primary_1080,sinusoid,60.0,distributed_RTD,10.0,1.0,3.0,0.8370118750129829,0.3469556496081902,0.4405220777174146,10.2,steady-state cross-correlation phase,0.841379498425306,0.059587146889131595,0.9987821601022788,False,"illustrative: amp>=0.90; NRMSE<=0.10; r>=0.95; delay<=max(1 min, T/4)"
primary_1080,sinusoid,60.0,distributed_RTD,10.0,2.0,3.0,0.8237153636541599,0.3720148720539481,0.34674136047008586,11.15,steady-state cross-correlation phase,0.828653723912127,0.06428789351725353,0.9986290304792231,False,"illustrative: amp>=0.90; NRMSE<=0.10; r>=0.95; delay<=max(1 min, T/4)"
primary_1080,sinusoid,60.0,distributed_RTD,10.0,5.0,3.0,0.7455706596675762,0.4241384318904262,0.0781973845362737,13.7,steady-state cross-correlation phase,0.7574551832783851,0.0912690638793439,0.9978823655078459,False,"illustrative: amp>=0.90; NRMSE<=0.10; r>=0.95; delay<=max(1 min, T/4)"
primary_1080,sinusoid,60.0,distributed_RTD,15.0,0.0,3.0,0.6952891723285333,0.4049197181523695,0.12340323237570724,13.3,steady-state cross-correlation phase,0.713889552765102,0.10827431143519373,0.9977497619054102,False,"illustrative: amp>=0.90; NRMSE<=0.10; r>=0.95; delay<=max(1 min, T/4)"
primary_1080,sinusoid,60.0,distributed_RTD,15.0,1.0,3.0,0.6915095545279792,0.4264461714603666,0.01676789417734083,14.3,steady-state cross-correlation phase,0.7103357101782951,0.10957154406578336,0.9976055513808816,False,"illustrative: amp>=0.90; NRMSE<=0.10; r>=0.95; delay<=max(1 min, T/4)"
primary_1080,sinusoid,60.0,distributed_RTD,15.0,2.0,3.0,0.6805249944525409,0.4442595036297978,-0.08520460881229948,15.25,steady-state cross-correlation phase,0.7001547253105838,0.11335907656961078,0.9973833852533678,False,"illustrative: amp>=0.90; NRMSE<=0.10; r>=0.95; delay<=max(1 min, T/4)"
primary_1080,sinusoid,60.0,distributed_RTD,15.0,5.0,3.0,0.6159642509997469,0.47624477083204314,-0.35332772117601297,17.95,steady-state cross-correlation phase,0.6427486705618828,0.13491906305651108,0.9970664412156064,False,"illustrative: amp>=0.90; NRMSE<=0.10; r>=0.95; delay<=max(1 min, T/4)"
