source,trace_id,panel,source_group,time_min,signal,unit,x_uncertainty_min,y_uncertainty,strict_delay_limit_min,relaxed_delay_limit_min,source_url,processing
Choi 2020,Choi_2020_B,B,Choi exercise chloride proxy,0.0,12.457,mM,0.344,0.5,2.0,5.0,https://doi.org/10.1038/s41598-020-64406-5,model input resampled to 0.25-min intervals by linear interpolation; values are not normalized
Choi 2020,Choi_2020_B,B,Choi exercise chloride proxy,0.25,12.3095,mM,0.344,0.5,2.0,5.0,https://doi.org/10.1038/s41598-020-64406-5,model input resampled to 0.25-min intervals by linear interpolation; values are not normalized
Choi 2020,Choi_2020_B,B,Choi exercise chloride proxy,0.5,12.162,mM,0.344,0.5,2.0,5.0,https://doi.org/10.1038/s41598-020-64406-5,model input resampled to 0.25-min intervals by linear interpolation; values are not normalized
Choi 2020,Choi_2020_B,B,Choi exercise chloride proxy,0.75,11.9595,mM,0.344,0.5,2.0,5.0,https://doi.org/10.1038/s41598-020-64406-5,model input resampled to 0.25-min intervals by linear interpolation; values are not normalized
Choi 2020,Choi_2020_B,B,Choi exercise chloride proxy,1.0,11.757,mM,0.344,0.5,2.0,5.0,https://doi.org/10.1038/s41598-020-64406-5,model input resampled to 0.25-min intervals by linear interpolation; values are not normalized
Choi 2020,Choi_2020_B,B,Choi exercise chloride proxy,1.25,11.5175,mM,0.344,0.5,2.0,5.0,https://doi.org/10.1038/s41598-020-64406-5,model input resampled to 0.25-min intervals by linear interpolation; values are not normalized
Choi 2020,Choi_2020_B,B,Choi exercise chloride proxy,1.5,11.278,mM,0.344,0.5,2.0,5.0,https://doi.org/10.1038/s41598-020-64406-5,model input resampled to 0.25-min intervals by linear interpolation; values are not normalized
Choi 2020,Choi_2020_B,B,Choi exercise chloride proxy,1.75,11.130500000000001,mM,0.344,0.5,2.0,5.0,https://doi.org/10.1038/s41598-020-64406-5,model input resampled to 0.25-min intervals by linear interpolation; values are not normalized
Choi 2020,Choi_2020_B,B,Choi exercise chloride proxy,2.0,10.983,mM,0.344,0.5,2.0,5.0,https://doi.org/10.1038/s41598-020-64406-5,model input resampled to 0.25-min intervals by linear interpolation; values are not normalized
Choi 2020,Choi_2020_B,B,Choi exercise chloride proxy,2.25,10.946000000000002,mM,0.344,0.5,2.0,5.0,https://doi.org/10.1038/s41598-020-64406-5,model input resampled to 0.25-min intervals by linear interpolation; values are not normalized
Choi 2020,Choi_2020_B,B,Choi exercise chloride proxy,2.5,10.909,mM,0.344,0.5,2.0,5.0,https://doi.org/10.1038/s41598-020-64406-5,model input resampled to 0.25-min intervals by linear interpolation; values are not normalized
Choi 2020,Choi_2020_B,B,Choi exercise chloride proxy,2.75,10.909,mM,0.344,0.5,2.0,5.0,https://doi.org/10.1038/s41598-020-64406-5,model input resampled to 0.25-min intervals by linear interpolation; values are not normalized
Choi 2020,Choi_2020_B,B,Choi exercise chloride proxy,3.0,10.909,mM,0.344,0.5,2.0,5.0,https://doi.org/10.1038/s41598-020-64406-5,model input resampled to 0.25-min intervals by linear interpolation; values are not normalized
Choi 2020,Choi_2020_B,B,Choi exercise chloride proxy,3.25,10.946000000000002,mM,0.344,0.5,2.0,5.0,https://doi.org/10.1038/s41598-020-64406-5,model input resampled to 0.25-min intervals by linear interpolation; values are not normalized
Choi 2020,Choi_2020_B,B,Choi exercise chloride proxy,3.5,10.983,mM,0.344,0.5,2.0,5.0,https://doi.org/10.1038/s41598-020-64406-5,model input resampled to 0.25-min intervals by linear interpolation; values are not normalized
Choi 2020,Choi_2020_B,B,Choi exercise chloride proxy,3.75,10.909,mM,0.344,0.5,2.0,5.0,https://doi.org/10.1038/s41598-020-64406-5,model input resampled to 0.25-min intervals by linear interpolation; values are not normalized
Choi 2020,Choi_2020_B,B,Choi exercise chloride proxy,4.0,10.835,mM,0.344,0.5,2.0,5.0,https://doi.org/10.1038/s41598-020-64406-5,model input resampled to 0.25-min intervals by linear interpolation; values are not normalized
Choi 2020,Choi_2020_B,B,Choi exercise chloride proxy,4.25,10.577000000000002,mM,0.344,0.5,2.0,5.0,https://doi.org/10.1038/s41598-020-64406-5,model input resampled to 0.25-min intervals by linear interpolation; values are not normalized
Choi 2020,Choi_2020_B,B,Choi exercise chloride proxy,4.5,10.319,mM,0.344,0.5,2.0,5.0,https://doi.org/10.1038/s41598-020-64406-5,model input resampled to 0.25-min intervals by linear interpolation; values are not normalized
Choi 2020,Choi_2020_B,B,Choi exercise chloride proxy,4.75,10.0245,mM,0.344,0.5,2.0,5.0,https://doi.org/10.1038/s41598-020-64406-5,model input resampled to 0.25-min intervals by linear interpolation; values are not normalized
Choi 2020,Choi_2020_B,B,Choi exercise chloride proxy,5.0,9.73,mM,0.344,0.5,2.0,5.0,https://doi.org/10.1038/s41598-020-64406-5,model input resampled to 0.25-min intervals by linear interpolation; values are not normalized
Choi 2020,Choi_2020_B,B,Choi exercise chloride proxy,5.25,9.6745,mM,0.344,0.5,2.0,5.0,https://doi.org/10.1038/s41598-020-64406-5,model input resampled to 0.25-min intervals by linear interpolation; values are not normalized
Choi 2020,Choi_2020_B,B,Choi exercise chloride proxy,5.5,9.619,mM,0.344,0.5,2.0,5.0,https://doi.org/10.1038/s41598-020-64406-5,model input resampled to 0.25-min intervals by linear interpolation; values are not normalized
Choi 2020,Choi_2020_B,B,Choi exercise chloride proxy,5.75,9.6375,mM,0.344,0.5,2.0,5.0,https://doi.org/10.1038/s41598-020-64406-5,model input resampled to 0.25-min intervals by linear interpolation; values are not normalized
Choi 2020,Choi_2020_B,B,Choi exercise chloride proxy,6.0,9.656,mM,0.344,0.5,2.0,5.0,https://doi.org/10.1038/s41598-020-64406-5,model input resampled to 0.25-min intervals by linear interpolation; values are not normalized
Choi 2020,Choi_2020_B,B,Choi exercise chloride proxy,6.25,9.785,mM,0.344,0.5,2.0,5.0,https://doi.org/10.1038/s41598-020-64406-5,model input resampled to 0.25-min intervals by linear interpolation; values are not normalized
Choi 2020,Choi_2020_B,B,Choi exercise chloride proxy,6.5,9.914,mM,0.344,0.5,2.0,5.0,https://doi.org/10.1038/s41598-020-64406-5,model input resampled to 0.25-min intervals by linear interpolation; values are not normalized
Choi 2020,Choi_2020_B,B,Choi exercise chloride proxy,6.75,10.08,mM,0.344,0.5,2.0,5.0,https://doi.org/10.1038/s41598-020-64406-5,model input resampled to 0.25-min intervals by linear interpolation; values are not normalized
Choi 2020,Choi_2020_B,B,Choi exercise chloride proxy,7.0,10.246,mM,0.344,0.5,2.0,5.0,https://doi.org/10.1038/s41598-020-64406-5,model input resampled to 0.25-min intervals by linear interpolation; values are not normalized
Choi 2020,Choi_2020_B,B,Choi exercise chloride proxy,7.25,10.4115,mM,0.344,0.5,2.0,5.0,https://doi.org/10.1038/s41598-020-64406-5,model input resampled to 0.25-min intervals by linear interpolation; values are not normalized
Choi 2020,Choi_2020_B,B,Choi exercise chloride proxy,7.5,10.577,mM,0.344,0.5,2.0,5.0,https://doi.org/10.1038/s41598-020-64406-5,model input resampled to 0.25-min intervals by linear interpolation; values are not normalized
Choi 2020,Choi_2020_B,B,Choi exercise chloride proxy,7.75,10.687999999999999,mM,0.344,0.5,2.0,5.0,https://doi.org/10.1038/s41598-020-64406-5,model input resampled to 0.25-min intervals by linear interpolation; values are not normalized
Choi 2020,Choi_2020_B,B,Choi exercise chloride proxy,8.0,10.799,mM,0.344,0.5,2.0,5.0,https://doi.org/10.1038/s41598-020-64406-5,model input resampled to 0.25-min intervals by linear interpolation; values are not normalized
Choi 2020,Choi_2020_B,B,Choi exercise chloride proxy,8.25,10.854,mM,0.344,0.5,2.0,5.0,https://doi.org/10.1038/s41598-020-64406-5,model input resampled to 0.25-min intervals by linear interpolation; values are not normalized
Choi 2020,Choi_2020_B,B,Choi exercise chloride proxy,8.5,10.909,mM,0.344,0.5,2.0,5.0,https://doi.org/10.1038/s41598-020-64406-5,model input resampled to 0.25-min intervals by linear interpolation; values are not normalized
Choi 2020,Choi_2020_B,B,Choi exercise chloride proxy,8.75,10.983,mM,0.344,0.5,2.0,5.0,https://doi.org/10.1038/s41598-020-64406-5,model input resampled to 0.25-min intervals by linear interpolation; values are not normalized
Choi 2020,Choi_2020_B,B,Choi exercise chloride proxy,9.0,11.057,mM,0.344,0.5,2.0,5.0,https://doi.org/10.1038/s41598-020-64406-5,model input resampled to 0.25-min intervals by linear interpolation; values are not normalized
Choi 2020,Choi_2020_B,B,Choi exercise chloride proxy,9.25,11.241,mM,0.344,0.5,2.0,5.0,https://doi.org/10.1038/s41598-020-64406-5,model input resampled to 0.25-min intervals by linear interpolation; values are not normalized
Choi 2020,Choi_2020_B,B,Choi exercise chloride proxy,9.5,11.425,mM,0.344,0.5,2.0,5.0,https://doi.org/10.1038/s41598-020-64406-5,model input resampled to 0.25-min intervals by linear interpolation; values are not normalized
Choi 2020,Choi_2020_B,B,Choi exercise chloride proxy,9.75,11.683,mM,0.344,0.5,2.0,5.0,https://doi.org/10.1038/s41598-020-64406-5,model input resampled to 0.25-min intervals by linear interpolation; values are not normalized
Choi 2020,Choi_2020_B,B,Choi exercise chloride proxy,10.0,11.941,mM,0.344,0.5,2.0,5.0,https://doi.org/10.1038/s41598-020-64406-5,model input resampled to 0.25-min intervals by linear interpolation; values are not normalized
Choi 2020,Choi_2020_B,B,Choi exercise chloride proxy,10.25,12.161999999999999,mM,0.344,0.5,2.0,5.0,https://doi.org/10.1038/s41598-020-64406-5,model input resampled to 0.25-min intervals by linear interpolation; values are not normalized
Choi 2020,Choi_2020_B,B,Choi exercise chloride proxy,10.5,12.383,mM,0.344,0.5,2.0,5.0,https://doi.org/10.1038/s41598-020-64406-5,model input resampled to 0.25-min intervals by linear interpolation; values are not normalized
Choi 2020,Choi_2020_B,B,Choi exercise chloride proxy,10.75,12.6045,mM,0.344,0.5,2.0,5.0,https://doi.org/10.1038/s41598-020-64406-5,model input resampled to 0.25-min intervals by linear interpolation; values are not normalized
Choi 2020,Choi_2020_B,B,Choi exercise chloride proxy,11.0,12.826,mM,0.344,0.5,2.0,5.0,https://doi.org/10.1038/s41598-020-64406-5,model input resampled to 0.25-min intervals by linear interpolation; values are not normalized
Choi 2020,Choi_2020_B,B,Choi exercise chloride proxy,11.25,12.9365,mM,0.344,0.5,2.0,5.0,https://doi.org/10.1038/s41598-020-64406-5,model input resampled to 0.25-min intervals by linear interpolation; values are not normalized
Choi 2020,Choi_2020_B,B,Choi exercise chloride proxy,11.5,13.047,mM,0.344,0.5,2.0,5.0,https://doi.org/10.1038/s41598-020-64406-5,model input resampled to 0.25-min intervals by linear interpolation; values are not normalized
Choi 2020,Choi_2020_B,B,Choi exercise chloride proxy,11.75,13.0835,mM,0.344,0.5,2.0,5.0,https://doi.org/10.1038/s41598-020-64406-5,model input resampled to 0.25-min intervals by linear interpolation; values are not normalized
Choi 2020,Choi_2020_B,B,Choi exercise chloride proxy,12.0,13.12,mM,0.344,0.5,2.0,5.0,https://doi.org/10.1038/s41598-020-64406-5,model input resampled to 0.25-min intervals by linear interpolation; values are not normalized
Choi 2020,Choi_2020_B,B,Choi exercise chloride proxy,12.25,13.0465,mM,0.344,0.5,2.0,5.0,https://doi.org/10.1038/s41598-020-64406-5,model input resampled to 0.25-min intervals by linear interpolation; values are not normalized
Choi 2020,Choi_2020_B,B,Choi exercise chloride proxy,12.5,12.973,mM,0.344,0.5,2.0,5.0,https://doi.org/10.1038/s41598-020-64406-5,model input resampled to 0.25-min intervals by linear interpolation; values are not normalized
Choi 2020,Choi_2020_B,B,Choi exercise chloride proxy,12.75,12.8625,mM,0.344,0.5,2.0,5.0,https://doi.org/10.1038/s41598-020-64406-5,model input resampled to 0.25-min intervals by linear interpolation; values are not normalized
Choi 2020,Choi_2020_B,B,Choi exercise chloride proxy,13.0,12.752,mM,0.344,0.5,2.0,5.0,https://doi.org/10.1038/s41598-020-64406-5,model input resampled to 0.25-min intervals by linear interpolation; values are not normalized
Choi 2020,Choi_2020_B,B,Choi exercise chloride proxy,13.25,12.567499999999999,mM,0.344,0.5,2.0,5.0,https://doi.org/10.1038/s41598-020-64406-5,model input resampled to 0.25-min intervals by linear interpolation; values are not normalized
Choi 2020,Choi_2020_B,B,Choi exercise chloride proxy,13.5,12.383,mM,0.344,0.5,2.0,5.0,https://doi.org/10.1038/s41598-020-64406-5,model input resampled to 0.25-min intervals by linear interpolation; values are not normalized
Choi 2020,Choi_2020_B,B,Choi exercise chloride proxy,13.75,12.3095,mM,0.344,0.5,2.0,5.0,https://doi.org/10.1038/s41598-020-64406-5,model input resampled to 0.25-min intervals by linear interpolation; values are not normalized
Choi 2020,Choi_2020_B,B,Choi exercise chloride proxy,14.0,12.236,mM,0.344,0.5,2.0,5.0,https://doi.org/10.1038/s41598-020-64406-5,model input resampled to 0.25-min intervals by linear interpolation; values are not normalized
Choi 2020,Choi_2020_B,B,Choi exercise chloride proxy,14.25,12.273,mM,0.344,0.5,2.0,5.0,https://doi.org/10.1038/s41598-020-64406-5,model input resampled to 0.25-min intervals by linear interpolation; values are not normalized
Choi 2020,Choi_2020_B,B,Choi exercise chloride proxy,14.5,12.31,mM,0.344,0.5,2.0,5.0,https://doi.org/10.1038/s41598-020-64406-5,model input resampled to 0.25-min intervals by linear interpolation; values are not normalized
Choi 2020,Choi_2020_B,B,Choi exercise chloride proxy,14.75,12.4205,mM,0.344,0.5,2.0,5.0,https://doi.org/10.1038/s41598-020-64406-5,model input resampled to 0.25-min intervals by linear interpolation; values are not normalized
Choi 2020,Choi_2020_B,B,Choi exercise chloride proxy,15.0,12.531,mM,0.344,0.5,2.0,5.0,https://doi.org/10.1038/s41598-020-64406-5,model input resampled to 0.25-min intervals by linear interpolation; values are not normalized
Choi 2020,Choi_2020_B,B,Choi exercise chloride proxy,15.25,12.567499999999999,mM,0.344,0.5,2.0,5.0,https://doi.org/10.1038/s41598-020-64406-5,model input resampled to 0.25-min intervals by linear interpolation; values are not normalized
Choi 2020,Choi_2020_B,B,Choi exercise chloride proxy,15.5,12.604,mM,0.344,0.5,2.0,5.0,https://doi.org/10.1038/s41598-020-64406-5,model input resampled to 0.25-min intervals by linear interpolation; values are not normalized
Choi 2020,Choi_2020_B,B,Choi exercise chloride proxy,15.75,12.567499999999999,mM,0.344,0.5,2.0,5.0,https://doi.org/10.1038/s41598-020-64406-5,model input resampled to 0.25-min intervals by linear interpolation; values are not normalized
Choi 2020,Choi_2020_B,B,Choi exercise chloride proxy,16.0,12.531,mM,0.344,0.5,2.0,5.0,https://doi.org/10.1038/s41598-020-64406-5,model input resampled to 0.25-min intervals by linear interpolation; values are not normalized
Choi 2020,Choi_2020_B,B,Choi exercise chloride proxy,16.25,12.402000000000001,mM,0.344,0.5,2.0,5.0,https://doi.org/10.1038/s41598-020-64406-5,model input resampled to 0.25-min intervals by linear interpolation; values are not normalized
Choi 2020,Choi_2020_B,B,Choi exercise chloride proxy,16.5,12.273,mM,0.344,0.5,2.0,5.0,https://doi.org/10.1038/s41598-020-64406-5,model input resampled to 0.25-min intervals by linear interpolation; values are not normalized
Choi 2020,Choi_2020_B,B,Choi exercise chloride proxy,16.75,12.107,mM,0.344,0.5,2.0,5.0,https://doi.org/10.1038/s41598-020-64406-5,model input resampled to 0.25-min intervals by linear interpolation; values are not normalized
Choi 2020,Choi_2020_B,B,Choi exercise chloride proxy,17.0,11.941,mM,0.344,0.5,2.0,5.0,https://doi.org/10.1038/s41598-020-64406-5,model input resampled to 0.25-min intervals by linear interpolation; values are not normalized
Choi 2020,Choi_2020_B,B,Choi exercise chloride proxy,17.25,11.8305,mM,0.344,0.5,2.0,5.0,https://doi.org/10.1038/s41598-020-64406-5,model input resampled to 0.25-min intervals by linear interpolation; values are not normalized
Choi 2020,Choi_2020_B,B,Choi exercise chloride proxy,17.5,11.72,mM,0.344,0.5,2.0,5.0,https://doi.org/10.1038/s41598-020-64406-5,model input resampled to 0.25-min intervals by linear interpolation; values are not normalized
Choi 2020,Choi_2020_B,B,Choi exercise chloride proxy,17.75,11.72,mM,0.344,0.5,2.0,5.0,https://doi.org/10.1038/s41598-020-64406-5,model input resampled to 0.25-min intervals by linear interpolation; values are not normalized
Choi 2020,Choi_2020_B,B,Choi exercise chloride proxy,18.0,11.72,mM,0.344,0.5,2.0,5.0,https://doi.org/10.1038/s41598-020-64406-5,model input resampled to 0.25-min intervals by linear interpolation; values are not normalized
Choi 2020,Choi_2020_B,B,Choi exercise chloride proxy,18.25,11.8305,mM,0.344,0.5,2.0,5.0,https://doi.org/10.1038/s41598-020-64406-5,model input resampled to 0.25-min intervals by linear interpolation; values are not normalized
Choi 2020,Choi_2020_B,B,Choi exercise chloride proxy,18.5,11.941,mM,0.344,0.5,2.0,5.0,https://doi.org/10.1038/s41598-020-64406-5,model input resampled to 0.25-min intervals by linear interpolation; values are not normalized
Choi 2020,Choi_2020_B,B,Choi exercise chloride proxy,18.75,12.1255,mM,0.344,0.5,2.0,5.0,https://doi.org/10.1038/s41598-020-64406-5,model input resampled to 0.25-min intervals by linear interpolation; values are not normalized
Choi 2020,Choi_2020_B,B,Choi exercise chloride proxy,19.0,12.31,mM,0.344,0.5,2.0,5.0,https://doi.org/10.1038/s41598-020-64406-5,model input resampled to 0.25-min intervals by linear interpolation; values are not normalized
Choi 2020,Choi_2020_B,B,Choi exercise chloride proxy,19.25,12.531,mM,0.344,0.5,2.0,5.0,https://doi.org/10.1038/s41598-020-64406-5,model input resampled to 0.25-min intervals by linear interpolation; values are not normalized
Choi 2020,Choi_2020_B,B,Choi exercise chloride proxy,19.5,12.752,mM,0.344,0.5,2.0,5.0,https://doi.org/10.1038/s41598-020-64406-5,model input resampled to 0.25-min intervals by linear interpolation; values are not normalized
Choi 2020,Choi_2020_B,B,Choi exercise chloride proxy,19.75,12.789000000000001,mM,0.344,0.5,2.0,5.0,https://doi.org/10.1038/s41598-020-64406-5,model input resampled to 0.25-min intervals by linear interpolation; values are not normalized
Choi 2020,Choi_2020_B,B,Choi exercise chloride proxy,20.0,12.826,mM,0.344,0.5,2.0,5.0,https://doi.org/10.1038/s41598-020-64406-5,model input resampled to 0.25-min intervals by linear interpolation; values are not normalized
Choi 2020,Choi_2020_B,B,Choi exercise chloride proxy,20.25,12.972999999999999,mM,0.344,0.5,2.0,5.0,https://doi.org/10.1038/s41598-020-64406-5,model input resampled to 0.25-min intervals by linear interpolation; values are not normalized
Choi 2020,Choi_2020_B,B,Choi exercise chloride proxy,20.5,13.12,mM,0.344,0.5,2.0,5.0,https://doi.org/10.1038/s41598-020-64406-5,model input resampled to 0.25-min intervals by linear interpolation; values are not normalized
Choi 2020,Choi_2020_B,B,Choi exercise chloride proxy,20.75,13.193999999999999,mM,0.344,0.5,2.0,5.0,https://doi.org/10.1038/s41598-020-64406-5,model input resampled to 0.25-min intervals by linear interpolation; values are not normalized
Choi 2020,Choi_2020_B,B,Choi exercise chloride proxy,21.0,13.268,mM,0.344,0.5,2.0,5.0,https://doi.org/10.1038/s41598-020-64406-5,model input resampled to 0.25-min intervals by linear interpolation; values are not normalized
Choi 2020,Choi_2020_B,B,Choi exercise chloride proxy,21.25,13.3785,mM,0.344,0.5,2.0,5.0,https://doi.org/10.1038/s41598-020-64406-5,model input resampled to 0.25-min intervals by linear interpolation; values are not normalized
Choi 2020,Choi_2020_B,B,Choi exercise chloride proxy,21.5,13.489,mM,0.344,0.5,2.0,5.0,https://doi.org/10.1038/s41598-020-64406-5,model input resampled to 0.25-min intervals by linear interpolation; values are not normalized
Choi 2020,Choi_2020_B,B,Choi exercise chloride proxy,21.75,13.8205,mM,0.344,0.5,2.0,5.0,https://doi.org/10.1038/s41598-020-64406-5,model input resampled to 0.25-min intervals by linear interpolation; values are not normalized
Choi 2020,Choi_2020_B,B,Choi exercise chloride proxy,22.0,14.152,mM,0.344,0.5,2.0,5.0,https://doi.org/10.1038/s41598-020-64406-5,model input resampled to 0.25-min intervals by linear interpolation; values are not normalized
Choi 2020,Choi_2020_B,B,Choi exercise chloride proxy,22.25,14.5945,mM,0.344,0.5,2.0,5.0,https://doi.org/10.1038/s41598-020-64406-5,model input resampled to 0.25-min intervals by linear interpolation; values are not normalized
Choi 2020,Choi_2020_B,B,Choi exercise chloride proxy,22.5,15.037,mM,0.344,0.5,2.0,5.0,https://doi.org/10.1038/s41598-020-64406-5,model input resampled to 0.25-min intervals by linear interpolation; values are not normalized
Choi 2020,Choi_2020_B,B,Choi exercise chloride proxy,22.75,15.6265,mM,0.344,0.5,2.0,5.0,https://doi.org/10.1038/s41598-020-64406-5,model input resampled to 0.25-min intervals by linear interpolation; values are not normalized
Choi 2020,Choi_2020_B,B,Choi exercise chloride proxy,23.0,16.216,mM,0.344,0.5,2.0,5.0,https://doi.org/10.1038/s41598-020-64406-5,model input resampled to 0.25-min intervals by linear interpolation; values are not normalized
Choi 2020,Choi_2020_B,B,Choi exercise chloride proxy,23.25,16.6585,mM,0.344,0.5,2.0,5.0,https://doi.org/10.1038/s41598-020-64406-5,model input resampled to 0.25-min intervals by linear interpolation; values are not normalized
Choi 2020,Choi_2020_B,B,Choi exercise chloride proxy,23.5,17.101,mM,0.344,0.5,2.0,5.0,https://doi.org/10.1038/s41598-020-64406-5,model input resampled to 0.25-min intervals by linear interpolation; values are not normalized
Choi 2020,Choi_2020_B,B,Choi exercise chloride proxy,23.75,17.6535,mM,0.344,0.5,2.0,5.0,https://doi.org/10.1038/s41598-020-64406-5,model input resampled to 0.25-min intervals by linear interpolation; values are not normalized
Choi 2020,Choi_2020_B,B,Choi exercise chloride proxy,24.0,18.206,mM,0.344,0.5,2.0,5.0,https://doi.org/10.1038/s41598-020-64406-5,model input resampled to 0.25-min intervals by linear interpolation; values are not normalized
Choi 2020,Choi_2020_B,B,Choi exercise chloride proxy,24.25,18.5745,mM,0.344,0.5,2.0,5.0,https://doi.org/10.1038/s41598-020-64406-5,model input resampled to 0.25-min intervals by linear interpolation; values are not normalized
Choi 2020,Choi_2020_B,B,Choi exercise chloride proxy,24.5,18.943,mM,0.344,0.5,2.0,5.0,https://doi.org/10.1038/s41598-020-64406-5,model input resampled to 0.25-min intervals by linear interpolation; values are not normalized
Choi 2020,Choi_2020_B,B,Choi exercise chloride proxy,24.75,19.146,mM,0.344,0.5,2.0,5.0,https://doi.org/10.1038/s41598-020-64406-5,model input resampled to 0.25-min intervals by linear interpolation; values are not normalized
Choi 2020,Choi_2020_B,B,Choi exercise chloride proxy,25.0,19.349,mM,0.344,0.5,2.0,5.0,https://doi.org/10.1038/s41598-020-64406-5,model input resampled to 0.25-min intervals by linear interpolation; values are not normalized
Choi 2020,Choi_2020_B,B,Choi exercise chloride proxy,25.25,19.698999999999998,mM,0.344,0.5,2.0,5.0,https://doi.org/10.1038/s41598-020-64406-5,model input resampled to 0.25-min intervals by linear interpolation; values are not normalized
Choi 2020,Choi_2020_B,B,Choi exercise chloride proxy,25.5,20.049,mM,0.344,0.5,2.0,5.0,https://doi.org/10.1038/s41598-020-64406-5,model input resampled to 0.25-min intervals by linear interpolation; values are not normalized
Choi 2020,Choi_2020_B,B,Choi exercise chloride proxy,25.75,20.381,mM,0.344,0.5,2.0,5.0,https://doi.org/10.1038/s41598-020-64406-5,model input resampled to 0.25-min intervals by linear interpolation; values are not normalized
Choi 2020,Choi_2020_B,B,Choi exercise chloride proxy,26.0,20.713,mM,0.344,0.5,2.0,5.0,https://doi.org/10.1038/s41598-020-64406-5,model input resampled to 0.25-min intervals by linear interpolation; values are not normalized
Choi 2020,Choi_2020_B,B,Choi exercise chloride proxy,26.25,21.0075,mM,0.344,0.5,2.0,5.0,https://doi.org/10.1038/s41598-020-64406-5,model input resampled to 0.25-min intervals by linear interpolation; values are not normalized
Choi 2020,Choi_2020_B,B,Choi exercise chloride proxy,26.5,21.302,mM,0.344,0.5,2.0,5.0,https://doi.org/10.1038/s41598-020-64406-5,model input resampled to 0.25-min intervals by linear interpolation; values are not normalized
Choi 2020,Choi_2020_B,B,Choi exercise chloride proxy,26.75,21.7075,mM,0.344,0.5,2.0,5.0,https://doi.org/10.1038/s41598-020-64406-5,model input resampled to 0.25-min intervals by linear interpolation; values are not normalized
Choi 2020,Choi_2020_B,B,Choi exercise chloride proxy,27.0,22.113,mM,0.344,0.5,2.0,5.0,https://doi.org/10.1038/s41598-020-64406-5,model input resampled to 0.25-min intervals by linear interpolation; values are not normalized
Choi 2020,Choi_2020_B,B,Choi exercise chloride proxy,27.25,22.444499999999998,mM,0.344,0.5,2.0,5.0,https://doi.org/10.1038/s41598-020-64406-5,model input resampled to 0.25-min intervals by linear interpolation; values are not normalized
Choi 2020,Choi_2020_B,B,Choi exercise chloride proxy,27.5,22.776,mM,0.344,0.5,2.0,5.0,https://doi.org/10.1038/s41598-020-64406-5,model input resampled to 0.25-min intervals by linear interpolation; values are not normalized
Choi 2020,Choi_2020_B,B,Choi exercise chloride proxy,27.75,22.997500000000002,mM,0.344,0.5,2.0,5.0,https://doi.org/10.1038/s41598-020-64406-5,model input resampled to 0.25-min intervals by linear interpolation; values are not normalized
Choi 2020,Choi_2020_B,B,Choi exercise chloride proxy,28.0,23.219,mM,0.344,0.5,2.0,5.0,https://doi.org/10.1038/s41598-020-64406-5,model input resampled to 0.25-min intervals by linear interpolation; values are not normalized
Choi 2020,Choi_2020_B,B,Choi exercise chloride proxy,28.25,23.366500000000002,mM,0.344,0.5,2.0,5.0,https://doi.org/10.1038/s41598-020-64406-5,model input resampled to 0.25-min intervals by linear interpolation; values are not normalized
Choi 2020,Choi_2020_B,B,Choi exercise chloride proxy,28.5,23.514,mM,0.344,0.5,2.0,5.0,https://doi.org/10.1038/s41598-020-64406-5,model input resampled to 0.25-min intervals by linear interpolation; values are not normalized
Choi 2020,Choi_2020_B,B,Choi exercise chloride proxy,28.75,23.661,mM,0.344,0.5,2.0,5.0,https://doi.org/10.1038/s41598-020-64406-5,model input resampled to 0.25-min intervals by linear interpolation; values are not normalized
Choi 2020,Choi_2020_B,B,Choi exercise chloride proxy,29.0,23.808,mM,0.344,0.5,2.0,5.0,https://doi.org/10.1038/s41598-020-64406-5,model input resampled to 0.25-min intervals by linear interpolation; values are not normalized
Choi 2020,Choi_2020_B,B,Choi exercise chloride proxy,29.25,23.845,mM,0.344,0.5,2.0,5.0,https://doi.org/10.1038/s41598-020-64406-5,model input resampled to 0.25-min intervals by linear interpolation; values are not normalized
Choi 2020,Choi_2020_B,B,Choi exercise chloride proxy,29.5,23.882,mM,0.344,0.5,2.0,5.0,https://doi.org/10.1038/s41598-020-64406-5,model input resampled to 0.25-min intervals by linear interpolation; values are not normalized
Choi 2020,Choi_2020_B,B,Choi exercise chloride proxy,29.75,23.919,mM,0.344,0.5,2.0,5.0,https://doi.org/10.1038/s41598-020-64406-5,model input resampled to 0.25-min intervals by linear interpolation; values are not normalized
Choi 2020,Choi_2020_B,B,Choi exercise chloride proxy,30.0,23.956,mM,0.344,0.5,2.0,5.0,https://doi.org/10.1038/s41598-020-64406-5,model input resampled to 0.25-min intervals by linear interpolation; values are not normalized
Choi 2020,Choi_2020_B,B,Choi exercise chloride proxy,30.25,23.9925,mM,0.344,0.5,2.0,5.0,https://doi.org/10.1038/s41598-020-64406-5,model input resampled to 0.25-min intervals by linear interpolation; values are not normalized
Choi 2020,Choi_2020_B,B,Choi exercise chloride proxy,30.5,24.029,mM,0.344,0.5,2.0,5.0,https://doi.org/10.1038/s41598-020-64406-5,model input resampled to 0.25-min intervals by linear interpolation; values are not normalized
Choi 2020,Choi_2020_B,B,Choi exercise chloride proxy,30.75,24.066000000000003,mM,0.344,0.5,2.0,5.0,https://doi.org/10.1038/s41598-020-64406-5,model input resampled to 0.25-min intervals by linear interpolation; values are not normalized
Choi 2020,Choi_2020_B,B,Choi exercise chloride proxy,31.0,24.103,mM,0.344,0.5,2.0,5.0,https://doi.org/10.1038/s41598-020-64406-5,model input resampled to 0.25-min intervals by linear interpolation; values are not normalized
Choi 2020,Choi_2020_B,B,Choi exercise chloride proxy,31.25,24.103,mM,0.344,0.5,2.0,5.0,https://doi.org/10.1038/s41598-020-64406-5,model input resampled to 0.25-min intervals by linear interpolation; values are not normalized
Choi 2020,Choi_2020_B,B,Choi exercise chloride proxy,31.5,24.103,mM,0.344,0.5,2.0,5.0,https://doi.org/10.1038/s41598-020-64406-5,model input resampled to 0.25-min intervals by linear interpolation; values are not normalized
Choi 2020,Choi_2020_B,B,Choi exercise chloride proxy,31.75,24.14,mM,0.344,0.5,2.0,5.0,https://doi.org/10.1038/s41598-020-64406-5,model input resampled to 0.25-min intervals by linear interpolation; values are not normalized
Choi 2020,Choi_2020_B,B,Choi exercise chloride proxy,32.0,24.177,mM,0.344,0.5,2.0,5.0,https://doi.org/10.1038/s41598-020-64406-5,model input resampled to 0.25-min intervals by linear interpolation; values are not normalized
Choi 2020,Choi_2020_B,B,Choi exercise chloride proxy,32.25,24.250500000000002,mM,0.344,0.5,2.0,5.0,https://doi.org/10.1038/s41598-020-64406-5,model input resampled to 0.25-min intervals by linear interpolation; values are not normalized
Choi 2020,Choi_2020_B,B,Choi exercise chloride proxy,32.5,24.324,mM,0.344,0.5,2.0,5.0,https://doi.org/10.1038/s41598-020-64406-5,model input resampled to 0.25-min intervals by linear interpolation; values are not normalized
Choi 2020,Choi_2020_B,B,Choi exercise chloride proxy,32.75,24.361,mM,0.344,0.5,2.0,5.0,https://doi.org/10.1038/s41598-020-64406-5,model input resampled to 0.25-min intervals by linear interpolation; values are not normalized
Choi 2020,Choi_2020_B,B,Choi exercise chloride proxy,33.0,24.398,mM,0.344,0.5,2.0,5.0,https://doi.org/10.1038/s41598-020-64406-5,model input resampled to 0.25-min intervals by linear interpolation; values are not normalized
Choi 2020,Choi_2020_B,B,Choi exercise chloride proxy,33.25,24.177,mM,0.344,0.5,2.0,5.0,https://doi.org/10.1038/s41598-020-64406-5,model input resampled to 0.25-min intervals by linear interpolation; values are not normalized
Choi 2020,Choi_2020_B,B,Choi exercise chloride proxy,33.5,23.956,mM,0.344,0.5,2.0,5.0,https://doi.org/10.1038/s41598-020-64406-5,model input resampled to 0.25-min intervals by linear interpolation; values are not normalized
Choi 2020,Choi_2020_B,B,Choi exercise chloride proxy,33.75,23.735,mM,0.344,0.5,2.0,5.0,https://doi.org/10.1038/s41598-020-64406-5,model input resampled to 0.25-min intervals by linear interpolation; values are not normalized
Choi 2020,Choi_2020_B,B,Choi exercise chloride proxy,34.0,23.514,mM,0.344,0.5,2.0,5.0,https://doi.org/10.1038/s41598-020-64406-5,model input resampled to 0.25-min intervals by linear interpolation; values are not normalized
Choi 2020,Choi_2020_B,B,Choi exercise chloride proxy,34.25,23.439999999999998,mM,0.344,0.5,2.0,5.0,https://doi.org/10.1038/s41598-020-64406-5,model input resampled to 0.25-min intervals by linear interpolation; values are not normalized
Choi 2020,Choi_2020_B,B,Choi exercise chloride proxy,34.5,23.366,mM,0.344,0.5,2.0,5.0,https://doi.org/10.1038/s41598-020-64406-5,model input resampled to 0.25-min intervals by linear interpolation; values are not normalized
Choi 2020,Choi_2020_B,B,Choi exercise chloride proxy,34.75,23.4765,mM,0.344,0.5,2.0,5.0,https://doi.org/10.1038/s41598-020-64406-5,model input resampled to 0.25-min intervals by linear interpolation; values are not normalized
Choi 2020,Choi_2020_B,B,Choi exercise chloride proxy,35.0,23.587,mM,0.344,0.5,2.0,5.0,https://doi.org/10.1038/s41598-020-64406-5,model input resampled to 0.25-min intervals by linear interpolation; values are not normalized
Choi 2020,Choi_2020_B,B,Choi exercise chloride proxy,35.25,23.329,mM,0.344,0.5,2.0,5.0,https://doi.org/10.1038/s41598-020-64406-5,model input resampled to 0.25-min intervals by linear interpolation; values are not normalized
Choi 2020,Choi_2020_B,B,Choi exercise chloride proxy,35.5,23.071,mM,0.344,0.5,2.0,5.0,https://doi.org/10.1038/s41598-020-64406-5,model input resampled to 0.25-min intervals by linear interpolation; values are not normalized
Choi 2020,Choi_2020_B,B,Choi exercise chloride proxy,35.75,22.9235,mM,0.344,0.5,2.0,5.0,https://doi.org/10.1038/s41598-020-64406-5,model input resampled to 0.25-min intervals by linear interpolation; values are not normalized
Choi 2020,Choi_2020_B,B,Choi exercise chloride proxy,36.0,22.776,mM,0.344,0.5,2.0,5.0,https://doi.org/10.1038/s41598-020-64406-5,model input resampled to 0.25-min intervals by linear interpolation; values are not normalized
Choi 2020,Choi_2020_B,B,Choi exercise chloride proxy,36.25,22.444499999999998,mM,0.344,0.5,2.0,5.0,https://doi.org/10.1038/s41598-020-64406-5,model input resampled to 0.25-min intervals by linear interpolation; values are not normalized
Choi 2020,Choi_2020_B,B,Choi exercise chloride proxy,36.5,22.113,mM,0.344,0.5,2.0,5.0,https://doi.org/10.1038/s41598-020-64406-5,model input resampled to 0.25-min intervals by linear interpolation; values are not normalized
Choi 2020,Choi_2020_B,B,Choi exercise chloride proxy,36.75,22.057499999999997,mM,0.344,0.5,2.0,5.0,https://doi.org/10.1038/s41598-020-64406-5,model input resampled to 0.25-min intervals by linear interpolation; values are not normalized
Choi 2020,Choi_2020_B,B,Choi exercise chloride proxy,37.0,22.002,mM,0.344,0.5,2.0,5.0,https://doi.org/10.1038/s41598-020-64406-5,model input resampled to 0.25-min intervals by linear interpolation; values are not normalized
Choi 2020,Choi_2020_B,B,Choi exercise chloride proxy,37.25,21.947,mM,0.344,0.5,2.0,5.0,https://doi.org/10.1038/s41598-020-64406-5,model input resampled to 0.25-min intervals by linear interpolation; values are not normalized
Choi 2020,Choi_2020_B,B,Choi exercise chloride proxy,37.5,21.892,mM,0.344,0.5,2.0,5.0,https://doi.org/10.1038/s41598-020-64406-5,model input resampled to 0.25-min intervals by linear interpolation; values are not normalized
Choi 2020,Choi_2020_B,B,Choi exercise chloride proxy,37.75,21.7815,mM,0.344,0.5,2.0,5.0,https://doi.org/10.1038/s41598-020-64406-5,model input resampled to 0.25-min intervals by linear interpolation; values are not normalized
Choi 2020,Choi_2020_B,B,Choi exercise chloride proxy,38.0,21.671,mM,0.344,0.5,2.0,5.0,https://doi.org/10.1038/s41598-020-64406-5,model input resampled to 0.25-min intervals by linear interpolation; values are not normalized
Choi 2020,Choi_2020_B,B,Choi exercise chloride proxy,38.25,21.597,mM,0.344,0.5,2.0,5.0,https://doi.org/10.1038/s41598-020-64406-5,model input resampled to 0.25-min intervals by linear interpolation; values are not normalized
Choi 2020,Choi_2020_B,B,Choi exercise chloride proxy,38.5,21.523,mM,0.344,0.5,2.0,5.0,https://doi.org/10.1038/s41598-020-64406-5,model input resampled to 0.25-min intervals by linear interpolation; values are not normalized
Choi 2020,Choi_2020_B,B,Choi exercise chloride proxy,38.75,21.4495,mM,0.344,0.5,2.0,5.0,https://doi.org/10.1038/s41598-020-64406-5,model input resampled to 0.25-min intervals by linear interpolation; values are not normalized
Choi 2020,Choi_2020_B,B,Choi exercise chloride proxy,39.0,21.376,mM,0.344,0.5,2.0,5.0,https://doi.org/10.1038/s41598-020-64406-5,model input resampled to 0.25-min intervals by linear interpolation; values are not normalized
Choi 2020,Choi_2020_B,B,Choi exercise chloride proxy,39.25,21.339,mM,0.344,0.5,2.0,5.0,https://doi.org/10.1038/s41598-020-64406-5,model input resampled to 0.25-min intervals by linear interpolation; values are not normalized
Choi 2020,Choi_2020_B,B,Choi exercise chloride proxy,39.5,21.302,mM,0.344,0.5,2.0,5.0,https://doi.org/10.1038/s41598-020-64406-5,model input resampled to 0.25-min intervals by linear interpolation; values are not normalized
Choi 2020,Choi_2020_B,B,Choi exercise chloride proxy,39.75,21.4125,mM,0.344,0.5,2.0,5.0,https://doi.org/10.1038/s41598-020-64406-5,model input resampled to 0.25-min intervals by linear interpolation; values are not normalized
Choi 2020,Choi_2020_B,B,Choi exercise chloride proxy,40.0,21.523,mM,0.344,0.5,2.0,5.0,https://doi.org/10.1038/s41598-020-64406-5,model input resampled to 0.25-min intervals by linear interpolation; values are not normalized
Choi 2020,Choi_2020_B,B,Choi exercise chloride proxy,40.25,21.6705,mM,0.344,0.5,2.0,5.0,https://doi.org/10.1038/s41598-020-64406-5,model input resampled to 0.25-min intervals by linear interpolation; values are not normalized
Choi 2020,Choi_2020_B,B,Choi exercise chloride proxy,40.5,21.818,mM,0.344,0.5,2.0,5.0,https://doi.org/10.1038/s41598-020-64406-5,model input resampled to 0.25-min intervals by linear interpolation; values are not normalized
Choi 2020,Choi_2020_B,B,Choi exercise chloride proxy,40.75,22.076,mM,0.344,0.5,2.0,5.0,https://doi.org/10.1038/s41598-020-64406-5,model input resampled to 0.25-min intervals by linear interpolation; values are not normalized
Choi 2020,Choi_2020_B,B,Choi exercise chloride proxy,41.0,22.334,mM,0.344,0.5,2.0,5.0,https://doi.org/10.1038/s41598-020-64406-5,model input resampled to 0.25-min intervals by linear interpolation; values are not normalized
Choi 2020,Choi_2020_B,B,Choi exercise chloride proxy,41.25,22.334,mM,0.344,0.5,2.0,5.0,https://doi.org/10.1038/s41598-020-64406-5,model input resampled to 0.25-min intervals by linear interpolation; values are not normalized
Choi 2020,Choi_2020_B,B,Choi exercise chloride proxy,41.5,22.334,mM,0.344,0.5,2.0,5.0,https://doi.org/10.1038/s41598-020-64406-5,model input resampled to 0.25-min intervals by linear interpolation; values are not normalized
Choi 2020,Choi_2020_B,B,Choi exercise chloride proxy,41.75,22.15,mM,0.344,0.5,2.0,5.0,https://doi.org/10.1038/s41598-020-64406-5,model input resampled to 0.25-min intervals by linear interpolation; values are not normalized
Choi 2020,Choi_2020_B,B,Choi exercise chloride proxy,42.0,21.966,mM,0.344,0.5,2.0,5.0,https://doi.org/10.1038/s41598-020-64406-5,model input resampled to 0.25-min intervals by linear interpolation; values are not normalized
Choi 2020,Choi_2020_B,B,Choi exercise chloride proxy,42.25,21.744500000000002,mM,0.344,0.5,2.0,5.0,https://doi.org/10.1038/s41598-020-64406-5,model input resampled to 0.25-min intervals by linear interpolation; values are not normalized
Choi 2020,Choi_2020_B,B,Choi exercise chloride proxy,42.5,21.523,mM,0.344,0.5,2.0,5.0,https://doi.org/10.1038/s41598-020-64406-5,model input resampled to 0.25-min intervals by linear interpolation; values are not normalized
Choi 2020,Choi_2020_B,B,Choi exercise chloride proxy,42.75,21.265,mM,0.344,0.5,2.0,5.0,https://doi.org/10.1038/s41598-020-64406-5,model input resampled to 0.25-min intervals by linear interpolation; values are not normalized
Choi 2020,Choi_2020_B,B,Choi exercise chloride proxy,43.0,21.007,mM,0.344,0.5,2.0,5.0,https://doi.org/10.1038/s41598-020-64406-5,model input resampled to 0.25-min intervals by linear interpolation; values are not normalized
Choi 2020,Choi_2020_B,B,Choi exercise chloride proxy,43.25,20.786,mM,0.344,0.5,2.0,5.0,https://doi.org/10.1038/s41598-020-64406-5,model input resampled to 0.25-min intervals by linear interpolation; values are not normalized
Choi 2020,Choi_2020_B,B,Choi exercise chloride proxy,43.5,20.565,mM,0.344,0.5,2.0,5.0,https://doi.org/10.1038/s41598-020-64406-5,model input resampled to 0.25-min intervals by linear interpolation; values are not normalized
Choi 2020,Choi_2020_B,B,Choi exercise chloride proxy,43.75,20.4175,mM,0.344,0.5,2.0,5.0,https://doi.org/10.1038/s41598-020-64406-5,model input resampled to 0.25-min intervals by linear interpolation; values are not normalized
Choi 2020,Choi_2020_B,B,Choi exercise chloride proxy,44.0,20.27,mM,0.344,0.5,2.0,5.0,https://doi.org/10.1038/s41598-020-64406-5,model input resampled to 0.25-min intervals by linear interpolation; values are not normalized
Choi 2020,Choi_2020_B,B,Choi exercise chloride proxy,44.25,20.141,mM,0.344,0.5,2.0,5.0,https://doi.org/10.1038/s41598-020-64406-5,model input resampled to 0.25-min intervals by linear interpolation; values are not normalized
Choi 2020,Choi_2020_B,B,Choi exercise chloride proxy,44.5,20.012,mM,0.344,0.5,2.0,5.0,https://doi.org/10.1038/s41598-020-64406-5,model input resampled to 0.25-min intervals by linear interpolation; values are not normalized
Choi 2020,Choi_2020_B,B,Choi exercise chloride proxy,44.75,19.8095,mM,0.344,0.5,2.0,5.0,https://doi.org/10.1038/s41598-020-64406-5,model input resampled to 0.25-min intervals by linear interpolation; values are not normalized
Choi 2020,Choi_2020_B,B,Choi exercise chloride proxy,45.0,19.607,mM,0.344,0.5,2.0,5.0,https://doi.org/10.1038/s41598-020-64406-5,model input resampled to 0.25-min intervals by linear interpolation; values are not normalized
Choi 2020,Choi_2020_B,B,Choi exercise chloride proxy,45.25,19.4595,mM,0.344,0.5,2.0,5.0,https://doi.org/10.1038/s41598-020-64406-5,model input resampled to 0.25-min intervals by linear interpolation; values are not normalized
Choi 2020,Choi_2020_B,B,Choi exercise chloride proxy,45.5,19.312,mM,0.344,0.5,2.0,5.0,https://doi.org/10.1038/s41598-020-64406-5,model input resampled to 0.25-min intervals by linear interpolation; values are not normalized
Choi 2020,Choi_2020_B,B,Choi exercise chloride proxy,45.75,19.091,mM,0.344,0.5,2.0,5.0,https://doi.org/10.1038/s41598-020-64406-5,model input resampled to 0.25-min intervals by linear interpolation; values are not normalized
Choi 2020,Choi_2020_B,B,Choi exercise chloride proxy,46.0,18.87,mM,0.344,0.5,2.0,5.0,https://doi.org/10.1038/s41598-020-64406-5,model input resampled to 0.25-min intervals by linear interpolation; values are not normalized
Choi 2020,Choi_2020_B,B,Choi exercise chloride proxy,46.25,18.759500000000003,mM,0.344,0.5,2.0,5.0,https://doi.org/10.1038/s41598-020-64406-5,model input resampled to 0.25-min intervals by linear interpolation; values are not normalized
Choi 2020,Choi_2020_B,B,Choi exercise chloride proxy,46.5,18.649,mM,0.344,0.5,2.0,5.0,https://doi.org/10.1038/s41598-020-64406-5,model input resampled to 0.25-min intervals by linear interpolation; values are not normalized
Choi 2020,Choi_2020_B,B,Choi exercise chloride proxy,46.75,18.427500000000002,mM,0.344,0.5,2.0,5.0,https://doi.org/10.1038/s41598-020-64406-5,model input resampled to 0.25-min intervals by linear interpolation; values are not normalized
Choi 2020,Choi_2020_B,B,Choi exercise chloride proxy,47.0,18.206,mM,0.344,0.5,2.0,5.0,https://doi.org/10.1038/s41598-020-64406-5,model input resampled to 0.25-min intervals by linear interpolation; values are not normalized
Choi 2020,Choi_2020_B,B,Choi exercise chloride proxy,47.25,18.058999999999997,mM,0.344,0.5,2.0,5.0,https://doi.org/10.1038/s41598-020-64406-5,model input resampled to 0.25-min intervals by linear interpolation; values are not normalized
Choi 2020,Choi_2020_B,B,Choi exercise chloride proxy,47.5,17.912,mM,0.344,0.5,2.0,5.0,https://doi.org/10.1038/s41598-020-64406-5,model input resampled to 0.25-min intervals by linear interpolation; values are not normalized
Choi 2020,Choi_2020_B,B,Choi exercise chloride proxy,47.75,17.838,mM,0.344,0.5,2.0,5.0,https://doi.org/10.1038/s41598-020-64406-5,model input resampled to 0.25-min intervals by linear interpolation; values are not normalized
Choi 2020,Choi_2020_B,B,Choi exercise chloride proxy,48.0,17.764,mM,0.344,0.5,2.0,5.0,https://doi.org/10.1038/s41598-020-64406-5,model input resampled to 0.25-min intervals by linear interpolation; values are not normalized
Choi 2020,Choi_2020_B,B,Choi exercise chloride proxy,48.25,17.671999999999997,mM,0.344,0.5,2.0,5.0,https://doi.org/10.1038/s41598-020-64406-5,model input resampled to 0.25-min intervals by linear interpolation; values are not normalized
Choi 2020,Choi_2020_B,B,Choi exercise chloride proxy,48.5,17.58,mM,0.344,0.5,2.0,5.0,https://doi.org/10.1038/s41598-020-64406-5,model input resampled to 0.25-min intervals by linear interpolation; values are not normalized
Choi 2020,Choi_2020_B,B,Choi exercise chloride proxy,48.75,17.543,mM,0.344,0.5,2.0,5.0,https://doi.org/10.1038/s41598-020-64406-5,model input resampled to 0.25-min intervals by linear interpolation; values are not normalized
Choi 2020,Choi_2020_B,B,Choi exercise chloride proxy,49.0,17.506,mM,0.344,0.5,2.0,5.0,https://doi.org/10.1038/s41598-020-64406-5,model input resampled to 0.25-min intervals by linear interpolation; values are not normalized
Choi 2020,Choi_2020_B,B,Choi exercise chloride proxy,49.25,17.5245,mM,0.344,0.5,2.0,5.0,https://doi.org/10.1038/s41598-020-64406-5,model input resampled to 0.25-min intervals by linear interpolation; values are not normalized
Choi 2020,Choi_2020_B,B,Choi exercise chloride proxy,49.5,17.543,mM,0.344,0.5,2.0,5.0,https://doi.org/10.1038/s41598-020-64406-5,model input resampled to 0.25-min intervals by linear interpolation; values are not normalized
Choi 2020,Choi_2020_B,B,Choi exercise chloride proxy,49.75,17.4695,mM,0.344,0.5,2.0,5.0,https://doi.org/10.1038/s41598-020-64406-5,model input resampled to 0.25-min intervals by linear interpolation; values are not normalized
Choi 2020,Choi_2020_B,B,Choi exercise chloride proxy,50.0,17.396,mM,0.344,0.5,2.0,5.0,https://doi.org/10.1038/s41598-020-64406-5,model input resampled to 0.25-min intervals by linear interpolation; values are not normalized
Choi 2020,Choi_2020_B,B,Choi exercise chloride proxy,50.25,17.137999999999998,mM,0.344,0.5,2.0,5.0,https://doi.org/10.1038/s41598-020-64406-5,model input resampled to 0.25-min intervals by linear interpolation; values are not normalized
Choi 2020,Choi_2020_B,B,Choi exercise chloride proxy,50.5,16.88,mM,0.344,0.5,2.0,5.0,https://doi.org/10.1038/s41598-020-64406-5,model input resampled to 0.25-min intervals by linear interpolation; values are not normalized
Choi 2020,Choi_2020_B,B,Choi exercise chloride proxy,50.75,16.493000000000002,mM,0.344,0.5,2.0,5.0,https://doi.org/10.1038/s41598-020-64406-5,model input resampled to 0.25-min intervals by linear interpolation; values are not normalized
Choi 2020,Choi_2020_B,B,Choi exercise chloride proxy,51.0,16.106,mM,0.344,0.5,2.0,5.0,https://doi.org/10.1038/s41598-020-64406-5,model input resampled to 0.25-min intervals by linear interpolation; values are not normalized
Choi 2020,Choi_2020_B,B,Choi exercise chloride proxy,51.25,15.755500000000001,mM,0.344,0.5,2.0,5.0,https://doi.org/10.1038/s41598-020-64406-5,model input resampled to 0.25-min intervals by linear interpolation; values are not normalized
Choi 2020,Choi_2020_B,B,Choi exercise chloride proxy,51.5,15.405,mM,0.344,0.5,2.0,5.0,https://doi.org/10.1038/s41598-020-64406-5,model input resampled to 0.25-min intervals by linear interpolation; values are not normalized
Choi 2020,Choi_2020_B,B,Choi exercise chloride proxy,51.75,15.258,mM,0.344,0.5,2.0,5.0,https://doi.org/10.1038/s41598-020-64406-5,model input resampled to 0.25-min intervals by linear interpolation; values are not normalized
Choi 2020,Choi_2020_B,B,Choi exercise chloride proxy,52.0,15.111,mM,0.344,0.5,2.0,5.0,https://doi.org/10.1038/s41598-020-64406-5,model input resampled to 0.25-min intervals by linear interpolation; values are not normalized
Choi 2020,Choi_2020_B,B,Choi exercise chloride proxy,52.25,14.8895,mM,0.344,0.5,2.0,5.0,https://doi.org/10.1038/s41598-020-64406-5,model input resampled to 0.25-min intervals by linear interpolation; values are not normalized
Choi 2020,Choi_2020_B,B,Choi exercise chloride proxy,52.5,14.668,mM,0.344,0.5,2.0,5.0,https://doi.org/10.1038/s41598-020-64406-5,model input resampled to 0.25-min intervals by linear interpolation; values are not normalized
Choi 2020,Choi_2020_B,B,Choi exercise chloride proxy,52.75,14.447,mM,0.344,0.5,2.0,5.0,https://doi.org/10.1038/s41598-020-64406-5,model input resampled to 0.25-min intervals by linear interpolation; values are not normalized
Choi 2020,Choi_2020_B,B,Choi exercise chloride proxy,53.0,14.226,mM,0.344,0.5,2.0,5.0,https://doi.org/10.1038/s41598-020-64406-5,model input resampled to 0.25-min intervals by linear interpolation; values are not normalized
Choi 2020,Choi_2020_B,B,Choi exercise chloride proxy,53.25,14.0415,mM,0.344,0.5,2.0,5.0,https://doi.org/10.1038/s41598-020-64406-5,model input resampled to 0.25-min intervals by linear interpolation; values are not normalized
Choi 2020,Choi_2020_B,B,Choi exercise chloride proxy,53.5,13.857,mM,0.344,0.5,2.0,5.0,https://doi.org/10.1038/s41598-020-64406-5,model input resampled to 0.25-min intervals by linear interpolation; values are not normalized
Choi 2020,Choi_2020_B,B,Choi exercise chloride proxy,53.75,13.7465,mM,0.344,0.5,2.0,5.0,https://doi.org/10.1038/s41598-020-64406-5,model input resampled to 0.25-min intervals by linear interpolation; values are not normalized
Choi 2020,Choi_2020_B,B,Choi exercise chloride proxy,54.0,13.636,mM,0.344,0.5,2.0,5.0,https://doi.org/10.1038/s41598-020-64406-5,model input resampled to 0.25-min intervals by linear interpolation; values are not normalized
Choi 2020,Choi_2020_C,C,Choi exercise chloride proxy,0.0,20.567,mM,0.344,0.8,2.0,5.0,https://doi.org/10.1038/s41598-020-64406-5,model input resampled to 0.25-min intervals by linear interpolation; values are not normalized
Choi 2020,Choi_2020_C,C,Choi exercise chloride proxy,0.25,21.182499999999997,mM,0.344,0.8,2.0,5.0,https://doi.org/10.1038/s41598-020-64406-5,model input resampled to 0.25-min intervals by linear interpolation; values are not normalized
Choi 2020,Choi_2020_C,C,Choi exercise chloride proxy,0.5,21.798,mM,0.344,0.8,2.0,5.0,https://doi.org/10.1038/s41598-020-64406-5,model input resampled to 0.25-min intervals by linear interpolation; values are not normalized
Choi 2020,Choi_2020_C,C,Choi exercise chloride proxy,0.75,23.399,mM,0.344,0.8,2.0,5.0,https://doi.org/10.1038/s41598-020-64406-5,model input resampled to 0.25-min intervals by linear interpolation; values are not normalized
Choi 2020,Choi_2020_C,C,Choi exercise chloride proxy,1.0,25.0,mM,0.344,0.8,2.0,5.0,https://doi.org/10.1038/s41598-020-64406-5,model input resampled to 0.25-min intervals by linear interpolation; values are not normalized
Choi 2020,Choi_2020_C,C,Choi exercise chloride proxy,1.25,24.384,mM,0.344,0.8,2.0,5.0,https://doi.org/10.1038/s41598-020-64406-5,model input resampled to 0.25-min intervals by linear interpolation; values are not normalized
Choi 2020,Choi_2020_C,C,Choi exercise chloride proxy,1.5,23.768,mM,0.344,0.8,2.0,5.0,https://doi.org/10.1038/s41598-020-64406-5,model input resampled to 0.25-min intervals by linear interpolation; values are not normalized
Choi 2020,Choi_2020_C,C,Choi exercise chloride proxy,1.75,22.7215,mM,0.344,0.8,2.0,5.0,https://doi.org/10.1038/s41598-020-64406-5,model input resampled to 0.25-min intervals by linear interpolation; values are not normalized
Choi 2020,Choi_2020_C,C,Choi exercise chloride proxy,2.0,21.675,mM,0.344,0.8,2.0,5.0,https://doi.org/10.1038/s41598-020-64406-5,model input resampled to 0.25-min intervals by linear interpolation; values are not normalized
Choi 2020,Choi_2020_C,C,Choi exercise chloride proxy,2.25,21.552,mM,0.344,0.8,2.0,5.0,https://doi.org/10.1038/s41598-020-64406-5,model input resampled to 0.25-min intervals by linear interpolation; values are not normalized
Choi 2020,Choi_2020_C,C,Choi exercise chloride proxy,2.5,21.429,mM,0.344,0.8,2.0,5.0,https://doi.org/10.1038/s41598-020-64406-5,model input resampled to 0.25-min intervals by linear interpolation; values are not normalized
Choi 2020,Choi_2020_C,C,Choi exercise chloride proxy,2.75,20.4435,mM,0.344,0.8,2.0,5.0,https://doi.org/10.1038/s41598-020-64406-5,model input resampled to 0.25-min intervals by linear interpolation; values are not normalized
Choi 2020,Choi_2020_C,C,Choi exercise chloride proxy,3.0,19.458,mM,0.344,0.8,2.0,5.0,https://doi.org/10.1038/s41598-020-64406-5,model input resampled to 0.25-min intervals by linear interpolation; values are not normalized
Choi 2020,Choi_2020_C,C,Choi exercise chloride proxy,3.25,18.627,mM,0.344,0.8,2.0,5.0,https://doi.org/10.1038/s41598-020-64406-5,model input resampled to 0.25-min intervals by linear interpolation; values are not normalized
Choi 2020,Choi_2020_C,C,Choi exercise chloride proxy,3.5,17.796,mM,0.344,0.8,2.0,5.0,https://doi.org/10.1038/s41598-020-64406-5,model input resampled to 0.25-min intervals by linear interpolation; values are not normalized
Choi 2020,Choi_2020_C,C,Choi exercise chloride proxy,3.75,17.9805,mM,0.344,0.8,2.0,5.0,https://doi.org/10.1038/s41598-020-64406-5,model input resampled to 0.25-min intervals by linear interpolation; values are not normalized
Choi 2020,Choi_2020_C,C,Choi exercise chloride proxy,4.0,18.165,mM,0.344,0.8,2.0,5.0,https://doi.org/10.1038/s41598-020-64406-5,model input resampled to 0.25-min intervals by linear interpolation; values are not normalized
Choi 2020,Choi_2020_C,C,Choi exercise chloride proxy,4.25,18.627,mM,0.344,0.8,2.0,5.0,https://doi.org/10.1038/s41598-020-64406-5,model input resampled to 0.25-min intervals by linear interpolation; values are not normalized
Choi 2020,Choi_2020_C,C,Choi exercise chloride proxy,4.5,19.089,mM,0.344,0.8,2.0,5.0,https://doi.org/10.1038/s41598-020-64406-5,model input resampled to 0.25-min intervals by linear interpolation; values are not normalized
Choi 2020,Choi_2020_C,C,Choi exercise chloride proxy,4.75,19.643,mM,0.344,0.8,2.0,5.0,https://doi.org/10.1038/s41598-020-64406-5,model input resampled to 0.25-min intervals by linear interpolation; values are not normalized
Choi 2020,Choi_2020_C,C,Choi exercise chloride proxy,5.0,20.197,mM,0.344,0.8,2.0,5.0,https://doi.org/10.1038/s41598-020-64406-5,model input resampled to 0.25-min intervals by linear interpolation; values are not normalized
Choi 2020,Choi_2020_C,C,Choi exercise chloride proxy,5.25,20.474,mM,0.344,0.8,2.0,5.0,https://doi.org/10.1038/s41598-020-64406-5,model input resampled to 0.25-min intervals by linear interpolation; values are not normalized
Choi 2020,Choi_2020_C,C,Choi exercise chloride proxy,5.5,20.751,mM,0.344,0.8,2.0,5.0,https://doi.org/10.1038/s41598-020-64406-5,model input resampled to 0.25-min intervals by linear interpolation; values are not normalized
Choi 2020,Choi_2020_C,C,Choi exercise chloride proxy,5.75,21.1515,mM,0.344,0.8,2.0,5.0,https://doi.org/10.1038/s41598-020-64406-5,model input resampled to 0.25-min intervals by linear interpolation; values are not normalized
Choi 2020,Choi_2020_C,C,Choi exercise chloride proxy,6.0,21.552,mM,0.344,0.8,2.0,5.0,https://doi.org/10.1038/s41598-020-64406-5,model input resampled to 0.25-min intervals by linear interpolation; values are not normalized
Choi 2020,Choi_2020_C,C,Choi exercise chloride proxy,6.25,22.7835,mM,0.344,0.8,2.0,5.0,https://doi.org/10.1038/s41598-020-64406-5,model input resampled to 0.25-min intervals by linear interpolation; values are not normalized
Choi 2020,Choi_2020_C,C,Choi exercise chloride proxy,6.5,24.015,mM,0.344,0.8,2.0,5.0,https://doi.org/10.1038/s41598-020-64406-5,model input resampled to 0.25-min intervals by linear interpolation; values are not normalized
Choi 2020,Choi_2020_C,C,Choi exercise chloride proxy,6.75,24.8155,mM,0.344,0.8,2.0,5.0,https://doi.org/10.1038/s41598-020-64406-5,model input resampled to 0.25-min intervals by linear interpolation; values are not normalized
Choi 2020,Choi_2020_C,C,Choi exercise chloride proxy,7.0,25.616,mM,0.344,0.8,2.0,5.0,https://doi.org/10.1038/s41598-020-64406-5,model input resampled to 0.25-min intervals by linear interpolation; values are not normalized
Choi 2020,Choi_2020_C,C,Choi exercise chloride proxy,7.25,25.862000000000002,mM,0.344,0.8,2.0,5.0,https://doi.org/10.1038/s41598-020-64406-5,model input resampled to 0.25-min intervals by linear interpolation; values are not normalized
Choi 2020,Choi_2020_C,C,Choi exercise chloride proxy,7.5,26.108,mM,0.344,0.8,2.0,5.0,https://doi.org/10.1038/s41598-020-64406-5,model input resampled to 0.25-min intervals by linear interpolation; values are not normalized
Choi 2020,Choi_2020_C,C,Choi exercise chloride proxy,7.75,26.0465,mM,0.344,0.8,2.0,5.0,https://doi.org/10.1038/s41598-020-64406-5,model input resampled to 0.25-min intervals by linear interpolation; values are not normalized
Choi 2020,Choi_2020_C,C,Choi exercise chloride proxy,8.0,25.985,mM,0.344,0.8,2.0,5.0,https://doi.org/10.1038/s41598-020-64406-5,model input resampled to 0.25-min intervals by linear interpolation; values are not normalized
Choi 2020,Choi_2020_C,C,Choi exercise chloride proxy,8.25,26.724,mM,0.344,0.8,2.0,5.0,https://doi.org/10.1038/s41598-020-64406-5,model input resampled to 0.25-min intervals by linear interpolation; values are not normalized
Choi 2020,Choi_2020_C,C,Choi exercise chloride proxy,8.5,27.463,mM,0.344,0.8,2.0,5.0,https://doi.org/10.1038/s41598-020-64406-5,model input resampled to 0.25-min intervals by linear interpolation; values are not normalized
Choi 2020,Choi_2020_C,C,Choi exercise chloride proxy,8.75,27.771,mM,0.344,0.8,2.0,5.0,https://doi.org/10.1038/s41598-020-64406-5,model input resampled to 0.25-min intervals by linear interpolation; values are not normalized
Choi 2020,Choi_2020_C,C,Choi exercise chloride proxy,9.0,28.079,mM,0.344,0.8,2.0,5.0,https://doi.org/10.1038/s41598-020-64406-5,model input resampled to 0.25-min intervals by linear interpolation; values are not normalized
Choi 2020,Choi_2020_C,C,Choi exercise chloride proxy,9.25,28.8795,mM,0.344,0.8,2.0,5.0,https://doi.org/10.1038/s41598-020-64406-5,model input resampled to 0.25-min intervals by linear interpolation; values are not normalized
Choi 2020,Choi_2020_C,C,Choi exercise chloride proxy,9.5,29.68,mM,0.344,0.8,2.0,5.0,https://doi.org/10.1038/s41598-020-64406-5,model input resampled to 0.25-min intervals by linear interpolation; values are not normalized
Choi 2020,Choi_2020_C,C,Choi exercise chloride proxy,9.75,29.68,mM,0.344,0.8,2.0,5.0,https://doi.org/10.1038/s41598-020-64406-5,model input resampled to 0.25-min intervals by linear interpolation; values are not normalized
Choi 2020,Choi_2020_C,C,Choi exercise chloride proxy,10.0,29.68,mM,0.344,0.8,2.0,5.0,https://doi.org/10.1038/s41598-020-64406-5,model input resampled to 0.25-min intervals by linear interpolation; values are not normalized
Choi 2020,Choi_2020_C,C,Choi exercise chloride proxy,10.25,30.85,mM,0.344,0.8,2.0,5.0,https://doi.org/10.1038/s41598-020-64406-5,model input resampled to 0.25-min intervals by linear interpolation; values are not normalized
Choi 2020,Choi_2020_C,C,Choi exercise chloride proxy,10.5,32.02,mM,0.344,0.8,2.0,5.0,https://doi.org/10.1038/s41598-020-64406-5,model input resampled to 0.25-min intervals by linear interpolation; values are not normalized
Choi 2020,Choi_2020_C,C,Choi exercise chloride proxy,10.75,32.451,mM,0.344,0.8,2.0,5.0,https://doi.org/10.1038/s41598-020-64406-5,model input resampled to 0.25-min intervals by linear interpolation; values are not normalized
Choi 2020,Choi_2020_C,C,Choi exercise chloride proxy,11.0,32.882,mM,0.344,0.8,2.0,5.0,https://doi.org/10.1038/s41598-020-64406-5,model input resampled to 0.25-min intervals by linear interpolation; values are not normalized
Choi 2020,Choi_2020_C,C,Choi exercise chloride proxy,11.25,33.620999999999995,mM,0.344,0.8,2.0,5.0,https://doi.org/10.1038/s41598-020-64406-5,model input resampled to 0.25-min intervals by linear interpolation; values are not normalized
Choi 2020,Choi_2020_C,C,Choi exercise chloride proxy,11.5,34.36,mM,0.344,0.8,2.0,5.0,https://doi.org/10.1038/s41598-020-64406-5,model input resampled to 0.25-min intervals by linear interpolation; values are not normalized
Choi 2020,Choi_2020_C,C,Choi exercise chloride proxy,11.75,34.36,mM,0.344,0.8,2.0,5.0,https://doi.org/10.1038/s41598-020-64406-5,model input resampled to 0.25-min intervals by linear interpolation; values are not normalized
Choi 2020,Choi_2020_C,C,Choi exercise chloride proxy,12.0,34.36,mM,0.344,0.8,2.0,5.0,https://doi.org/10.1038/s41598-020-64406-5,model input resampled to 0.25-min intervals by linear interpolation; values are not normalized
Choi 2020,Choi_2020_C,C,Choi exercise chloride proxy,12.25,34.667500000000004,mM,0.344,0.8,2.0,5.0,https://doi.org/10.1038/s41598-020-64406-5,model input resampled to 0.25-min intervals by linear interpolation; values are not normalized
Choi 2020,Choi_2020_C,C,Choi exercise chloride proxy,12.5,34.975,mM,0.344,0.8,2.0,5.0,https://doi.org/10.1038/s41598-020-64406-5,model input resampled to 0.25-min intervals by linear interpolation; values are not normalized
Choi 2020,Choi_2020_C,C,Choi exercise chloride proxy,12.75,35.221500000000006,mM,0.344,0.8,2.0,5.0,https://doi.org/10.1038/s41598-020-64406-5,model input resampled to 0.25-min intervals by linear interpolation; values are not normalized
Choi 2020,Choi_2020_C,C,Choi exercise chloride proxy,13.0,35.468,mM,0.344,0.8,2.0,5.0,https://doi.org/10.1038/s41598-020-64406-5,model input resampled to 0.25-min intervals by linear interpolation; values are not normalized
Choi 2020,Choi_2020_C,C,Choi exercise chloride proxy,13.25,35.591,mM,0.344,0.8,2.0,5.0,https://doi.org/10.1038/s41598-020-64406-5,model input resampled to 0.25-min intervals by linear interpolation; values are not normalized
Choi 2020,Choi_2020_C,C,Choi exercise chloride proxy,13.5,35.714,mM,0.344,0.8,2.0,5.0,https://doi.org/10.1038/s41598-020-64406-5,model input resampled to 0.25-min intervals by linear interpolation; values are not normalized
Choi 2020,Choi_2020_C,C,Choi exercise chloride proxy,13.75,35.7755,mM,0.344,0.8,2.0,5.0,https://doi.org/10.1038/s41598-020-64406-5,model input resampled to 0.25-min intervals by linear interpolation; values are not normalized
Choi 2020,Choi_2020_C,C,Choi exercise chloride proxy,14.0,35.837,mM,0.344,0.8,2.0,5.0,https://doi.org/10.1038/s41598-020-64406-5,model input resampled to 0.25-min intervals by linear interpolation; values are not normalized
Choi 2020,Choi_2020_C,C,Choi exercise chloride proxy,14.25,35.899,mM,0.344,0.8,2.0,5.0,https://doi.org/10.1038/s41598-020-64406-5,model input resampled to 0.25-min intervals by linear interpolation; values are not normalized
Choi 2020,Choi_2020_C,C,Choi exercise chloride proxy,14.5,35.961,mM,0.344,0.8,2.0,5.0,https://doi.org/10.1038/s41598-020-64406-5,model input resampled to 0.25-min intervals by linear interpolation; values are not normalized
Choi 2020,Choi_2020_C,C,Choi exercise chloride proxy,14.75,35.899,mM,0.344,0.8,2.0,5.0,https://doi.org/10.1038/s41598-020-64406-5,model input resampled to 0.25-min intervals by linear interpolation; values are not normalized
Choi 2020,Choi_2020_C,C,Choi exercise chloride proxy,15.0,35.837,mM,0.344,0.8,2.0,5.0,https://doi.org/10.1038/s41598-020-64406-5,model input resampled to 0.25-min intervals by linear interpolation; values are not normalized
Choi 2020,Choi_2020_C,C,Choi exercise chloride proxy,15.25,35.406000000000006,mM,0.344,0.8,2.0,5.0,https://doi.org/10.1038/s41598-020-64406-5,model input resampled to 0.25-min intervals by linear interpolation; values are not normalized
Choi 2020,Choi_2020_C,C,Choi exercise chloride proxy,15.5,34.975,mM,0.344,0.8,2.0,5.0,https://doi.org/10.1038/s41598-020-64406-5,model input resampled to 0.25-min intervals by linear interpolation; values are not normalized
Choi 2020,Choi_2020_C,C,Choi exercise chloride proxy,15.75,34.7905,mM,0.344,0.8,2.0,5.0,https://doi.org/10.1038/s41598-020-64406-5,model input resampled to 0.25-min intervals by linear interpolation; values are not normalized
Choi 2020,Choi_2020_C,C,Choi exercise chloride proxy,16.0,34.606,mM,0.344,0.8,2.0,5.0,https://doi.org/10.1038/s41598-020-64406-5,model input resampled to 0.25-min intervals by linear interpolation; values are not normalized
Choi 2020,Choi_2020_C,C,Choi exercise chloride proxy,16.25,33.128,mM,0.344,0.8,2.0,5.0,https://doi.org/10.1038/s41598-020-64406-5,model input resampled to 0.25-min intervals by linear interpolation; values are not normalized
Choi 2020,Choi_2020_C,C,Choi exercise chloride proxy,16.5,31.65,mM,0.344,0.8,2.0,5.0,https://doi.org/10.1038/s41598-020-64406-5,model input resampled to 0.25-min intervals by linear interpolation; values are not normalized
Choi 2020,Choi_2020_C,C,Choi exercise chloride proxy,16.75,29.802999999999997,mM,0.344,0.8,2.0,5.0,https://doi.org/10.1038/s41598-020-64406-5,model input resampled to 0.25-min intervals by linear interpolation; values are not normalized
Choi 2020,Choi_2020_C,C,Choi exercise chloride proxy,17.0,27.956,mM,0.344,0.8,2.0,5.0,https://doi.org/10.1038/s41598-020-64406-5,model input resampled to 0.25-min intervals by linear interpolation; values are not normalized
Choi 2020,Choi_2020_C,C,Choi exercise chloride proxy,17.25,27.463,mM,0.344,0.8,2.0,5.0,https://doi.org/10.1038/s41598-020-64406-5,model input resampled to 0.25-min intervals by linear interpolation; values are not normalized
Choi 2020,Choi_2020_C,C,Choi exercise chloride proxy,17.5,26.97,mM,0.344,0.8,2.0,5.0,https://doi.org/10.1038/s41598-020-64406-5,model input resampled to 0.25-min intervals by linear interpolation; values are not normalized
Choi 2020,Choi_2020_C,C,Choi exercise chloride proxy,17.75,28.3555,mM,0.344,0.8,2.0,5.0,https://doi.org/10.1038/s41598-020-64406-5,model input resampled to 0.25-min intervals by linear interpolation; values are not normalized
Choi 2020,Choi_2020_C,C,Choi exercise chloride proxy,18.0,29.741,mM,0.344,0.8,2.0,5.0,https://doi.org/10.1038/s41598-020-64406-5,model input resampled to 0.25-min intervals by linear interpolation; values are not normalized
Choi 2020,Choi_2020_C,C,Choi exercise chloride proxy,18.25,31.8655,mM,0.344,0.8,2.0,5.0,https://doi.org/10.1038/s41598-020-64406-5,model input resampled to 0.25-min intervals by linear interpolation; values are not normalized
Choi 2020,Choi_2020_C,C,Choi exercise chloride proxy,18.5,33.99,mM,0.344,0.8,2.0,5.0,https://doi.org/10.1038/s41598-020-64406-5,model input resampled to 0.25-min intervals by linear interpolation; values are not normalized
Choi 2020,Choi_2020_C,C,Choi exercise chloride proxy,18.75,34.2365,mM,0.344,0.8,2.0,5.0,https://doi.org/10.1038/s41598-020-64406-5,model input resampled to 0.25-min intervals by linear interpolation; values are not normalized
Choi 2020,Choi_2020_C,C,Choi exercise chloride proxy,19.0,34.483,mM,0.344,0.8,2.0,5.0,https://doi.org/10.1038/s41598-020-64406-5,model input resampled to 0.25-min intervals by linear interpolation; values are not normalized
Choi 2020,Choi_2020_C,C,Choi exercise chloride proxy,19.25,34.6675,mM,0.344,0.8,2.0,5.0,https://doi.org/10.1038/s41598-020-64406-5,model input resampled to 0.25-min intervals by linear interpolation; values are not normalized
Choi 2020,Choi_2020_C,C,Choi exercise chloride proxy,19.5,34.852,mM,0.344,0.8,2.0,5.0,https://doi.org/10.1038/s41598-020-64406-5,model input resampled to 0.25-min intervals by linear interpolation; values are not normalized
Choi 2020,Choi_2020_C,C,Choi exercise chloride proxy,19.75,35.16,mM,0.344,0.8,2.0,5.0,https://doi.org/10.1038/s41598-020-64406-5,model input resampled to 0.25-min intervals by linear interpolation; values are not normalized
Choi 2020,Choi_2020_C,C,Choi exercise chloride proxy,20.0,35.468,mM,0.344,0.8,2.0,5.0,https://doi.org/10.1038/s41598-020-64406-5,model input resampled to 0.25-min intervals by linear interpolation; values are not normalized
Choi 2020,Choi_2020_C,C,Choi exercise chloride proxy,20.25,35.776,mM,0.344,0.8,2.0,5.0,https://doi.org/10.1038/s41598-020-64406-5,model input resampled to 0.25-min intervals by linear interpolation; values are not normalized
Choi 2020,Choi_2020_C,C,Choi exercise chloride proxy,20.5,36.084,mM,0.344,0.8,2.0,5.0,https://doi.org/10.1038/s41598-020-64406-5,model input resampled to 0.25-min intervals by linear interpolation; values are not normalized
Choi 2020,Choi_2020_C,C,Choi exercise chloride proxy,20.75,36.176,mM,0.344,0.8,2.0,5.0,https://doi.org/10.1038/s41598-020-64406-5,model input resampled to 0.25-min intervals by linear interpolation; values are not normalized
Choi 2020,Choi_2020_C,C,Choi exercise chloride proxy,21.0,36.268,mM,0.344,0.8,2.0,5.0,https://doi.org/10.1038/s41598-020-64406-5,model input resampled to 0.25-min intervals by linear interpolation; values are not normalized
Choi 2020,Choi_2020_C,C,Choi exercise chloride proxy,21.25,36.299,mM,0.344,0.8,2.0,5.0,https://doi.org/10.1038/s41598-020-64406-5,model input resampled to 0.25-min intervals by linear interpolation; values are not normalized
Choi 2020,Choi_2020_C,C,Choi exercise chloride proxy,21.5,36.33,mM,0.344,0.8,2.0,5.0,https://doi.org/10.1038/s41598-020-64406-5,model input resampled to 0.25-min intervals by linear interpolation; values are not normalized
Choi 2020,Choi_2020_C,C,Choi exercise chloride proxy,21.75,36.207,mM,0.344,0.8,2.0,5.0,https://doi.org/10.1038/s41598-020-64406-5,model input resampled to 0.25-min intervals by linear interpolation; values are not normalized
Choi 2020,Choi_2020_C,C,Choi exercise chloride proxy,22.0,36.084,mM,0.344,0.8,2.0,5.0,https://doi.org/10.1038/s41598-020-64406-5,model input resampled to 0.25-min intervals by linear interpolation; values are not normalized
Choi 2020,Choi_2020_C,C,Choi exercise chloride proxy,22.25,35.745000000000005,mM,0.344,0.8,2.0,5.0,https://doi.org/10.1038/s41598-020-64406-5,model input resampled to 0.25-min intervals by linear interpolation; values are not normalized
Choi 2020,Choi_2020_C,C,Choi exercise chloride proxy,22.5,35.406,mM,0.344,0.8,2.0,5.0,https://doi.org/10.1038/s41598-020-64406-5,model input resampled to 0.25-min intervals by linear interpolation; values are not normalized
Choi 2020,Choi_2020_C,C,Choi exercise chloride proxy,22.75,34.974999999999994,mM,0.344,0.8,2.0,5.0,https://doi.org/10.1038/s41598-020-64406-5,model input resampled to 0.25-min intervals by linear interpolation; values are not normalized
Choi 2020,Choi_2020_C,C,Choi exercise chloride proxy,23.0,34.544,mM,0.344,0.8,2.0,5.0,https://doi.org/10.1038/s41598-020-64406-5,model input resampled to 0.25-min intervals by linear interpolation; values are not normalized
Choi 2020,Choi_2020_C,C,Choi exercise chloride proxy,23.25,34.082499999999996,mM,0.344,0.8,2.0,5.0,https://doi.org/10.1038/s41598-020-64406-5,model input resampled to 0.25-min intervals by linear interpolation; values are not normalized
Choi 2020,Choi_2020_C,C,Choi exercise chloride proxy,23.5,33.621,mM,0.344,0.8,2.0,5.0,https://doi.org/10.1038/s41598-020-64406-5,model input resampled to 0.25-min intervals by linear interpolation; values are not normalized
Choi 2020,Choi_2020_C,C,Choi exercise chloride proxy,23.75,33.066500000000005,mM,0.344,0.8,2.0,5.0,https://doi.org/10.1038/s41598-020-64406-5,model input resampled to 0.25-min intervals by linear interpolation; values are not normalized
Choi 2020,Choi_2020_C,C,Choi exercise chloride proxy,24.0,32.512,mM,0.344,0.8,2.0,5.0,https://doi.org/10.1038/s41598-020-64406-5,model input resampled to 0.25-min intervals by linear interpolation; values are not normalized
Choi 2020,Choi_2020_C,C,Choi exercise chloride proxy,24.25,31.989,mM,0.344,0.8,2.0,5.0,https://doi.org/10.1038/s41598-020-64406-5,model input resampled to 0.25-min intervals by linear interpolation; values are not normalized
Choi 2020,Choi_2020_C,C,Choi exercise chloride proxy,24.5,31.466,mM,0.344,0.8,2.0,5.0,https://doi.org/10.1038/s41598-020-64406-5,model input resampled to 0.25-min intervals by linear interpolation; values are not normalized
Choi 2020,Choi_2020_C,C,Choi exercise chloride proxy,24.75,31.312,mM,0.344,0.8,2.0,5.0,https://doi.org/10.1038/s41598-020-64406-5,model input resampled to 0.25-min intervals by linear interpolation; values are not normalized
Choi 2020,Choi_2020_C,C,Choi exercise chloride proxy,25.0,31.158,mM,0.344,0.8,2.0,5.0,https://doi.org/10.1038/s41598-020-64406-5,model input resampled to 0.25-min intervals by linear interpolation; values are not normalized
Choi 2020,Choi_2020_C,C,Choi exercise chloride proxy,25.25,31.2195,mM,0.344,0.8,2.0,5.0,https://doi.org/10.1038/s41598-020-64406-5,model input resampled to 0.25-min intervals by linear interpolation; values are not normalized
Choi 2020,Choi_2020_C,C,Choi exercise chloride proxy,25.5,31.281,mM,0.344,0.8,2.0,5.0,https://doi.org/10.1038/s41598-020-64406-5,model input resampled to 0.25-min intervals by linear interpolation; values are not normalized
Choi 2020,Choi_2020_C,C,Choi exercise chloride proxy,25.75,31.404,mM,0.344,0.8,2.0,5.0,https://doi.org/10.1038/s41598-020-64406-5,model input resampled to 0.25-min intervals by linear interpolation; values are not normalized
Choi 2020,Choi_2020_C,C,Choi exercise chloride proxy,26.0,31.527,mM,0.344,0.8,2.0,5.0,https://doi.org/10.1038/s41598-020-64406-5,model input resampled to 0.25-min intervals by linear interpolation; values are not normalized
Choi 2020,Choi_2020_C,C,Choi exercise chloride proxy,26.25,31.4965,mM,0.344,0.8,2.0,5.0,https://doi.org/10.1038/s41598-020-64406-5,model input resampled to 0.25-min intervals by linear interpolation; values are not normalized
Choi 2020,Choi_2020_C,C,Choi exercise chloride proxy,26.5,31.466,mM,0.344,0.8,2.0,5.0,https://doi.org/10.1038/s41598-020-64406-5,model input resampled to 0.25-min intervals by linear interpolation; values are not normalized
Choi 2020,Choi_2020_C,C,Choi exercise chloride proxy,26.75,31.435000000000002,mM,0.344,0.8,2.0,5.0,https://doi.org/10.1038/s41598-020-64406-5,model input resampled to 0.25-min intervals by linear interpolation; values are not normalized
Choi 2020,Choi_2020_C,C,Choi exercise chloride proxy,27.0,31.404,mM,0.344,0.8,2.0,5.0,https://doi.org/10.1038/s41598-020-64406-5,model input resampled to 0.25-min intervals by linear interpolation; values are not normalized
Choi 2020,Choi_2020_C,C,Choi exercise chloride proxy,27.25,30.9115,mM,0.344,0.8,2.0,5.0,https://doi.org/10.1038/s41598-020-64406-5,model input resampled to 0.25-min intervals by linear interpolation; values are not normalized
Choi 2020,Choi_2020_C,C,Choi exercise chloride proxy,27.5,30.419,mM,0.344,0.8,2.0,5.0,https://doi.org/10.1038/s41598-020-64406-5,model input resampled to 0.25-min intervals by linear interpolation; values are not normalized
Choi 2020,Choi_2020_C,C,Choi exercise chloride proxy,27.75,29.5875,mM,0.344,0.8,2.0,5.0,https://doi.org/10.1038/s41598-020-64406-5,model input resampled to 0.25-min intervals by linear interpolation; values are not normalized
Choi 2020,Choi_2020_C,C,Choi exercise chloride proxy,28.0,28.756,mM,0.344,0.8,2.0,5.0,https://doi.org/10.1038/s41598-020-64406-5,model input resampled to 0.25-min intervals by linear interpolation; values are not normalized
Choi 2020,Choi_2020_C,C,Choi exercise chloride proxy,28.25,28.048000000000002,mM,0.344,0.8,2.0,5.0,https://doi.org/10.1038/s41598-020-64406-5,model input resampled to 0.25-min intervals by linear interpolation; values are not normalized
Choi 2020,Choi_2020_C,C,Choi exercise chloride proxy,28.5,27.34,mM,0.344,0.8,2.0,5.0,https://doi.org/10.1038/s41598-020-64406-5,model input resampled to 0.25-min intervals by linear interpolation; values are not normalized
Choi 2020,Choi_2020_C,C,Choi exercise chloride proxy,28.75,26.293,mM,0.344,0.8,2.0,5.0,https://doi.org/10.1038/s41598-020-64406-5,model input resampled to 0.25-min intervals by linear interpolation; values are not normalized
Choi 2020,Choi_2020_C,C,Choi exercise chloride proxy,29.0,25.246,mM,0.344,0.8,2.0,5.0,https://doi.org/10.1038/s41598-020-64406-5,model input resampled to 0.25-min intervals by linear interpolation; values are not normalized
Choi 2020,Choi_2020_C,C,Choi exercise chloride proxy,29.25,24.7535,mM,0.344,0.8,2.0,5.0,https://doi.org/10.1038/s41598-020-64406-5,model input resampled to 0.25-min intervals by linear interpolation; values are not normalized
Choi 2020,Choi_2020_C,C,Choi exercise chloride proxy,29.5,24.261,mM,0.344,0.8,2.0,5.0,https://doi.org/10.1038/s41598-020-64406-5,model input resampled to 0.25-min intervals by linear interpolation; values are not normalized
Choi 2020,Choi_2020_C,C,Choi exercise chloride proxy,29.75,23.83,mM,0.344,0.8,2.0,5.0,https://doi.org/10.1038/s41598-020-64406-5,model input resampled to 0.25-min intervals by linear interpolation; values are not normalized
Choi 2020,Choi_2020_C,C,Choi exercise chloride proxy,30.0,23.399,mM,0.344,0.8,2.0,5.0,https://doi.org/10.1038/s41598-020-64406-5,model input resampled to 0.25-min intervals by linear interpolation; values are not normalized
Choi 2020,Choi_2020_C,C,Choi exercise chloride proxy,30.25,23.3375,mM,0.344,0.8,2.0,5.0,https://doi.org/10.1038/s41598-020-64406-5,model input resampled to 0.25-min intervals by linear interpolation; values are not normalized
Choi 2020,Choi_2020_C,C,Choi exercise chloride proxy,30.5,23.276,mM,0.344,0.8,2.0,5.0,https://doi.org/10.1038/s41598-020-64406-5,model input resampled to 0.25-min intervals by linear interpolation; values are not normalized
Choi 2020,Choi_2020_C,C,Choi exercise chloride proxy,30.75,23.2145,mM,0.344,0.8,2.0,5.0,https://doi.org/10.1038/s41598-020-64406-5,model input resampled to 0.25-min intervals by linear interpolation; values are not normalized
Choi 2020,Choi_2020_C,C,Choi exercise chloride proxy,31.0,23.153,mM,0.344,0.8,2.0,5.0,https://doi.org/10.1038/s41598-020-64406-5,model input resampled to 0.25-min intervals by linear interpolation; values are not normalized
Choi 2020,Choi_2020_C,C,Choi exercise chloride proxy,31.25,22.845,mM,0.344,0.8,2.0,5.0,https://doi.org/10.1038/s41598-020-64406-5,model input resampled to 0.25-min intervals by linear interpolation; values are not normalized
Choi 2020,Choi_2020_C,C,Choi exercise chloride proxy,31.5,22.537,mM,0.344,0.8,2.0,5.0,https://doi.org/10.1038/s41598-020-64406-5,model input resampled to 0.25-min intervals by linear interpolation; values are not normalized
Choi 2020,Choi_2020_C,C,Choi exercise chloride proxy,31.75,22.106,mM,0.344,0.8,2.0,5.0,https://doi.org/10.1038/s41598-020-64406-5,model input resampled to 0.25-min intervals by linear interpolation; values are not normalized
Choi 2020,Choi_2020_C,C,Choi exercise chloride proxy,32.0,21.675,mM,0.344,0.8,2.0,5.0,https://doi.org/10.1038/s41598-020-64406-5,model input resampled to 0.25-min intervals by linear interpolation; values are not normalized
Choi 2020,Choi_2020_C,C,Choi exercise chloride proxy,32.25,21.1825,mM,0.344,0.8,2.0,5.0,https://doi.org/10.1038/s41598-020-64406-5,model input resampled to 0.25-min intervals by linear interpolation; values are not normalized
Choi 2020,Choi_2020_C,C,Choi exercise chloride proxy,32.5,20.69,mM,0.344,0.8,2.0,5.0,https://doi.org/10.1038/s41598-020-64406-5,model input resampled to 0.25-min intervals by linear interpolation; values are not normalized
Choi 2020,Choi_2020_C,C,Choi exercise chloride proxy,32.75,20.4435,mM,0.344,0.8,2.0,5.0,https://doi.org/10.1038/s41598-020-64406-5,model input resampled to 0.25-min intervals by linear interpolation; values are not normalized
Choi 2020,Choi_2020_C,C,Choi exercise chloride proxy,33.0,20.197,mM,0.344,0.8,2.0,5.0,https://doi.org/10.1038/s41598-020-64406-5,model input resampled to 0.25-min intervals by linear interpolation; values are not normalized
Choi 2020,Choi_2020_C,C,Choi exercise chloride proxy,33.25,20.1355,mM,0.344,0.8,2.0,5.0,https://doi.org/10.1038/s41598-020-64406-5,model input resampled to 0.25-min intervals by linear interpolation; values are not normalized
Choi 2020,Choi_2020_C,C,Choi exercise chloride proxy,33.5,20.074,mM,0.344,0.8,2.0,5.0,https://doi.org/10.1038/s41598-020-64406-5,model input resampled to 0.25-min intervals by linear interpolation; values are not normalized
Choi 2020,Choi_2020_C,C,Choi exercise chloride proxy,33.75,19.951,mM,0.344,0.8,2.0,5.0,https://doi.org/10.1038/s41598-020-64406-5,model input resampled to 0.25-min intervals by linear interpolation; values are not normalized
Choi 2020,Choi_2020_C,C,Choi exercise chloride proxy,34.0,19.828,mM,0.344,0.8,2.0,5.0,https://doi.org/10.1038/s41598-020-64406-5,model input resampled to 0.25-min intervals by linear interpolation; values are not normalized
Choi 2020,Choi_2020_C,C,Choi exercise chloride proxy,34.25,19.5815,mM,0.344,0.8,2.0,5.0,https://doi.org/10.1038/s41598-020-64406-5,model input resampled to 0.25-min intervals by linear interpolation; values are not normalized
Choi 2020,Choi_2020_C,C,Choi exercise chloride proxy,34.5,19.335,mM,0.344,0.8,2.0,5.0,https://doi.org/10.1038/s41598-020-64406-5,model input resampled to 0.25-min intervals by linear interpolation; values are not normalized
Choi 2020,Choi_2020_C,C,Choi exercise chloride proxy,34.75,19.212,mM,0.344,0.8,2.0,5.0,https://doi.org/10.1038/s41598-020-64406-5,model input resampled to 0.25-min intervals by linear interpolation; values are not normalized
Choi 2020,Choi_2020_C,C,Choi exercise chloride proxy,35.0,19.089,mM,0.344,0.8,2.0,5.0,https://doi.org/10.1038/s41598-020-64406-5,model input resampled to 0.25-min intervals by linear interpolation; values are not normalized
Choi 2020,Choi_2020_C,C,Choi exercise chloride proxy,35.25,19.1505,mM,0.344,0.8,2.0,5.0,https://doi.org/10.1038/s41598-020-64406-5,model input resampled to 0.25-min intervals by linear interpolation; values are not normalized
Choi 2020,Choi_2020_C,C,Choi exercise chloride proxy,35.5,19.212,mM,0.344,0.8,2.0,5.0,https://doi.org/10.1038/s41598-020-64406-5,model input resampled to 0.25-min intervals by linear interpolation; values are not normalized
Choi 2020,Choi_2020_C,C,Choi exercise chloride proxy,35.75,19.2735,mM,0.344,0.8,2.0,5.0,https://doi.org/10.1038/s41598-020-64406-5,model input resampled to 0.25-min intervals by linear interpolation; values are not normalized
Choi 2020,Choi_2020_C,C,Choi exercise chloride proxy,36.0,19.335,mM,0.344,0.8,2.0,5.0,https://doi.org/10.1038/s41598-020-64406-5,model input resampled to 0.25-min intervals by linear interpolation; values are not normalized
Choi 2020,Choi_2020_C,C,Choi exercise chloride proxy,36.25,19.058,mM,0.344,0.8,2.0,5.0,https://doi.org/10.1038/s41598-020-64406-5,model input resampled to 0.25-min intervals by linear interpolation; values are not normalized
Choi 2020,Choi_2020_C,C,Choi exercise chloride proxy,36.5,18.781,mM,0.344,0.8,2.0,5.0,https://doi.org/10.1038/s41598-020-64406-5,model input resampled to 0.25-min intervals by linear interpolation; values are not normalized
Choi 2020,Choi_2020_C,C,Choi exercise chloride proxy,36.75,18.319,mM,0.344,0.8,2.0,5.0,https://doi.org/10.1038/s41598-020-64406-5,model input resampled to 0.25-min intervals by linear interpolation; values are not normalized
Choi 2020,Choi_2020_C,C,Choi exercise chloride proxy,37.0,17.857,mM,0.344,0.8,2.0,5.0,https://doi.org/10.1038/s41598-020-64406-5,model input resampled to 0.25-min intervals by linear interpolation; values are not normalized
Choi 2020,Choi_2020_C,C,Choi exercise chloride proxy,37.25,17.241500000000002,mM,0.344,0.8,2.0,5.0,https://doi.org/10.1038/s41598-020-64406-5,model input resampled to 0.25-min intervals by linear interpolation; values are not normalized
Choi 2020,Choi_2020_C,C,Choi exercise chloride proxy,37.5,16.626,mM,0.344,0.8,2.0,5.0,https://doi.org/10.1038/s41598-020-64406-5,model input resampled to 0.25-min intervals by linear interpolation; values are not normalized
Choi 2020,Choi_2020_C,C,Choi exercise chloride proxy,37.75,16.1025,mM,0.344,0.8,2.0,5.0,https://doi.org/10.1038/s41598-020-64406-5,model input resampled to 0.25-min intervals by linear interpolation; values are not normalized
Choi 2020,Choi_2020_C,C,Choi exercise chloride proxy,38.0,15.579,mM,0.344,0.8,2.0,5.0,https://doi.org/10.1038/s41598-020-64406-5,model input resampled to 0.25-min intervals by linear interpolation; values are not normalized
Choi 2020,Choi_2020_C,C,Choi exercise chloride proxy,38.25,15.24,mM,0.344,0.8,2.0,5.0,https://doi.org/10.1038/s41598-020-64406-5,model input resampled to 0.25-min intervals by linear interpolation; values are not normalized
Choi 2020,Choi_2020_C,C,Choi exercise chloride proxy,38.5,14.901,mM,0.344,0.8,2.0,5.0,https://doi.org/10.1038/s41598-020-64406-5,model input resampled to 0.25-min intervals by linear interpolation; values are not normalized
Choi 2020,Choi_2020_C,C,Choi exercise chloride proxy,38.75,14.7165,mM,0.344,0.8,2.0,5.0,https://doi.org/10.1038/s41598-020-64406-5,model input resampled to 0.25-min intervals by linear interpolation; values are not normalized
Choi 2020,Choi_2020_C,C,Choi exercise chloride proxy,39.0,14.532,mM,0.344,0.8,2.0,5.0,https://doi.org/10.1038/s41598-020-64406-5,model input resampled to 0.25-min intervals by linear interpolation; values are not normalized
Choi 2020,Choi_2020_C,C,Choi exercise chloride proxy,39.25,14.408999999999999,mM,0.344,0.8,2.0,5.0,https://doi.org/10.1038/s41598-020-64406-5,model input resampled to 0.25-min intervals by linear interpolation; values are not normalized
Choi 2020,Choi_2020_C,C,Choi exercise chloride proxy,39.5,14.286,mM,0.344,0.8,2.0,5.0,https://doi.org/10.1038/s41598-020-64406-5,model input resampled to 0.25-min intervals by linear interpolation; values are not normalized
Choi 2020,Choi_2020_C,C,Choi exercise chloride proxy,39.75,14.1625,mM,0.344,0.8,2.0,5.0,https://doi.org/10.1038/s41598-020-64406-5,model input resampled to 0.25-min intervals by linear interpolation; values are not normalized
Choi 2020,Choi_2020_C,C,Choi exercise chloride proxy,40.0,14.039,mM,0.344,0.8,2.0,5.0,https://doi.org/10.1038/s41598-020-64406-5,model input resampled to 0.25-min intervals by linear interpolation; values are not normalized
Choi 2020,Choi_2020_C,C,Choi exercise chloride proxy,40.25,13.916,mM,0.344,0.8,2.0,5.0,https://doi.org/10.1038/s41598-020-64406-5,model input resampled to 0.25-min intervals by linear interpolation; values are not normalized
Choi 2020,Choi_2020_C,C,Choi exercise chloride proxy,40.5,13.793,mM,0.344,0.8,2.0,5.0,https://doi.org/10.1038/s41598-020-64406-5,model input resampled to 0.25-min intervals by linear interpolation; values are not normalized
Choi 2020,Choi_2020_C,C,Choi exercise chloride proxy,40.75,13.8855,mM,0.344,0.8,2.0,5.0,https://doi.org/10.1038/s41598-020-64406-5,model input resampled to 0.25-min intervals by linear interpolation; values are not normalized
Choi 2020,Choi_2020_C,C,Choi exercise chloride proxy,41.0,13.978,mM,0.344,0.8,2.0,5.0,https://doi.org/10.1038/s41598-020-64406-5,model input resampled to 0.25-min intervals by linear interpolation; values are not normalized
Choi 2020,Choi_2020_C,C,Choi exercise chloride proxy,41.25,14.132,mM,0.344,0.8,2.0,5.0,https://doi.org/10.1038/s41598-020-64406-5,model input resampled to 0.25-min intervals by linear interpolation; values are not normalized
Choi 2020,Choi_2020_C,C,Choi exercise chloride proxy,41.5,14.286,mM,0.344,0.8,2.0,5.0,https://doi.org/10.1038/s41598-020-64406-5,model input resampled to 0.25-min intervals by linear interpolation; values are not normalized
Choi 2020,Choi_2020_C,C,Choi exercise chloride proxy,41.75,14.532,mM,0.344,0.8,2.0,5.0,https://doi.org/10.1038/s41598-020-64406-5,model input resampled to 0.25-min intervals by linear interpolation; values are not normalized
Choi 2020,Choi_2020_C,C,Choi exercise chloride proxy,42.0,14.778,mM,0.344,0.8,2.0,5.0,https://doi.org/10.1038/s41598-020-64406-5,model input resampled to 0.25-min intervals by linear interpolation; values are not normalized
Choi 2020,Choi_2020_C,C,Choi exercise chloride proxy,42.25,14.7165,mM,0.344,0.8,2.0,5.0,https://doi.org/10.1038/s41598-020-64406-5,model input resampled to 0.25-min intervals by linear interpolation; values are not normalized
Choi 2020,Choi_2020_C,C,Choi exercise chloride proxy,42.5,14.655,mM,0.344,0.8,2.0,5.0,https://doi.org/10.1038/s41598-020-64406-5,model input resampled to 0.25-min intervals by linear interpolation; values are not normalized
Choi 2020,Choi_2020_C,C,Choi exercise chloride proxy,42.75,14.532,mM,0.344,0.8,2.0,5.0,https://doi.org/10.1038/s41598-020-64406-5,model input resampled to 0.25-min intervals by linear interpolation; values are not normalized
Choi 2020,Choi_2020_C,C,Choi exercise chloride proxy,43.0,14.409,mM,0.344,0.8,2.0,5.0,https://doi.org/10.1038/s41598-020-64406-5,model input resampled to 0.25-min intervals by linear interpolation; values are not normalized
Choi 2020,Choi_2020_C,C,Choi exercise chloride proxy,43.25,14.3475,mM,0.344,0.8,2.0,5.0,https://doi.org/10.1038/s41598-020-64406-5,model input resampled to 0.25-min intervals by linear interpolation; values are not normalized
Choi 2020,Choi_2020_C,C,Choi exercise chloride proxy,43.5,14.286,mM,0.344,0.8,2.0,5.0,https://doi.org/10.1038/s41598-020-64406-5,model input resampled to 0.25-min intervals by linear interpolation; values are not normalized
Choi 2020,Choi_2020_C,C,Choi exercise chloride proxy,43.75,14.254999999999999,mM,0.344,0.8,2.0,5.0,https://doi.org/10.1038/s41598-020-64406-5,model input resampled to 0.25-min intervals by linear interpolation; values are not normalized
Choi 2020,Choi_2020_C,C,Choi exercise chloride proxy,44.0,14.224,mM,0.344,0.8,2.0,5.0,https://doi.org/10.1038/s41598-020-64406-5,model input resampled to 0.25-min intervals by linear interpolation; values are not normalized
Choi 2020,Choi_2020_C,C,Choi exercise chloride proxy,44.25,14.316500000000001,mM,0.344,0.8,2.0,5.0,https://doi.org/10.1038/s41598-020-64406-5,model input resampled to 0.25-min intervals by linear interpolation; values are not normalized
Choi 2020,Choi_2020_C,C,Choi exercise chloride proxy,44.5,14.409,mM,0.344,0.8,2.0,5.0,https://doi.org/10.1038/s41598-020-64406-5,model input resampled to 0.25-min intervals by linear interpolation; values are not normalized
Choi 2020,Choi_2020_C,C,Choi exercise chloride proxy,44.75,14.470500000000001,mM,0.344,0.8,2.0,5.0,https://doi.org/10.1038/s41598-020-64406-5,model input resampled to 0.25-min intervals by linear interpolation; values are not normalized
Choi 2020,Choi_2020_C,C,Choi exercise chloride proxy,45.0,14.532,mM,0.344,0.8,2.0,5.0,https://doi.org/10.1038/s41598-020-64406-5,model input resampled to 0.25-min intervals by linear interpolation; values are not normalized
Choi 2020,Choi_2020_C,C,Choi exercise chloride proxy,45.25,14.316500000000001,mM,0.344,0.8,2.0,5.0,https://doi.org/10.1038/s41598-020-64406-5,model input resampled to 0.25-min intervals by linear interpolation; values are not normalized
Choi 2020,Choi_2020_C,C,Choi exercise chloride proxy,45.5,14.101,mM,0.344,0.8,2.0,5.0,https://doi.org/10.1038/s41598-020-64406-5,model input resampled to 0.25-min intervals by linear interpolation; values are not normalized
Choi 2020,Choi_2020_C,C,Choi exercise chloride proxy,45.75,13.824000000000002,mM,0.344,0.8,2.0,5.0,https://doi.org/10.1038/s41598-020-64406-5,model input resampled to 0.25-min intervals by linear interpolation; values are not normalized
Choi 2020,Choi_2020_C,C,Choi exercise chloride proxy,46.0,13.547,mM,0.344,0.8,2.0,5.0,https://doi.org/10.1038/s41598-020-64406-5,model input resampled to 0.25-min intervals by linear interpolation; values are not normalized
Choi 2020,Choi_2020_C,C,Choi exercise chloride proxy,46.25,13.4855,mM,0.344,0.8,2.0,5.0,https://doi.org/10.1038/s41598-020-64406-5,model input resampled to 0.25-min intervals by linear interpolation; values are not normalized
Choi 2020,Choi_2020_C,C,Choi exercise chloride proxy,46.5,13.424,mM,0.344,0.8,2.0,5.0,https://doi.org/10.1038/s41598-020-64406-5,model input resampled to 0.25-min intervals by linear interpolation; values are not normalized
Choi 2020,Choi_2020_C,C,Choi exercise chloride proxy,46.75,13.547,mM,0.344,0.8,2.0,5.0,https://doi.org/10.1038/s41598-020-64406-5,model input resampled to 0.25-min intervals by linear interpolation; values are not normalized
Choi 2020,Choi_2020_C,C,Choi exercise chloride proxy,47.0,13.67,mM,0.344,0.8,2.0,5.0,https://doi.org/10.1038/s41598-020-64406-5,model input resampled to 0.25-min intervals by linear interpolation; values are not normalized
Choi 2020,Choi_2020_C,C,Choi exercise chloride proxy,47.25,13.8545,mM,0.344,0.8,2.0,5.0,https://doi.org/10.1038/s41598-020-64406-5,model input resampled to 0.25-min intervals by linear interpolation; values are not normalized
Choi 2020,Choi_2020_C,C,Choi exercise chloride proxy,47.5,14.039,mM,0.344,0.8,2.0,5.0,https://doi.org/10.1038/s41598-020-64406-5,model input resampled to 0.25-min intervals by linear interpolation; values are not normalized
Choi 2020,Choi_2020_C,C,Choi exercise chloride proxy,47.75,14.131499999999999,mM,0.344,0.8,2.0,5.0,https://doi.org/10.1038/s41598-020-64406-5,model input resampled to 0.25-min intervals by linear interpolation; values are not normalized
Choi 2020,Choi_2020_C,C,Choi exercise chloride proxy,48.0,14.224,mM,0.344,0.8,2.0,5.0,https://doi.org/10.1038/s41598-020-64406-5,model input resampled to 0.25-min intervals by linear interpolation; values are not normalized
Choi 2020,Choi_2020_C,C,Choi exercise chloride proxy,48.25,14.1935,mM,0.344,0.8,2.0,5.0,https://doi.org/10.1038/s41598-020-64406-5,model input resampled to 0.25-min intervals by linear interpolation; values are not normalized
Choi 2020,Choi_2020_C,C,Choi exercise chloride proxy,48.5,14.163,mM,0.344,0.8,2.0,5.0,https://doi.org/10.1038/s41598-020-64406-5,model input resampled to 0.25-min intervals by linear interpolation; values are not normalized
Choi 2020,Choi_2020_C,C,Choi exercise chloride proxy,48.75,13.855,mM,0.344,0.8,2.0,5.0,https://doi.org/10.1038/s41598-020-64406-5,model input resampled to 0.25-min intervals by linear interpolation; values are not normalized
Choi 2020,Choi_2020_C,C,Choi exercise chloride proxy,49.0,13.547,mM,0.344,0.8,2.0,5.0,https://doi.org/10.1038/s41598-020-64406-5,model input resampled to 0.25-min intervals by linear interpolation; values are not normalized
Choi 2020,Choi_2020_C,C,Choi exercise chloride proxy,49.25,13.3005,mM,0.344,0.8,2.0,5.0,https://doi.org/10.1038/s41598-020-64406-5,model input resampled to 0.25-min intervals by linear interpolation; values are not normalized
Choi 2020,Choi_2020_C,C,Choi exercise chloride proxy,49.5,13.054,mM,0.344,0.8,2.0,5.0,https://doi.org/10.1038/s41598-020-64406-5,model input resampled to 0.25-min intervals by linear interpolation; values are not normalized
Choi 2020,Choi_2020_C,C,Choi exercise chloride proxy,49.75,13.1155,mM,0.344,0.8,2.0,5.0,https://doi.org/10.1038/s41598-020-64406-5,model input resampled to 0.25-min intervals by linear interpolation; values are not normalized
Choi 2020,Choi_2020_C,C,Choi exercise chloride proxy,50.0,13.177,mM,0.344,0.8,2.0,5.0,https://doi.org/10.1038/s41598-020-64406-5,model input resampled to 0.25-min intervals by linear interpolation; values are not normalized
Choi 2020,Choi_2020_C,C,Choi exercise chloride proxy,50.25,13.5465,mM,0.344,0.8,2.0,5.0,https://doi.org/10.1038/s41598-020-64406-5,model input resampled to 0.25-min intervals by linear interpolation; values are not normalized
Choi 2020,Choi_2020_C,C,Choi exercise chloride proxy,50.5,13.916,mM,0.344,0.8,2.0,5.0,https://doi.org/10.1038/s41598-020-64406-5,model input resampled to 0.25-min intervals by linear interpolation; values are not normalized
Choi 2020,Choi_2020_C,C,Choi exercise chloride proxy,50.75,14.285499999999999,mM,0.344,0.8,2.0,5.0,https://doi.org/10.1038/s41598-020-64406-5,model input resampled to 0.25-min intervals by linear interpolation; values are not normalized
Choi 2020,Choi_2020_C,C,Choi exercise chloride proxy,51.0,14.655,mM,0.344,0.8,2.0,5.0,https://doi.org/10.1038/s41598-020-64406-5,model input resampled to 0.25-min intervals by linear interpolation; values are not normalized
Choi 2020,Choi_2020_C,C,Choi exercise chloride proxy,51.25,15.055499999999999,mM,0.344,0.8,2.0,5.0,https://doi.org/10.1038/s41598-020-64406-5,model input resampled to 0.25-min intervals by linear interpolation; values are not normalized
Choi 2020,Choi_2020_C,C,Choi exercise chloride proxy,51.5,15.456,mM,0.344,0.8,2.0,5.0,https://doi.org/10.1038/s41598-020-64406-5,model input resampled to 0.25-min intervals by linear interpolation; values are not normalized
Choi 2020,Choi_2020_C,C,Choi exercise chloride proxy,51.75,15.4865,mM,0.344,0.8,2.0,5.0,https://doi.org/10.1038/s41598-020-64406-5,model input resampled to 0.25-min intervals by linear interpolation; values are not normalized
Choi 2020,Choi_2020_C,C,Choi exercise chloride proxy,52.0,15.517,mM,0.344,0.8,2.0,5.0,https://doi.org/10.1038/s41598-020-64406-5,model input resampled to 0.25-min intervals by linear interpolation; values are not normalized
Choi 2020,Choi_2020_C,C,Choi exercise chloride proxy,52.25,15.363,mM,0.344,0.8,2.0,5.0,https://doi.org/10.1038/s41598-020-64406-5,model input resampled to 0.25-min intervals by linear interpolation; values are not normalized
Choi 2020,Choi_2020_C,C,Choi exercise chloride proxy,52.5,15.209,mM,0.344,0.8,2.0,5.0,https://doi.org/10.1038/s41598-020-64406-5,model input resampled to 0.25-min intervals by linear interpolation; values are not normalized
Choi 2020,Choi_2020_C,C,Choi exercise chloride proxy,52.75,15.117,mM,0.344,0.8,2.0,5.0,https://doi.org/10.1038/s41598-020-64406-5,model input resampled to 0.25-min intervals by linear interpolation; values are not normalized
Choi 2020,Choi_2020_C,C,Choi exercise chloride proxy,53.0,15.025,mM,0.344,0.8,2.0,5.0,https://doi.org/10.1038/s41598-020-64406-5,model input resampled to 0.25-min intervals by linear interpolation; values are not normalized
Choi 2020,Choi_2020_C,C,Choi exercise chloride proxy,53.25,15.025,mM,0.344,0.8,2.0,5.0,https://doi.org/10.1038/s41598-020-64406-5,model input resampled to 0.25-min intervals by linear interpolation; values are not normalized
Choi 2020,Choi_2020_C,C,Choi exercise chloride proxy,53.5,15.025,mM,0.344,0.8,2.0,5.0,https://doi.org/10.1038/s41598-020-64406-5,model input resampled to 0.25-min intervals by linear interpolation; values are not normalized
Choi 2020,Choi_2020_C,C,Choi exercise chloride proxy,53.75,14.932500000000001,mM,0.344,0.8,2.0,5.0,https://doi.org/10.1038/s41598-020-64406-5,model input resampled to 0.25-min intervals by linear interpolation; values are not normalized
Choi 2020,Choi_2020_C,C,Choi exercise chloride proxy,54.0,14.84,mM,0.344,0.8,2.0,5.0,https://doi.org/10.1038/s41598-020-64406-5,model input resampled to 0.25-min intervals by linear interpolation; values are not normalized
Choi 2020,Choi_2020_D,D,Choi exercise chloride proxy,0.0,59.263,mM,0.345,1.0,2.0,5.0,https://doi.org/10.1038/s41598-020-64406-5,model input resampled to 0.25-min intervals by linear interpolation; values are not normalized
Choi 2020,Choi_2020_D,D,Choi exercise chloride proxy,0.25,59.042,mM,0.345,1.0,2.0,5.0,https://doi.org/10.1038/s41598-020-64406-5,model input resampled to 0.25-min intervals by linear interpolation; values are not normalized
Choi 2020,Choi_2020_D,D,Choi exercise chloride proxy,0.5,58.821,mM,0.345,1.0,2.0,5.0,https://doi.org/10.1038/s41598-020-64406-5,model input resampled to 0.25-min intervals by linear interpolation; values are not normalized
Choi 2020,Choi_2020_D,D,Choi exercise chloride proxy,0.75,57.6415,mM,0.345,1.0,2.0,5.0,https://doi.org/10.1038/s41598-020-64406-5,model input resampled to 0.25-min intervals by linear interpolation; values are not normalized
Choi 2020,Choi_2020_D,D,Choi exercise chloride proxy,1.0,56.462,mM,0.345,1.0,2.0,5.0,https://doi.org/10.1038/s41598-020-64406-5,model input resampled to 0.25-min intervals by linear interpolation; values are not normalized
Choi 2020,Choi_2020_D,D,Choi exercise chloride proxy,1.25,55.43000000000001,mM,0.345,1.0,2.0,5.0,https://doi.org/10.1038/s41598-020-64406-5,model input resampled to 0.25-min intervals by linear interpolation; values are not normalized
Choi 2020,Choi_2020_D,D,Choi exercise chloride proxy,1.5,54.398,mM,0.345,1.0,2.0,5.0,https://doi.org/10.1038/s41598-020-64406-5,model input resampled to 0.25-min intervals by linear interpolation; values are not normalized
Choi 2020,Choi_2020_D,D,Choi exercise chloride proxy,1.75,53.587,mM,0.345,1.0,2.0,5.0,https://doi.org/10.1038/s41598-020-64406-5,model input resampled to 0.25-min intervals by linear interpolation; values are not normalized
Choi 2020,Choi_2020_D,D,Choi exercise chloride proxy,2.0,52.776,mM,0.345,1.0,2.0,5.0,https://doi.org/10.1038/s41598-020-64406-5,model input resampled to 0.25-min intervals by linear interpolation; values are not normalized
Choi 2020,Choi_2020_D,D,Choi exercise chloride proxy,2.25,51.7445,mM,0.345,1.0,2.0,5.0,https://doi.org/10.1038/s41598-020-64406-5,model input resampled to 0.25-min intervals by linear interpolation; values are not normalized
Choi 2020,Choi_2020_D,D,Choi exercise chloride proxy,2.5,50.713,mM,0.345,1.0,2.0,5.0,https://doi.org/10.1038/s41598-020-64406-5,model input resampled to 0.25-min intervals by linear interpolation; values are not normalized
Choi 2020,Choi_2020_D,D,Choi exercise chloride proxy,2.75,50.2705,mM,0.345,1.0,2.0,5.0,https://doi.org/10.1038/s41598-020-64406-5,model input resampled to 0.25-min intervals by linear interpolation; values are not normalized
Choi 2020,Choi_2020_D,D,Choi exercise chloride proxy,3.0,49.828,mM,0.345,1.0,2.0,5.0,https://doi.org/10.1038/s41598-020-64406-5,model input resampled to 0.25-min intervals by linear interpolation; values are not normalized
Choi 2020,Choi_2020_D,D,Choi exercise chloride proxy,3.25,49.6805,mM,0.345,1.0,2.0,5.0,https://doi.org/10.1038/s41598-020-64406-5,model input resampled to 0.25-min intervals by linear interpolation; values are not normalized
Choi 2020,Choi_2020_D,D,Choi exercise chloride proxy,3.5,49.533,mM,0.345,1.0,2.0,5.0,https://doi.org/10.1038/s41598-020-64406-5,model input resampled to 0.25-min intervals by linear interpolation; values are not normalized
Choi 2020,Choi_2020_D,D,Choi exercise chloride proxy,3.75,49.607,mM,0.345,1.0,2.0,5.0,https://doi.org/10.1038/s41598-020-64406-5,model input resampled to 0.25-min intervals by linear interpolation; values are not normalized
Choi 2020,Choi_2020_D,D,Choi exercise chloride proxy,4.0,49.681,mM,0.345,1.0,2.0,5.0,https://doi.org/10.1038/s41598-020-64406-5,model input resampled to 0.25-min intervals by linear interpolation; values are not normalized
Choi 2020,Choi_2020_D,D,Choi exercise chloride proxy,4.25,48.649,mM,0.345,1.0,2.0,5.0,https://doi.org/10.1038/s41598-020-64406-5,model input resampled to 0.25-min intervals by linear interpolation; values are not normalized
Choi 2020,Choi_2020_D,D,Choi exercise chloride proxy,4.5,47.617,mM,0.345,1.0,2.0,5.0,https://doi.org/10.1038/s41598-020-64406-5,model input resampled to 0.25-min intervals by linear interpolation; values are not normalized
Choi 2020,Choi_2020_D,D,Choi exercise chloride proxy,4.75,45.6265,mM,0.345,1.0,2.0,5.0,https://doi.org/10.1038/s41598-020-64406-5,model input resampled to 0.25-min intervals by linear interpolation; values are not normalized
Choi 2020,Choi_2020_D,D,Choi exercise chloride proxy,5.0,43.636,mM,0.345,1.0,2.0,5.0,https://doi.org/10.1038/s41598-020-64406-5,model input resampled to 0.25-min intervals by linear interpolation; values are not normalized
Choi 2020,Choi_2020_D,D,Choi exercise chloride proxy,5.25,42.973,mM,0.345,1.0,2.0,5.0,https://doi.org/10.1038/s41598-020-64406-5,model input resampled to 0.25-min intervals by linear interpolation; values are not normalized
Choi 2020,Choi_2020_D,D,Choi exercise chloride proxy,5.5,42.31,mM,0.345,1.0,2.0,5.0,https://doi.org/10.1038/s41598-020-64406-5,model input resampled to 0.25-min intervals by linear interpolation; values are not normalized
Choi 2020,Choi_2020_D,D,Choi exercise chloride proxy,5.75,41.757000000000005,mM,0.345,1.0,2.0,5.0,https://doi.org/10.1038/s41598-020-64406-5,model input resampled to 0.25-min intervals by linear interpolation; values are not normalized
Choi 2020,Choi_2020_D,D,Choi exercise chloride proxy,6.0,41.204,mM,0.345,1.0,2.0,5.0,https://doi.org/10.1038/s41598-020-64406-5,model input resampled to 0.25-min intervals by linear interpolation; values are not normalized
Choi 2020,Choi_2020_D,D,Choi exercise chloride proxy,6.25,40.135000000000005,mM,0.345,1.0,2.0,5.0,https://doi.org/10.1038/s41598-020-64406-5,model input resampled to 0.25-min intervals by linear interpolation; values are not normalized
Choi 2020,Choi_2020_D,D,Choi exercise chloride proxy,6.5,39.066,mM,0.345,1.0,2.0,5.0,https://doi.org/10.1038/s41598-020-64406-5,model input resampled to 0.25-min intervals by linear interpolation; values are not normalized
Choi 2020,Choi_2020_D,D,Choi exercise chloride proxy,6.75,37.6655,mM,0.345,1.0,2.0,5.0,https://doi.org/10.1038/s41598-020-64406-5,model input resampled to 0.25-min intervals by linear interpolation; values are not normalized
Choi 2020,Choi_2020_D,D,Choi exercise chloride proxy,7.0,36.265,mM,0.345,1.0,2.0,5.0,https://doi.org/10.1038/s41598-020-64406-5,model input resampled to 0.25-min intervals by linear interpolation; values are not normalized
Choi 2020,Choi_2020_D,D,Choi exercise chloride proxy,7.25,35.786,mM,0.345,1.0,2.0,5.0,https://doi.org/10.1038/s41598-020-64406-5,model input resampled to 0.25-min intervals by linear interpolation; values are not normalized
Choi 2020,Choi_2020_D,D,Choi exercise chloride proxy,7.5,35.307,mM,0.345,1.0,2.0,5.0,https://doi.org/10.1038/s41598-020-64406-5,model input resampled to 0.25-min intervals by linear interpolation; values are not normalized
Choi 2020,Choi_2020_D,D,Choi exercise chloride proxy,7.75,35.049,mM,0.345,1.0,2.0,5.0,https://doi.org/10.1038/s41598-020-64406-5,model input resampled to 0.25-min intervals by linear interpolation; values are not normalized
Choi 2020,Choi_2020_D,D,Choi exercise chloride proxy,8.0,34.791,mM,0.345,1.0,2.0,5.0,https://doi.org/10.1038/s41598-020-64406-5,model input resampled to 0.25-min intervals by linear interpolation; values are not normalized
Choi 2020,Choi_2020_D,D,Choi exercise chloride proxy,8.25,34.56999999999999,mM,0.345,1.0,2.0,5.0,https://doi.org/10.1038/s41598-020-64406-5,model input resampled to 0.25-min intervals by linear interpolation; values are not normalized
Choi 2020,Choi_2020_D,D,Choi exercise chloride proxy,8.5,34.349,mM,0.345,1.0,2.0,5.0,https://doi.org/10.1038/s41598-020-64406-5,model input resampled to 0.25-min intervals by linear interpolation; values are not normalized
Choi 2020,Choi_2020_D,D,Choi exercise chloride proxy,8.75,33.4645,mM,0.345,1.0,2.0,5.0,https://doi.org/10.1038/s41598-020-64406-5,model input resampled to 0.25-min intervals by linear interpolation; values are not normalized
Choi 2020,Choi_2020_D,D,Choi exercise chloride proxy,9.0,32.58,mM,0.345,1.0,2.0,5.0,https://doi.org/10.1038/s41598-020-64406-5,model input resampled to 0.25-min intervals by linear interpolation; values are not normalized
Choi 2020,Choi_2020_D,D,Choi exercise chloride proxy,9.25,31.843,mM,0.345,1.0,2.0,5.0,https://doi.org/10.1038/s41598-020-64406-5,model input resampled to 0.25-min intervals by linear interpolation; values are not normalized
Choi 2020,Choi_2020_D,D,Choi exercise chloride proxy,9.5,31.106,mM,0.345,1.0,2.0,5.0,https://doi.org/10.1038/s41598-020-64406-5,model input resampled to 0.25-min intervals by linear interpolation; values are not normalized
Choi 2020,Choi_2020_D,D,Choi exercise chloride proxy,9.75,30.3685,mM,0.345,1.0,2.0,5.0,https://doi.org/10.1038/s41598-020-64406-5,model input resampled to 0.25-min intervals by linear interpolation; values are not normalized
Choi 2020,Choi_2020_D,D,Choi exercise chloride proxy,10.0,29.631,mM,0.345,1.0,2.0,5.0,https://doi.org/10.1038/s41598-020-64406-5,model input resampled to 0.25-min intervals by linear interpolation; values are not normalized
Choi 2020,Choi_2020_D,D,Choi exercise chloride proxy,10.25,29.631,mM,0.345,1.0,2.0,5.0,https://doi.org/10.1038/s41598-020-64406-5,model input resampled to 0.25-min intervals by linear interpolation; values are not normalized
Choi 2020,Choi_2020_D,D,Choi exercise chloride proxy,10.5,29.631,mM,0.345,1.0,2.0,5.0,https://doi.org/10.1038/s41598-020-64406-5,model input resampled to 0.25-min intervals by linear interpolation; values are not normalized
Choi 2020,Choi_2020_D,D,Choi exercise chloride proxy,10.75,29.5575,mM,0.345,1.0,2.0,5.0,https://doi.org/10.1038/s41598-020-64406-5,model input resampled to 0.25-min intervals by linear interpolation; values are not normalized
Choi 2020,Choi_2020_D,D,Choi exercise chloride proxy,11.0,29.484,mM,0.345,1.0,2.0,5.0,https://doi.org/10.1038/s41598-020-64406-5,model input resampled to 0.25-min intervals by linear interpolation; values are not normalized
Choi 2020,Choi_2020_D,D,Choi exercise chloride proxy,11.25,28.820500000000003,mM,0.345,1.0,2.0,5.0,https://doi.org/10.1038/s41598-020-64406-5,model input resampled to 0.25-min intervals by linear interpolation; values are not normalized
Choi 2020,Choi_2020_D,D,Choi exercise chloride proxy,11.5,28.157,mM,0.345,1.0,2.0,5.0,https://doi.org/10.1038/s41598-020-64406-5,model input resampled to 0.25-min intervals by linear interpolation; values are not normalized
Choi 2020,Choi_2020_D,D,Choi exercise chloride proxy,11.75,27.7885,mM,0.345,1.0,2.0,5.0,https://doi.org/10.1038/s41598-020-64406-5,model input resampled to 0.25-min intervals by linear interpolation; values are not normalized
Choi 2020,Choi_2020_D,D,Choi exercise chloride proxy,12.0,27.42,mM,0.345,1.0,2.0,5.0,https://doi.org/10.1038/s41598-020-64406-5,model input resampled to 0.25-min intervals by linear interpolation; values are not normalized
Choi 2020,Choi_2020_D,D,Choi exercise chloride proxy,12.25,26.6095,mM,0.345,1.0,2.0,5.0,https://doi.org/10.1038/s41598-020-64406-5,model input resampled to 0.25-min intervals by linear interpolation; values are not normalized
Choi 2020,Choi_2020_D,D,Choi exercise chloride proxy,12.5,25.799,mM,0.345,1.0,2.0,5.0,https://doi.org/10.1038/s41598-020-64406-5,model input resampled to 0.25-min intervals by linear interpolation; values are not normalized
Choi 2020,Choi_2020_D,D,Choi exercise chloride proxy,12.75,25.3565,mM,0.345,1.0,2.0,5.0,https://doi.org/10.1038/s41598-020-64406-5,model input resampled to 0.25-min intervals by linear interpolation; values are not normalized
Choi 2020,Choi_2020_D,D,Choi exercise chloride proxy,13.0,24.914,mM,0.345,1.0,2.0,5.0,https://doi.org/10.1038/s41598-020-64406-5,model input resampled to 0.25-min intervals by linear interpolation; values are not normalized
Choi 2020,Choi_2020_D,D,Choi exercise chloride proxy,13.25,24.877000000000002,mM,0.345,1.0,2.0,5.0,https://doi.org/10.1038/s41598-020-64406-5,model input resampled to 0.25-min intervals by linear interpolation; values are not normalized
Choi 2020,Choi_2020_D,D,Choi exercise chloride proxy,13.5,24.84,mM,0.345,1.0,2.0,5.0,https://doi.org/10.1038/s41598-020-64406-5,model input resampled to 0.25-min intervals by linear interpolation; values are not normalized
Choi 2020,Choi_2020_D,D,Choi exercise chloride proxy,13.75,24.656,mM,0.345,1.0,2.0,5.0,https://doi.org/10.1038/s41598-020-64406-5,model input resampled to 0.25-min intervals by linear interpolation; values are not normalized
Choi 2020,Choi_2020_D,D,Choi exercise chloride proxy,14.0,24.472,mM,0.345,1.0,2.0,5.0,https://doi.org/10.1038/s41598-020-64406-5,model input resampled to 0.25-min intervals by linear interpolation; values are not normalized
Choi 2020,Choi_2020_D,D,Choi exercise chloride proxy,14.25,24.1035,mM,0.345,1.0,2.0,5.0,https://doi.org/10.1038/s41598-020-64406-5,model input resampled to 0.25-min intervals by linear interpolation; values are not normalized
Choi 2020,Choi_2020_D,D,Choi exercise chloride proxy,14.5,23.735,mM,0.345,1.0,2.0,5.0,https://doi.org/10.1038/s41598-020-64406-5,model input resampled to 0.25-min intervals by linear interpolation; values are not normalized
Choi 2020,Choi_2020_D,D,Choi exercise chloride proxy,14.75,23.5135,mM,0.345,1.0,2.0,5.0,https://doi.org/10.1038/s41598-020-64406-5,model input resampled to 0.25-min intervals by linear interpolation; values are not normalized
Choi 2020,Choi_2020_D,D,Choi exercise chloride proxy,15.0,23.292,mM,0.345,1.0,2.0,5.0,https://doi.org/10.1038/s41598-020-64406-5,model input resampled to 0.25-min intervals by linear interpolation; values are not normalized
Choi 2020,Choi_2020_D,D,Choi exercise chloride proxy,15.25,23.071,mM,0.345,1.0,2.0,5.0,https://doi.org/10.1038/s41598-020-64406-5,model input resampled to 0.25-min intervals by linear interpolation; values are not normalized
Choi 2020,Choi_2020_D,D,Choi exercise chloride proxy,15.5,22.85,mM,0.345,1.0,2.0,5.0,https://doi.org/10.1038/s41598-020-64406-5,model input resampled to 0.25-min intervals by linear interpolation; values are not normalized
Choi 2020,Choi_2020_D,D,Choi exercise chloride proxy,15.75,22.518500000000003,mM,0.345,1.0,2.0,5.0,https://doi.org/10.1038/s41598-020-64406-5,model input resampled to 0.25-min intervals by linear interpolation; values are not normalized
Choi 2020,Choi_2020_D,D,Choi exercise chloride proxy,16.0,22.187,mM,0.345,1.0,2.0,5.0,https://doi.org/10.1038/s41598-020-64406-5,model input resampled to 0.25-min intervals by linear interpolation; values are not normalized
Choi 2020,Choi_2020_D,D,Choi exercise chloride proxy,16.25,22.0025,mM,0.345,1.0,2.0,5.0,https://doi.org/10.1038/s41598-020-64406-5,model input resampled to 0.25-min intervals by linear interpolation; values are not normalized
Choi 2020,Choi_2020_D,D,Choi exercise chloride proxy,16.5,21.818,mM,0.345,1.0,2.0,5.0,https://doi.org/10.1038/s41598-020-64406-5,model input resampled to 0.25-min intervals by linear interpolation; values are not normalized
Choi 2020,Choi_2020_D,D,Choi exercise chloride proxy,16.75,21.9655,mM,0.345,1.0,2.0,5.0,https://doi.org/10.1038/s41598-020-64406-5,model input resampled to 0.25-min intervals by linear interpolation; values are not normalized
Choi 2020,Choi_2020_D,D,Choi exercise chloride proxy,17.0,22.113,mM,0.345,1.0,2.0,5.0,https://doi.org/10.1038/s41598-020-64406-5,model input resampled to 0.25-min intervals by linear interpolation; values are not normalized
Choi 2020,Choi_2020_D,D,Choi exercise chloride proxy,17.25,22.113,mM,0.345,1.0,2.0,5.0,https://doi.org/10.1038/s41598-020-64406-5,model input resampled to 0.25-min intervals by linear interpolation; values are not normalized
Choi 2020,Choi_2020_D,D,Choi exercise chloride proxy,17.5,22.113,mM,0.345,1.0,2.0,5.0,https://doi.org/10.1038/s41598-020-64406-5,model input resampled to 0.25-min intervals by linear interpolation; values are not normalized
Choi 2020,Choi_2020_D,D,Choi exercise chloride proxy,17.75,21.892,mM,0.345,1.0,2.0,5.0,https://doi.org/10.1038/s41598-020-64406-5,model input resampled to 0.25-min intervals by linear interpolation; values are not normalized
Choi 2020,Choi_2020_D,D,Choi exercise chloride proxy,18.0,21.671,mM,0.345,1.0,2.0,5.0,https://doi.org/10.1038/s41598-020-64406-5,model input resampled to 0.25-min intervals by linear interpolation; values are not normalized
Choi 2020,Choi_2020_D,D,Choi exercise chloride proxy,18.25,21.597,mM,0.345,1.0,2.0,5.0,https://doi.org/10.1038/s41598-020-64406-5,model input resampled to 0.25-min intervals by linear interpolation; values are not normalized
Choi 2020,Choi_2020_D,D,Choi exercise chloride proxy,18.5,21.523,mM,0.345,1.0,2.0,5.0,https://doi.org/10.1038/s41598-020-64406-5,model input resampled to 0.25-min intervals by linear interpolation; values are not normalized
Choi 2020,Choi_2020_D,D,Choi exercise chloride proxy,18.75,21.6705,mM,0.345,1.0,2.0,5.0,https://doi.org/10.1038/s41598-020-64406-5,model input resampled to 0.25-min intervals by linear interpolation; values are not normalized
Choi 2020,Choi_2020_D,D,Choi exercise chloride proxy,19.0,21.818,mM,0.345,1.0,2.0,5.0,https://doi.org/10.1038/s41598-020-64406-5,model input resampled to 0.25-min intervals by linear interpolation; values are not normalized
Choi 2020,Choi_2020_D,D,Choi exercise chloride proxy,19.25,21.9655,mM,0.345,1.0,2.0,5.0,https://doi.org/10.1038/s41598-020-64406-5,model input resampled to 0.25-min intervals by linear interpolation; values are not normalized
Choi 2020,Choi_2020_D,D,Choi exercise chloride proxy,19.5,22.113,mM,0.345,1.0,2.0,5.0,https://doi.org/10.1038/s41598-020-64406-5,model input resampled to 0.25-min intervals by linear interpolation; values are not normalized
Choi 2020,Choi_2020_D,D,Choi exercise chloride proxy,19.75,22.186500000000002,mM,0.345,1.0,2.0,5.0,https://doi.org/10.1038/s41598-020-64406-5,model input resampled to 0.25-min intervals by linear interpolation; values are not normalized
Choi 2020,Choi_2020_D,D,Choi exercise chloride proxy,20.0,22.26,mM,0.345,1.0,2.0,5.0,https://doi.org/10.1038/s41598-020-64406-5,model input resampled to 0.25-min intervals by linear interpolation; values are not normalized
Choi 2020,Choi_2020_D,D,Choi exercise chloride proxy,20.25,22.113,mM,0.345,1.0,2.0,5.0,https://doi.org/10.1038/s41598-020-64406-5,model input resampled to 0.25-min intervals by linear interpolation; values are not normalized
Choi 2020,Choi_2020_D,D,Choi exercise chloride proxy,20.5,21.966,mM,0.345,1.0,2.0,5.0,https://doi.org/10.1038/s41598-020-64406-5,model input resampled to 0.25-min intervals by linear interpolation; values are not normalized
Choi 2020,Choi_2020_D,D,Choi exercise chloride proxy,20.75,21.892000000000003,mM,0.345,1.0,2.0,5.0,https://doi.org/10.1038/s41598-020-64406-5,model input resampled to 0.25-min intervals by linear interpolation; values are not normalized
Choi 2020,Choi_2020_D,D,Choi exercise chloride proxy,21.0,21.818,mM,0.345,1.0,2.0,5.0,https://doi.org/10.1038/s41598-020-64406-5,model input resampled to 0.25-min intervals by linear interpolation; values are not normalized
Choi 2020,Choi_2020_D,D,Choi exercise chloride proxy,21.25,21.892000000000003,mM,0.345,1.0,2.0,5.0,https://doi.org/10.1038/s41598-020-64406-5,model input resampled to 0.25-min intervals by linear interpolation; values are not normalized
Choi 2020,Choi_2020_D,D,Choi exercise chloride proxy,21.5,21.966,mM,0.345,1.0,2.0,5.0,https://doi.org/10.1038/s41598-020-64406-5,model input resampled to 0.25-min intervals by linear interpolation; values are not normalized
Choi 2020,Choi_2020_D,D,Choi exercise chloride proxy,21.75,22.0395,mM,0.345,1.0,2.0,5.0,https://doi.org/10.1038/s41598-020-64406-5,model input resampled to 0.25-min intervals by linear interpolation; values are not normalized
Choi 2020,Choi_2020_D,D,Choi exercise chloride proxy,22.0,22.113,mM,0.345,1.0,2.0,5.0,https://doi.org/10.1038/s41598-020-64406-5,model input resampled to 0.25-min intervals by linear interpolation; values are not normalized
Choi 2020,Choi_2020_D,D,Choi exercise chloride proxy,22.25,21.9655,mM,0.345,1.0,2.0,5.0,https://doi.org/10.1038/s41598-020-64406-5,model input resampled to 0.25-min intervals by linear interpolation; values are not normalized
Choi 2020,Choi_2020_D,D,Choi exercise chloride proxy,22.5,21.818,mM,0.345,1.0,2.0,5.0,https://doi.org/10.1038/s41598-020-64406-5,model input resampled to 0.25-min intervals by linear interpolation; values are not normalized
Choi 2020,Choi_2020_D,D,Choi exercise chloride proxy,22.75,21.597,mM,0.345,1.0,2.0,5.0,https://doi.org/10.1038/s41598-020-64406-5,model input resampled to 0.25-min intervals by linear interpolation; values are not normalized
Choi 2020,Choi_2020_D,D,Choi exercise chloride proxy,23.0,21.376,mM,0.345,1.0,2.0,5.0,https://doi.org/10.1038/s41598-020-64406-5,model input resampled to 0.25-min intervals by linear interpolation; values are not normalized
Choi 2020,Choi_2020_D,D,Choi exercise chloride proxy,23.25,21.376,mM,0.345,1.0,2.0,5.0,https://doi.org/10.1038/s41598-020-64406-5,model input resampled to 0.25-min intervals by linear interpolation; values are not normalized
Choi 2020,Choi_2020_D,D,Choi exercise chloride proxy,23.5,21.376,mM,0.345,1.0,2.0,5.0,https://doi.org/10.1038/s41598-020-64406-5,model input resampled to 0.25-min intervals by linear interpolation; values are not normalized
Choi 2020,Choi_2020_D,D,Choi exercise chloride proxy,23.75,21.4865,mM,0.345,1.0,2.0,5.0,https://doi.org/10.1038/s41598-020-64406-5,model input resampled to 0.25-min intervals by linear interpolation; values are not normalized
Choi 2020,Choi_2020_D,D,Choi exercise chloride proxy,24.0,21.597,mM,0.345,1.0,2.0,5.0,https://doi.org/10.1038/s41598-020-64406-5,model input resampled to 0.25-min intervals by linear interpolation; values are not normalized
Choi 2020,Choi_2020_D,D,Choi exercise chloride proxy,24.25,21.707500000000003,mM,0.345,1.0,2.0,5.0,https://doi.org/10.1038/s41598-020-64406-5,model input resampled to 0.25-min intervals by linear interpolation; values are not normalized
Choi 2020,Choi_2020_D,D,Choi exercise chloride proxy,24.5,21.818,mM,0.345,1.0,2.0,5.0,https://doi.org/10.1038/s41598-020-64406-5,model input resampled to 0.25-min intervals by linear interpolation; values are not normalized
Choi 2020,Choi_2020_D,D,Choi exercise chloride proxy,24.75,21.892000000000003,mM,0.345,1.0,2.0,5.0,https://doi.org/10.1038/s41598-020-64406-5,model input resampled to 0.25-min intervals by linear interpolation; values are not normalized
Choi 2020,Choi_2020_D,D,Choi exercise chloride proxy,25.0,21.966,mM,0.345,1.0,2.0,5.0,https://doi.org/10.1038/s41598-020-64406-5,model input resampled to 0.25-min intervals by linear interpolation; values are not normalized
Choi 2020,Choi_2020_D,D,Choi exercise chloride proxy,25.25,21.966,mM,0.345,1.0,2.0,5.0,https://doi.org/10.1038/s41598-020-64406-5,model input resampled to 0.25-min intervals by linear interpolation; values are not normalized
Choi 2020,Choi_2020_D,D,Choi exercise chloride proxy,25.5,21.966,mM,0.345,1.0,2.0,5.0,https://doi.org/10.1038/s41598-020-64406-5,model input resampled to 0.25-min intervals by linear interpolation; values are not normalized
Choi 2020,Choi_2020_D,D,Choi exercise chloride proxy,25.75,21.966,mM,0.345,1.0,2.0,5.0,https://doi.org/10.1038/s41598-020-64406-5,model input resampled to 0.25-min intervals by linear interpolation; values are not normalized
Choi 2020,Choi_2020_D,D,Choi exercise chloride proxy,26.0,21.966,mM,0.345,1.0,2.0,5.0,https://doi.org/10.1038/s41598-020-64406-5,model input resampled to 0.25-min intervals by linear interpolation; values are not normalized
Choi 2020,Choi_2020_D,D,Choi exercise chloride proxy,26.25,22.371000000000002,mM,0.345,1.0,2.0,5.0,https://doi.org/10.1038/s41598-020-64406-5,model input resampled to 0.25-min intervals by linear interpolation; values are not normalized
Choi 2020,Choi_2020_D,D,Choi exercise chloride proxy,26.5,22.776,mM,0.345,1.0,2.0,5.0,https://doi.org/10.1038/s41598-020-64406-5,model input resampled to 0.25-min intervals by linear interpolation; values are not normalized
Choi 2020,Choi_2020_D,D,Choi exercise chloride proxy,26.75,22.9605,mM,0.345,1.0,2.0,5.0,https://doi.org/10.1038/s41598-020-64406-5,model input resampled to 0.25-min intervals by linear interpolation; values are not normalized
Choi 2020,Choi_2020_D,D,Choi exercise chloride proxy,27.0,23.145,mM,0.345,1.0,2.0,5.0,https://doi.org/10.1038/s41598-020-64406-5,model input resampled to 0.25-min intervals by linear interpolation; values are not normalized
Choi 2020,Choi_2020_D,D,Choi exercise chloride proxy,27.25,23.366,mM,0.345,1.0,2.0,5.0,https://doi.org/10.1038/s41598-020-64406-5,model input resampled to 0.25-min intervals by linear interpolation; values are not normalized
Choi 2020,Choi_2020_D,D,Choi exercise chloride proxy,27.5,23.587,mM,0.345,1.0,2.0,5.0,https://doi.org/10.1038/s41598-020-64406-5,model input resampled to 0.25-min intervals by linear interpolation; values are not normalized
Choi 2020,Choi_2020_D,D,Choi exercise chloride proxy,27.75,23.587,mM,0.345,1.0,2.0,5.0,https://doi.org/10.1038/s41598-020-64406-5,model input resampled to 0.25-min intervals by linear interpolation; values are not normalized
Choi 2020,Choi_2020_D,D,Choi exercise chloride proxy,28.0,23.587,mM,0.345,1.0,2.0,5.0,https://doi.org/10.1038/s41598-020-64406-5,model input resampled to 0.25-min intervals by linear interpolation; values are not normalized
Choi 2020,Choi_2020_D,D,Choi exercise chloride proxy,28.25,23.4765,mM,0.345,1.0,2.0,5.0,https://doi.org/10.1038/s41598-020-64406-5,model input resampled to 0.25-min intervals by linear interpolation; values are not normalized
Choi 2020,Choi_2020_D,D,Choi exercise chloride proxy,28.5,23.366,mM,0.345,1.0,2.0,5.0,https://doi.org/10.1038/s41598-020-64406-5,model input resampled to 0.25-min intervals by linear interpolation; values are not normalized
Choi 2020,Choi_2020_D,D,Choi exercise chloride proxy,28.75,23.329,mM,0.345,1.0,2.0,5.0,https://doi.org/10.1038/s41598-020-64406-5,model input resampled to 0.25-min intervals by linear interpolation; values are not normalized
Choi 2020,Choi_2020_D,D,Choi exercise chloride proxy,29.0,23.292,mM,0.345,1.0,2.0,5.0,https://doi.org/10.1038/s41598-020-64406-5,model input resampled to 0.25-min intervals by linear interpolation; values are not normalized
Choi 2020,Choi_2020_D,D,Choi exercise chloride proxy,29.25,23.366,mM,0.345,1.0,2.0,5.0,https://doi.org/10.1038/s41598-020-64406-5,model input resampled to 0.25-min intervals by linear interpolation; values are not normalized
Choi 2020,Choi_2020_D,D,Choi exercise chloride proxy,29.5,23.44,mM,0.345,1.0,2.0,5.0,https://doi.org/10.1038/s41598-020-64406-5,model input resampled to 0.25-min intervals by linear interpolation; values are not normalized
Choi 2020,Choi_2020_D,D,Choi exercise chloride proxy,29.75,23.5875,mM,0.345,1.0,2.0,5.0,https://doi.org/10.1038/s41598-020-64406-5,model input resampled to 0.25-min intervals by linear interpolation; values are not normalized
Choi 2020,Choi_2020_D,D,Choi exercise chloride proxy,30.0,23.735,mM,0.345,1.0,2.0,5.0,https://doi.org/10.1038/s41598-020-64406-5,model input resampled to 0.25-min intervals by linear interpolation; values are not normalized
Choi 2020,Choi_2020_D,D,Choi exercise chloride proxy,30.25,24.250999999999998,mM,0.345,1.0,2.0,5.0,https://doi.org/10.1038/s41598-020-64406-5,model input resampled to 0.25-min intervals by linear interpolation; values are not normalized
Choi 2020,Choi_2020_D,D,Choi exercise chloride proxy,30.5,24.767,mM,0.345,1.0,2.0,5.0,https://doi.org/10.1038/s41598-020-64406-5,model input resampled to 0.25-min intervals by linear interpolation; values are not normalized
Choi 2020,Choi_2020_D,D,Choi exercise chloride proxy,30.75,25.467,mM,0.345,1.0,2.0,5.0,https://doi.org/10.1038/s41598-020-64406-5,model input resampled to 0.25-min intervals by linear interpolation; values are not normalized
Choi 2020,Choi_2020_D,D,Choi exercise chloride proxy,31.0,26.167,mM,0.345,1.0,2.0,5.0,https://doi.org/10.1038/s41598-020-64406-5,model input resampled to 0.25-min intervals by linear interpolation; values are not normalized
Choi 2020,Choi_2020_D,D,Choi exercise chloride proxy,31.25,26.72,mM,0.345,1.0,2.0,5.0,https://doi.org/10.1038/s41598-020-64406-5,model input resampled to 0.25-min intervals by linear interpolation; values are not normalized
Choi 2020,Choi_2020_D,D,Choi exercise chloride proxy,31.5,27.273,mM,0.345,1.0,2.0,5.0,https://doi.org/10.1038/s41598-020-64406-5,model input resampled to 0.25-min intervals by linear interpolation; values are not normalized
Choi 2020,Choi_2020_D,D,Choi exercise chloride proxy,31.75,27.494,mM,0.345,1.0,2.0,5.0,https://doi.org/10.1038/s41598-020-64406-5,model input resampled to 0.25-min intervals by linear interpolation; values are not normalized
Choi 2020,Choi_2020_D,D,Choi exercise chloride proxy,32.0,27.715,mM,0.345,1.0,2.0,5.0,https://doi.org/10.1038/s41598-020-64406-5,model input resampled to 0.25-min intervals by linear interpolation; values are not normalized
Choi 2020,Choi_2020_D,D,Choi exercise chloride proxy,32.25,27.42,mM,0.345,1.0,2.0,5.0,https://doi.org/10.1038/s41598-020-64406-5,model input resampled to 0.25-min intervals by linear interpolation; values are not normalized
Choi 2020,Choi_2020_D,D,Choi exercise chloride proxy,32.5,27.125,mM,0.345,1.0,2.0,5.0,https://doi.org/10.1038/s41598-020-64406-5,model input resampled to 0.25-min intervals by linear interpolation; values are not normalized
Choi 2020,Choi_2020_D,D,Choi exercise chloride proxy,32.75,26.867,mM,0.345,1.0,2.0,5.0,https://doi.org/10.1038/s41598-020-64406-5,model input resampled to 0.25-min intervals by linear interpolation; values are not normalized
Choi 2020,Choi_2020_D,D,Choi exercise chloride proxy,33.0,26.609,mM,0.345,1.0,2.0,5.0,https://doi.org/10.1038/s41598-020-64406-5,model input resampled to 0.25-min intervals by linear interpolation; values are not normalized
Choi 2020,Choi_2020_D,D,Choi exercise chloride proxy,33.25,26.5725,mM,0.345,1.0,2.0,5.0,https://doi.org/10.1038/s41598-020-64406-5,model input resampled to 0.25-min intervals by linear interpolation; values are not normalized
Choi 2020,Choi_2020_D,D,Choi exercise chloride proxy,33.5,26.536,mM,0.345,1.0,2.0,5.0,https://doi.org/10.1038/s41598-020-64406-5,model input resampled to 0.25-min intervals by linear interpolation; values are not normalized
Choi 2020,Choi_2020_D,D,Choi exercise chloride proxy,33.75,26.757,mM,0.345,1.0,2.0,5.0,https://doi.org/10.1038/s41598-020-64406-5,model input resampled to 0.25-min intervals by linear interpolation; values are not normalized
Choi 2020,Choi_2020_D,D,Choi exercise chloride proxy,34.0,26.978,mM,0.345,1.0,2.0,5.0,https://doi.org/10.1038/s41598-020-64406-5,model input resampled to 0.25-min intervals by linear interpolation; values are not normalized
Choi 2020,Choi_2020_D,D,Choi exercise chloride proxy,34.25,27.199,mM,0.345,1.0,2.0,5.0,https://doi.org/10.1038/s41598-020-64406-5,model input resampled to 0.25-min intervals by linear interpolation; values are not normalized
Choi 2020,Choi_2020_D,D,Choi exercise chloride proxy,34.5,27.42,mM,0.345,1.0,2.0,5.0,https://doi.org/10.1038/s41598-020-64406-5,model input resampled to 0.25-min intervals by linear interpolation; values are not normalized
Choi 2020,Choi_2020_D,D,Choi exercise chloride proxy,34.75,27.3465,mM,0.345,1.0,2.0,5.0,https://doi.org/10.1038/s41598-020-64406-5,model input resampled to 0.25-min intervals by linear interpolation; values are not normalized
Choi 2020,Choi_2020_D,D,Choi exercise chloride proxy,35.0,27.273,mM,0.345,1.0,2.0,5.0,https://doi.org/10.1038/s41598-020-64406-5,model input resampled to 0.25-min intervals by linear interpolation; values are not normalized
Choi 2020,Choi_2020_D,D,Choi exercise chloride proxy,35.25,27.198999999999998,mM,0.345,1.0,2.0,5.0,https://doi.org/10.1038/s41598-020-64406-5,model input resampled to 0.25-min intervals by linear interpolation; values are not normalized
Choi 2020,Choi_2020_D,D,Choi exercise chloride proxy,35.5,27.125,mM,0.345,1.0,2.0,5.0,https://doi.org/10.1038/s41598-020-64406-5,model input resampled to 0.25-min intervals by linear interpolation; values are not normalized
Choi 2020,Choi_2020_D,D,Choi exercise chloride proxy,35.75,26.9775,mM,0.345,1.0,2.0,5.0,https://doi.org/10.1038/s41598-020-64406-5,model input resampled to 0.25-min intervals by linear interpolation; values are not normalized
Choi 2020,Choi_2020_D,D,Choi exercise chloride proxy,36.0,26.83,mM,0.345,1.0,2.0,5.0,https://doi.org/10.1038/s41598-020-64406-5,model input resampled to 0.25-min intervals by linear interpolation; values are not normalized
Choi 2020,Choi_2020_D,D,Choi exercise chloride proxy,36.25,26.7195,mM,0.345,1.0,2.0,5.0,https://doi.org/10.1038/s41598-020-64406-5,model input resampled to 0.25-min intervals by linear interpolation; values are not normalized
Choi 2020,Choi_2020_D,D,Choi exercise chloride proxy,36.5,26.609,mM,0.345,1.0,2.0,5.0,https://doi.org/10.1038/s41598-020-64406-5,model input resampled to 0.25-min intervals by linear interpolation; values are not normalized
Choi 2020,Choi_2020_D,D,Choi exercise chloride proxy,36.75,26.646,mM,0.345,1.0,2.0,5.0,https://doi.org/10.1038/s41598-020-64406-5,model input resampled to 0.25-min intervals by linear interpolation; values are not normalized
Choi 2020,Choi_2020_D,D,Choi exercise chloride proxy,37.0,26.683,mM,0.345,1.0,2.0,5.0,https://doi.org/10.1038/s41598-020-64406-5,model input resampled to 0.25-min intervals by linear interpolation; values are not normalized
Choi 2020,Choi_2020_D,D,Choi exercise chloride proxy,37.25,26.7565,mM,0.345,1.0,2.0,5.0,https://doi.org/10.1038/s41598-020-64406-5,model input resampled to 0.25-min intervals by linear interpolation; values are not normalized
Choi 2020,Choi_2020_D,D,Choi exercise chloride proxy,37.5,26.83,mM,0.345,1.0,2.0,5.0,https://doi.org/10.1038/s41598-020-64406-5,model input resampled to 0.25-min intervals by linear interpolation; values are not normalized
Choi 2020,Choi_2020_D,D,Choi exercise chloride proxy,37.75,26.904,mM,0.345,1.0,2.0,5.0,https://doi.org/10.1038/s41598-020-64406-5,model input resampled to 0.25-min intervals by linear interpolation; values are not normalized
Choi 2020,Choi_2020_D,D,Choi exercise chloride proxy,38.0,26.978,mM,0.345,1.0,2.0,5.0,https://doi.org/10.1038/s41598-020-64406-5,model input resampled to 0.25-min intervals by linear interpolation; values are not normalized
Choi 2020,Choi_2020_D,D,Choi exercise chloride proxy,38.25,26.978,mM,0.345,1.0,2.0,5.0,https://doi.org/10.1038/s41598-020-64406-5,model input resampled to 0.25-min intervals by linear interpolation; values are not normalized
Choi 2020,Choi_2020_D,D,Choi exercise chloride proxy,38.5,26.978,mM,0.345,1.0,2.0,5.0,https://doi.org/10.1038/s41598-020-64406-5,model input resampled to 0.25-min intervals by linear interpolation; values are not normalized
Choi 2020,Choi_2020_D,D,Choi exercise chloride proxy,38.75,27.199,mM,0.345,1.0,2.0,5.0,https://doi.org/10.1038/s41598-020-64406-5,model input resampled to 0.25-min intervals by linear interpolation; values are not normalized
Choi 2020,Choi_2020_D,D,Choi exercise chloride proxy,39.0,27.42,mM,0.345,1.0,2.0,5.0,https://doi.org/10.1038/s41598-020-64406-5,model input resampled to 0.25-min intervals by linear interpolation; values are not normalized
Choi 2020,Choi_2020_D,D,Choi exercise chloride proxy,39.25,27.678,mM,0.345,1.0,2.0,5.0,https://doi.org/10.1038/s41598-020-64406-5,model input resampled to 0.25-min intervals by linear interpolation; values are not normalized
Choi 2020,Choi_2020_D,D,Choi exercise chloride proxy,39.5,27.936,mM,0.345,1.0,2.0,5.0,https://doi.org/10.1038/s41598-020-64406-5,model input resampled to 0.25-min intervals by linear interpolation; values are not normalized
Choi 2020,Choi_2020_D,D,Choi exercise chloride proxy,39.75,28.636499999999998,mM,0.345,1.0,2.0,5.0,https://doi.org/10.1038/s41598-020-64406-5,model input resampled to 0.25-min intervals by linear interpolation; values are not normalized
Choi 2020,Choi_2020_D,D,Choi exercise chloride proxy,40.0,29.337,mM,0.345,1.0,2.0,5.0,https://doi.org/10.1038/s41598-020-64406-5,model input resampled to 0.25-min intervals by linear interpolation; values are not normalized
Choi 2020,Choi_2020_D,D,Choi exercise chloride proxy,40.25,29.7055,mM,0.345,1.0,2.0,5.0,https://doi.org/10.1038/s41598-020-64406-5,model input resampled to 0.25-min intervals by linear interpolation; values are not normalized
Choi 2020,Choi_2020_D,D,Choi exercise chloride proxy,40.5,30.074,mM,0.345,1.0,2.0,5.0,https://doi.org/10.1038/s41598-020-64406-5,model input resampled to 0.25-min intervals by linear interpolation; values are not normalized
Choi 2020,Choi_2020_D,D,Choi exercise chloride proxy,40.75,30.811,mM,0.345,1.0,2.0,5.0,https://doi.org/10.1038/s41598-020-64406-5,model input resampled to 0.25-min intervals by linear interpolation; values are not normalized
Choi 2020,Choi_2020_D,D,Choi exercise chloride proxy,41.0,31.548,mM,0.345,1.0,2.0,5.0,https://doi.org/10.1038/s41598-020-64406-5,model input resampled to 0.25-min intervals by linear interpolation; values are not normalized
Choi 2020,Choi_2020_D,D,Choi exercise chloride proxy,41.25,31.842999999999996,mM,0.345,1.0,2.0,5.0,https://doi.org/10.1038/s41598-020-64406-5,model input resampled to 0.25-min intervals by linear interpolation; values are not normalized
Choi 2020,Choi_2020_D,D,Choi exercise chloride proxy,41.5,32.138,mM,0.345,1.0,2.0,5.0,https://doi.org/10.1038/s41598-020-64406-5,model input resampled to 0.25-min intervals by linear interpolation; values are not normalized
Choi 2020,Choi_2020_D,D,Choi exercise chloride proxy,41.75,32.285,mM,0.345,1.0,2.0,5.0,https://doi.org/10.1038/s41598-020-64406-5,model input resampled to 0.25-min intervals by linear interpolation; values are not normalized
Choi 2020,Choi_2020_D,D,Choi exercise chloride proxy,42.0,32.432,mM,0.345,1.0,2.0,5.0,https://doi.org/10.1038/s41598-020-64406-5,model input resampled to 0.25-min intervals by linear interpolation; values are not normalized
Choi 2020,Choi_2020_D,D,Choi exercise chloride proxy,42.25,32.3585,mM,0.345,1.0,2.0,5.0,https://doi.org/10.1038/s41598-020-64406-5,model input resampled to 0.25-min intervals by linear interpolation; values are not normalized
Choi 2020,Choi_2020_D,D,Choi exercise chloride proxy,42.5,32.285,mM,0.345,1.0,2.0,5.0,https://doi.org/10.1038/s41598-020-64406-5,model input resampled to 0.25-min intervals by linear interpolation; values are not normalized
Choi 2020,Choi_2020_D,D,Choi exercise chloride proxy,42.75,31.9165,mM,0.345,1.0,2.0,5.0,https://doi.org/10.1038/s41598-020-64406-5,model input resampled to 0.25-min intervals by linear interpolation; values are not normalized
Choi 2020,Choi_2020_D,D,Choi exercise chloride proxy,43.0,31.548,mM,0.345,1.0,2.0,5.0,https://doi.org/10.1038/s41598-020-64406-5,model input resampled to 0.25-min intervals by linear interpolation; values are not normalized
Choi 2020,Choi_2020_D,D,Choi exercise chloride proxy,43.25,31.3635,mM,0.345,1.0,2.0,5.0,https://doi.org/10.1038/s41598-020-64406-5,model input resampled to 0.25-min intervals by linear interpolation; values are not normalized
Choi 2020,Choi_2020_D,D,Choi exercise chloride proxy,43.5,31.179,mM,0.345,1.0,2.0,5.0,https://doi.org/10.1038/s41598-020-64406-5,model input resampled to 0.25-min intervals by linear interpolation; values are not normalized
Choi 2020,Choi_2020_D,D,Choi exercise chloride proxy,43.75,31.3635,mM,0.345,1.0,2.0,5.0,https://doi.org/10.1038/s41598-020-64406-5,model input resampled to 0.25-min intervals by linear interpolation; values are not normalized
Choi 2020,Choi_2020_D,D,Choi exercise chloride proxy,44.0,31.548,mM,0.345,1.0,2.0,5.0,https://doi.org/10.1038/s41598-020-64406-5,model input resampled to 0.25-min intervals by linear interpolation; values are not normalized
Choi 2020,Choi_2020_D,D,Choi exercise chloride proxy,44.25,31.548,mM,0.345,1.0,2.0,5.0,https://doi.org/10.1038/s41598-020-64406-5,model input resampled to 0.25-min intervals by linear interpolation; values are not normalized
Choi 2020,Choi_2020_D,D,Choi exercise chloride proxy,44.5,31.548,mM,0.345,1.0,2.0,5.0,https://doi.org/10.1038/s41598-020-64406-5,model input resampled to 0.25-min intervals by linear interpolation; values are not normalized
Choi 2020,Choi_2020_D,D,Choi exercise chloride proxy,44.75,31.658499999999997,mM,0.345,1.0,2.0,5.0,https://doi.org/10.1038/s41598-020-64406-5,model input resampled to 0.25-min intervals by linear interpolation; values are not normalized
Choi 2020,Choi_2020_D,D,Choi exercise chloride proxy,45.0,31.769,mM,0.345,1.0,2.0,5.0,https://doi.org/10.1038/s41598-020-64406-5,model input resampled to 0.25-min intervals by linear interpolation; values are not normalized
Choi 2020,Choi_2020_D,D,Choi exercise chloride proxy,45.25,32.174499999999995,mM,0.345,1.0,2.0,5.0,https://doi.org/10.1038/s41598-020-64406-5,model input resampled to 0.25-min intervals by linear interpolation; values are not normalized
Choi 2020,Choi_2020_D,D,Choi exercise chloride proxy,45.5,32.58,mM,0.345,1.0,2.0,5.0,https://doi.org/10.1038/s41598-020-64406-5,model input resampled to 0.25-min intervals by linear interpolation; values are not normalized
Choi 2020,Choi_2020_D,D,Choi exercise chloride proxy,45.75,32.875,mM,0.345,1.0,2.0,5.0,https://doi.org/10.1038/s41598-020-64406-5,model input resampled to 0.25-min intervals by linear interpolation; values are not normalized
Choi 2020,Choi_2020_D,D,Choi exercise chloride proxy,46.0,33.17,mM,0.345,1.0,2.0,5.0,https://doi.org/10.1038/s41598-020-64406-5,model input resampled to 0.25-min intervals by linear interpolation; values are not normalized
Choi 2020,Choi_2020_D,D,Choi exercise chloride proxy,46.25,33.17,mM,0.345,1.0,2.0,5.0,https://doi.org/10.1038/s41598-020-64406-5,model input resampled to 0.25-min intervals by linear interpolation; values are not normalized
Choi 2020,Choi_2020_D,D,Choi exercise chloride proxy,46.5,33.17,mM,0.345,1.0,2.0,5.0,https://doi.org/10.1038/s41598-020-64406-5,model input resampled to 0.25-min intervals by linear interpolation; values are not normalized
Choi 2020,Choi_2020_D,D,Choi exercise chloride proxy,46.75,33.5385,mM,0.345,1.0,2.0,5.0,https://doi.org/10.1038/s41598-020-64406-5,model input resampled to 0.25-min intervals by linear interpolation; values are not normalized
Choi 2020,Choi_2020_D,D,Choi exercise chloride proxy,47.0,33.907,mM,0.345,1.0,2.0,5.0,https://doi.org/10.1038/s41598-020-64406-5,model input resampled to 0.25-min intervals by linear interpolation; values are not normalized
Choi 2020,Choi_2020_D,D,Choi exercise chloride proxy,47.25,34.201499999999996,mM,0.345,1.0,2.0,5.0,https://doi.org/10.1038/s41598-020-64406-5,model input resampled to 0.25-min intervals by linear interpolation; values are not normalized
Choi 2020,Choi_2020_D,D,Choi exercise chloride proxy,47.5,34.496,mM,0.345,1.0,2.0,5.0,https://doi.org/10.1038/s41598-020-64406-5,model input resampled to 0.25-min intervals by linear interpolation; values are not normalized
Choi 2020,Choi_2020_D,D,Choi exercise chloride proxy,47.75,35.012,mM,0.345,1.0,2.0,5.0,https://doi.org/10.1038/s41598-020-64406-5,model input resampled to 0.25-min intervals by linear interpolation; values are not normalized
Choi 2020,Choi_2020_D,D,Choi exercise chloride proxy,48.0,35.528,mM,0.345,1.0,2.0,5.0,https://doi.org/10.1038/s41598-020-64406-5,model input resampled to 0.25-min intervals by linear interpolation; values are not normalized
Choi 2020,Choi_2020_D,D,Choi exercise chloride proxy,48.25,35.9705,mM,0.345,1.0,2.0,5.0,https://doi.org/10.1038/s41598-020-64406-5,model input resampled to 0.25-min intervals by linear interpolation; values are not normalized
Choi 2020,Choi_2020_D,D,Choi exercise chloride proxy,48.5,36.413,mM,0.345,1.0,2.0,5.0,https://doi.org/10.1038/s41598-020-64406-5,model input resampled to 0.25-min intervals by linear interpolation; values are not normalized
Choi 2020,Choi_2020_D,D,Choi exercise chloride proxy,48.75,36.891999999999996,mM,0.345,1.0,2.0,5.0,https://doi.org/10.1038/s41598-020-64406-5,model input resampled to 0.25-min intervals by linear interpolation; values are not normalized
Choi 2020,Choi_2020_D,D,Choi exercise chloride proxy,49.0,37.371,mM,0.345,1.0,2.0,5.0,https://doi.org/10.1038/s41598-020-64406-5,model input resampled to 0.25-min intervals by linear interpolation; values are not normalized
Choi 2020,Choi_2020_D,D,Choi exercise chloride proxy,49.25,37.7765,mM,0.345,1.0,2.0,5.0,https://doi.org/10.1038/s41598-020-64406-5,model input resampled to 0.25-min intervals by linear interpolation; values are not normalized
Choi 2020,Choi_2020_D,D,Choi exercise chloride proxy,49.5,38.182,mM,0.345,1.0,2.0,5.0,https://doi.org/10.1038/s41598-020-64406-5,model input resampled to 0.25-min intervals by linear interpolation; values are not normalized
Choi 2020,Choi_2020_D,D,Choi exercise chloride proxy,49.75,37.961,mM,0.345,1.0,2.0,5.0,https://doi.org/10.1038/s41598-020-64406-5,model input resampled to 0.25-min intervals by linear interpolation; values are not normalized
Choi 2020,Choi_2020_D,D,Choi exercise chloride proxy,50.0,37.74,mM,0.345,1.0,2.0,5.0,https://doi.org/10.1038/s41598-020-64406-5,model input resampled to 0.25-min intervals by linear interpolation; values are not normalized
Choi 2020,Choi_2020_D,D,Choi exercise chloride proxy,50.25,37.445,mM,0.345,1.0,2.0,5.0,https://doi.org/10.1038/s41598-020-64406-5,model input resampled to 0.25-min intervals by linear interpolation; values are not normalized
Choi 2020,Choi_2020_D,D,Choi exercise chloride proxy,50.5,37.15,mM,0.345,1.0,2.0,5.0,https://doi.org/10.1038/s41598-020-64406-5,model input resampled to 0.25-min intervals by linear interpolation; values are not normalized
Choi 2020,Choi_2020_D,D,Choi exercise chloride proxy,50.75,37.2235,mM,0.345,1.0,2.0,5.0,https://doi.org/10.1038/s41598-020-64406-5,model input resampled to 0.25-min intervals by linear interpolation; values are not normalized
Choi 2020,Choi_2020_D,D,Choi exercise chloride proxy,51.0,37.297,mM,0.345,1.0,2.0,5.0,https://doi.org/10.1038/s41598-020-64406-5,model input resampled to 0.25-min intervals by linear interpolation; values are not normalized
Choi 2020,Choi_2020_D,D,Choi exercise chloride proxy,51.25,37.629,mM,0.345,1.0,2.0,5.0,https://doi.org/10.1038/s41598-020-64406-5,model input resampled to 0.25-min intervals by linear interpolation; values are not normalized
Choi 2020,Choi_2020_D,D,Choi exercise chloride proxy,51.5,37.961,mM,0.345,1.0,2.0,5.0,https://doi.org/10.1038/s41598-020-64406-5,model input resampled to 0.25-min intervals by linear interpolation; values are not normalized
Choi 2020,Choi_2020_D,D,Choi exercise chloride proxy,51.75,37.924,mM,0.345,1.0,2.0,5.0,https://doi.org/10.1038/s41598-020-64406-5,model input resampled to 0.25-min intervals by linear interpolation; values are not normalized
Choi 2020,Choi_2020_D,D,Choi exercise chloride proxy,52.0,37.887,mM,0.345,1.0,2.0,5.0,https://doi.org/10.1038/s41598-020-64406-5,model input resampled to 0.25-min intervals by linear interpolation; values are not normalized
Choi 2020,Choi_2020_D,D,Choi exercise chloride proxy,52.25,37.666,mM,0.345,1.0,2.0,5.0,https://doi.org/10.1038/s41598-020-64406-5,model input resampled to 0.25-min intervals by linear interpolation; values are not normalized
Choi 2020,Choi_2020_D,D,Choi exercise chloride proxy,52.5,37.445,mM,0.345,1.0,2.0,5.0,https://doi.org/10.1038/s41598-020-64406-5,model input resampled to 0.25-min intervals by linear interpolation; values are not normalized
Choi 2020,Choi_2020_D,D,Choi exercise chloride proxy,52.75,37.445,mM,0.345,1.0,2.0,5.0,https://doi.org/10.1038/s41598-020-64406-5,model input resampled to 0.25-min intervals by linear interpolation; values are not normalized
Choi 2020,Choi_2020_D,D,Choi exercise chloride proxy,53.0,37.445,mM,0.345,1.0,2.0,5.0,https://doi.org/10.1038/s41598-020-64406-5,model input resampled to 0.25-min intervals by linear interpolation; values are not normalized
Choi 2020,Choi_2020_D,D,Choi exercise chloride proxy,53.25,37.7395,mM,0.345,1.0,2.0,5.0,https://doi.org/10.1038/s41598-020-64406-5,model input resampled to 0.25-min intervals by linear interpolation; values are not normalized
Choi 2020,Choi_2020_D,D,Choi exercise chloride proxy,53.5,38.034,mM,0.345,1.0,2.0,5.0,https://doi.org/10.1038/s41598-020-64406-5,model input resampled to 0.25-min intervals by linear interpolation; values are not normalized
Choi 2020,Choi_2020_D,D,Choi exercise chloride proxy,53.75,38.108000000000004,mM,0.345,1.0,2.0,5.0,https://doi.org/10.1038/s41598-020-64406-5,model input resampled to 0.25-min intervals by linear interpolation; values are not normalized
Choi 2020,Choi_2020_D,D,Choi exercise chloride proxy,54.0,38.182,mM,0.345,1.0,2.0,5.0,https://doi.org/10.1038/s41598-020-64406-5,model input resampled to 0.25-min intervals by linear interpolation; values are not normalized
Saha 2024,Saha_2024_Fig3b_Subject1,Fig3b_Subject1,Saha meal SBG proxy,0.0,100.36,mg/dL,0.612,0.641,5.0,10.0,https://doi.org/10.1002/advs.202405518,model input resampled to 0.25-min intervals by linear interpolation; values are not normalized
Saha 2024,Saha_2024_Fig3b_Subject1,Fig3b_Subject1,Saha meal SBG proxy,0.25,100.38625,mg/dL,0.612,0.641,5.0,10.0,https://doi.org/10.1002/advs.202405518,model input resampled to 0.25-min intervals by linear interpolation; values are not normalized
Saha 2024,Saha_2024_Fig3b_Subject1,Fig3b_Subject1,Saha meal SBG proxy,0.5,100.4125,mg/dL,0.612,0.641,5.0,10.0,https://doi.org/10.1002/advs.202405518,model input resampled to 0.25-min intervals by linear interpolation; values are not normalized
Saha 2024,Saha_2024_Fig3b_Subject1,Fig3b_Subject1,Saha meal SBG proxy,0.75,100.43875,mg/dL,0.612,0.641,5.0,10.0,https://doi.org/10.1002/advs.202405518,model input resampled to 0.25-min intervals by linear interpolation; values are not normalized
Saha 2024,Saha_2024_Fig3b_Subject1,Fig3b_Subject1,Saha meal SBG proxy,1.0,100.465,mg/dL,0.612,0.641,5.0,10.0,https://doi.org/10.1002/advs.202405518,model input resampled to 0.25-min intervals by linear interpolation; values are not normalized
Saha 2024,Saha_2024_Fig3b_Subject1,Fig3b_Subject1,Saha meal SBG proxy,1.25,100.49125,mg/dL,0.612,0.641,5.0,10.0,https://doi.org/10.1002/advs.202405518,model input resampled to 0.25-min intervals by linear interpolation; values are not normalized
Saha 2024,Saha_2024_Fig3b_Subject1,Fig3b_Subject1,Saha meal SBG proxy,1.5,100.5175,mg/dL,0.612,0.641,5.0,10.0,https://doi.org/10.1002/advs.202405518,model input resampled to 0.25-min intervals by linear interpolation; values are not normalized
Saha 2024,Saha_2024_Fig3b_Subject1,Fig3b_Subject1,Saha meal SBG proxy,1.75,100.54374999999999,mg/dL,0.612,0.641,5.0,10.0,https://doi.org/10.1002/advs.202405518,model input resampled to 0.25-min intervals by linear interpolation; values are not normalized
Saha 2024,Saha_2024_Fig3b_Subject1,Fig3b_Subject1,Saha meal SBG proxy,2.0,100.57,mg/dL,0.612,0.641,5.0,10.0,https://doi.org/10.1002/advs.202405518,model input resampled to 0.25-min intervals by linear interpolation; values are not normalized
Saha 2024,Saha_2024_Fig3b_Subject1,Fig3b_Subject1,Saha meal SBG proxy,2.25,100.82374999999999,mg/dL,0.612,0.641,5.0,10.0,https://doi.org/10.1002/advs.202405518,model input resampled to 0.25-min intervals by linear interpolation; values are not normalized
Saha 2024,Saha_2024_Fig3b_Subject1,Fig3b_Subject1,Saha meal SBG proxy,2.5,101.07749999999999,mg/dL,0.612,0.641,5.0,10.0,https://doi.org/10.1002/advs.202405518,model input resampled to 0.25-min intervals by linear interpolation; values are not normalized
Saha 2024,Saha_2024_Fig3b_Subject1,Fig3b_Subject1,Saha meal SBG proxy,2.75,101.33125,mg/dL,0.612,0.641,5.0,10.0,https://doi.org/10.1002/advs.202405518,model input resampled to 0.25-min intervals by linear interpolation; values are not normalized
Saha 2024,Saha_2024_Fig3b_Subject1,Fig3b_Subject1,Saha meal SBG proxy,3.0,101.585,mg/dL,0.612,0.641,5.0,10.0,https://doi.org/10.1002/advs.202405518,model input resampled to 0.25-min intervals by linear interpolation; values are not normalized
Saha 2024,Saha_2024_Fig3b_Subject1,Fig3b_Subject1,Saha meal SBG proxy,3.25,101.83874999999999,mg/dL,0.612,0.641,5.0,10.0,https://doi.org/10.1002/advs.202405518,model input resampled to 0.25-min intervals by linear interpolation; values are not normalized
Saha 2024,Saha_2024_Fig3b_Subject1,Fig3b_Subject1,Saha meal SBG proxy,3.5,102.0925,mg/dL,0.612,0.641,5.0,10.0,https://doi.org/10.1002/advs.202405518,model input resampled to 0.25-min intervals by linear interpolation; values are not normalized
Saha 2024,Saha_2024_Fig3b_Subject1,Fig3b_Subject1,Saha meal SBG proxy,3.75,102.34625,mg/dL,0.612,0.641,5.0,10.0,https://doi.org/10.1002/advs.202405518,model input resampled to 0.25-min intervals by linear interpolation; values are not normalized
Saha 2024,Saha_2024_Fig3b_Subject1,Fig3b_Subject1,Saha meal SBG proxy,4.0,102.6,mg/dL,0.612,0.641,5.0,10.0,https://doi.org/10.1002/advs.202405518,model input resampled to 0.25-min intervals by linear interpolation; values are not normalized
Saha 2024,Saha_2024_Fig3b_Subject1,Fig3b_Subject1,Saha meal SBG proxy,4.25,102.94624999999999,mg/dL,0.612,0.641,5.0,10.0,https://doi.org/10.1002/advs.202405518,model input resampled to 0.25-min intervals by linear interpolation; values are not normalized
Saha 2024,Saha_2024_Fig3b_Subject1,Fig3b_Subject1,Saha meal SBG proxy,4.5,103.29249999999999,mg/dL,0.612,0.641,5.0,10.0,https://doi.org/10.1002/advs.202405518,model input resampled to 0.25-min intervals by linear interpolation; values are not normalized
Saha 2024,Saha_2024_Fig3b_Subject1,Fig3b_Subject1,Saha meal SBG proxy,4.75,103.63875,mg/dL,0.612,0.641,5.0,10.0,https://doi.org/10.1002/advs.202405518,model input resampled to 0.25-min intervals by linear interpolation; values are not normalized
Saha 2024,Saha_2024_Fig3b_Subject1,Fig3b_Subject1,Saha meal SBG proxy,5.0,103.985,mg/dL,0.612,0.641,5.0,10.0,https://doi.org/10.1002/advs.202405518,model input resampled to 0.25-min intervals by linear interpolation; values are not normalized
Saha 2024,Saha_2024_Fig3b_Subject1,Fig3b_Subject1,Saha meal SBG proxy,5.25,104.33125,mg/dL,0.612,0.641,5.0,10.0,https://doi.org/10.1002/advs.202405518,model input resampled to 0.25-min intervals by linear interpolation; values are not normalized
Saha 2024,Saha_2024_Fig3b_Subject1,Fig3b_Subject1,Saha meal SBG proxy,5.5,104.67750000000001,mg/dL,0.612,0.641,5.0,10.0,https://doi.org/10.1002/advs.202405518,model input resampled to 0.25-min intervals by linear interpolation; values are not normalized
Saha 2024,Saha_2024_Fig3b_Subject1,Fig3b_Subject1,Saha meal SBG proxy,5.75,105.02375,mg/dL,0.612,0.641,5.0,10.0,https://doi.org/10.1002/advs.202405518,model input resampled to 0.25-min intervals by linear interpolation; values are not normalized
Saha 2024,Saha_2024_Fig3b_Subject1,Fig3b_Subject1,Saha meal SBG proxy,6.0,105.37,mg/dL,0.612,0.641,5.0,10.0,https://doi.org/10.1002/advs.202405518,model input resampled to 0.25-min intervals by linear interpolation; values are not normalized
Saha 2024,Saha_2024_Fig3b_Subject1,Fig3b_Subject1,Saha meal SBG proxy,6.25,105.6375,mg/dL,0.612,0.641,5.0,10.0,https://doi.org/10.1002/advs.202405518,model input resampled to 0.25-min intervals by linear interpolation; values are not normalized
Saha 2024,Saha_2024_Fig3b_Subject1,Fig3b_Subject1,Saha meal SBG proxy,6.5,105.905,mg/dL,0.612,0.641,5.0,10.0,https://doi.org/10.1002/advs.202405518,model input resampled to 0.25-min intervals by linear interpolation; values are not normalized
Saha 2024,Saha_2024_Fig3b_Subject1,Fig3b_Subject1,Saha meal SBG proxy,6.75,106.1725,mg/dL,0.612,0.641,5.0,10.0,https://doi.org/10.1002/advs.202405518,model input resampled to 0.25-min intervals by linear interpolation; values are not normalized
Saha 2024,Saha_2024_Fig3b_Subject1,Fig3b_Subject1,Saha meal SBG proxy,7.0,106.44,mg/dL,0.612,0.641,5.0,10.0,https://doi.org/10.1002/advs.202405518,model input resampled to 0.25-min intervals by linear interpolation; values are not normalized
Saha 2024,Saha_2024_Fig3b_Subject1,Fig3b_Subject1,Saha meal SBG proxy,7.25,106.70750000000001,mg/dL,0.612,0.641,5.0,10.0,https://doi.org/10.1002/advs.202405518,model input resampled to 0.25-min intervals by linear interpolation; values are not normalized
Saha 2024,Saha_2024_Fig3b_Subject1,Fig3b_Subject1,Saha meal SBG proxy,7.5,106.97500000000001,mg/dL,0.612,0.641,5.0,10.0,https://doi.org/10.1002/advs.202405518,model input resampled to 0.25-min intervals by linear interpolation; values are not normalized
Saha 2024,Saha_2024_Fig3b_Subject1,Fig3b_Subject1,Saha meal SBG proxy,7.75,107.2425,mg/dL,0.612,0.641,5.0,10.0,https://doi.org/10.1002/advs.202405518,model input resampled to 0.25-min intervals by linear interpolation; values are not normalized
Saha 2024,Saha_2024_Fig3b_Subject1,Fig3b_Subject1,Saha meal SBG proxy,8.0,107.51,mg/dL,0.612,0.641,5.0,10.0,https://doi.org/10.1002/advs.202405518,model input resampled to 0.25-min intervals by linear interpolation; values are not normalized
Saha 2024,Saha_2024_Fig3b_Subject1,Fig3b_Subject1,Saha meal SBG proxy,8.25,107.85625,mg/dL,0.612,0.641,5.0,10.0,https://doi.org/10.1002/advs.202405518,model input resampled to 0.25-min intervals by linear interpolation; values are not normalized
Saha 2024,Saha_2024_Fig3b_Subject1,Fig3b_Subject1,Saha meal SBG proxy,8.5,108.2025,mg/dL,0.612,0.641,5.0,10.0,https://doi.org/10.1002/advs.202405518,model input resampled to 0.25-min intervals by linear interpolation; values are not normalized
Saha 2024,Saha_2024_Fig3b_Subject1,Fig3b_Subject1,Saha meal SBG proxy,8.75,108.54875,mg/dL,0.612,0.641,5.0,10.0,https://doi.org/10.1002/advs.202405518,model input resampled to 0.25-min intervals by linear interpolation; values are not normalized
Saha 2024,Saha_2024_Fig3b_Subject1,Fig3b_Subject1,Saha meal SBG proxy,9.0,108.89500000000001,mg/dL,0.612,0.641,5.0,10.0,https://doi.org/10.1002/advs.202405518,model input resampled to 0.25-min intervals by linear interpolation; values are not normalized
Saha 2024,Saha_2024_Fig3b_Subject1,Fig3b_Subject1,Saha meal SBG proxy,9.25,109.24125000000001,mg/dL,0.612,0.641,5.0,10.0,https://doi.org/10.1002/advs.202405518,model input resampled to 0.25-min intervals by linear interpolation; values are not normalized
Saha 2024,Saha_2024_Fig3b_Subject1,Fig3b_Subject1,Saha meal SBG proxy,9.5,109.5875,mg/dL,0.612,0.641,5.0,10.0,https://doi.org/10.1002/advs.202405518,model input resampled to 0.25-min intervals by linear interpolation; values are not normalized
Saha 2024,Saha_2024_Fig3b_Subject1,Fig3b_Subject1,Saha meal SBG proxy,9.75,109.93375,mg/dL,0.612,0.641,5.0,10.0,https://doi.org/10.1002/advs.202405518,model input resampled to 0.25-min intervals by linear interpolation; values are not normalized
Saha 2024,Saha_2024_Fig3b_Subject1,Fig3b_Subject1,Saha meal SBG proxy,10.0,110.28,mg/dL,0.612,0.641,5.0,10.0,https://doi.org/10.1002/advs.202405518,model input resampled to 0.25-min intervals by linear interpolation; values are not normalized
Saha 2024,Saha_2024_Fig3b_Subject1,Fig3b_Subject1,Saha meal SBG proxy,10.25,110.57375,mg/dL,0.612,0.641,5.0,10.0,https://doi.org/10.1002/advs.202405518,model input resampled to 0.25-min intervals by linear interpolation; values are not normalized
Saha 2024,Saha_2024_Fig3b_Subject1,Fig3b_Subject1,Saha meal SBG proxy,10.5,110.8675,mg/dL,0.612,0.641,5.0,10.0,https://doi.org/10.1002/advs.202405518,model input resampled to 0.25-min intervals by linear interpolation; values are not normalized
Saha 2024,Saha_2024_Fig3b_Subject1,Fig3b_Subject1,Saha meal SBG proxy,10.75,111.16125,mg/dL,0.612,0.641,5.0,10.0,https://doi.org/10.1002/advs.202405518,model input resampled to 0.25-min intervals by linear interpolation; values are not normalized
Saha 2024,Saha_2024_Fig3b_Subject1,Fig3b_Subject1,Saha meal SBG proxy,11.0,111.455,mg/dL,0.612,0.641,5.0,10.0,https://doi.org/10.1002/advs.202405518,model input resampled to 0.25-min intervals by linear interpolation; values are not normalized
Saha 2024,Saha_2024_Fig3b_Subject1,Fig3b_Subject1,Saha meal SBG proxy,11.25,111.74875,mg/dL,0.612,0.641,5.0,10.0,https://doi.org/10.1002/advs.202405518,model input resampled to 0.25-min intervals by linear interpolation; values are not normalized
Saha 2024,Saha_2024_Fig3b_Subject1,Fig3b_Subject1,Saha meal SBG proxy,11.5,112.04249999999999,mg/dL,0.612,0.641,5.0,10.0,https://doi.org/10.1002/advs.202405518,model input resampled to 0.25-min intervals by linear interpolation; values are not normalized
Saha 2024,Saha_2024_Fig3b_Subject1,Fig3b_Subject1,Saha meal SBG proxy,11.75,112.33624999999999,mg/dL,0.612,0.641,5.0,10.0,https://doi.org/10.1002/advs.202405518,model input resampled to 0.25-min intervals by linear interpolation; values are not normalized
Saha 2024,Saha_2024_Fig3b_Subject1,Fig3b_Subject1,Saha meal SBG proxy,12.0,112.63,mg/dL,0.612,0.641,5.0,10.0,https://doi.org/10.1002/advs.202405518,model input resampled to 0.25-min intervals by linear interpolation; values are not normalized
Saha 2024,Saha_2024_Fig3b_Subject1,Fig3b_Subject1,Saha meal SBG proxy,12.25,112.95125,mg/dL,0.612,0.641,5.0,10.0,https://doi.org/10.1002/advs.202405518,model input resampled to 0.25-min intervals by linear interpolation; values are not normalized
Saha 2024,Saha_2024_Fig3b_Subject1,Fig3b_Subject1,Saha meal SBG proxy,12.5,113.2725,mg/dL,0.612,0.641,5.0,10.0,https://doi.org/10.1002/advs.202405518,model input resampled to 0.25-min intervals by linear interpolation; values are not normalized
Saha 2024,Saha_2024_Fig3b_Subject1,Fig3b_Subject1,Saha meal SBG proxy,12.75,113.59375,mg/dL,0.612,0.641,5.0,10.0,https://doi.org/10.1002/advs.202405518,model input resampled to 0.25-min intervals by linear interpolation; values are not normalized
Saha 2024,Saha_2024_Fig3b_Subject1,Fig3b_Subject1,Saha meal SBG proxy,13.0,113.91499999999999,mg/dL,0.612,0.641,5.0,10.0,https://doi.org/10.1002/advs.202405518,model input resampled to 0.25-min intervals by linear interpolation; values are not normalized
Saha 2024,Saha_2024_Fig3b_Subject1,Fig3b_Subject1,Saha meal SBG proxy,13.25,114.23625,mg/dL,0.612,0.641,5.0,10.0,https://doi.org/10.1002/advs.202405518,model input resampled to 0.25-min intervals by linear interpolation; values are not normalized
Saha 2024,Saha_2024_Fig3b_Subject1,Fig3b_Subject1,Saha meal SBG proxy,13.5,114.5575,mg/dL,0.612,0.641,5.0,10.0,https://doi.org/10.1002/advs.202405518,model input resampled to 0.25-min intervals by linear interpolation; values are not normalized
Saha 2024,Saha_2024_Fig3b_Subject1,Fig3b_Subject1,Saha meal SBG proxy,13.75,114.87875,mg/dL,0.612,0.641,5.0,10.0,https://doi.org/10.1002/advs.202405518,model input resampled to 0.25-min intervals by linear interpolation; values are not normalized
Saha 2024,Saha_2024_Fig3b_Subject1,Fig3b_Subject1,Saha meal SBG proxy,14.0,115.2,mg/dL,0.612,0.641,5.0,10.0,https://doi.org/10.1002/advs.202405518,model input resampled to 0.25-min intervals by linear interpolation; values are not normalized
Saha 2024,Saha_2024_Fig3b_Subject1,Fig3b_Subject1,Saha meal SBG proxy,14.25,115.50625000000001,mg/dL,0.612,0.641,5.0,10.0,https://doi.org/10.1002/advs.202405518,model input resampled to 0.25-min intervals by linear interpolation; values are not normalized
Saha 2024,Saha_2024_Fig3b_Subject1,Fig3b_Subject1,Saha meal SBG proxy,14.5,115.8125,mg/dL,0.612,0.641,5.0,10.0,https://doi.org/10.1002/advs.202405518,model input resampled to 0.25-min intervals by linear interpolation; values are not normalized
Saha 2024,Saha_2024_Fig3b_Subject1,Fig3b_Subject1,Saha meal SBG proxy,14.75,116.11875,mg/dL,0.612,0.641,5.0,10.0,https://doi.org/10.1002/advs.202405518,model input resampled to 0.25-min intervals by linear interpolation; values are not normalized
Saha 2024,Saha_2024_Fig3b_Subject1,Fig3b_Subject1,Saha meal SBG proxy,15.0,116.42500000000001,mg/dL,0.612,0.641,5.0,10.0,https://doi.org/10.1002/advs.202405518,model input resampled to 0.25-min intervals by linear interpolation; values are not normalized
Saha 2024,Saha_2024_Fig3b_Subject1,Fig3b_Subject1,Saha meal SBG proxy,15.25,116.73125,mg/dL,0.612,0.641,5.0,10.0,https://doi.org/10.1002/advs.202405518,model input resampled to 0.25-min intervals by linear interpolation; values are not normalized
Saha 2024,Saha_2024_Fig3b_Subject1,Fig3b_Subject1,Saha meal SBG proxy,15.5,117.03750000000001,mg/dL,0.612,0.641,5.0,10.0,https://doi.org/10.1002/advs.202405518,model input resampled to 0.25-min intervals by linear interpolation; values are not normalized
Saha 2024,Saha_2024_Fig3b_Subject1,Fig3b_Subject1,Saha meal SBG proxy,15.75,117.34375,mg/dL,0.612,0.641,5.0,10.0,https://doi.org/10.1002/advs.202405518,model input resampled to 0.25-min intervals by linear interpolation; values are not normalized
Saha 2024,Saha_2024_Fig3b_Subject1,Fig3b_Subject1,Saha meal SBG proxy,16.0,117.65,mg/dL,0.612,0.641,5.0,10.0,https://doi.org/10.1002/advs.202405518,model input resampled to 0.25-min intervals by linear interpolation; values are not normalized
Saha 2024,Saha_2024_Fig3b_Subject1,Fig3b_Subject1,Saha meal SBG proxy,16.25,118.03750000000001,mg/dL,0.612,0.641,5.0,10.0,https://doi.org/10.1002/advs.202405518,model input resampled to 0.25-min intervals by linear interpolation; values are not normalized
Saha 2024,Saha_2024_Fig3b_Subject1,Fig3b_Subject1,Saha meal SBG proxy,16.5,118.42500000000001,mg/dL,0.612,0.641,5.0,10.0,https://doi.org/10.1002/advs.202405518,model input resampled to 0.25-min intervals by linear interpolation; values are not normalized
Saha 2024,Saha_2024_Fig3b_Subject1,Fig3b_Subject1,Saha meal SBG proxy,16.75,118.8125,mg/dL,0.612,0.641,5.0,10.0,https://doi.org/10.1002/advs.202405518,model input resampled to 0.25-min intervals by linear interpolation; values are not normalized
Saha 2024,Saha_2024_Fig3b_Subject1,Fig3b_Subject1,Saha meal SBG proxy,17.0,119.2,mg/dL,0.612,0.641,5.0,10.0,https://doi.org/10.1002/advs.202405518,model input resampled to 0.25-min intervals by linear interpolation; values are not normalized
Saha 2024,Saha_2024_Fig3b_Subject1,Fig3b_Subject1,Saha meal SBG proxy,17.25,119.5875,mg/dL,0.612,0.641,5.0,10.0,https://doi.org/10.1002/advs.202405518,model input resampled to 0.25-min intervals by linear interpolation; values are not normalized
Saha 2024,Saha_2024_Fig3b_Subject1,Fig3b_Subject1,Saha meal SBG proxy,17.5,119.975,mg/dL,0.612,0.641,5.0,10.0,https://doi.org/10.1002/advs.202405518,model input resampled to 0.25-min intervals by linear interpolation; values are not normalized
Saha 2024,Saha_2024_Fig3b_Subject1,Fig3b_Subject1,Saha meal SBG proxy,17.75,120.3625,mg/dL,0.612,0.641,5.0,10.0,https://doi.org/10.1002/advs.202405518,model input resampled to 0.25-min intervals by linear interpolation; values are not normalized
Saha 2024,Saha_2024_Fig3b_Subject1,Fig3b_Subject1,Saha meal SBG proxy,18.0,120.75,mg/dL,0.612,0.641,5.0,10.0,https://doi.org/10.1002/advs.202405518,model input resampled to 0.25-min intervals by linear interpolation; values are not normalized
Saha 2024,Saha_2024_Fig3b_Subject1,Fig3b_Subject1,Saha meal SBG proxy,18.25,121.09625,mg/dL,0.612,0.641,5.0,10.0,https://doi.org/10.1002/advs.202405518,model input resampled to 0.25-min intervals by linear interpolation; values are not normalized
Saha 2024,Saha_2024_Fig3b_Subject1,Fig3b_Subject1,Saha meal SBG proxy,18.5,121.4425,mg/dL,0.612,0.641,5.0,10.0,https://doi.org/10.1002/advs.202405518,model input resampled to 0.25-min intervals by linear interpolation; values are not normalized
Saha 2024,Saha_2024_Fig3b_Subject1,Fig3b_Subject1,Saha meal SBG proxy,18.75,121.78875,mg/dL,0.612,0.641,5.0,10.0,https://doi.org/10.1002/advs.202405518,model input resampled to 0.25-min intervals by linear interpolation; values are not normalized
Saha 2024,Saha_2024_Fig3b_Subject1,Fig3b_Subject1,Saha meal SBG proxy,19.0,122.13499999999999,mg/dL,0.612,0.641,5.0,10.0,https://doi.org/10.1002/advs.202405518,model input resampled to 0.25-min intervals by linear interpolation; values are not normalized
Saha 2024,Saha_2024_Fig3b_Subject1,Fig3b_Subject1,Saha meal SBG proxy,19.25,122.48125,mg/dL,0.612,0.641,5.0,10.0,https://doi.org/10.1002/advs.202405518,model input resampled to 0.25-min intervals by linear interpolation; values are not normalized
Saha 2024,Saha_2024_Fig3b_Subject1,Fig3b_Subject1,Saha meal SBG proxy,19.5,122.8275,mg/dL,0.612,0.641,5.0,10.0,https://doi.org/10.1002/advs.202405518,model input resampled to 0.25-min intervals by linear interpolation; values are not normalized
Saha 2024,Saha_2024_Fig3b_Subject1,Fig3b_Subject1,Saha meal SBG proxy,19.75,123.17375,mg/dL,0.612,0.641,5.0,10.0,https://doi.org/10.1002/advs.202405518,model input resampled to 0.25-min intervals by linear interpolation; values are not normalized
Saha 2024,Saha_2024_Fig3b_Subject1,Fig3b_Subject1,Saha meal SBG proxy,20.0,123.52,mg/dL,0.612,0.641,5.0,10.0,https://doi.org/10.1002/advs.202405518,model input resampled to 0.25-min intervals by linear interpolation; values are not normalized
Saha 2024,Saha_2024_Fig3b_Subject1,Fig3b_Subject1,Saha meal SBG proxy,20.25,123.92125,mg/dL,0.612,0.641,5.0,10.0,https://doi.org/10.1002/advs.202405518,model input resampled to 0.25-min intervals by linear interpolation; values are not normalized
Saha 2024,Saha_2024_Fig3b_Subject1,Fig3b_Subject1,Saha meal SBG proxy,20.5,124.32249999999999,mg/dL,0.612,0.641,5.0,10.0,https://doi.org/10.1002/advs.202405518,model input resampled to 0.25-min intervals by linear interpolation; values are not normalized
Saha 2024,Saha_2024_Fig3b_Subject1,Fig3b_Subject1,Saha meal SBG proxy,20.75,124.72375,mg/dL,0.612,0.641,5.0,10.0,https://doi.org/10.1002/advs.202405518,model input resampled to 0.25-min intervals by linear interpolation; values are not normalized
Saha 2024,Saha_2024_Fig3b_Subject1,Fig3b_Subject1,Saha meal SBG proxy,21.0,125.125,mg/dL,0.612,0.641,5.0,10.0,https://doi.org/10.1002/advs.202405518,model input resampled to 0.25-min intervals by linear interpolation; values are not normalized
Saha 2024,Saha_2024_Fig3b_Subject1,Fig3b_Subject1,Saha meal SBG proxy,21.25,125.52625,mg/dL,0.612,0.641,5.0,10.0,https://doi.org/10.1002/advs.202405518,model input resampled to 0.25-min intervals by linear interpolation; values are not normalized
Saha 2024,Saha_2024_Fig3b_Subject1,Fig3b_Subject1,Saha meal SBG proxy,21.5,125.92750000000001,mg/dL,0.612,0.641,5.0,10.0,https://doi.org/10.1002/advs.202405518,model input resampled to 0.25-min intervals by linear interpolation; values are not normalized
Saha 2024,Saha_2024_Fig3b_Subject1,Fig3b_Subject1,Saha meal SBG proxy,21.75,126.32875,mg/dL,0.612,0.641,5.0,10.0,https://doi.org/10.1002/advs.202405518,model input resampled to 0.25-min intervals by linear interpolation; values are not normalized
Saha 2024,Saha_2024_Fig3b_Subject1,Fig3b_Subject1,Saha meal SBG proxy,22.0,126.73,mg/dL,0.612,0.641,5.0,10.0,https://doi.org/10.1002/advs.202405518,model input resampled to 0.25-min intervals by linear interpolation; values are not normalized
Saha 2024,Saha_2024_Fig3b_Subject1,Fig3b_Subject1,Saha meal SBG proxy,22.25,127.07625,mg/dL,0.612,0.641,5.0,10.0,https://doi.org/10.1002/advs.202405518,model input resampled to 0.25-min intervals by linear interpolation; values are not normalized
Saha 2024,Saha_2024_Fig3b_Subject1,Fig3b_Subject1,Saha meal SBG proxy,22.5,127.4225,mg/dL,0.612,0.641,5.0,10.0,https://doi.org/10.1002/advs.202405518,model input resampled to 0.25-min intervals by linear interpolation; values are not normalized
Saha 2024,Saha_2024_Fig3b_Subject1,Fig3b_Subject1,Saha meal SBG proxy,22.75,127.76875,mg/dL,0.612,0.641,5.0,10.0,https://doi.org/10.1002/advs.202405518,model input resampled to 0.25-min intervals by linear interpolation; values are not normalized
Saha 2024,Saha_2024_Fig3b_Subject1,Fig3b_Subject1,Saha meal SBG proxy,23.0,128.115,mg/dL,0.612,0.641,5.0,10.0,https://doi.org/10.1002/advs.202405518,model input resampled to 0.25-min intervals by linear interpolation; values are not normalized
Saha 2024,Saha_2024_Fig3b_Subject1,Fig3b_Subject1,Saha meal SBG proxy,23.25,128.46125,mg/dL,0.612,0.641,5.0,10.0,https://doi.org/10.1002/advs.202405518,model input resampled to 0.25-min intervals by linear interpolation; values are not normalized
Saha 2024,Saha_2024_Fig3b_Subject1,Fig3b_Subject1,Saha meal SBG proxy,23.5,128.8075,mg/dL,0.612,0.641,5.0,10.0,https://doi.org/10.1002/advs.202405518,model input resampled to 0.25-min intervals by linear interpolation; values are not normalized
Saha 2024,Saha_2024_Fig3b_Subject1,Fig3b_Subject1,Saha meal SBG proxy,23.75,129.15375,mg/dL,0.612,0.641,5.0,10.0,https://doi.org/10.1002/advs.202405518,model input resampled to 0.25-min intervals by linear interpolation; values are not normalized
Saha 2024,Saha_2024_Fig3b_Subject1,Fig3b_Subject1,Saha meal SBG proxy,24.0,129.5,mg/dL,0.612,0.641,5.0,10.0,https://doi.org/10.1002/advs.202405518,model input resampled to 0.25-min intervals by linear interpolation; values are not normalized
Saha 2024,Saha_2024_Fig3b_Subject1,Fig3b_Subject1,Saha meal SBG proxy,24.25,129.9,mg/dL,0.612,0.641,5.0,10.0,https://doi.org/10.1002/advs.202405518,model input resampled to 0.25-min intervals by linear interpolation; values are not normalized
Saha 2024,Saha_2024_Fig3b_Subject1,Fig3b_Subject1,Saha meal SBG proxy,24.5,130.3,mg/dL,0.612,0.641,5.0,10.0,https://doi.org/10.1002/advs.202405518,model input resampled to 0.25-min intervals by linear interpolation; values are not normalized
Saha 2024,Saha_2024_Fig3b_Subject1,Fig3b_Subject1,Saha meal SBG proxy,24.75,130.7,mg/dL,0.612,0.641,5.0,10.0,https://doi.org/10.1002/advs.202405518,model input resampled to 0.25-min intervals by linear interpolation; values are not normalized
Saha 2024,Saha_2024_Fig3b_Subject1,Fig3b_Subject1,Saha meal SBG proxy,25.0,131.1,mg/dL,0.612,0.641,5.0,10.0,https://doi.org/10.1002/advs.202405518,model input resampled to 0.25-min intervals by linear interpolation; values are not normalized
Saha 2024,Saha_2024_Fig3b_Subject1,Fig3b_Subject1,Saha meal SBG proxy,25.25,131.5,mg/dL,0.612,0.641,5.0,10.0,https://doi.org/10.1002/advs.202405518,model input resampled to 0.25-min intervals by linear interpolation; values are not normalized
Saha 2024,Saha_2024_Fig3b_Subject1,Fig3b_Subject1,Saha meal SBG proxy,25.5,131.89999999999998,mg/dL,0.612,0.641,5.0,10.0,https://doi.org/10.1002/advs.202405518,model input resampled to 0.25-min intervals by linear interpolation; values are not normalized
Saha 2024,Saha_2024_Fig3b_Subject1,Fig3b_Subject1,Saha meal SBG proxy,25.75,132.29999999999998,mg/dL,0.612,0.641,5.0,10.0,https://doi.org/10.1002/advs.202405518,model input resampled to 0.25-min intervals by linear interpolation; values are not normalized
Saha 2024,Saha_2024_Fig3b_Subject1,Fig3b_Subject1,Saha meal SBG proxy,26.0,132.7,mg/dL,0.612,0.641,5.0,10.0,https://doi.org/10.1002/advs.202405518,model input resampled to 0.25-min intervals by linear interpolation; values are not normalized
Saha 2024,Saha_2024_Fig3b_Subject1,Fig3b_Subject1,Saha meal SBG proxy,26.25,133.10125,mg/dL,0.612,0.641,5.0,10.0,https://doi.org/10.1002/advs.202405518,model input resampled to 0.25-min intervals by linear interpolation; values are not normalized
Saha 2024,Saha_2024_Fig3b_Subject1,Fig3b_Subject1,Saha meal SBG proxy,26.5,133.5025,mg/dL,0.612,0.641,5.0,10.0,https://doi.org/10.1002/advs.202405518,model input resampled to 0.25-min intervals by linear interpolation; values are not normalized
Saha 2024,Saha_2024_Fig3b_Subject1,Fig3b_Subject1,Saha meal SBG proxy,26.75,133.90375,mg/dL,0.612,0.641,5.0,10.0,https://doi.org/10.1002/advs.202405518,model input resampled to 0.25-min intervals by linear interpolation; values are not normalized
Saha 2024,Saha_2024_Fig3b_Subject1,Fig3b_Subject1,Saha meal SBG proxy,27.0,134.305,mg/dL,0.612,0.641,5.0,10.0,https://doi.org/10.1002/advs.202405518,model input resampled to 0.25-min intervals by linear interpolation; values are not normalized
Saha 2024,Saha_2024_Fig3b_Subject1,Fig3b_Subject1,Saha meal SBG proxy,27.25,134.70624999999998,mg/dL,0.612,0.641,5.0,10.0,https://doi.org/10.1002/advs.202405518,model input resampled to 0.25-min intervals by linear interpolation; values are not normalized
Saha 2024,Saha_2024_Fig3b_Subject1,Fig3b_Subject1,Saha meal SBG proxy,27.5,135.1075,mg/dL,0.612,0.641,5.0,10.0,https://doi.org/10.1002/advs.202405518,model input resampled to 0.25-min intervals by linear interpolation; values are not normalized
Saha 2024,Saha_2024_Fig3b_Subject1,Fig3b_Subject1,Saha meal SBG proxy,27.75,135.50875,mg/dL,0.612,0.641,5.0,10.0,https://doi.org/10.1002/advs.202405518,model input resampled to 0.25-min intervals by linear interpolation; values are not normalized
Saha 2024,Saha_2024_Fig3b_Subject1,Fig3b_Subject1,Saha meal SBG proxy,28.0,135.91,mg/dL,0.612,0.641,5.0,10.0,https://doi.org/10.1002/advs.202405518,model input resampled to 0.25-min intervals by linear interpolation; values are not normalized
Saha 2024,Saha_2024_Fig3b_Subject1,Fig3b_Subject1,Saha meal SBG proxy,28.25,136.16375,mg/dL,0.612,0.641,5.0,10.0,https://doi.org/10.1002/advs.202405518,model input resampled to 0.25-min intervals by linear interpolation; values are not normalized
Saha 2024,Saha_2024_Fig3b_Subject1,Fig3b_Subject1,Saha meal SBG proxy,28.5,136.4175,mg/dL,0.612,0.641,5.0,10.0,https://doi.org/10.1002/advs.202405518,model input resampled to 0.25-min intervals by linear interpolation; values are not normalized
Saha 2024,Saha_2024_Fig3b_Subject1,Fig3b_Subject1,Saha meal SBG proxy,28.75,136.67125,mg/dL,0.612,0.641,5.0,10.0,https://doi.org/10.1002/advs.202405518,model input resampled to 0.25-min intervals by linear interpolation; values are not normalized
Saha 2024,Saha_2024_Fig3b_Subject1,Fig3b_Subject1,Saha meal SBG proxy,29.0,136.925,mg/dL,0.612,0.641,5.0,10.0,https://doi.org/10.1002/advs.202405518,model input resampled to 0.25-min intervals by linear interpolation; values are not normalized
Saha 2024,Saha_2024_Fig3b_Subject1,Fig3b_Subject1,Saha meal SBG proxy,29.25,137.17875,mg/dL,0.612,0.641,5.0,10.0,https://doi.org/10.1002/advs.202405518,model input resampled to 0.25-min intervals by linear interpolation; values are not normalized
Saha 2024,Saha_2024_Fig3b_Subject1,Fig3b_Subject1,Saha meal SBG proxy,29.5,137.4325,mg/dL,0.612,0.641,5.0,10.0,https://doi.org/10.1002/advs.202405518,model input resampled to 0.25-min intervals by linear interpolation; values are not normalized
Saha 2024,Saha_2024_Fig3b_Subject1,Fig3b_Subject1,Saha meal SBG proxy,29.75,137.68625,mg/dL,0.612,0.641,5.0,10.0,https://doi.org/10.1002/advs.202405518,model input resampled to 0.25-min intervals by linear interpolation; values are not normalized
Saha 2024,Saha_2024_Fig3b_Subject1,Fig3b_Subject1,Saha meal SBG proxy,30.0,137.94,mg/dL,0.612,0.641,5.0,10.0,https://doi.org/10.1002/advs.202405518,model input resampled to 0.25-min intervals by linear interpolation; values are not normalized
Saha 2024,Saha_2024_Fig3b_Subject1,Fig3b_Subject1,Saha meal SBG proxy,30.25,137.92625,mg/dL,0.612,0.641,5.0,10.0,https://doi.org/10.1002/advs.202405518,model input resampled to 0.25-min intervals by linear interpolation; values are not normalized
Saha 2024,Saha_2024_Fig3b_Subject1,Fig3b_Subject1,Saha meal SBG proxy,30.5,137.9125,mg/dL,0.612,0.641,5.0,10.0,https://doi.org/10.1002/advs.202405518,model input resampled to 0.25-min intervals by linear interpolation; values are not normalized
Saha 2024,Saha_2024_Fig3b_Subject1,Fig3b_Subject1,Saha meal SBG proxy,30.75,137.89875,mg/dL,0.612,0.641,5.0,10.0,https://doi.org/10.1002/advs.202405518,model input resampled to 0.25-min intervals by linear interpolation; values are not normalized
Saha 2024,Saha_2024_Fig3b_Subject1,Fig3b_Subject1,Saha meal SBG proxy,31.0,137.885,mg/dL,0.612,0.641,5.0,10.0,https://doi.org/10.1002/advs.202405518,model input resampled to 0.25-min intervals by linear interpolation; values are not normalized
Saha 2024,Saha_2024_Fig3b_Subject1,Fig3b_Subject1,Saha meal SBG proxy,31.25,137.87125,mg/dL,0.612,0.641,5.0,10.0,https://doi.org/10.1002/advs.202405518,model input resampled to 0.25-min intervals by linear interpolation; values are not normalized
Saha 2024,Saha_2024_Fig3b_Subject1,Fig3b_Subject1,Saha meal SBG proxy,31.5,137.85750000000002,mg/dL,0.612,0.641,5.0,10.0,https://doi.org/10.1002/advs.202405518,model input resampled to 0.25-min intervals by linear interpolation; values are not normalized
Saha 2024,Saha_2024_Fig3b_Subject1,Fig3b_Subject1,Saha meal SBG proxy,31.75,137.84375,mg/dL,0.612,0.641,5.0,10.0,https://doi.org/10.1002/advs.202405518,model input resampled to 0.25-min intervals by linear interpolation; values are not normalized
Saha 2024,Saha_2024_Fig3b_Subject1,Fig3b_Subject1,Saha meal SBG proxy,32.0,137.83,mg/dL,0.612,0.641,5.0,10.0,https://doi.org/10.1002/advs.202405518,model input resampled to 0.25-min intervals by linear interpolation; values are not normalized
Saha 2024,Saha_2024_Fig3b_Subject1,Fig3b_Subject1,Saha meal SBG proxy,32.25,137.60250000000002,mg/dL,0.612,0.641,5.0,10.0,https://doi.org/10.1002/advs.202405518,model input resampled to 0.25-min intervals by linear interpolation; values are not normalized
Saha 2024,Saha_2024_Fig3b_Subject1,Fig3b_Subject1,Saha meal SBG proxy,32.5,137.375,mg/dL,0.612,0.641,5.0,10.0,https://doi.org/10.1002/advs.202405518,model input resampled to 0.25-min intervals by linear interpolation; values are not normalized
Saha 2024,Saha_2024_Fig3b_Subject1,Fig3b_Subject1,Saha meal SBG proxy,32.75,137.1475,mg/dL,0.612,0.641,5.0,10.0,https://doi.org/10.1002/advs.202405518,model input resampled to 0.25-min intervals by linear interpolation; values are not normalized
Saha 2024,Saha_2024_Fig3b_Subject1,Fig3b_Subject1,Saha meal SBG proxy,33.0,136.92000000000002,mg/dL,0.612,0.641,5.0,10.0,https://doi.org/10.1002/advs.202405518,model input resampled to 0.25-min intervals by linear interpolation; values are not normalized
Saha 2024,Saha_2024_Fig3b_Subject1,Fig3b_Subject1,Saha meal SBG proxy,33.25,136.6925,mg/dL,0.612,0.641,5.0,10.0,https://doi.org/10.1002/advs.202405518,model input resampled to 0.25-min intervals by linear interpolation; values are not normalized
Saha 2024,Saha_2024_Fig3b_Subject1,Fig3b_Subject1,Saha meal SBG proxy,33.5,136.465,mg/dL,0.612,0.641,5.0,10.0,https://doi.org/10.1002/advs.202405518,model input resampled to 0.25-min intervals by linear interpolation; values are not normalized
Saha 2024,Saha_2024_Fig3b_Subject1,Fig3b_Subject1,Saha meal SBG proxy,33.75,136.23749999999998,mg/dL,0.612,0.641,5.0,10.0,https://doi.org/10.1002/advs.202405518,model input resampled to 0.25-min intervals by linear interpolation; values are not normalized
Saha 2024,Saha_2024_Fig3b_Subject1,Fig3b_Subject1,Saha meal SBG proxy,34.0,136.01,mg/dL,0.612,0.641,5.0,10.0,https://doi.org/10.1002/advs.202405518,model input resampled to 0.25-min intervals by linear interpolation; values are not normalized
Saha 2024,Saha_2024_Fig3b_Subject1,Fig3b_Subject1,Saha meal SBG proxy,34.25,135.67749999999998,mg/dL,0.612,0.641,5.0,10.0,https://doi.org/10.1002/advs.202405518,model input resampled to 0.25-min intervals by linear interpolation; values are not normalized
Saha 2024,Saha_2024_Fig3b_Subject1,Fig3b_Subject1,Saha meal SBG proxy,34.5,135.345,mg/dL,0.612,0.641,5.0,10.0,https://doi.org/10.1002/advs.202405518,model input resampled to 0.25-min intervals by linear interpolation; values are not normalized
Saha 2024,Saha_2024_Fig3b_Subject1,Fig3b_Subject1,Saha meal SBG proxy,34.75,135.0125,mg/dL,0.612,0.641,5.0,10.0,https://doi.org/10.1002/advs.202405518,model input resampled to 0.25-min intervals by linear interpolation; values are not normalized
Saha 2024,Saha_2024_Fig3b_Subject1,Fig3b_Subject1,Saha meal SBG proxy,35.0,134.68,mg/dL,0.612,0.641,5.0,10.0,https://doi.org/10.1002/advs.202405518,model input resampled to 0.25-min intervals by linear interpolation; values are not normalized
Saha 2024,Saha_2024_Fig3b_Subject1,Fig3b_Subject1,Saha meal SBG proxy,35.25,134.3475,mg/dL,0.612,0.641,5.0,10.0,https://doi.org/10.1002/advs.202405518,model input resampled to 0.25-min intervals by linear interpolation; values are not normalized
Saha 2024,Saha_2024_Fig3b_Subject1,Fig3b_Subject1,Saha meal SBG proxy,35.5,134.015,mg/dL,0.612,0.641,5.0,10.0,https://doi.org/10.1002/advs.202405518,model input resampled to 0.25-min intervals by linear interpolation; values are not normalized
Saha 2024,Saha_2024_Fig3b_Subject1,Fig3b_Subject1,Saha meal SBG proxy,35.75,133.6825,mg/dL,0.612,0.641,5.0,10.0,https://doi.org/10.1002/advs.202405518,model input resampled to 0.25-min intervals by linear interpolation; values are not normalized
Saha 2024,Saha_2024_Fig3b_Subject1,Fig3b_Subject1,Saha meal SBG proxy,36.0,133.35,mg/dL,0.612,0.641,5.0,10.0,https://doi.org/10.1002/advs.202405518,model input resampled to 0.25-min intervals by linear interpolation; values are not normalized
Saha 2024,Saha_2024_Fig3b_Subject1,Fig3b_Subject1,Saha meal SBG proxy,36.25,133.06875,mg/dL,0.612,0.641,5.0,10.0,https://doi.org/10.1002/advs.202405518,model input resampled to 0.25-min intervals by linear interpolation; values are not normalized
Saha 2024,Saha_2024_Fig3b_Subject1,Fig3b_Subject1,Saha meal SBG proxy,36.5,132.7875,mg/dL,0.612,0.641,5.0,10.0,https://doi.org/10.1002/advs.202405518,model input resampled to 0.25-min intervals by linear interpolation; values are not normalized
Saha 2024,Saha_2024_Fig3b_Subject1,Fig3b_Subject1,Saha meal SBG proxy,36.75,132.50625,mg/dL,0.612,0.641,5.0,10.0,https://doi.org/10.1002/advs.202405518,model input resampled to 0.25-min intervals by linear interpolation; values are not normalized
Saha 2024,Saha_2024_Fig3b_Subject1,Fig3b_Subject1,Saha meal SBG proxy,37.0,132.225,mg/dL,0.612,0.641,5.0,10.0,https://doi.org/10.1002/advs.202405518,model input resampled to 0.25-min intervals by linear interpolation; values are not normalized
Saha 2024,Saha_2024_Fig3b_Subject1,Fig3b_Subject1,Saha meal SBG proxy,37.25,131.94375,mg/dL,0.612,0.641,5.0,10.0,https://doi.org/10.1002/advs.202405518,model input resampled to 0.25-min intervals by linear interpolation; values are not normalized
Saha 2024,Saha_2024_Fig3b_Subject1,Fig3b_Subject1,Saha meal SBG proxy,37.5,131.6625,mg/dL,0.612,0.641,5.0,10.0,https://doi.org/10.1002/advs.202405518,model input resampled to 0.25-min intervals by linear interpolation; values are not normalized
Saha 2024,Saha_2024_Fig3b_Subject1,Fig3b_Subject1,Saha meal SBG proxy,37.75,131.38125,mg/dL,0.612,0.641,5.0,10.0,https://doi.org/10.1002/advs.202405518,model input resampled to 0.25-min intervals by linear interpolation; values are not normalized
Saha 2024,Saha_2024_Fig3b_Subject1,Fig3b_Subject1,Saha meal SBG proxy,38.0,131.1,mg/dL,0.612,0.641,5.0,10.0,https://doi.org/10.1002/advs.202405518,model input resampled to 0.25-min intervals by linear interpolation; values are not normalized
Saha 2024,Saha_2024_Fig3b_Subject1,Fig3b_Subject1,Saha meal SBG proxy,38.25,130.76624999999999,mg/dL,0.612,0.641,5.0,10.0,https://doi.org/10.1002/advs.202405518,model input resampled to 0.25-min intervals by linear interpolation; values are not normalized
Saha 2024,Saha_2024_Fig3b_Subject1,Fig3b_Subject1,Saha meal SBG proxy,38.5,130.4325,mg/dL,0.612,0.641,5.0,10.0,https://doi.org/10.1002/advs.202405518,model input resampled to 0.25-min intervals by linear interpolation; values are not normalized
Saha 2024,Saha_2024_Fig3b_Subject1,Fig3b_Subject1,Saha meal SBG proxy,38.75,130.09875,mg/dL,0.612,0.641,5.0,10.0,https://doi.org/10.1002/advs.202405518,model input resampled to 0.25-min intervals by linear interpolation; values are not normalized
Saha 2024,Saha_2024_Fig3b_Subject1,Fig3b_Subject1,Saha meal SBG proxy,39.0,129.765,mg/dL,0.612,0.641,5.0,10.0,https://doi.org/10.1002/advs.202405518,model input resampled to 0.25-min intervals by linear interpolation; values are not normalized
Saha 2024,Saha_2024_Fig3b_Subject1,Fig3b_Subject1,Saha meal SBG proxy,39.25,129.43125,mg/dL,0.612,0.641,5.0,10.0,https://doi.org/10.1002/advs.202405518,model input resampled to 0.25-min intervals by linear interpolation; values are not normalized
Saha 2024,Saha_2024_Fig3b_Subject1,Fig3b_Subject1,Saha meal SBG proxy,39.5,129.0975,mg/dL,0.612,0.641,5.0,10.0,https://doi.org/10.1002/advs.202405518,model input resampled to 0.25-min intervals by linear interpolation; values are not normalized
Saha 2024,Saha_2024_Fig3b_Subject1,Fig3b_Subject1,Saha meal SBG proxy,39.75,128.76375000000002,mg/dL,0.612,0.641,5.0,10.0,https://doi.org/10.1002/advs.202405518,model input resampled to 0.25-min intervals by linear interpolation; values are not normalized
Saha 2024,Saha_2024_Fig3b_Subject1,Fig3b_Subject1,Saha meal SBG proxy,40.0,128.43,mg/dL,0.612,0.641,5.0,10.0,https://doi.org/10.1002/advs.202405518,model input resampled to 0.25-min intervals by linear interpolation; values are not normalized
Saha 2024,Saha_2024_Fig3b_Subject1,Fig3b_Subject1,Saha meal SBG proxy,40.25,128.13750000000002,mg/dL,0.612,0.641,5.0,10.0,https://doi.org/10.1002/advs.202405518,model input resampled to 0.25-min intervals by linear interpolation; values are not normalized
Saha 2024,Saha_2024_Fig3b_Subject1,Fig3b_Subject1,Saha meal SBG proxy,40.5,127.845,mg/dL,0.612,0.641,5.0,10.0,https://doi.org/10.1002/advs.202405518,model input resampled to 0.25-min intervals by linear interpolation; values are not normalized
Saha 2024,Saha_2024_Fig3b_Subject1,Fig3b_Subject1,Saha meal SBG proxy,40.75,127.55250000000001,mg/dL,0.612,0.641,5.0,10.0,https://doi.org/10.1002/advs.202405518,model input resampled to 0.25-min intervals by linear interpolation; values are not normalized
Saha 2024,Saha_2024_Fig3b_Subject1,Fig3b_Subject1,Saha meal SBG proxy,41.0,127.26,mg/dL,0.612,0.641,5.0,10.0,https://doi.org/10.1002/advs.202405518,model input resampled to 0.25-min intervals by linear interpolation; values are not normalized
Saha 2024,Saha_2024_Fig3b_Subject1,Fig3b_Subject1,Saha meal SBG proxy,41.25,126.9675,mg/dL,0.612,0.641,5.0,10.0,https://doi.org/10.1002/advs.202405518,model input resampled to 0.25-min intervals by linear interpolation; values are not normalized
Saha 2024,Saha_2024_Fig3b_Subject1,Fig3b_Subject1,Saha meal SBG proxy,41.5,126.67500000000001,mg/dL,0.612,0.641,5.0,10.0,https://doi.org/10.1002/advs.202405518,model input resampled to 0.25-min intervals by linear interpolation; values are not normalized
Saha 2024,Saha_2024_Fig3b_Subject1,Fig3b_Subject1,Saha meal SBG proxy,41.75,126.38250000000001,mg/dL,0.612,0.641,5.0,10.0,https://doi.org/10.1002/advs.202405518,model input resampled to 0.25-min intervals by linear interpolation; values are not normalized
Saha 2024,Saha_2024_Fig3b_Subject1,Fig3b_Subject1,Saha meal SBG proxy,42.0,126.09,mg/dL,0.612,0.641,5.0,10.0,https://doi.org/10.1002/advs.202405518,model input resampled to 0.25-min intervals by linear interpolation; values are not normalized
Saha 2024,Saha_2024_Fig3b_Subject1,Fig3b_Subject1,Saha meal SBG proxy,42.25,125.75625000000001,mg/dL,0.612,0.641,5.0,10.0,https://doi.org/10.1002/advs.202405518,model input resampled to 0.25-min intervals by linear interpolation; values are not normalized
Saha 2024,Saha_2024_Fig3b_Subject1,Fig3b_Subject1,Saha meal SBG proxy,42.5,125.4225,mg/dL,0.612,0.641,5.0,10.0,https://doi.org/10.1002/advs.202405518,model input resampled to 0.25-min intervals by linear interpolation; values are not normalized
Saha 2024,Saha_2024_Fig3b_Subject1,Fig3b_Subject1,Saha meal SBG proxy,42.75,125.08875,mg/dL,0.612,0.641,5.0,10.0,https://doi.org/10.1002/advs.202405518,model input resampled to 0.25-min intervals by linear interpolation; values are not normalized
Saha 2024,Saha_2024_Fig3b_Subject1,Fig3b_Subject1,Saha meal SBG proxy,43.0,124.755,mg/dL,0.612,0.641,5.0,10.0,https://doi.org/10.1002/advs.202405518,model input resampled to 0.25-min intervals by linear interpolation; values are not normalized
Saha 2024,Saha_2024_Fig3b_Subject1,Fig3b_Subject1,Saha meal SBG proxy,43.25,124.42125,mg/dL,0.612,0.641,5.0,10.0,https://doi.org/10.1002/advs.202405518,model input resampled to 0.25-min intervals by linear interpolation; values are not normalized
Saha 2024,Saha_2024_Fig3b_Subject1,Fig3b_Subject1,Saha meal SBG proxy,43.5,124.0875,mg/dL,0.612,0.641,5.0,10.0,https://doi.org/10.1002/advs.202405518,model input resampled to 0.25-min intervals by linear interpolation; values are not normalized
Saha 2024,Saha_2024_Fig3b_Subject1,Fig3b_Subject1,Saha meal SBG proxy,43.75,123.75375,mg/dL,0.612,0.641,5.0,10.0,https://doi.org/10.1002/advs.202405518,model input resampled to 0.25-min intervals by linear interpolation; values are not normalized
Saha 2024,Saha_2024_Fig3b_Subject1,Fig3b_Subject1,Saha meal SBG proxy,44.0,123.42,mg/dL,0.612,0.641,5.0,10.0,https://doi.org/10.1002/advs.202405518,model input resampled to 0.25-min intervals by linear interpolation; values are not normalized
Saha 2024,Saha_2024_Fig3b_Subject1,Fig3b_Subject1,Saha meal SBG proxy,44.25,123.20625,mg/dL,0.612,0.641,5.0,10.0,https://doi.org/10.1002/advs.202405518,model input resampled to 0.25-min intervals by linear interpolation; values are not normalized
Saha 2024,Saha_2024_Fig3b_Subject1,Fig3b_Subject1,Saha meal SBG proxy,44.5,122.9925,mg/dL,0.612,0.641,5.0,10.0,https://doi.org/10.1002/advs.202405518,model input resampled to 0.25-min intervals by linear interpolation; values are not normalized
Saha 2024,Saha_2024_Fig3b_Subject1,Fig3b_Subject1,Saha meal SBG proxy,44.75,122.77875,mg/dL,0.612,0.641,5.0,10.0,https://doi.org/10.1002/advs.202405518,model input resampled to 0.25-min intervals by linear interpolation; values are not normalized
Saha 2024,Saha_2024_Fig3b_Subject1,Fig3b_Subject1,Saha meal SBG proxy,45.0,122.565,mg/dL,0.612,0.641,5.0,10.0,https://doi.org/10.1002/advs.202405518,model input resampled to 0.25-min intervals by linear interpolation; values are not normalized
Saha 2024,Saha_2024_Fig3b_Subject1,Fig3b_Subject1,Saha meal SBG proxy,45.25,122.35125,mg/dL,0.612,0.641,5.0,10.0,https://doi.org/10.1002/advs.202405518,model input resampled to 0.25-min intervals by linear interpolation; values are not normalized
Saha 2024,Saha_2024_Fig3b_Subject1,Fig3b_Subject1,Saha meal SBG proxy,45.5,122.13749999999999,mg/dL,0.612,0.641,5.0,10.0,https://doi.org/10.1002/advs.202405518,model input resampled to 0.25-min intervals by linear interpolation; values are not normalized
Saha 2024,Saha_2024_Fig3b_Subject1,Fig3b_Subject1,Saha meal SBG proxy,45.75,121.92375,mg/dL,0.612,0.641,5.0,10.0,https://doi.org/10.1002/advs.202405518,model input resampled to 0.25-min intervals by linear interpolation; values are not normalized
Saha 2024,Saha_2024_Fig3b_Subject1,Fig3b_Subject1,Saha meal SBG proxy,46.0,121.71,mg/dL,0.612,0.641,5.0,10.0,https://doi.org/10.1002/advs.202405518,model input resampled to 0.25-min intervals by linear interpolation; values are not normalized
Saha 2024,Saha_2024_Fig3b_Subject1,Fig3b_Subject1,Saha meal SBG proxy,46.25,121.5625,mg/dL,0.612,0.641,5.0,10.0,https://doi.org/10.1002/advs.202405518,model input resampled to 0.25-min intervals by linear interpolation; values are not normalized
Saha 2024,Saha_2024_Fig3b_Subject1,Fig3b_Subject1,Saha meal SBG proxy,46.5,121.41499999999999,mg/dL,0.612,0.641,5.0,10.0,https://doi.org/10.1002/advs.202405518,model input resampled to 0.25-min intervals by linear interpolation; values are not normalized
Saha 2024,Saha_2024_Fig3b_Subject1,Fig3b_Subject1,Saha meal SBG proxy,46.75,121.2675,mg/dL,0.612,0.641,5.0,10.0,https://doi.org/10.1002/advs.202405518,model input resampled to 0.25-min intervals by linear interpolation; values are not normalized
Saha 2024,Saha_2024_Fig3b_Subject1,Fig3b_Subject1,Saha meal SBG proxy,47.0,121.12,mg/dL,0.612,0.641,5.0,10.0,https://doi.org/10.1002/advs.202405518,model input resampled to 0.25-min intervals by linear interpolation; values are not normalized
Saha 2024,Saha_2024_Fig3b_Subject1,Fig3b_Subject1,Saha meal SBG proxy,47.25,120.9725,mg/dL,0.612,0.641,5.0,10.0,https://doi.org/10.1002/advs.202405518,model input resampled to 0.25-min intervals by linear interpolation; values are not normalized
Saha 2024,Saha_2024_Fig3b_Subject1,Fig3b_Subject1,Saha meal SBG proxy,47.5,120.825,mg/dL,0.612,0.641,5.0,10.0,https://doi.org/10.1002/advs.202405518,model input resampled to 0.25-min intervals by linear interpolation; values are not normalized
Saha 2024,Saha_2024_Fig3b_Subject1,Fig3b_Subject1,Saha meal SBG proxy,47.75,120.6775,mg/dL,0.612,0.641,5.0,10.0,https://doi.org/10.1002/advs.202405518,model input resampled to 0.25-min intervals by linear interpolation; values are not normalized
Saha 2024,Saha_2024_Fig3b_Subject1,Fig3b_Subject1,Saha meal SBG proxy,48.0,120.53,mg/dL,0.612,0.641,5.0,10.0,https://doi.org/10.1002/advs.202405518,model input resampled to 0.25-min intervals by linear interpolation; values are not normalized
Saha 2024,Saha_2024_Fig3b_Subject1,Fig3b_Subject1,Saha meal SBG proxy,48.25,120.46375,mg/dL,0.612,0.641,5.0,10.0,https://doi.org/10.1002/advs.202405518,model input resampled to 0.25-min intervals by linear interpolation; values are not normalized
Saha 2024,Saha_2024_Fig3b_Subject1,Fig3b_Subject1,Saha meal SBG proxy,48.5,120.39750000000001,mg/dL,0.612,0.641,5.0,10.0,https://doi.org/10.1002/advs.202405518,model input resampled to 0.25-min intervals by linear interpolation; values are not normalized
Saha 2024,Saha_2024_Fig3b_Subject1,Fig3b_Subject1,Saha meal SBG proxy,48.75,120.33125,mg/dL,0.612,0.641,5.0,10.0,https://doi.org/10.1002/advs.202405518,model input resampled to 0.25-min intervals by linear interpolation; values are not normalized
Saha 2024,Saha_2024_Fig3b_Subject1,Fig3b_Subject1,Saha meal SBG proxy,49.0,120.265,mg/dL,0.612,0.641,5.0,10.0,https://doi.org/10.1002/advs.202405518,model input resampled to 0.25-min intervals by linear interpolation; values are not normalized
Saha 2024,Saha_2024_Fig3b_Subject1,Fig3b_Subject1,Saha meal SBG proxy,49.25,120.19875,mg/dL,0.612,0.641,5.0,10.0,https://doi.org/10.1002/advs.202405518,model input resampled to 0.25-min intervals by linear interpolation; values are not normalized
Saha 2024,Saha_2024_Fig3b_Subject1,Fig3b_Subject1,Saha meal SBG proxy,49.5,120.1325,mg/dL,0.612,0.641,5.0,10.0,https://doi.org/10.1002/advs.202405518,model input resampled to 0.25-min intervals by linear interpolation; values are not normalized
Saha 2024,Saha_2024_Fig3b_Subject1,Fig3b_Subject1,Saha meal SBG proxy,49.75,120.06625,mg/dL,0.612,0.641,5.0,10.0,https://doi.org/10.1002/advs.202405518,model input resampled to 0.25-min intervals by linear interpolation; values are not normalized
Saha 2024,Saha_2024_Fig3b_Subject1,Fig3b_Subject1,Saha meal SBG proxy,50.0,120.0,mg/dL,0.612,0.641,5.0,10.0,https://doi.org/10.1002/advs.202405518,model input resampled to 0.25-min intervals by linear interpolation; values are not normalized
Saha 2024,Saha_2024_Fig3b_Subject1,Fig3b_Subject1,Saha meal SBG proxy,50.25,119.89375,mg/dL,0.612,0.641,5.0,10.0,https://doi.org/10.1002/advs.202405518,model input resampled to 0.25-min intervals by linear interpolation; values are not normalized
Saha 2024,Saha_2024_Fig3b_Subject1,Fig3b_Subject1,Saha meal SBG proxy,50.5,119.7875,mg/dL,0.612,0.641,5.0,10.0,https://doi.org/10.1002/advs.202405518,model input resampled to 0.25-min intervals by linear interpolation; values are not normalized
Saha 2024,Saha_2024_Fig3b_Subject1,Fig3b_Subject1,Saha meal SBG proxy,50.75,119.68125,mg/dL,0.612,0.641,5.0,10.0,https://doi.org/10.1002/advs.202405518,model input resampled to 0.25-min intervals by linear interpolation; values are not normalized
Saha 2024,Saha_2024_Fig3b_Subject1,Fig3b_Subject1,Saha meal SBG proxy,51.0,119.575,mg/dL,0.612,0.641,5.0,10.0,https://doi.org/10.1002/advs.202405518,model input resampled to 0.25-min intervals by linear interpolation; values are not normalized
Saha 2024,Saha_2024_Fig3b_Subject1,Fig3b_Subject1,Saha meal SBG proxy,51.25,119.46875,mg/dL,0.612,0.641,5.0,10.0,https://doi.org/10.1002/advs.202405518,model input resampled to 0.25-min intervals by linear interpolation; values are not normalized
Saha 2024,Saha_2024_Fig3b_Subject1,Fig3b_Subject1,Saha meal SBG proxy,51.5,119.36250000000001,mg/dL,0.612,0.641,5.0,10.0,https://doi.org/10.1002/advs.202405518,model input resampled to 0.25-min intervals by linear interpolation; values are not normalized
Saha 2024,Saha_2024_Fig3b_Subject1,Fig3b_Subject1,Saha meal SBG proxy,51.75,119.25625000000001,mg/dL,0.612,0.641,5.0,10.0,https://doi.org/10.1002/advs.202405518,model input resampled to 0.25-min intervals by linear interpolation; values are not normalized
Saha 2024,Saha_2024_Fig3b_Subject1,Fig3b_Subject1,Saha meal SBG proxy,52.0,119.15,mg/dL,0.612,0.641,5.0,10.0,https://doi.org/10.1002/advs.202405518,model input resampled to 0.25-min intervals by linear interpolation; values are not normalized
Saha 2024,Saha_2024_Fig3b_Subject1,Fig3b_Subject1,Saha meal SBG proxy,52.25,119.07000000000001,mg/dL,0.612,0.641,5.0,10.0,https://doi.org/10.1002/advs.202405518,model input resampled to 0.25-min intervals by linear interpolation; values are not normalized
Saha 2024,Saha_2024_Fig3b_Subject1,Fig3b_Subject1,Saha meal SBG proxy,52.5,118.99000000000001,mg/dL,0.612,0.641,5.0,10.0,https://doi.org/10.1002/advs.202405518,model input resampled to 0.25-min intervals by linear interpolation; values are not normalized
Saha 2024,Saha_2024_Fig3b_Subject1,Fig3b_Subject1,Saha meal SBG proxy,52.75,118.91000000000001,mg/dL,0.612,0.641,5.0,10.0,https://doi.org/10.1002/advs.202405518,model input resampled to 0.25-min intervals by linear interpolation; values are not normalized
Saha 2024,Saha_2024_Fig3b_Subject1,Fig3b_Subject1,Saha meal SBG proxy,53.0,118.83000000000001,mg/dL,0.612,0.641,5.0,10.0,https://doi.org/10.1002/advs.202405518,model input resampled to 0.25-min intervals by linear interpolation; values are not normalized
Saha 2024,Saha_2024_Fig3b_Subject1,Fig3b_Subject1,Saha meal SBG proxy,53.25,118.75,mg/dL,0.612,0.641,5.0,10.0,https://doi.org/10.1002/advs.202405518,model input resampled to 0.25-min intervals by linear interpolation; values are not normalized
Saha 2024,Saha_2024_Fig3b_Subject1,Fig3b_Subject1,Saha meal SBG proxy,53.5,118.67,mg/dL,0.612,0.641,5.0,10.0,https://doi.org/10.1002/advs.202405518,model input resampled to 0.25-min intervals by linear interpolation; values are not normalized
Saha 2024,Saha_2024_Fig3b_Subject1,Fig3b_Subject1,Saha meal SBG proxy,53.75,118.59,mg/dL,0.612,0.641,5.0,10.0,https://doi.org/10.1002/advs.202405518,model input resampled to 0.25-min intervals by linear interpolation; values are not normalized
Saha 2024,Saha_2024_Fig3b_Subject1,Fig3b_Subject1,Saha meal SBG proxy,54.0,118.51,mg/dL,0.612,0.641,5.0,10.0,https://doi.org/10.1002/advs.202405518,model input resampled to 0.25-min intervals by linear interpolation; values are not normalized
Saha 2024,Saha_2024_Fig3b_Subject1,Fig3b_Subject1,Saha meal SBG proxy,54.25,118.41625,mg/dL,0.612,0.641,5.0,10.0,https://doi.org/10.1002/advs.202405518,model input resampled to 0.25-min intervals by linear interpolation; values are not normalized
Saha 2024,Saha_2024_Fig3b_Subject1,Fig3b_Subject1,Saha meal SBG proxy,54.5,118.3225,mg/dL,0.612,0.641,5.0,10.0,https://doi.org/10.1002/advs.202405518,model input resampled to 0.25-min intervals by linear interpolation; values are not normalized
Saha 2024,Saha_2024_Fig3b_Subject1,Fig3b_Subject1,Saha meal SBG proxy,54.75,118.22875,mg/dL,0.612,0.641,5.0,10.0,https://doi.org/10.1002/advs.202405518,model input resampled to 0.25-min intervals by linear interpolation; values are not normalized
Saha 2024,Saha_2024_Fig3b_Subject1,Fig3b_Subject1,Saha meal SBG proxy,55.0,118.135,mg/dL,0.612,0.641,5.0,10.0,https://doi.org/10.1002/advs.202405518,model input resampled to 0.25-min intervals by linear interpolation; values are not normalized
Saha 2024,Saha_2024_Fig3b_Subject1,Fig3b_Subject1,Saha meal SBG proxy,55.25,118.04125,mg/dL,0.612,0.641,5.0,10.0,https://doi.org/10.1002/advs.202405518,model input resampled to 0.25-min intervals by linear interpolation; values are not normalized
Saha 2024,Saha_2024_Fig3b_Subject1,Fig3b_Subject1,Saha meal SBG proxy,55.5,117.9475,mg/dL,0.612,0.641,5.0,10.0,https://doi.org/10.1002/advs.202405518,model input resampled to 0.25-min intervals by linear interpolation; values are not normalized
Saha 2024,Saha_2024_Fig3b_Subject1,Fig3b_Subject1,Saha meal SBG proxy,55.75,117.85375,mg/dL,0.612,0.641,5.0,10.0,https://doi.org/10.1002/advs.202405518,model input resampled to 0.25-min intervals by linear interpolation; values are not normalized
Saha 2024,Saha_2024_Fig3b_Subject1,Fig3b_Subject1,Saha meal SBG proxy,56.0,117.76,mg/dL,0.612,0.641,5.0,10.0,https://doi.org/10.1002/advs.202405518,model input resampled to 0.25-min intervals by linear interpolation; values are not normalized
Saha 2024,Saha_2024_Fig3b_Subject1,Fig3b_Subject1,Saha meal SBG proxy,56.25,117.68,mg/dL,0.612,0.641,5.0,10.0,https://doi.org/10.1002/advs.202405518,model input resampled to 0.25-min intervals by linear interpolation; values are not normalized
Saha 2024,Saha_2024_Fig3b_Subject1,Fig3b_Subject1,Saha meal SBG proxy,56.5,117.60000000000001,mg/dL,0.612,0.641,5.0,10.0,https://doi.org/10.1002/advs.202405518,model input resampled to 0.25-min intervals by linear interpolation; values are not normalized
Saha 2024,Saha_2024_Fig3b_Subject1,Fig3b_Subject1,Saha meal SBG proxy,56.75,117.52000000000001,mg/dL,0.612,0.641,5.0,10.0,https://doi.org/10.1002/advs.202405518,model input resampled to 0.25-min intervals by linear interpolation; values are not normalized
Saha 2024,Saha_2024_Fig3b_Subject1,Fig3b_Subject1,Saha meal SBG proxy,57.0,117.44,mg/dL,0.612,0.641,5.0,10.0,https://doi.org/10.1002/advs.202405518,model input resampled to 0.25-min intervals by linear interpolation; values are not normalized
Saha 2024,Saha_2024_Fig3b_Subject1,Fig3b_Subject1,Saha meal SBG proxy,57.25,117.36,mg/dL,0.612,0.641,5.0,10.0,https://doi.org/10.1002/advs.202405518,model input resampled to 0.25-min intervals by linear interpolation; values are not normalized
Saha 2024,Saha_2024_Fig3b_Subject1,Fig3b_Subject1,Saha meal SBG proxy,57.5,117.28,mg/dL,0.612,0.641,5.0,10.0,https://doi.org/10.1002/advs.202405518,model input resampled to 0.25-min intervals by linear interpolation; values are not normalized
Saha 2024,Saha_2024_Fig3b_Subject1,Fig3b_Subject1,Saha meal SBG proxy,57.75,117.2,mg/dL,0.612,0.641,5.0,10.0,https://doi.org/10.1002/advs.202405518,model input resampled to 0.25-min intervals by linear interpolation; values are not normalized
Saha 2024,Saha_2024_Fig3b_Subject1,Fig3b_Subject1,Saha meal SBG proxy,58.0,117.12,mg/dL,0.612,0.641,5.0,10.0,https://doi.org/10.1002/advs.202405518,model input resampled to 0.25-min intervals by linear interpolation; values are not normalized
Saha 2024,Saha_2024_Fig3b_Subject1,Fig3b_Subject1,Saha meal SBG proxy,58.25,117.02625,mg/dL,0.612,0.641,5.0,10.0,https://doi.org/10.1002/advs.202405518,model input resampled to 0.25-min intervals by linear interpolation; values are not normalized
Saha 2024,Saha_2024_Fig3b_Subject1,Fig3b_Subject1,Saha meal SBG proxy,58.5,116.9325,mg/dL,0.612,0.641,5.0,10.0,https://doi.org/10.1002/advs.202405518,model input resampled to 0.25-min intervals by linear interpolation; values are not normalized
Saha 2024,Saha_2024_Fig3b_Subject1,Fig3b_Subject1,Saha meal SBG proxy,58.75,116.83875,mg/dL,0.612,0.641,5.0,10.0,https://doi.org/10.1002/advs.202405518,model input resampled to 0.25-min intervals by linear interpolation; values are not normalized
Saha 2024,Saha_2024_Fig3b_Subject1,Fig3b_Subject1,Saha meal SBG proxy,59.0,116.745,mg/dL,0.612,0.641,5.0,10.0,https://doi.org/10.1002/advs.202405518,model input resampled to 0.25-min intervals by linear interpolation; values are not normalized
Saha 2024,Saha_2024_Fig3b_Subject1,Fig3b_Subject1,Saha meal SBG proxy,59.25,116.65125,mg/dL,0.612,0.641,5.0,10.0,https://doi.org/10.1002/advs.202405518,model input resampled to 0.25-min intervals by linear interpolation; values are not normalized
Saha 2024,Saha_2024_Fig3b_Subject1,Fig3b_Subject1,Saha meal SBG proxy,59.5,116.5575,mg/dL,0.612,0.641,5.0,10.0,https://doi.org/10.1002/advs.202405518,model input resampled to 0.25-min intervals by linear interpolation; values are not normalized
Saha 2024,Saha_2024_Fig3b_Subject1,Fig3b_Subject1,Saha meal SBG proxy,59.75,116.46375,mg/dL,0.612,0.641,5.0,10.0,https://doi.org/10.1002/advs.202405518,model input resampled to 0.25-min intervals by linear interpolation; values are not normalized
Saha 2024,Saha_2024_Fig3b_Subject1,Fig3b_Subject1,Saha meal SBG proxy,60.0,116.37,mg/dL,0.612,0.641,5.0,10.0,https://doi.org/10.1002/advs.202405518,model input resampled to 0.25-min intervals by linear interpolation; values are not normalized
Saha 2024,Saha_2024_Fig3b_Subject1,Fig3b_Subject1,Saha meal SBG proxy,60.25,116.34375,mg/dL,0.612,0.641,5.0,10.0,https://doi.org/10.1002/advs.202405518,model input resampled to 0.25-min intervals by linear interpolation; values are not normalized
Saha 2024,Saha_2024_Fig3b_Subject1,Fig3b_Subject1,Saha meal SBG proxy,60.5,116.3175,mg/dL,0.612,0.641,5.0,10.0,https://doi.org/10.1002/advs.202405518,model input resampled to 0.25-min intervals by linear interpolation; values are not normalized
Saha 2024,Saha_2024_Fig3b_Subject1,Fig3b_Subject1,Saha meal SBG proxy,60.75,116.29125,mg/dL,0.612,0.641,5.0,10.0,https://doi.org/10.1002/advs.202405518,model input resampled to 0.25-min intervals by linear interpolation; values are not normalized
Saha 2024,Saha_2024_Fig3b_Subject1,Fig3b_Subject1,Saha meal SBG proxy,61.0,116.265,mg/dL,0.612,0.641,5.0,10.0,https://doi.org/10.1002/advs.202405518,model input resampled to 0.25-min intervals by linear interpolation; values are not normalized
Saha 2024,Saha_2024_Fig3b_Subject1,Fig3b_Subject1,Saha meal SBG proxy,61.25,116.23875,mg/dL,0.612,0.641,5.0,10.0,https://doi.org/10.1002/advs.202405518,model input resampled to 0.25-min intervals by linear interpolation; values are not normalized
Saha 2024,Saha_2024_Fig3b_Subject1,Fig3b_Subject1,Saha meal SBG proxy,61.5,116.2125,mg/dL,0.612,0.641,5.0,10.0,https://doi.org/10.1002/advs.202405518,model input resampled to 0.25-min intervals by linear interpolation; values are not normalized
Saha 2024,Saha_2024_Fig3b_Subject1,Fig3b_Subject1,Saha meal SBG proxy,61.75,116.18625,mg/dL,0.612,0.641,5.0,10.0,https://doi.org/10.1002/advs.202405518,model input resampled to 0.25-min intervals by linear interpolation; values are not normalized
Saha 2024,Saha_2024_Fig3b_Subject1,Fig3b_Subject1,Saha meal SBG proxy,62.0,116.16,mg/dL,0.612,0.641,5.0,10.0,https://doi.org/10.1002/advs.202405518,model input resampled to 0.25-min intervals by linear interpolation; values are not normalized
Saha 2024,Saha_2024_Fig3b_Subject1,Fig3b_Subject1,Saha meal SBG proxy,62.25,116.16,mg/dL,0.612,0.641,5.0,10.0,https://doi.org/10.1002/advs.202405518,model input resampled to 0.25-min intervals by linear interpolation; values are not normalized
Saha 2024,Saha_2024_Fig3b_Subject1,Fig3b_Subject1,Saha meal SBG proxy,62.5,116.16,mg/dL,0.612,0.641,5.0,10.0,https://doi.org/10.1002/advs.202405518,model input resampled to 0.25-min intervals by linear interpolation; values are not normalized
Saha 2024,Saha_2024_Fig3b_Subject1,Fig3b_Subject1,Saha meal SBG proxy,62.75,116.16,mg/dL,0.612,0.641,5.0,10.0,https://doi.org/10.1002/advs.202405518,model input resampled to 0.25-min intervals by linear interpolation; values are not normalized
Saha 2024,Saha_2024_Fig3b_Subject1,Fig3b_Subject1,Saha meal SBG proxy,63.0,116.16,mg/dL,0.612,0.641,5.0,10.0,https://doi.org/10.1002/advs.202405518,model input resampled to 0.25-min intervals by linear interpolation; values are not normalized
Saha 2024,Saha_2024_Fig3b_Subject1,Fig3b_Subject1,Saha meal SBG proxy,63.25,116.16,mg/dL,0.612,0.641,5.0,10.0,https://doi.org/10.1002/advs.202405518,model input resampled to 0.25-min intervals by linear interpolation; values are not normalized
Saha 2024,Saha_2024_Fig3b_Subject1,Fig3b_Subject1,Saha meal SBG proxy,63.5,116.16,mg/dL,0.612,0.641,5.0,10.0,https://doi.org/10.1002/advs.202405518,model input resampled to 0.25-min intervals by linear interpolation; values are not normalized
Saha 2024,Saha_2024_Fig3b_Subject1,Fig3b_Subject1,Saha meal SBG proxy,63.75,116.16,mg/dL,0.612,0.641,5.0,10.0,https://doi.org/10.1002/advs.202405518,model input resampled to 0.25-min intervals by linear interpolation; values are not normalized
Saha 2024,Saha_2024_Fig3b_Subject1,Fig3b_Subject1,Saha meal SBG proxy,64.0,116.16,mg/dL,0.612,0.641,5.0,10.0,https://doi.org/10.1002/advs.202405518,model input resampled to 0.25-min intervals by linear interpolation; values are not normalized
Saha 2024,Saha_2024_Fig3b_Subject1,Fig3b_Subject1,Saha meal SBG proxy,64.25,116.18625,mg/dL,0.612,0.641,5.0,10.0,https://doi.org/10.1002/advs.202405518,model input resampled to 0.25-min intervals by linear interpolation; values are not normalized
Saha 2024,Saha_2024_Fig3b_Subject1,Fig3b_Subject1,Saha meal SBG proxy,64.5,116.2125,mg/dL,0.612,0.641,5.0,10.0,https://doi.org/10.1002/advs.202405518,model input resampled to 0.25-min intervals by linear interpolation; values are not normalized
Saha 2024,Saha_2024_Fig3b_Subject1,Fig3b_Subject1,Saha meal SBG proxy,64.75,116.23875,mg/dL,0.612,0.641,5.0,10.0,https://doi.org/10.1002/advs.202405518,model input resampled to 0.25-min intervals by linear interpolation; values are not normalized
Saha 2024,Saha_2024_Fig3b_Subject1,Fig3b_Subject1,Saha meal SBG proxy,65.0,116.265,mg/dL,0.612,0.641,5.0,10.0,https://doi.org/10.1002/advs.202405518,model input resampled to 0.25-min intervals by linear interpolation; values are not normalized
Saha 2024,Saha_2024_Fig3b_Subject1,Fig3b_Subject1,Saha meal SBG proxy,65.25,116.29125,mg/dL,0.612,0.641,5.0,10.0,https://doi.org/10.1002/advs.202405518,model input resampled to 0.25-min intervals by linear interpolation; values are not normalized
Saha 2024,Saha_2024_Fig3b_Subject1,Fig3b_Subject1,Saha meal SBG proxy,65.5,116.3175,mg/dL,0.612,0.641,5.0,10.0,https://doi.org/10.1002/advs.202405518,model input resampled to 0.25-min intervals by linear interpolation; values are not normalized
Saha 2024,Saha_2024_Fig3b_Subject1,Fig3b_Subject1,Saha meal SBG proxy,65.75,116.34375,mg/dL,0.612,0.641,5.0,10.0,https://doi.org/10.1002/advs.202405518,model input resampled to 0.25-min intervals by linear interpolation; values are not normalized
Saha 2024,Saha_2024_Fig3b_Subject1,Fig3b_Subject1,Saha meal SBG proxy,66.0,116.37,mg/dL,0.612,0.641,5.0,10.0,https://doi.org/10.1002/advs.202405518,model input resampled to 0.25-min intervals by linear interpolation; values are not normalized
Saha 2024,Saha_2024_Fig3b_Subject1,Fig3b_Subject1,Saha meal SBG proxy,66.25,116.37,mg/dL,0.612,0.641,5.0,10.0,https://doi.org/10.1002/advs.202405518,model input resampled to 0.25-min intervals by linear interpolation; values are not normalized
Saha 2024,Saha_2024_Fig3b_Subject1,Fig3b_Subject1,Saha meal SBG proxy,66.5,116.37,mg/dL,0.612,0.641,5.0,10.0,https://doi.org/10.1002/advs.202405518,model input resampled to 0.25-min intervals by linear interpolation; values are not normalized
Saha 2024,Saha_2024_Fig3b_Subject1,Fig3b_Subject1,Saha meal SBG proxy,66.75,116.37,mg/dL,0.612,0.641,5.0,10.0,https://doi.org/10.1002/advs.202405518,model input resampled to 0.25-min intervals by linear interpolation; values are not normalized
Saha 2024,Saha_2024_Fig3b_Subject1,Fig3b_Subject1,Saha meal SBG proxy,67.0,116.37,mg/dL,0.612,0.641,5.0,10.0,https://doi.org/10.1002/advs.202405518,model input resampled to 0.25-min intervals by linear interpolation; values are not normalized
Saha 2024,Saha_2024_Fig3b_Subject1,Fig3b_Subject1,Saha meal SBG proxy,67.25,116.37,mg/dL,0.612,0.641,5.0,10.0,https://doi.org/10.1002/advs.202405518,model input resampled to 0.25-min intervals by linear interpolation; values are not normalized
Saha 2024,Saha_2024_Fig3b_Subject1,Fig3b_Subject1,Saha meal SBG proxy,67.5,116.37,mg/dL,0.612,0.641,5.0,10.0,https://doi.org/10.1002/advs.202405518,model input resampled to 0.25-min intervals by linear interpolation; values are not normalized
Saha 2024,Saha_2024_Fig3b_Subject1,Fig3b_Subject1,Saha meal SBG proxy,67.75,116.37,mg/dL,0.612,0.641,5.0,10.0,https://doi.org/10.1002/advs.202405518,model input resampled to 0.25-min intervals by linear interpolation; values are not normalized
Saha 2024,Saha_2024_Fig3b_Subject1,Fig3b_Subject1,Saha meal SBG proxy,68.0,116.37,mg/dL,0.612,0.641,5.0,10.0,https://doi.org/10.1002/advs.202405518,model input resampled to 0.25-min intervals by linear interpolation; values are not normalized
Saha 2024,Saha_2024_Fig3b_Subject1,Fig3b_Subject1,Saha meal SBG proxy,68.25,116.37,mg/dL,0.612,0.641,5.0,10.0,https://doi.org/10.1002/advs.202405518,model input resampled to 0.25-min intervals by linear interpolation; values are not normalized
Saha 2024,Saha_2024_Fig3b_Subject1,Fig3b_Subject1,Saha meal SBG proxy,68.5,116.37,mg/dL,0.612,0.641,5.0,10.0,https://doi.org/10.1002/advs.202405518,model input resampled to 0.25-min intervals by linear interpolation; values are not normalized
Saha 2024,Saha_2024_Fig3b_Subject1,Fig3b_Subject1,Saha meal SBG proxy,68.75,116.37,mg/dL,0.612,0.641,5.0,10.0,https://doi.org/10.1002/advs.202405518,model input resampled to 0.25-min intervals by linear interpolation; values are not normalized
Saha 2024,Saha_2024_Fig3b_Subject1,Fig3b_Subject1,Saha meal SBG proxy,69.0,116.37,mg/dL,0.612,0.641,5.0,10.0,https://doi.org/10.1002/advs.202405518,model input resampled to 0.25-min intervals by linear interpolation; values are not normalized
Saha 2024,Saha_2024_Fig3b_Subject1,Fig3b_Subject1,Saha meal SBG proxy,69.25,116.37,mg/dL,0.612,0.641,5.0,10.0,https://doi.org/10.1002/advs.202405518,model input resampled to 0.25-min intervals by linear interpolation; values are not normalized
Saha 2024,Saha_2024_Fig3b_Subject1,Fig3b_Subject1,Saha meal SBG proxy,69.5,116.37,mg/dL,0.612,0.641,5.0,10.0,https://doi.org/10.1002/advs.202405518,model input resampled to 0.25-min intervals by linear interpolation; values are not normalized
Saha 2024,Saha_2024_Fig3b_Subject1,Fig3b_Subject1,Saha meal SBG proxy,69.75,116.37,mg/dL,0.612,0.641,5.0,10.0,https://doi.org/10.1002/advs.202405518,model input resampled to 0.25-min intervals by linear interpolation; values are not normalized
Saha 2024,Saha_2024_Fig3b_Subject1,Fig3b_Subject1,Saha meal SBG proxy,70.0,116.37,mg/dL,0.612,0.641,5.0,10.0,https://doi.org/10.1002/advs.202405518,model input resampled to 0.25-min intervals by linear interpolation; values are not normalized
Saha 2024,Saha_2024_Fig3b_Subject1,Fig3b_Subject1,Saha meal SBG proxy,70.25,116.39625000000001,mg/dL,0.612,0.641,5.0,10.0,https://doi.org/10.1002/advs.202405518,model input resampled to 0.25-min intervals by linear interpolation; values are not normalized
Saha 2024,Saha_2024_Fig3b_Subject1,Fig3b_Subject1,Saha meal SBG proxy,70.5,116.4225,mg/dL,0.612,0.641,5.0,10.0,https://doi.org/10.1002/advs.202405518,model input resampled to 0.25-min intervals by linear interpolation; values are not normalized
Saha 2024,Saha_2024_Fig3b_Subject1,Fig3b_Subject1,Saha meal SBG proxy,70.75,116.44875,mg/dL,0.612,0.641,5.0,10.0,https://doi.org/10.1002/advs.202405518,model input resampled to 0.25-min intervals by linear interpolation; values are not normalized
Saha 2024,Saha_2024_Fig3b_Subject1,Fig3b_Subject1,Saha meal SBG proxy,71.0,116.475,mg/dL,0.612,0.641,5.0,10.0,https://doi.org/10.1002/advs.202405518,model input resampled to 0.25-min intervals by linear interpolation; values are not normalized
Saha 2024,Saha_2024_Fig3b_Subject1,Fig3b_Subject1,Saha meal SBG proxy,71.25,116.50125,mg/dL,0.612,0.641,5.0,10.0,https://doi.org/10.1002/advs.202405518,model input resampled to 0.25-min intervals by linear interpolation; values are not normalized
Saha 2024,Saha_2024_Fig3b_Subject1,Fig3b_Subject1,Saha meal SBG proxy,71.5,116.5275,mg/dL,0.612,0.641,5.0,10.0,https://doi.org/10.1002/advs.202405518,model input resampled to 0.25-min intervals by linear interpolation; values are not normalized
Saha 2024,Saha_2024_Fig3b_Subject1,Fig3b_Subject1,Saha meal SBG proxy,71.75,116.55375,mg/dL,0.612,0.641,5.0,10.0,https://doi.org/10.1002/advs.202405518,model input resampled to 0.25-min intervals by linear interpolation; values are not normalized
Saha 2024,Saha_2024_Fig3b_Subject1,Fig3b_Subject1,Saha meal SBG proxy,72.0,116.58,mg/dL,0.612,0.641,5.0,10.0,https://doi.org/10.1002/advs.202405518,model input resampled to 0.25-min intervals by linear interpolation; values are not normalized
Saha 2024,Saha_2024_Fig3b_Subject1,Fig3b_Subject1,Saha meal SBG proxy,72.25,116.58,mg/dL,0.612,0.641,5.0,10.0,https://doi.org/10.1002/advs.202405518,model input resampled to 0.25-min intervals by linear interpolation; values are not normalized
Saha 2024,Saha_2024_Fig3b_Subject1,Fig3b_Subject1,Saha meal SBG proxy,72.5,116.58,mg/dL,0.612,0.641,5.0,10.0,https://doi.org/10.1002/advs.202405518,model input resampled to 0.25-min intervals by linear interpolation; values are not normalized
Saha 2024,Saha_2024_Fig3b_Subject1,Fig3b_Subject1,Saha meal SBG proxy,72.75,116.58,mg/dL,0.612,0.641,5.0,10.0,https://doi.org/10.1002/advs.202405518,model input resampled to 0.25-min intervals by linear interpolation; values are not normalized
Saha 2024,Saha_2024_Fig3b_Subject1,Fig3b_Subject1,Saha meal SBG proxy,73.0,116.58,mg/dL,0.612,0.641,5.0,10.0,https://doi.org/10.1002/advs.202405518,model input resampled to 0.25-min intervals by linear interpolation; values are not normalized
Saha 2024,Saha_2024_Fig3b_Subject1,Fig3b_Subject1,Saha meal SBG proxy,73.25,116.58,mg/dL,0.612,0.641,5.0,10.0,https://doi.org/10.1002/advs.202405518,model input resampled to 0.25-min intervals by linear interpolation; values are not normalized
Saha 2024,Saha_2024_Fig3b_Subject1,Fig3b_Subject1,Saha meal SBG proxy,73.5,116.58,mg/dL,0.612,0.641,5.0,10.0,https://doi.org/10.1002/advs.202405518,model input resampled to 0.25-min intervals by linear interpolation; values are not normalized
Saha 2024,Saha_2024_Fig3b_Subject1,Fig3b_Subject1,Saha meal SBG proxy,73.75,116.58,mg/dL,0.612,0.641,5.0,10.0,https://doi.org/10.1002/advs.202405518,model input resampled to 0.25-min intervals by linear interpolation; values are not normalized
Saha 2024,Saha_2024_Fig3b_Subject1,Fig3b_Subject1,Saha meal SBG proxy,74.0,116.58,mg/dL,0.612,0.641,5.0,10.0,https://doi.org/10.1002/advs.202405518,model input resampled to 0.25-min intervals by linear interpolation; values are not normalized
Saha 2024,Saha_2024_Fig3b_Subject1,Fig3b_Subject1,Saha meal SBG proxy,74.25,116.53999999999999,mg/dL,0.612,0.641,5.0,10.0,https://doi.org/10.1002/advs.202405518,model input resampled to 0.25-min intervals by linear interpolation; values are not normalized
Saha 2024,Saha_2024_Fig3b_Subject1,Fig3b_Subject1,Saha meal SBG proxy,74.5,116.5,mg/dL,0.612,0.641,5.0,10.0,https://doi.org/10.1002/advs.202405518,model input resampled to 0.25-min intervals by linear interpolation; values are not normalized
Saha 2024,Saha_2024_Fig3b_Subject1,Fig3b_Subject1,Saha meal SBG proxy,74.75,116.46000000000001,mg/dL,0.612,0.641,5.0,10.0,https://doi.org/10.1002/advs.202405518,model input resampled to 0.25-min intervals by linear interpolation; values are not normalized
Saha 2024,Saha_2024_Fig3b_Subject1,Fig3b_Subject1,Saha meal SBG proxy,75.0,116.42,mg/dL,0.612,0.641,5.0,10.0,https://doi.org/10.1002/advs.202405518,model input resampled to 0.25-min intervals by linear interpolation; values are not normalized
Saha 2024,Saha_2024_Fig3b_Subject1,Fig3b_Subject1,Saha meal SBG proxy,75.25,116.38,mg/dL,0.612,0.641,5.0,10.0,https://doi.org/10.1002/advs.202405518,model input resampled to 0.25-min intervals by linear interpolation; values are not normalized
Saha 2024,Saha_2024_Fig3b_Subject1,Fig3b_Subject1,Saha meal SBG proxy,75.5,116.34,mg/dL,0.612,0.641,5.0,10.0,https://doi.org/10.1002/advs.202405518,model input resampled to 0.25-min intervals by linear interpolation; values are not normalized
Saha 2024,Saha_2024_Fig3b_Subject1,Fig3b_Subject1,Saha meal SBG proxy,75.75,116.30000000000001,mg/dL,0.612,0.641,5.0,10.0,https://doi.org/10.1002/advs.202405518,model input resampled to 0.25-min intervals by linear interpolation; values are not normalized
Saha 2024,Saha_2024_Fig3b_Subject1,Fig3b_Subject1,Saha meal SBG proxy,76.0,116.26,mg/dL,0.612,0.641,5.0,10.0,https://doi.org/10.1002/advs.202405518,model input resampled to 0.25-min intervals by linear interpolation; values are not normalized
Saha 2024,Saha_2024_Fig3b_Subject1,Fig3b_Subject1,Saha meal SBG proxy,76.25,116.0875,mg/dL,0.612,0.641,5.0,10.0,https://doi.org/10.1002/advs.202405518,model input resampled to 0.25-min intervals by linear interpolation; values are not normalized
Saha 2024,Saha_2024_Fig3b_Subject1,Fig3b_Subject1,Saha meal SBG proxy,76.5,115.915,mg/dL,0.612,0.641,5.0,10.0,https://doi.org/10.1002/advs.202405518,model input resampled to 0.25-min intervals by linear interpolation; values are not normalized
Saha 2024,Saha_2024_Fig3b_Subject1,Fig3b_Subject1,Saha meal SBG proxy,76.75,115.7425,mg/dL,0.612,0.641,5.0,10.0,https://doi.org/10.1002/advs.202405518,model input resampled to 0.25-min intervals by linear interpolation; values are not normalized
Saha 2024,Saha_2024_Fig3b_Subject1,Fig3b_Subject1,Saha meal SBG proxy,77.0,115.57,mg/dL,0.612,0.641,5.0,10.0,https://doi.org/10.1002/advs.202405518,model input resampled to 0.25-min intervals by linear interpolation; values are not normalized
Saha 2024,Saha_2024_Fig3b_Subject1,Fig3b_Subject1,Saha meal SBG proxy,77.25,115.3975,mg/dL,0.612,0.641,5.0,10.0,https://doi.org/10.1002/advs.202405518,model input resampled to 0.25-min intervals by linear interpolation; values are not normalized
Saha 2024,Saha_2024_Fig3b_Subject1,Fig3b_Subject1,Saha meal SBG proxy,77.5,115.225,mg/dL,0.612,0.641,5.0,10.0,https://doi.org/10.1002/advs.202405518,model input resampled to 0.25-min intervals by linear interpolation; values are not normalized
Saha 2024,Saha_2024_Fig3b_Subject1,Fig3b_Subject1,Saha meal SBG proxy,77.75,115.0525,mg/dL,0.612,0.641,5.0,10.0,https://doi.org/10.1002/advs.202405518,model input resampled to 0.25-min intervals by linear interpolation; values are not normalized
Saha 2024,Saha_2024_Fig3b_Subject1,Fig3b_Subject1,Saha meal SBG proxy,78.0,114.88,mg/dL,0.612,0.641,5.0,10.0,https://doi.org/10.1002/advs.202405518,model input resampled to 0.25-min intervals by linear interpolation; values are not normalized
Saha 2024,Saha_2024_Fig3b_Subject1,Fig3b_Subject1,Saha meal SBG proxy,78.25,114.71875,mg/dL,0.612,0.641,5.0,10.0,https://doi.org/10.1002/advs.202405518,model input resampled to 0.25-min intervals by linear interpolation; values are not normalized
Saha 2024,Saha_2024_Fig3b_Subject1,Fig3b_Subject1,Saha meal SBG proxy,78.5,114.5575,mg/dL,0.612,0.641,5.0,10.0,https://doi.org/10.1002/advs.202405518,model input resampled to 0.25-min intervals by linear interpolation; values are not normalized
Saha 2024,Saha_2024_Fig3b_Subject1,Fig3b_Subject1,Saha meal SBG proxy,78.75,114.39625,mg/dL,0.612,0.641,5.0,10.0,https://doi.org/10.1002/advs.202405518,model input resampled to 0.25-min intervals by linear interpolation; values are not normalized
Saha 2024,Saha_2024_Fig3b_Subject1,Fig3b_Subject1,Saha meal SBG proxy,79.0,114.235,mg/dL,0.612,0.641,5.0,10.0,https://doi.org/10.1002/advs.202405518,model input resampled to 0.25-min intervals by linear interpolation; values are not normalized
Saha 2024,Saha_2024_Fig3b_Subject1,Fig3b_Subject1,Saha meal SBG proxy,79.25,114.07375,mg/dL,0.612,0.641,5.0,10.0,https://doi.org/10.1002/advs.202405518,model input resampled to 0.25-min intervals by linear interpolation; values are not normalized
Saha 2024,Saha_2024_Fig3b_Subject1,Fig3b_Subject1,Saha meal SBG proxy,79.5,113.9125,mg/dL,0.612,0.641,5.0,10.0,https://doi.org/10.1002/advs.202405518,model input resampled to 0.25-min intervals by linear interpolation; values are not normalized
Saha 2024,Saha_2024_Fig3b_Subject1,Fig3b_Subject1,Saha meal SBG proxy,79.75,113.75125,mg/dL,0.612,0.641,5.0,10.0,https://doi.org/10.1002/advs.202405518,model input resampled to 0.25-min intervals by linear interpolation; values are not normalized
Saha 2024,Saha_2024_Fig3b_Subject1,Fig3b_Subject1,Saha meal SBG proxy,80.0,113.59,mg/dL,0.612,0.641,5.0,10.0,https://doi.org/10.1002/advs.202405518,model input resampled to 0.25-min intervals by linear interpolation; values are not normalized
Saha 2024,Saha_2024_Fig3b_Subject1,Fig3b_Subject1,Saha meal SBG proxy,80.25,113.43,mg/dL,0.612,0.641,5.0,10.0,https://doi.org/10.1002/advs.202405518,model input resampled to 0.25-min intervals by linear interpolation; values are not normalized
Saha 2024,Saha_2024_Fig3b_Subject1,Fig3b_Subject1,Saha meal SBG proxy,80.5,113.27000000000001,mg/dL,0.612,0.641,5.0,10.0,https://doi.org/10.1002/advs.202405518,model input resampled to 0.25-min intervals by linear interpolation; values are not normalized
Saha 2024,Saha_2024_Fig3b_Subject1,Fig3b_Subject1,Saha meal SBG proxy,80.75,113.11,mg/dL,0.612,0.641,5.0,10.0,https://doi.org/10.1002/advs.202405518,model input resampled to 0.25-min intervals by linear interpolation; values are not normalized
Saha 2024,Saha_2024_Fig3b_Subject1,Fig3b_Subject1,Saha meal SBG proxy,81.0,112.95,mg/dL,0.612,0.641,5.0,10.0,https://doi.org/10.1002/advs.202405518,model input resampled to 0.25-min intervals by linear interpolation; values are not normalized
Saha 2024,Saha_2024_Fig3b_Subject1,Fig3b_Subject1,Saha meal SBG proxy,81.25,112.79,mg/dL,0.612,0.641,5.0,10.0,https://doi.org/10.1002/advs.202405518,model input resampled to 0.25-min intervals by linear interpolation; values are not normalized
Saha 2024,Saha_2024_Fig3b_Subject1,Fig3b_Subject1,Saha meal SBG proxy,81.5,112.63,mg/dL,0.612,0.641,5.0,10.0,https://doi.org/10.1002/advs.202405518,model input resampled to 0.25-min intervals by linear interpolation; values are not normalized
Saha 2024,Saha_2024_Fig3b_Subject1,Fig3b_Subject1,Saha meal SBG proxy,81.75,112.47,mg/dL,0.612,0.641,5.0,10.0,https://doi.org/10.1002/advs.202405518,model input resampled to 0.25-min intervals by linear interpolation; values are not normalized
Saha 2024,Saha_2024_Fig3b_Subject1,Fig3b_Subject1,Saha meal SBG proxy,82.0,112.31,mg/dL,0.612,0.641,5.0,10.0,https://doi.org/10.1002/advs.202405518,model input resampled to 0.25-min intervals by linear interpolation; values are not normalized
Saha 2024,Saha_2024_Fig3b_Subject1,Fig3b_Subject1,Saha meal SBG proxy,82.25,112.12375,mg/dL,0.612,0.641,5.0,10.0,https://doi.org/10.1002/advs.202405518,model input resampled to 0.25-min intervals by linear interpolation; values are not normalized
Saha 2024,Saha_2024_Fig3b_Subject1,Fig3b_Subject1,Saha meal SBG proxy,82.5,111.9375,mg/dL,0.612,0.641,5.0,10.0,https://doi.org/10.1002/advs.202405518,model input resampled to 0.25-min intervals by linear interpolation; values are not normalized
Saha 2024,Saha_2024_Fig3b_Subject1,Fig3b_Subject1,Saha meal SBG proxy,82.75,111.75125,mg/dL,0.612,0.641,5.0,10.0,https://doi.org/10.1002/advs.202405518,model input resampled to 0.25-min intervals by linear interpolation; values are not normalized
Saha 2024,Saha_2024_Fig3b_Subject1,Fig3b_Subject1,Saha meal SBG proxy,83.0,111.565,mg/dL,0.612,0.641,5.0,10.0,https://doi.org/10.1002/advs.202405518,model input resampled to 0.25-min intervals by linear interpolation; values are not normalized
Saha 2024,Saha_2024_Fig3b_Subject1,Fig3b_Subject1,Saha meal SBG proxy,83.25,111.37875,mg/dL,0.612,0.641,5.0,10.0,https://doi.org/10.1002/advs.202405518,model input resampled to 0.25-min intervals by linear interpolation; values are not normalized
Saha 2024,Saha_2024_Fig3b_Subject1,Fig3b_Subject1,Saha meal SBG proxy,83.5,111.1925,mg/dL,0.612,0.641,5.0,10.0,https://doi.org/10.1002/advs.202405518,model input resampled to 0.25-min intervals by linear interpolation; values are not normalized
Saha 2024,Saha_2024_Fig3b_Subject1,Fig3b_Subject1,Saha meal SBG proxy,83.75,111.00625,mg/dL,0.612,0.641,5.0,10.0,https://doi.org/10.1002/advs.202405518,model input resampled to 0.25-min intervals by linear interpolation; values are not normalized
Saha 2024,Saha_2024_Fig3b_Subject1,Fig3b_Subject1,Saha meal SBG proxy,84.0,110.82,mg/dL,0.612,0.641,5.0,10.0,https://doi.org/10.1002/advs.202405518,model input resampled to 0.25-min intervals by linear interpolation; values are not normalized
Saha 2024,Saha_2024_Fig3b_Subject1,Fig3b_Subject1,Saha meal SBG proxy,84.25,110.66,mg/dL,0.612,0.641,5.0,10.0,https://doi.org/10.1002/advs.202405518,model input resampled to 0.25-min intervals by linear interpolation; values are not normalized
Saha 2024,Saha_2024_Fig3b_Subject1,Fig3b_Subject1,Saha meal SBG proxy,84.5,110.5,mg/dL,0.612,0.641,5.0,10.0,https://doi.org/10.1002/advs.202405518,model input resampled to 0.25-min intervals by linear interpolation; values are not normalized
Saha 2024,Saha_2024_Fig3b_Subject1,Fig3b_Subject1,Saha meal SBG proxy,84.75,110.34,mg/dL,0.612,0.641,5.0,10.0,https://doi.org/10.1002/advs.202405518,model input resampled to 0.25-min intervals by linear interpolation; values are not normalized
Saha 2024,Saha_2024_Fig3b_Subject1,Fig3b_Subject1,Saha meal SBG proxy,85.0,110.18,mg/dL,0.612,0.641,5.0,10.0,https://doi.org/10.1002/advs.202405518,model input resampled to 0.25-min intervals by linear interpolation; values are not normalized
Saha 2024,Saha_2024_Fig3b_Subject1,Fig3b_Subject1,Saha meal SBG proxy,85.25,110.02,mg/dL,0.612,0.641,5.0,10.0,https://doi.org/10.1002/advs.202405518,model input resampled to 0.25-min intervals by linear interpolation; values are not normalized
Saha 2024,Saha_2024_Fig3b_Subject1,Fig3b_Subject1,Saha meal SBG proxy,85.5,109.86,mg/dL,0.612,0.641,5.0,10.0,https://doi.org/10.1002/advs.202405518,model input resampled to 0.25-min intervals by linear interpolation; values are not normalized
Saha 2024,Saha_2024_Fig3b_Subject1,Fig3b_Subject1,Saha meal SBG proxy,85.75,109.7,mg/dL,0.612,0.641,5.0,10.0,https://doi.org/10.1002/advs.202405518,model input resampled to 0.25-min intervals by linear interpolation; values are not normalized
Saha 2024,Saha_2024_Fig3b_Subject1,Fig3b_Subject1,Saha meal SBG proxy,86.0,109.54,mg/dL,0.612,0.641,5.0,10.0,https://doi.org/10.1002/advs.202405518,model input resampled to 0.25-min intervals by linear interpolation; values are not normalized
Saha 2024,Saha_2024_Fig3b_Subject1,Fig3b_Subject1,Saha meal SBG proxy,86.25,109.3525,mg/dL,0.612,0.641,5.0,10.0,https://doi.org/10.1002/advs.202405518,model input resampled to 0.25-min intervals by linear interpolation; values are not normalized
Saha 2024,Saha_2024_Fig3b_Subject1,Fig3b_Subject1,Saha meal SBG proxy,86.5,109.165,mg/dL,0.612,0.641,5.0,10.0,https://doi.org/10.1002/advs.202405518,model input resampled to 0.25-min intervals by linear interpolation; values are not normalized
Saha 2024,Saha_2024_Fig3b_Subject1,Fig3b_Subject1,Saha meal SBG proxy,86.75,108.9775,mg/dL,0.612,0.641,5.0,10.0,https://doi.org/10.1002/advs.202405518,model input resampled to 0.25-min intervals by linear interpolation; values are not normalized
Saha 2024,Saha_2024_Fig3b_Subject1,Fig3b_Subject1,Saha meal SBG proxy,87.0,108.79,mg/dL,0.612,0.641,5.0,10.0,https://doi.org/10.1002/advs.202405518,model input resampled to 0.25-min intervals by linear interpolation; values are not normalized
Saha 2024,Saha_2024_Fig3b_Subject1,Fig3b_Subject1,Saha meal SBG proxy,87.25,108.6025,mg/dL,0.612,0.641,5.0,10.0,https://doi.org/10.1002/advs.202405518,model input resampled to 0.25-min intervals by linear interpolation; values are not normalized
Saha 2024,Saha_2024_Fig3b_Subject1,Fig3b_Subject1,Saha meal SBG proxy,87.5,108.415,mg/dL,0.612,0.641,5.0,10.0,https://doi.org/10.1002/advs.202405518,model input resampled to 0.25-min intervals by linear interpolation; values are not normalized
Saha 2024,Saha_2024_Fig3b_Subject1,Fig3b_Subject1,Saha meal SBG proxy,87.75,108.2275,mg/dL,0.612,0.641,5.0,10.0,https://doi.org/10.1002/advs.202405518,model input resampled to 0.25-min intervals by linear interpolation; values are not normalized
Saha 2024,Saha_2024_Fig3b_Subject1,Fig3b_Subject1,Saha meal SBG proxy,88.0,108.04,mg/dL,0.612,0.641,5.0,10.0,https://doi.org/10.1002/advs.202405518,model input resampled to 0.25-min intervals by linear interpolation; values are not normalized
Saha 2024,Saha_2024_Fig3b_Subject1,Fig3b_Subject1,Saha meal SBG proxy,88.25,107.88000000000001,mg/dL,0.612,0.641,5.0,10.0,https://doi.org/10.1002/advs.202405518,model input resampled to 0.25-min intervals by linear interpolation; values are not normalized
Saha 2024,Saha_2024_Fig3b_Subject1,Fig3b_Subject1,Saha meal SBG proxy,88.5,107.72,mg/dL,0.612,0.641,5.0,10.0,https://doi.org/10.1002/advs.202405518,model input resampled to 0.25-min intervals by linear interpolation; values are not normalized
Saha 2024,Saha_2024_Fig3b_Subject1,Fig3b_Subject1,Saha meal SBG proxy,88.75,107.56,mg/dL,0.612,0.641,5.0,10.0,https://doi.org/10.1002/advs.202405518,model input resampled to 0.25-min intervals by linear interpolation; values are not normalized
Saha 2024,Saha_2024_Fig3b_Subject1,Fig3b_Subject1,Saha meal SBG proxy,89.0,107.4,mg/dL,0.612,0.641,5.0,10.0,https://doi.org/10.1002/advs.202405518,model input resampled to 0.25-min intervals by linear interpolation; values are not normalized
Saha 2024,Saha_2024_Fig3b_Subject1,Fig3b_Subject1,Saha meal SBG proxy,89.25,107.24000000000001,mg/dL,0.612,0.641,5.0,10.0,https://doi.org/10.1002/advs.202405518,model input resampled to 0.25-min intervals by linear interpolation; values are not normalized
Saha 2024,Saha_2024_Fig3b_Subject1,Fig3b_Subject1,Saha meal SBG proxy,89.5,107.08000000000001,mg/dL,0.612,0.641,5.0,10.0,https://doi.org/10.1002/advs.202405518,model input resampled to 0.25-min intervals by linear interpolation; values are not normalized
Saha 2024,Saha_2024_Fig3b_Subject1,Fig3b_Subject1,Saha meal SBG proxy,89.75,106.92,mg/dL,0.612,0.641,5.0,10.0,https://doi.org/10.1002/advs.202405518,model input resampled to 0.25-min intervals by linear interpolation; values are not normalized
Saha 2024,Saha_2024_Fig3b_Subject1,Fig3b_Subject1,Saha meal SBG proxy,90.0,106.76,mg/dL,0.612,0.641,5.0,10.0,https://doi.org/10.1002/advs.202405518,model input resampled to 0.25-min intervals by linear interpolation; values are not normalized
Saha 2024,Saha_2024_Fig3b_Subject1,Fig3b_Subject1,Saha meal SBG proxy,90.25,106.56,mg/dL,0.612,0.641,5.0,10.0,https://doi.org/10.1002/advs.202405518,model input resampled to 0.25-min intervals by linear interpolation; values are not normalized
Saha 2024,Saha_2024_Fig3b_Subject1,Fig3b_Subject1,Saha meal SBG proxy,90.5,106.36,mg/dL,0.612,0.641,5.0,10.0,https://doi.org/10.1002/advs.202405518,model input resampled to 0.25-min intervals by linear interpolation; values are not normalized
Saha 2024,Saha_2024_Fig3b_Subject1,Fig3b_Subject1,Saha meal SBG proxy,90.75,106.16,mg/dL,0.612,0.641,5.0,10.0,https://doi.org/10.1002/advs.202405518,model input resampled to 0.25-min intervals by linear interpolation; values are not normalized
Saha 2024,Saha_2024_Fig3b_Subject1,Fig3b_Subject1,Saha meal SBG proxy,91.0,105.96000000000001,mg/dL,0.612,0.641,5.0,10.0,https://doi.org/10.1002/advs.202405518,model input resampled to 0.25-min intervals by linear interpolation; values are not normalized
Saha 2024,Saha_2024_Fig3b_Subject1,Fig3b_Subject1,Saha meal SBG proxy,91.25,105.76,mg/dL,0.612,0.641,5.0,10.0,https://doi.org/10.1002/advs.202405518,model input resampled to 0.25-min intervals by linear interpolation; values are not normalized
Saha 2024,Saha_2024_Fig3b_Subject1,Fig3b_Subject1,Saha meal SBG proxy,91.5,105.56,mg/dL,0.612,0.641,5.0,10.0,https://doi.org/10.1002/advs.202405518,model input resampled to 0.25-min intervals by linear interpolation; values are not normalized
Saha 2024,Saha_2024_Fig3b_Subject1,Fig3b_Subject1,Saha meal SBG proxy,91.75,105.36,mg/dL,0.612,0.641,5.0,10.0,https://doi.org/10.1002/advs.202405518,model input resampled to 0.25-min intervals by linear interpolation; values are not normalized
Saha 2024,Saha_2024_Fig3b_Subject1,Fig3b_Subject1,Saha meal SBG proxy,92.0,105.16,mg/dL,0.612,0.641,5.0,10.0,https://doi.org/10.1002/advs.202405518,model input resampled to 0.25-min intervals by linear interpolation; values are not normalized
Saha 2024,Saha_2024_Fig3b_Subject1,Fig3b_Subject1,Saha meal SBG proxy,92.25,105.01375,mg/dL,0.612,0.641,5.0,10.0,https://doi.org/10.1002/advs.202405518,model input resampled to 0.25-min intervals by linear interpolation; values are not normalized
Saha 2024,Saha_2024_Fig3b_Subject1,Fig3b_Subject1,Saha meal SBG proxy,92.5,104.86749999999999,mg/dL,0.612,0.641,5.0,10.0,https://doi.org/10.1002/advs.202405518,model input resampled to 0.25-min intervals by linear interpolation; values are not normalized
Saha 2024,Saha_2024_Fig3b_Subject1,Fig3b_Subject1,Saha meal SBG proxy,92.75,104.72125,mg/dL,0.612,0.641,5.0,10.0,https://doi.org/10.1002/advs.202405518,model input resampled to 0.25-min intervals by linear interpolation; values are not normalized
Saha 2024,Saha_2024_Fig3b_Subject1,Fig3b_Subject1,Saha meal SBG proxy,93.0,104.57499999999999,mg/dL,0.612,0.641,5.0,10.0,https://doi.org/10.1002/advs.202405518,model input resampled to 0.25-min intervals by linear interpolation; values are not normalized
Saha 2024,Saha_2024_Fig3b_Subject1,Fig3b_Subject1,Saha meal SBG proxy,93.25,104.42875,mg/dL,0.612,0.641,5.0,10.0,https://doi.org/10.1002/advs.202405518,model input resampled to 0.25-min intervals by linear interpolation; values are not normalized
Saha 2024,Saha_2024_Fig3b_Subject1,Fig3b_Subject1,Saha meal SBG proxy,93.5,104.2825,mg/dL,0.612,0.641,5.0,10.0,https://doi.org/10.1002/advs.202405518,model input resampled to 0.25-min intervals by linear interpolation; values are not normalized
Saha 2024,Saha_2024_Fig3b_Subject1,Fig3b_Subject1,Saha meal SBG proxy,93.75,104.13624999999999,mg/dL,0.612,0.641,5.0,10.0,https://doi.org/10.1002/advs.202405518,model input resampled to 0.25-min intervals by linear interpolation; values are not normalized
Saha 2024,Saha_2024_Fig3b_Subject1,Fig3b_Subject1,Saha meal SBG proxy,94.0,103.99,mg/dL,0.612,0.641,5.0,10.0,https://doi.org/10.1002/advs.202405518,model input resampled to 0.25-min intervals by linear interpolation; values are not normalized
Saha 2024,Saha_2024_Fig3b_Subject1,Fig3b_Subject1,Saha meal SBG proxy,94.25,103.86874999999999,mg/dL,0.612,0.641,5.0,10.0,https://doi.org/10.1002/advs.202405518,model input resampled to 0.25-min intervals by linear interpolation; values are not normalized
Saha 2024,Saha_2024_Fig3b_Subject1,Fig3b_Subject1,Saha meal SBG proxy,94.5,103.7475,mg/dL,0.612,0.641,5.0,10.0,https://doi.org/10.1002/advs.202405518,model input resampled to 0.25-min intervals by linear interpolation; values are not normalized
Saha 2024,Saha_2024_Fig3b_Subject1,Fig3b_Subject1,Saha meal SBG proxy,94.75,103.62625,mg/dL,0.612,0.641,5.0,10.0,https://doi.org/10.1002/advs.202405518,model input resampled to 0.25-min intervals by linear interpolation; values are not normalized
Saha 2024,Saha_2024_Fig3b_Subject1,Fig3b_Subject1,Saha meal SBG proxy,95.0,103.505,mg/dL,0.612,0.641,5.0,10.0,https://doi.org/10.1002/advs.202405518,model input resampled to 0.25-min intervals by linear interpolation; values are not normalized
Saha 2024,Saha_2024_Fig3b_Subject1,Fig3b_Subject1,Saha meal SBG proxy,95.25,103.38374999999999,mg/dL,0.612,0.641,5.0,10.0,https://doi.org/10.1002/advs.202405518,model input resampled to 0.25-min intervals by linear interpolation; values are not normalized
Saha 2024,Saha_2024_Fig3b_Subject1,Fig3b_Subject1,Saha meal SBG proxy,95.5,103.26249999999999,mg/dL,0.612,0.641,5.0,10.0,https://doi.org/10.1002/advs.202405518,model input resampled to 0.25-min intervals by linear interpolation; values are not normalized
Saha 2024,Saha_2024_Fig3b_Subject1,Fig3b_Subject1,Saha meal SBG proxy,95.75,103.14125,mg/dL,0.612,0.641,5.0,10.0,https://doi.org/10.1002/advs.202405518,model input resampled to 0.25-min intervals by linear interpolation; values are not normalized
Saha 2024,Saha_2024_Fig3b_Subject1,Fig3b_Subject1,Saha meal SBG proxy,96.0,103.02,mg/dL,0.612,0.641,5.0,10.0,https://doi.org/10.1002/advs.202405518,model input resampled to 0.25-min intervals by linear interpolation; values are not normalized
Saha 2024,Saha_2024_Fig3b_Subject1,Fig3b_Subject1,Saha meal SBG proxy,96.25,102.95375,mg/dL,0.612,0.641,5.0,10.0,https://doi.org/10.1002/advs.202405518,model input resampled to 0.25-min intervals by linear interpolation; values are not normalized
Saha 2024,Saha_2024_Fig3b_Subject1,Fig3b_Subject1,Saha meal SBG proxy,96.5,102.88749999999999,mg/dL,0.612,0.641,5.0,10.0,https://doi.org/10.1002/advs.202405518,model input resampled to 0.25-min intervals by linear interpolation; values are not normalized
Saha 2024,Saha_2024_Fig3b_Subject1,Fig3b_Subject1,Saha meal SBG proxy,96.75,102.82124999999999,mg/dL,0.612,0.641,5.0,10.0,https://doi.org/10.1002/advs.202405518,model input resampled to 0.25-min intervals by linear interpolation; values are not normalized
Saha 2024,Saha_2024_Fig3b_Subject1,Fig3b_Subject1,Saha meal SBG proxy,97.0,102.755,mg/dL,0.612,0.641,5.0,10.0,https://doi.org/10.1002/advs.202405518,model input resampled to 0.25-min intervals by linear interpolation; values are not normalized
Saha 2024,Saha_2024_Fig3b_Subject1,Fig3b_Subject1,Saha meal SBG proxy,97.25,102.68875,mg/dL,0.612,0.641,5.0,10.0,https://doi.org/10.1002/advs.202405518,model input resampled to 0.25-min intervals by linear interpolation; values are not normalized
Saha 2024,Saha_2024_Fig3b_Subject1,Fig3b_Subject1,Saha meal SBG proxy,97.5,102.6225,mg/dL,0.612,0.641,5.0,10.0,https://doi.org/10.1002/advs.202405518,model input resampled to 0.25-min intervals by linear interpolation; values are not normalized
Saha 2024,Saha_2024_Fig3b_Subject1,Fig3b_Subject1,Saha meal SBG proxy,97.75,102.55624999999999,mg/dL,0.612,0.641,5.0,10.0,https://doi.org/10.1002/advs.202405518,model input resampled to 0.25-min intervals by linear interpolation; values are not normalized
Saha 2024,Saha_2024_Fig3b_Subject1,Fig3b_Subject1,Saha meal SBG proxy,98.0,102.49,mg/dL,0.612,0.641,5.0,10.0,https://doi.org/10.1002/advs.202405518,model input resampled to 0.25-min intervals by linear interpolation; values are not normalized
Saha 2024,Saha_2024_Fig3b_Subject1,Fig3b_Subject1,Saha meal SBG proxy,98.25,102.44999999999999,mg/dL,0.612,0.641,5.0,10.0,https://doi.org/10.1002/advs.202405518,model input resampled to 0.25-min intervals by linear interpolation; values are not normalized
Saha 2024,Saha_2024_Fig3b_Subject1,Fig3b_Subject1,Saha meal SBG proxy,98.5,102.41,mg/dL,0.612,0.641,5.0,10.0,https://doi.org/10.1002/advs.202405518,model input resampled to 0.25-min intervals by linear interpolation; values are not normalized
Saha 2024,Saha_2024_Fig3b_Subject1,Fig3b_Subject1,Saha meal SBG proxy,98.75,102.37,mg/dL,0.612,0.641,5.0,10.0,https://doi.org/10.1002/advs.202405518,model input resampled to 0.25-min intervals by linear interpolation; values are not normalized
Saha 2024,Saha_2024_Fig3b_Subject1,Fig3b_Subject1,Saha meal SBG proxy,99.0,102.33,mg/dL,0.612,0.641,5.0,10.0,https://doi.org/10.1002/advs.202405518,model input resampled to 0.25-min intervals by linear interpolation; values are not normalized
Saha 2024,Saha_2024_Fig3b_Subject1,Fig3b_Subject1,Saha meal SBG proxy,99.25,102.28999999999999,mg/dL,0.612,0.641,5.0,10.0,https://doi.org/10.1002/advs.202405518,model input resampled to 0.25-min intervals by linear interpolation; values are not normalized
Saha 2024,Saha_2024_Fig3b_Subject1,Fig3b_Subject1,Saha meal SBG proxy,99.5,102.25,mg/dL,0.612,0.641,5.0,10.0,https://doi.org/10.1002/advs.202405518,model input resampled to 0.25-min intervals by linear interpolation; values are not normalized
Saha 2024,Saha_2024_Fig3b_Subject1,Fig3b_Subject1,Saha meal SBG proxy,99.75,102.21000000000001,mg/dL,0.612,0.641,5.0,10.0,https://doi.org/10.1002/advs.202405518,model input resampled to 0.25-min intervals by linear interpolation; values are not normalized
Saha 2024,Saha_2024_Fig3b_Subject1,Fig3b_Subject1,Saha meal SBG proxy,100.0,102.17,mg/dL,0.612,0.641,5.0,10.0,https://doi.org/10.1002/advs.202405518,model input resampled to 0.25-min intervals by linear interpolation; values are not normalized
Saha 2024,Saha_2024_Fig3b_Subject1,Fig3b_Subject1,Saha meal SBG proxy,100.25,102.11625000000001,mg/dL,0.612,0.641,5.0,10.0,https://doi.org/10.1002/advs.202405518,model input resampled to 0.25-min intervals by linear interpolation; values are not normalized
Saha 2024,Saha_2024_Fig3b_Subject1,Fig3b_Subject1,Saha meal SBG proxy,100.5,102.0625,mg/dL,0.612,0.641,5.0,10.0,https://doi.org/10.1002/advs.202405518,model input resampled to 0.25-min intervals by linear interpolation; values are not normalized
Saha 2024,Saha_2024_Fig3b_Subject1,Fig3b_Subject1,Saha meal SBG proxy,100.75,102.00874999999999,mg/dL,0.612,0.641,5.0,10.0,https://doi.org/10.1002/advs.202405518,model input resampled to 0.25-min intervals by linear interpolation; values are not normalized
Saha 2024,Saha_2024_Fig3b_Subject1,Fig3b_Subject1,Saha meal SBG proxy,101.0,101.955,mg/dL,0.612,0.641,5.0,10.0,https://doi.org/10.1002/advs.202405518,model input resampled to 0.25-min intervals by linear interpolation; values are not normalized
Saha 2024,Saha_2024_Fig3b_Subject1,Fig3b_Subject1,Saha meal SBG proxy,101.25,101.90125,mg/dL,0.612,0.641,5.0,10.0,https://doi.org/10.1002/advs.202405518,model input resampled to 0.25-min intervals by linear interpolation; values are not normalized
Saha 2024,Saha_2024_Fig3b_Subject1,Fig3b_Subject1,Saha meal SBG proxy,101.5,101.8475,mg/dL,0.612,0.641,5.0,10.0,https://doi.org/10.1002/advs.202405518,model input resampled to 0.25-min intervals by linear interpolation; values are not normalized
Saha 2024,Saha_2024_Fig3b_Subject1,Fig3b_Subject1,Saha meal SBG proxy,101.75,101.79374999999999,mg/dL,0.612,0.641,5.0,10.0,https://doi.org/10.1002/advs.202405518,model input resampled to 0.25-min intervals by linear interpolation; values are not normalized
Saha 2024,Saha_2024_Fig3b_Subject1,Fig3b_Subject1,Saha meal SBG proxy,102.0,101.74,mg/dL,0.612,0.641,5.0,10.0,https://doi.org/10.1002/advs.202405518,model input resampled to 0.25-min intervals by linear interpolation; values are not normalized
Saha 2024,Saha_2024_Fig3b_Subject1,Fig3b_Subject1,Saha meal SBG proxy,102.25,101.6875,mg/dL,0.612,0.641,5.0,10.0,https://doi.org/10.1002/advs.202405518,model input resampled to 0.25-min intervals by linear interpolation; values are not normalized
Saha 2024,Saha_2024_Fig3b_Subject1,Fig3b_Subject1,Saha meal SBG proxy,102.5,101.63499999999999,mg/dL,0.612,0.641,5.0,10.0,https://doi.org/10.1002/advs.202405518,model input resampled to 0.25-min intervals by linear interpolation; values are not normalized
Saha 2024,Saha_2024_Fig3b_Subject1,Fig3b_Subject1,Saha meal SBG proxy,102.75,101.5825,mg/dL,0.612,0.641,5.0,10.0,https://doi.org/10.1002/advs.202405518,model input resampled to 0.25-min intervals by linear interpolation; values are not normalized
Saha 2024,Saha_2024_Fig3b_Subject1,Fig3b_Subject1,Saha meal SBG proxy,103.0,101.53,mg/dL,0.612,0.641,5.0,10.0,https://doi.org/10.1002/advs.202405518,model input resampled to 0.25-min intervals by linear interpolation; values are not normalized
Saha 2024,Saha_2024_Fig3b_Subject1,Fig3b_Subject1,Saha meal SBG proxy,103.25,101.47749999999999,mg/dL,0.612,0.641,5.0,10.0,https://doi.org/10.1002/advs.202405518,model input resampled to 0.25-min intervals by linear interpolation; values are not normalized
Saha 2024,Saha_2024_Fig3b_Subject1,Fig3b_Subject1,Saha meal SBG proxy,103.5,101.425,mg/dL,0.612,0.641,5.0,10.0,https://doi.org/10.1002/advs.202405518,model input resampled to 0.25-min intervals by linear interpolation; values are not normalized
Saha 2024,Saha_2024_Fig3b_Subject1,Fig3b_Subject1,Saha meal SBG proxy,103.75,101.37249999999999,mg/dL,0.612,0.641,5.0,10.0,https://doi.org/10.1002/advs.202405518,model input resampled to 0.25-min intervals by linear interpolation; values are not normalized
Saha 2024,Saha_2024_Fig3b_Subject1,Fig3b_Subject1,Saha meal SBG proxy,104.0,101.32,mg/dL,0.612,0.641,5.0,10.0,https://doi.org/10.1002/advs.202405518,model input resampled to 0.25-min intervals by linear interpolation; values are not normalized
Saha 2024,Saha_2024_Fig3b_Subject1,Fig3b_Subject1,Saha meal SBG proxy,104.25,101.26625,mg/dL,0.612,0.641,5.0,10.0,https://doi.org/10.1002/advs.202405518,model input resampled to 0.25-min intervals by linear interpolation; values are not normalized
Saha 2024,Saha_2024_Fig3b_Subject1,Fig3b_Subject1,Saha meal SBG proxy,104.5,101.21249999999999,mg/dL,0.612,0.641,5.0,10.0,https://doi.org/10.1002/advs.202405518,model input resampled to 0.25-min intervals by linear interpolation; values are not normalized
Saha 2024,Saha_2024_Fig3b_Subject1,Fig3b_Subject1,Saha meal SBG proxy,104.75,101.15875,mg/dL,0.612,0.641,5.0,10.0,https://doi.org/10.1002/advs.202405518,model input resampled to 0.25-min intervals by linear interpolation; values are not normalized
Saha 2024,Saha_2024_Fig3b_Subject1,Fig3b_Subject1,Saha meal SBG proxy,105.0,101.10499999999999,mg/dL,0.612,0.641,5.0,10.0,https://doi.org/10.1002/advs.202405518,model input resampled to 0.25-min intervals by linear interpolation; values are not normalized
Saha 2024,Saha_2024_Fig3b_Subject1,Fig3b_Subject1,Saha meal SBG proxy,105.25,101.05125,mg/dL,0.612,0.641,5.0,10.0,https://doi.org/10.1002/advs.202405518,model input resampled to 0.25-min intervals by linear interpolation; values are not normalized
Saha 2024,Saha_2024_Fig3b_Subject1,Fig3b_Subject1,Saha meal SBG proxy,105.5,100.9975,mg/dL,0.612,0.641,5.0,10.0,https://doi.org/10.1002/advs.202405518,model input resampled to 0.25-min intervals by linear interpolation; values are not normalized
Saha 2024,Saha_2024_Fig3b_Subject1,Fig3b_Subject1,Saha meal SBG proxy,105.75,100.94375,mg/dL,0.612,0.641,5.0,10.0,https://doi.org/10.1002/advs.202405518,model input resampled to 0.25-min intervals by linear interpolation; values are not normalized
Saha 2024,Saha_2024_Fig3b_Subject1,Fig3b_Subject1,Saha meal SBG proxy,106.0,100.89,mg/dL,0.612,0.641,5.0,10.0,https://doi.org/10.1002/advs.202405518,model input resampled to 0.25-min intervals by linear interpolation; values are not normalized
Saha 2024,Saha_2024_Fig3b_Subject1,Fig3b_Subject1,Saha meal SBG proxy,106.25,100.85,mg/dL,0.612,0.641,5.0,10.0,https://doi.org/10.1002/advs.202405518,model input resampled to 0.25-min intervals by linear interpolation; values are not normalized
Saha 2024,Saha_2024_Fig3b_Subject1,Fig3b_Subject1,Saha meal SBG proxy,106.5,100.81,mg/dL,0.612,0.641,5.0,10.0,https://doi.org/10.1002/advs.202405518,model input resampled to 0.25-min intervals by linear interpolation; values are not normalized
Saha 2024,Saha_2024_Fig3b_Subject1,Fig3b_Subject1,Saha meal SBG proxy,106.75,100.77,mg/dL,0.612,0.641,5.0,10.0,https://doi.org/10.1002/advs.202405518,model input resampled to 0.25-min intervals by linear interpolation; values are not normalized
Saha 2024,Saha_2024_Fig3b_Subject1,Fig3b_Subject1,Saha meal SBG proxy,107.0,100.72999999999999,mg/dL,0.612,0.641,5.0,10.0,https://doi.org/10.1002/advs.202405518,model input resampled to 0.25-min intervals by linear interpolation; values are not normalized
Saha 2024,Saha_2024_Fig3b_Subject1,Fig3b_Subject1,Saha meal SBG proxy,107.25,100.69,mg/dL,0.612,0.641,5.0,10.0,https://doi.org/10.1002/advs.202405518,model input resampled to 0.25-min intervals by linear interpolation; values are not normalized
Saha 2024,Saha_2024_Fig3b_Subject1,Fig3b_Subject1,Saha meal SBG proxy,107.5,100.64999999999999,mg/dL,0.612,0.641,5.0,10.0,https://doi.org/10.1002/advs.202405518,model input resampled to 0.25-min intervals by linear interpolation; values are not normalized
Saha 2024,Saha_2024_Fig3b_Subject1,Fig3b_Subject1,Saha meal SBG proxy,107.75,100.61,mg/dL,0.612,0.641,5.0,10.0,https://doi.org/10.1002/advs.202405518,model input resampled to 0.25-min intervals by linear interpolation; values are not normalized
Saha 2024,Saha_2024_Fig3b_Subject1,Fig3b_Subject1,Saha meal SBG proxy,108.0,100.57,mg/dL,0.612,0.641,5.0,10.0,https://doi.org/10.1002/advs.202405518,model input resampled to 0.25-min intervals by linear interpolation; values are not normalized
Saha 2024,Saha_2024_Fig3b_Subject1,Fig3b_Subject1,Saha meal SBG proxy,108.25,100.51625,mg/dL,0.612,0.641,5.0,10.0,https://doi.org/10.1002/advs.202405518,model input resampled to 0.25-min intervals by linear interpolation; values are not normalized
Saha 2024,Saha_2024_Fig3b_Subject1,Fig3b_Subject1,Saha meal SBG proxy,108.5,100.46249999999999,mg/dL,0.612,0.641,5.0,10.0,https://doi.org/10.1002/advs.202405518,model input resampled to 0.25-min intervals by linear interpolation; values are not normalized
Saha 2024,Saha_2024_Fig3b_Subject1,Fig3b_Subject1,Saha meal SBG proxy,108.75,100.40875,mg/dL,0.612,0.641,5.0,10.0,https://doi.org/10.1002/advs.202405518,model input resampled to 0.25-min intervals by linear interpolation; values are not normalized
Saha 2024,Saha_2024_Fig3b_Subject1,Fig3b_Subject1,Saha meal SBG proxy,109.0,100.35499999999999,mg/dL,0.612,0.641,5.0,10.0,https://doi.org/10.1002/advs.202405518,model input resampled to 0.25-min intervals by linear interpolation; values are not normalized
Saha 2024,Saha_2024_Fig3b_Subject1,Fig3b_Subject1,Saha meal SBG proxy,109.25,100.30125,mg/dL,0.612,0.641,5.0,10.0,https://doi.org/10.1002/advs.202405518,model input resampled to 0.25-min intervals by linear interpolation; values are not normalized
Saha 2024,Saha_2024_Fig3b_Subject1,Fig3b_Subject1,Saha meal SBG proxy,109.5,100.2475,mg/dL,0.612,0.641,5.0,10.0,https://doi.org/10.1002/advs.202405518,model input resampled to 0.25-min intervals by linear interpolation; values are not normalized
Saha 2024,Saha_2024_Fig3b_Subject1,Fig3b_Subject1,Saha meal SBG proxy,109.75,100.19375,mg/dL,0.612,0.641,5.0,10.0,https://doi.org/10.1002/advs.202405518,model input resampled to 0.25-min intervals by linear interpolation; values are not normalized
Saha 2024,Saha_2024_Fig3b_Subject1,Fig3b_Subject1,Saha meal SBG proxy,110.0,100.14,mg/dL,0.612,0.641,5.0,10.0,https://doi.org/10.1002/advs.202405518,model input resampled to 0.25-min intervals by linear interpolation; values are not normalized
Saha 2024,Saha_2024_Fig3b_Subject1,Fig3b_Subject1,Saha meal SBG proxy,110.25,100.0875,mg/dL,0.612,0.641,5.0,10.0,https://doi.org/10.1002/advs.202405518,model input resampled to 0.25-min intervals by linear interpolation; values are not normalized
Saha 2024,Saha_2024_Fig3b_Subject1,Fig3b_Subject1,Saha meal SBG proxy,110.5,100.035,mg/dL,0.612,0.641,5.0,10.0,https://doi.org/10.1002/advs.202405518,model input resampled to 0.25-min intervals by linear interpolation; values are not normalized
Saha 2024,Saha_2024_Fig3b_Subject1,Fig3b_Subject1,Saha meal SBG proxy,110.75,99.9825,mg/dL,0.612,0.641,5.0,10.0,https://doi.org/10.1002/advs.202405518,model input resampled to 0.25-min intervals by linear interpolation; values are not normalized
Saha 2024,Saha_2024_Fig3b_Subject1,Fig3b_Subject1,Saha meal SBG proxy,111.0,99.93,mg/dL,0.612,0.641,5.0,10.0,https://doi.org/10.1002/advs.202405518,model input resampled to 0.25-min intervals by linear interpolation; values are not normalized
Saha 2024,Saha_2024_Fig3b_Subject1,Fig3b_Subject1,Saha meal SBG proxy,111.25,99.8775,mg/dL,0.612,0.641,5.0,10.0,https://doi.org/10.1002/advs.202405518,model input resampled to 0.25-min intervals by linear interpolation; values are not normalized
Saha 2024,Saha_2024_Fig3b_Subject1,Fig3b_Subject1,Saha meal SBG proxy,111.5,99.825,mg/dL,0.612,0.641,5.0,10.0,https://doi.org/10.1002/advs.202405518,model input resampled to 0.25-min intervals by linear interpolation; values are not normalized
Saha 2024,Saha_2024_Fig3b_Subject1,Fig3b_Subject1,Saha meal SBG proxy,111.75,99.7725,mg/dL,0.612,0.641,5.0,10.0,https://doi.org/10.1002/advs.202405518,model input resampled to 0.25-min intervals by linear interpolation; values are not normalized
Saha 2024,Saha_2024_Fig3b_Subject1,Fig3b_Subject1,Saha meal SBG proxy,112.0,99.72,mg/dL,0.612,0.641,5.0,10.0,https://doi.org/10.1002/advs.202405518,model input resampled to 0.25-min intervals by linear interpolation; values are not normalized
Saha 2024,Saha_2024_Fig3b_Subject1,Fig3b_Subject1,Saha meal SBG proxy,112.25,99.68,mg/dL,0.612,0.641,5.0,10.0,https://doi.org/10.1002/advs.202405518,model input resampled to 0.25-min intervals by linear interpolation; values are not normalized
Saha 2024,Saha_2024_Fig3b_Subject1,Fig3b_Subject1,Saha meal SBG proxy,112.5,99.64,mg/dL,0.612,0.641,5.0,10.0,https://doi.org/10.1002/advs.202405518,model input resampled to 0.25-min intervals by linear interpolation; values are not normalized
Saha 2024,Saha_2024_Fig3b_Subject1,Fig3b_Subject1,Saha meal SBG proxy,112.75,99.6,mg/dL,0.612,0.641,5.0,10.0,https://doi.org/10.1002/advs.202405518,model input resampled to 0.25-min intervals by linear interpolation; values are not normalized
Saha 2024,Saha_2024_Fig3b_Subject1,Fig3b_Subject1,Saha meal SBG proxy,113.0,99.56,mg/dL,0.612,0.641,5.0,10.0,https://doi.org/10.1002/advs.202405518,model input resampled to 0.25-min intervals by linear interpolation; values are not normalized
Saha 2024,Saha_2024_Fig3b_Subject1,Fig3b_Subject1,Saha meal SBG proxy,113.25,99.52000000000001,mg/dL,0.612,0.641,5.0,10.0,https://doi.org/10.1002/advs.202405518,model input resampled to 0.25-min intervals by linear interpolation; values are not normalized
Saha 2024,Saha_2024_Fig3b_Subject1,Fig3b_Subject1,Saha meal SBG proxy,113.5,99.48,mg/dL,0.612,0.641,5.0,10.0,https://doi.org/10.1002/advs.202405518,model input resampled to 0.25-min intervals by linear interpolation; values are not normalized
Saha 2024,Saha_2024_Fig3b_Subject1,Fig3b_Subject1,Saha meal SBG proxy,113.75,99.44,mg/dL,0.612,0.641,5.0,10.0,https://doi.org/10.1002/advs.202405518,model input resampled to 0.25-min intervals by linear interpolation; values are not normalized
Saha 2024,Saha_2024_Fig3b_Subject1,Fig3b_Subject1,Saha meal SBG proxy,114.0,99.4,mg/dL,0.612,0.641,5.0,10.0,https://doi.org/10.1002/advs.202405518,model input resampled to 0.25-min intervals by linear interpolation; values are not normalized
Saha 2024,Saha_2024_Fig3b_Subject1,Fig3b_Subject1,Saha meal SBG proxy,114.25,99.34625,mg/dL,0.612,0.641,5.0,10.0,https://doi.org/10.1002/advs.202405518,model input resampled to 0.25-min intervals by linear interpolation; values are not normalized
Saha 2024,Saha_2024_Fig3b_Subject1,Fig3b_Subject1,Saha meal SBG proxy,114.5,99.2925,mg/dL,0.612,0.641,5.0,10.0,https://doi.org/10.1002/advs.202405518,model input resampled to 0.25-min intervals by linear interpolation; values are not normalized
Saha 2024,Saha_2024_Fig3b_Subject1,Fig3b_Subject1,Saha meal SBG proxy,114.75,99.23875000000001,mg/dL,0.612,0.641,5.0,10.0,https://doi.org/10.1002/advs.202405518,model input resampled to 0.25-min intervals by linear interpolation; values are not normalized
Saha 2024,Saha_2024_Fig3b_Subject1,Fig3b_Subject1,Saha meal SBG proxy,115.0,99.185,mg/dL,0.612,0.641,5.0,10.0,https://doi.org/10.1002/advs.202405518,model input resampled to 0.25-min intervals by linear interpolation; values are not normalized
Saha 2024,Saha_2024_Fig3b_Subject1,Fig3b_Subject1,Saha meal SBG proxy,115.25,99.13125,mg/dL,0.612,0.641,5.0,10.0,https://doi.org/10.1002/advs.202405518,model input resampled to 0.25-min intervals by linear interpolation; values are not normalized
Saha 2024,Saha_2024_Fig3b_Subject1,Fig3b_Subject1,Saha meal SBG proxy,115.5,99.0775,mg/dL,0.612,0.641,5.0,10.0,https://doi.org/10.1002/advs.202405518,model input resampled to 0.25-min intervals by linear interpolation; values are not normalized
Saha 2024,Saha_2024_Fig3b_Subject1,Fig3b_Subject1,Saha meal SBG proxy,115.75,99.02375,mg/dL,0.612,0.641,5.0,10.0,https://doi.org/10.1002/advs.202405518,model input resampled to 0.25-min intervals by linear interpolation; values are not normalized
Saha 2024,Saha_2024_Fig3b_Subject1,Fig3b_Subject1,Saha meal SBG proxy,116.0,98.97,mg/dL,0.612,0.641,5.0,10.0,https://doi.org/10.1002/advs.202405518,model input resampled to 0.25-min intervals by linear interpolation; values are not normalized
Saha 2024,Saha_2024_Fig3b_Subject1,Fig3b_Subject1,Saha meal SBG proxy,116.25,98.91625,mg/dL,0.612,0.641,5.0,10.0,https://doi.org/10.1002/advs.202405518,model input resampled to 0.25-min intervals by linear interpolation; values are not normalized
Saha 2024,Saha_2024_Fig3b_Subject1,Fig3b_Subject1,Saha meal SBG proxy,116.5,98.8625,mg/dL,0.612,0.641,5.0,10.0,https://doi.org/10.1002/advs.202405518,model input resampled to 0.25-min intervals by linear interpolation; values are not normalized
Saha 2024,Saha_2024_Fig3b_Subject1,Fig3b_Subject1,Saha meal SBG proxy,116.75,98.80875,mg/dL,0.612,0.641,5.0,10.0,https://doi.org/10.1002/advs.202405518,model input resampled to 0.25-min intervals by linear interpolation; values are not normalized
Saha 2024,Saha_2024_Fig3b_Subject1,Fig3b_Subject1,Saha meal SBG proxy,117.0,98.755,mg/dL,0.612,0.641,5.0,10.0,https://doi.org/10.1002/advs.202405518,model input resampled to 0.25-min intervals by linear interpolation; values are not normalized
Saha 2024,Saha_2024_Fig3b_Subject1,Fig3b_Subject1,Saha meal SBG proxy,117.25,98.70125,mg/dL,0.612,0.641,5.0,10.0,https://doi.org/10.1002/advs.202405518,model input resampled to 0.25-min intervals by linear interpolation; values are not normalized
Saha 2024,Saha_2024_Fig3b_Subject1,Fig3b_Subject1,Saha meal SBG proxy,117.5,98.64750000000001,mg/dL,0.612,0.641,5.0,10.0,https://doi.org/10.1002/advs.202405518,model input resampled to 0.25-min intervals by linear interpolation; values are not normalized
Saha 2024,Saha_2024_Fig3b_Subject1,Fig3b_Subject1,Saha meal SBG proxy,117.75,98.59375,mg/dL,0.612,0.641,5.0,10.0,https://doi.org/10.1002/advs.202405518,model input resampled to 0.25-min intervals by linear interpolation; values are not normalized
Saha 2024,Saha_2024_Fig3b_Subject1,Fig3b_Subject1,Saha meal SBG proxy,118.0,98.54,mg/dL,0.612,0.641,5.0,10.0,https://doi.org/10.1002/advs.202405518,model input resampled to 0.25-min intervals by linear interpolation; values are not normalized
Saha 2024,Saha_2024_Fig3b_Subject1,Fig3b_Subject1,Saha meal SBG proxy,118.25,98.5,mg/dL,0.612,0.641,5.0,10.0,https://doi.org/10.1002/advs.202405518,model input resampled to 0.25-min intervals by linear interpolation; values are not normalized
Saha 2024,Saha_2024_Fig3b_Subject1,Fig3b_Subject1,Saha meal SBG proxy,118.5,98.46000000000001,mg/dL,0.612,0.641,5.0,10.0,https://doi.org/10.1002/advs.202405518,model input resampled to 0.25-min intervals by linear interpolation; values are not normalized
Saha 2024,Saha_2024_Fig3b_Subject1,Fig3b_Subject1,Saha meal SBG proxy,118.75,98.42,mg/dL,0.612,0.641,5.0,10.0,https://doi.org/10.1002/advs.202405518,model input resampled to 0.25-min intervals by linear interpolation; values are not normalized
Saha 2024,Saha_2024_Fig3b_Subject1,Fig3b_Subject1,Saha meal SBG proxy,119.0,98.38,mg/dL,0.612,0.641,5.0,10.0,https://doi.org/10.1002/advs.202405518,model input resampled to 0.25-min intervals by linear interpolation; values are not normalized
Saha 2024,Saha_2024_Fig3b_Subject1,Fig3b_Subject1,Saha meal SBG proxy,119.25,98.34,mg/dL,0.612,0.641,5.0,10.0,https://doi.org/10.1002/advs.202405518,model input resampled to 0.25-min intervals by linear interpolation; values are not normalized
Saha 2024,Saha_2024_Fig3b_Subject1,Fig3b_Subject1,Saha meal SBG proxy,119.5,98.3,mg/dL,0.612,0.641,5.0,10.0,https://doi.org/10.1002/advs.202405518,model input resampled to 0.25-min intervals by linear interpolation; values are not normalized
Saha 2024,Saha_2024_Fig3b_Subject1,Fig3b_Subject1,Saha meal SBG proxy,119.75,98.26,mg/dL,0.612,0.641,5.0,10.0,https://doi.org/10.1002/advs.202405518,model input resampled to 0.25-min intervals by linear interpolation; values are not normalized
Saha 2024,Saha_2024_Fig3b_Subject1,Fig3b_Subject1,Saha meal SBG proxy,120.0,98.22,mg/dL,0.612,0.641,5.0,10.0,https://doi.org/10.1002/advs.202405518,model input resampled to 0.25-min intervals by linear interpolation; values are not normalized
Saha 2024,Saha_2024_Fig3b_Subject1,Fig3b_Subject1,Saha meal SBG proxy,120.25,98.22,mg/dL,0.612,0.641,5.0,10.0,https://doi.org/10.1002/advs.202405518,model input resampled to 0.25-min intervals by linear interpolation; values are not normalized
Saha 2024,Saha_2024_Fig3b_Subject1,Fig3b_Subject1,Saha meal SBG proxy,120.5,98.22,mg/dL,0.612,0.641,5.0,10.0,https://doi.org/10.1002/advs.202405518,model input resampled to 0.25-min intervals by linear interpolation; values are not normalized
Saha 2024,Saha_2024_Fig3b_Subject1,Fig3b_Subject1,Saha meal SBG proxy,120.75,98.22,mg/dL,0.612,0.641,5.0,10.0,https://doi.org/10.1002/advs.202405518,model input resampled to 0.25-min intervals by linear interpolation; values are not normalized
Saha 2024,Saha_2024_Fig3b_Subject1,Fig3b_Subject1,Saha meal SBG proxy,121.0,98.22,mg/dL,0.612,0.641,5.0,10.0,https://doi.org/10.1002/advs.202405518,model input resampled to 0.25-min intervals by linear interpolation; values are not normalized
Saha 2024,Saha_2024_Fig3b_Subject1,Fig3b_Subject1,Saha meal SBG proxy,121.25,98.22,mg/dL,0.612,0.641,5.0,10.0,https://doi.org/10.1002/advs.202405518,model input resampled to 0.25-min intervals by linear interpolation; values are not normalized
Saha 2024,Saha_2024_Fig3b_Subject1,Fig3b_Subject1,Saha meal SBG proxy,121.5,98.22,mg/dL,0.612,0.641,5.0,10.0,https://doi.org/10.1002/advs.202405518,model input resampled to 0.25-min intervals by linear interpolation; values are not normalized
Saha 2024,Saha_2024_Fig3b_Subject1,Fig3b_Subject1,Saha meal SBG proxy,121.75,98.22,mg/dL,0.612,0.641,5.0,10.0,https://doi.org/10.1002/advs.202405518,model input resampled to 0.25-min intervals by linear interpolation; values are not normalized
Saha 2024,Saha_2024_Fig3b_Subject1,Fig3b_Subject1,Saha meal SBG proxy,122.0,98.22,mg/dL,0.612,0.641,5.0,10.0,https://doi.org/10.1002/advs.202405518,model input resampled to 0.25-min intervals by linear interpolation; values are not normalized
Saha 2024,Saha_2024_Fig3b_Subject2,Fig3b_Subject2,Saha meal SBG proxy,0.0,98.89,mg/dL,0.599,0.606,5.0,10.0,https://doi.org/10.1002/advs.202405518,model input resampled to 0.25-min intervals by linear interpolation; values are not normalized
Saha 2024,Saha_2024_Fig3b_Subject2,Fig3b_Subject2,Saha meal SBG proxy,0.25,98.9025,mg/dL,0.599,0.606,5.0,10.0,https://doi.org/10.1002/advs.202405518,model input resampled to 0.25-min intervals by linear interpolation; values are not normalized
Saha 2024,Saha_2024_Fig3b_Subject2,Fig3b_Subject2,Saha meal SBG proxy,0.5,98.91499999999999,mg/dL,0.599,0.606,5.0,10.0,https://doi.org/10.1002/advs.202405518,model input resampled to 0.25-min intervals by linear interpolation; values are not normalized
Saha 2024,Saha_2024_Fig3b_Subject2,Fig3b_Subject2,Saha meal SBG proxy,0.75,98.9275,mg/dL,0.599,0.606,5.0,10.0,https://doi.org/10.1002/advs.202405518,model input resampled to 0.25-min intervals by linear interpolation; values are not normalized
Saha 2024,Saha_2024_Fig3b_Subject2,Fig3b_Subject2,Saha meal SBG proxy,1.0,98.94,mg/dL,0.599,0.606,5.0,10.0,https://doi.org/10.1002/advs.202405518,model input resampled to 0.25-min intervals by linear interpolation; values are not normalized
Saha 2024,Saha_2024_Fig3b_Subject2,Fig3b_Subject2,Saha meal SBG proxy,1.25,98.9525,mg/dL,0.599,0.606,5.0,10.0,https://doi.org/10.1002/advs.202405518,model input resampled to 0.25-min intervals by linear interpolation; values are not normalized
Saha 2024,Saha_2024_Fig3b_Subject2,Fig3b_Subject2,Saha meal SBG proxy,1.5,98.965,mg/dL,0.599,0.606,5.0,10.0,https://doi.org/10.1002/advs.202405518,model input resampled to 0.25-min intervals by linear interpolation; values are not normalized
Saha 2024,Saha_2024_Fig3b_Subject2,Fig3b_Subject2,Saha meal SBG proxy,1.75,98.97749999999999,mg/dL,0.599,0.606,5.0,10.0,https://doi.org/10.1002/advs.202405518,model input resampled to 0.25-min intervals by linear interpolation; values are not normalized
Saha 2024,Saha_2024_Fig3b_Subject2,Fig3b_Subject2,Saha meal SBG proxy,2.0,98.99,mg/dL,0.599,0.606,5.0,10.0,https://doi.org/10.1002/advs.202405518,model input resampled to 0.25-min intervals by linear interpolation; values are not normalized
Saha 2024,Saha_2024_Fig3b_Subject2,Fig3b_Subject2,Saha meal SBG proxy,2.25,98.99,mg/dL,0.599,0.606,5.0,10.0,https://doi.org/10.1002/advs.202405518,model input resampled to 0.25-min intervals by linear interpolation; values are not normalized
Saha 2024,Saha_2024_Fig3b_Subject2,Fig3b_Subject2,Saha meal SBG proxy,2.5,98.99,mg/dL,0.599,0.606,5.0,10.0,https://doi.org/10.1002/advs.202405518,model input resampled to 0.25-min intervals by linear interpolation; values are not normalized
Saha 2024,Saha_2024_Fig3b_Subject2,Fig3b_Subject2,Saha meal SBG proxy,2.75,98.99,mg/dL,0.599,0.606,5.0,10.0,https://doi.org/10.1002/advs.202405518,model input resampled to 0.25-min intervals by linear interpolation; values are not normalized
Saha 2024,Saha_2024_Fig3b_Subject2,Fig3b_Subject2,Saha meal SBG proxy,3.0,98.99,mg/dL,0.599,0.606,5.0,10.0,https://doi.org/10.1002/advs.202405518,model input resampled to 0.25-min intervals by linear interpolation; values are not normalized
Saha 2024,Saha_2024_Fig3b_Subject2,Fig3b_Subject2,Saha meal SBG proxy,3.25,98.99,mg/dL,0.599,0.606,5.0,10.0,https://doi.org/10.1002/advs.202405518,model input resampled to 0.25-min intervals by linear interpolation; values are not normalized
Saha 2024,Saha_2024_Fig3b_Subject2,Fig3b_Subject2,Saha meal SBG proxy,3.5,98.99,mg/dL,0.599,0.606,5.0,10.0,https://doi.org/10.1002/advs.202405518,model input resampled to 0.25-min intervals by linear interpolation; values are not normalized
Saha 2024,Saha_2024_Fig3b_Subject2,Fig3b_Subject2,Saha meal SBG proxy,3.75,98.99,mg/dL,0.599,0.606,5.0,10.0,https://doi.org/10.1002/advs.202405518,model input resampled to 0.25-min intervals by linear interpolation; values are not normalized
Saha 2024,Saha_2024_Fig3b_Subject2,Fig3b_Subject2,Saha meal SBG proxy,4.0,98.99,mg/dL,0.599,0.606,5.0,10.0,https://doi.org/10.1002/advs.202405518,model input resampled to 0.25-min intervals by linear interpolation; values are not normalized
Saha 2024,Saha_2024_Fig3b_Subject2,Fig3b_Subject2,Saha meal SBG proxy,4.25,99.0025,mg/dL,0.599,0.606,5.0,10.0,https://doi.org/10.1002/advs.202405518,model input resampled to 0.25-min intervals by linear interpolation; values are not normalized
Saha 2024,Saha_2024_Fig3b_Subject2,Fig3b_Subject2,Saha meal SBG proxy,4.5,99.015,mg/dL,0.599,0.606,5.0,10.0,https://doi.org/10.1002/advs.202405518,model input resampled to 0.25-min intervals by linear interpolation; values are not normalized
Saha 2024,Saha_2024_Fig3b_Subject2,Fig3b_Subject2,Saha meal SBG proxy,4.75,99.0275,mg/dL,0.599,0.606,5.0,10.0,https://doi.org/10.1002/advs.202405518,model input resampled to 0.25-min intervals by linear interpolation; values are not normalized
Saha 2024,Saha_2024_Fig3b_Subject2,Fig3b_Subject2,Saha meal SBG proxy,5.0,99.03999999999999,mg/dL,0.599,0.606,5.0,10.0,https://doi.org/10.1002/advs.202405518,model input resampled to 0.25-min intervals by linear interpolation; values are not normalized
Saha 2024,Saha_2024_Fig3b_Subject2,Fig3b_Subject2,Saha meal SBG proxy,5.25,99.0525,mg/dL,0.599,0.606,5.0,10.0,https://doi.org/10.1002/advs.202405518,model input resampled to 0.25-min intervals by linear interpolation; values are not normalized
Saha 2024,Saha_2024_Fig3b_Subject2,Fig3b_Subject2,Saha meal SBG proxy,5.5,99.065,mg/dL,0.599,0.606,5.0,10.0,https://doi.org/10.1002/advs.202405518,model input resampled to 0.25-min intervals by linear interpolation; values are not normalized
Saha 2024,Saha_2024_Fig3b_Subject2,Fig3b_Subject2,Saha meal SBG proxy,5.75,99.0775,mg/dL,0.599,0.606,5.0,10.0,https://doi.org/10.1002/advs.202405518,model input resampled to 0.25-min intervals by linear interpolation; values are not normalized
Saha 2024,Saha_2024_Fig3b_Subject2,Fig3b_Subject2,Saha meal SBG proxy,6.0,99.09,mg/dL,0.599,0.606,5.0,10.0,https://doi.org/10.1002/advs.202405518,model input resampled to 0.25-min intervals by linear interpolation; values are not normalized
Saha 2024,Saha_2024_Fig3b_Subject2,Fig3b_Subject2,Saha meal SBG proxy,6.25,99.1025,mg/dL,0.599,0.606,5.0,10.0,https://doi.org/10.1002/advs.202405518,model input resampled to 0.25-min intervals by linear interpolation; values are not normalized
Saha 2024,Saha_2024_Fig3b_Subject2,Fig3b_Subject2,Saha meal SBG proxy,6.5,99.11500000000001,mg/dL,0.599,0.606,5.0,10.0,https://doi.org/10.1002/advs.202405518,model input resampled to 0.25-min intervals by linear interpolation; values are not normalized
Saha 2024,Saha_2024_Fig3b_Subject2,Fig3b_Subject2,Saha meal SBG proxy,6.75,99.1275,mg/dL,0.599,0.606,5.0,10.0,https://doi.org/10.1002/advs.202405518,model input resampled to 0.25-min intervals by linear interpolation; values are not normalized
Saha 2024,Saha_2024_Fig3b_Subject2,Fig3b_Subject2,Saha meal SBG proxy,7.0,99.14,mg/dL,0.599,0.606,5.0,10.0,https://doi.org/10.1002/advs.202405518,model input resampled to 0.25-min intervals by linear interpolation; values are not normalized
Saha 2024,Saha_2024_Fig3b_Subject2,Fig3b_Subject2,Saha meal SBG proxy,7.25,99.1525,mg/dL,0.599,0.606,5.0,10.0,https://doi.org/10.1002/advs.202405518,model input resampled to 0.25-min intervals by linear interpolation; values are not normalized
Saha 2024,Saha_2024_Fig3b_Subject2,Fig3b_Subject2,Saha meal SBG proxy,7.5,99.16499999999999,mg/dL,0.599,0.606,5.0,10.0,https://doi.org/10.1002/advs.202405518,model input resampled to 0.25-min intervals by linear interpolation; values are not normalized
Saha 2024,Saha_2024_Fig3b_Subject2,Fig3b_Subject2,Saha meal SBG proxy,7.75,99.1775,mg/dL,0.599,0.606,5.0,10.0,https://doi.org/10.1002/advs.202405518,model input resampled to 0.25-min intervals by linear interpolation; values are not normalized
Saha 2024,Saha_2024_Fig3b_Subject2,Fig3b_Subject2,Saha meal SBG proxy,8.0,99.19,mg/dL,0.599,0.606,5.0,10.0,https://doi.org/10.1002/advs.202405518,model input resampled to 0.25-min intervals by linear interpolation; values are not normalized
Saha 2024,Saha_2024_Fig3b_Subject2,Fig3b_Subject2,Saha meal SBG proxy,8.25,99.19,mg/dL,0.599,0.606,5.0,10.0,https://doi.org/10.1002/advs.202405518,model input resampled to 0.25-min intervals by linear interpolation; values are not normalized
Saha 2024,Saha_2024_Fig3b_Subject2,Fig3b_Subject2,Saha meal SBG proxy,8.5,99.19,mg/dL,0.599,0.606,5.0,10.0,https://doi.org/10.1002/advs.202405518,model input resampled to 0.25-min intervals by linear interpolation; values are not normalized
Saha 2024,Saha_2024_Fig3b_Subject2,Fig3b_Subject2,Saha meal SBG proxy,8.75,99.19,mg/dL,0.599,0.606,5.0,10.0,https://doi.org/10.1002/advs.202405518,model input resampled to 0.25-min intervals by linear interpolation; values are not normalized
Saha 2024,Saha_2024_Fig3b_Subject2,Fig3b_Subject2,Saha meal SBG proxy,9.0,99.19,mg/dL,0.599,0.606,5.0,10.0,https://doi.org/10.1002/advs.202405518,model input resampled to 0.25-min intervals by linear interpolation; values are not normalized
Saha 2024,Saha_2024_Fig3b_Subject2,Fig3b_Subject2,Saha meal SBG proxy,9.25,99.19,mg/dL,0.599,0.606,5.0,10.0,https://doi.org/10.1002/advs.202405518,model input resampled to 0.25-min intervals by linear interpolation; values are not normalized
Saha 2024,Saha_2024_Fig3b_Subject2,Fig3b_Subject2,Saha meal SBG proxy,9.5,99.19,mg/dL,0.599,0.606,5.0,10.0,https://doi.org/10.1002/advs.202405518,model input resampled to 0.25-min intervals by linear interpolation; values are not normalized
Saha 2024,Saha_2024_Fig3b_Subject2,Fig3b_Subject2,Saha meal SBG proxy,9.75,99.19,mg/dL,0.599,0.606,5.0,10.0,https://doi.org/10.1002/advs.202405518,model input resampled to 0.25-min intervals by linear interpolation; values are not normalized
Saha 2024,Saha_2024_Fig3b_Subject2,Fig3b_Subject2,Saha meal SBG proxy,10.0,99.19,mg/dL,0.599,0.606,5.0,10.0,https://doi.org/10.1002/advs.202405518,model input resampled to 0.25-min intervals by linear interpolation; values are not normalized
Saha 2024,Saha_2024_Fig3b_Subject2,Fig3b_Subject2,Saha meal SBG proxy,10.25,99.19,mg/dL,0.599,0.606,5.0,10.0,https://doi.org/10.1002/advs.202405518,model input resampled to 0.25-min intervals by linear interpolation; values are not normalized
Saha 2024,Saha_2024_Fig3b_Subject2,Fig3b_Subject2,Saha meal SBG proxy,10.5,99.19,mg/dL,0.599,0.606,5.0,10.0,https://doi.org/10.1002/advs.202405518,model input resampled to 0.25-min intervals by linear interpolation; values are not normalized
Saha 2024,Saha_2024_Fig3b_Subject2,Fig3b_Subject2,Saha meal SBG proxy,10.75,99.19,mg/dL,0.599,0.606,5.0,10.0,https://doi.org/10.1002/advs.202405518,model input resampled to 0.25-min intervals by linear interpolation; values are not normalized
Saha 2024,Saha_2024_Fig3b_Subject2,Fig3b_Subject2,Saha meal SBG proxy,11.0,99.19,mg/dL,0.599,0.606,5.0,10.0,https://doi.org/10.1002/advs.202405518,model input resampled to 0.25-min intervals by linear interpolation; values are not normalized
Saha 2024,Saha_2024_Fig3b_Subject2,Fig3b_Subject2,Saha meal SBG proxy,11.25,99.19,mg/dL,0.599,0.606,5.0,10.0,https://doi.org/10.1002/advs.202405518,model input resampled to 0.25-min intervals by linear interpolation; values are not normalized
Saha 2024,Saha_2024_Fig3b_Subject2,Fig3b_Subject2,Saha meal SBG proxy,11.5,99.19,mg/dL,0.599,0.606,5.0,10.0,https://doi.org/10.1002/advs.202405518,model input resampled to 0.25-min intervals by linear interpolation; values are not normalized
Saha 2024,Saha_2024_Fig3b_Subject2,Fig3b_Subject2,Saha meal SBG proxy,11.75,99.19,mg/dL,0.599,0.606,5.0,10.0,https://doi.org/10.1002/advs.202405518,model input resampled to 0.25-min intervals by linear interpolation; values are not normalized
Saha 2024,Saha_2024_Fig3b_Subject2,Fig3b_Subject2,Saha meal SBG proxy,12.0,99.19,mg/dL,0.599,0.606,5.0,10.0,https://doi.org/10.1002/advs.202405518,model input resampled to 0.25-min intervals by linear interpolation; values are not normalized
Saha 2024,Saha_2024_Fig3b_Subject2,Fig3b_Subject2,Saha meal SBG proxy,12.25,99.19,mg/dL,0.599,0.606,5.0,10.0,https://doi.org/10.1002/advs.202405518,model input resampled to 0.25-min intervals by linear interpolation; values are not normalized
Saha 2024,Saha_2024_Fig3b_Subject2,Fig3b_Subject2,Saha meal SBG proxy,12.5,99.19,mg/dL,0.599,0.606,5.0,10.0,https://doi.org/10.1002/advs.202405518,model input resampled to 0.25-min intervals by linear interpolation; values are not normalized
Saha 2024,Saha_2024_Fig3b_Subject2,Fig3b_Subject2,Saha meal SBG proxy,12.75,99.19,mg/dL,0.599,0.606,5.0,10.0,https://doi.org/10.1002/advs.202405518,model input resampled to 0.25-min intervals by linear interpolation; values are not normalized
Saha 2024,Saha_2024_Fig3b_Subject2,Fig3b_Subject2,Saha meal SBG proxy,13.0,99.19,mg/dL,0.599,0.606,5.0,10.0,https://doi.org/10.1002/advs.202405518,model input resampled to 0.25-min intervals by linear interpolation; values are not normalized
Saha 2024,Saha_2024_Fig3b_Subject2,Fig3b_Subject2,Saha meal SBG proxy,13.25,99.19,mg/dL,0.599,0.606,5.0,10.0,https://doi.org/10.1002/advs.202405518,model input resampled to 0.25-min intervals by linear interpolation; values are not normalized
Saha 2024,Saha_2024_Fig3b_Subject2,Fig3b_Subject2,Saha meal SBG proxy,13.5,99.19,mg/dL,0.599,0.606,5.0,10.0,https://doi.org/10.1002/advs.202405518,model input resampled to 0.25-min intervals by linear interpolation; values are not normalized
Saha 2024,Saha_2024_Fig3b_Subject2,Fig3b_Subject2,Saha meal SBG proxy,13.75,99.19,mg/dL,0.599,0.606,5.0,10.0,https://doi.org/10.1002/advs.202405518,model input resampled to 0.25-min intervals by linear interpolation; values are not normalized
Saha 2024,Saha_2024_Fig3b_Subject2,Fig3b_Subject2,Saha meal SBG proxy,14.0,99.19,mg/dL,0.599,0.606,5.0,10.0,https://doi.org/10.1002/advs.202405518,model input resampled to 0.25-min intervals by linear interpolation; values are not normalized
Saha 2024,Saha_2024_Fig3b_Subject2,Fig3b_Subject2,Saha meal SBG proxy,14.25,99.19,mg/dL,0.599,0.606,5.0,10.0,https://doi.org/10.1002/advs.202405518,model input resampled to 0.25-min intervals by linear interpolation; values are not normalized
Saha 2024,Saha_2024_Fig3b_Subject2,Fig3b_Subject2,Saha meal SBG proxy,14.5,99.19,mg/dL,0.599,0.606,5.0,10.0,https://doi.org/10.1002/advs.202405518,model input resampled to 0.25-min intervals by linear interpolation; values are not normalized
Saha 2024,Saha_2024_Fig3b_Subject2,Fig3b_Subject2,Saha meal SBG proxy,14.75,99.19,mg/dL,0.599,0.606,5.0,10.0,https://doi.org/10.1002/advs.202405518,model input resampled to 0.25-min intervals by linear interpolation; values are not normalized
Saha 2024,Saha_2024_Fig3b_Subject2,Fig3b_Subject2,Saha meal SBG proxy,15.0,99.19,mg/dL,0.599,0.606,5.0,10.0,https://doi.org/10.1002/advs.202405518,model input resampled to 0.25-min intervals by linear interpolation; values are not normalized
Saha 2024,Saha_2024_Fig3b_Subject2,Fig3b_Subject2,Saha meal SBG proxy,15.25,99.19,mg/dL,0.599,0.606,5.0,10.0,https://doi.org/10.1002/advs.202405518,model input resampled to 0.25-min intervals by linear interpolation; values are not normalized
Saha 2024,Saha_2024_Fig3b_Subject2,Fig3b_Subject2,Saha meal SBG proxy,15.5,99.19,mg/dL,0.599,0.606,5.0,10.0,https://doi.org/10.1002/advs.202405518,model input resampled to 0.25-min intervals by linear interpolation; values are not normalized
Saha 2024,Saha_2024_Fig3b_Subject2,Fig3b_Subject2,Saha meal SBG proxy,15.75,99.19,mg/dL,0.599,0.606,5.0,10.0,https://doi.org/10.1002/advs.202405518,model input resampled to 0.25-min intervals by linear interpolation; values are not normalized
Saha 2024,Saha_2024_Fig3b_Subject2,Fig3b_Subject2,Saha meal SBG proxy,16.0,99.19,mg/dL,0.599,0.606,5.0,10.0,https://doi.org/10.1002/advs.202405518,model input resampled to 0.25-min intervals by linear interpolation; values are not normalized
Saha 2024,Saha_2024_Fig3b_Subject2,Fig3b_Subject2,Saha meal SBG proxy,16.25,99.215,mg/dL,0.599,0.606,5.0,10.0,https://doi.org/10.1002/advs.202405518,model input resampled to 0.25-min intervals by linear interpolation; values are not normalized
Saha 2024,Saha_2024_Fig3b_Subject2,Fig3b_Subject2,Saha meal SBG proxy,16.5,99.24,mg/dL,0.599,0.606,5.0,10.0,https://doi.org/10.1002/advs.202405518,model input resampled to 0.25-min intervals by linear interpolation; values are not normalized
Saha 2024,Saha_2024_Fig3b_Subject2,Fig3b_Subject2,Saha meal SBG proxy,16.75,99.265,mg/dL,0.599,0.606,5.0,10.0,https://doi.org/10.1002/advs.202405518,model input resampled to 0.25-min intervals by linear interpolation; values are not normalized
Saha 2024,Saha_2024_Fig3b_Subject2,Fig3b_Subject2,Saha meal SBG proxy,17.0,99.28999999999999,mg/dL,0.599,0.606,5.0,10.0,https://doi.org/10.1002/advs.202405518,model input resampled to 0.25-min intervals by linear interpolation; values are not normalized
Saha 2024,Saha_2024_Fig3b_Subject2,Fig3b_Subject2,Saha meal SBG proxy,17.25,99.315,mg/dL,0.599,0.606,5.0,10.0,https://doi.org/10.1002/advs.202405518,model input resampled to 0.25-min intervals by linear interpolation; values are not normalized
Saha 2024,Saha_2024_Fig3b_Subject2,Fig3b_Subject2,Saha meal SBG proxy,17.5,99.34,mg/dL,0.599,0.606,5.0,10.0,https://doi.org/10.1002/advs.202405518,model input resampled to 0.25-min intervals by linear interpolation; values are not normalized
Saha 2024,Saha_2024_Fig3b_Subject2,Fig3b_Subject2,Saha meal SBG proxy,17.75,99.365,mg/dL,0.599,0.606,5.0,10.0,https://doi.org/10.1002/advs.202405518,model input resampled to 0.25-min intervals by linear interpolation; values are not normalized
Saha 2024,Saha_2024_Fig3b_Subject2,Fig3b_Subject2,Saha meal SBG proxy,18.0,99.39,mg/dL,0.599,0.606,5.0,10.0,https://doi.org/10.1002/advs.202405518,model input resampled to 0.25-min intervals by linear interpolation; values are not normalized
Saha 2024,Saha_2024_Fig3b_Subject2,Fig3b_Subject2,Saha meal SBG proxy,18.25,99.42875000000001,mg/dL,0.599,0.606,5.0,10.0,https://doi.org/10.1002/advs.202405518,model input resampled to 0.25-min intervals by linear interpolation; values are not normalized
Saha 2024,Saha_2024_Fig3b_Subject2,Fig3b_Subject2,Saha meal SBG proxy,18.5,99.4675,mg/dL,0.599,0.606,5.0,10.0,https://doi.org/10.1002/advs.202405518,model input resampled to 0.25-min intervals by linear interpolation; values are not normalized
Saha 2024,Saha_2024_Fig3b_Subject2,Fig3b_Subject2,Saha meal SBG proxy,18.75,99.50625,mg/dL,0.599,0.606,5.0,10.0,https://doi.org/10.1002/advs.202405518,model input resampled to 0.25-min intervals by linear interpolation; values are not normalized
Saha 2024,Saha_2024_Fig3b_Subject2,Fig3b_Subject2,Saha meal SBG proxy,19.0,99.545,mg/dL,0.599,0.606,5.0,10.0,https://doi.org/10.1002/advs.202405518,model input resampled to 0.25-min intervals by linear interpolation; values are not normalized
Saha 2024,Saha_2024_Fig3b_Subject2,Fig3b_Subject2,Saha meal SBG proxy,19.25,99.58375000000001,mg/dL,0.599,0.606,5.0,10.0,https://doi.org/10.1002/advs.202405518,model input resampled to 0.25-min intervals by linear interpolation; values are not normalized
Saha 2024,Saha_2024_Fig3b_Subject2,Fig3b_Subject2,Saha meal SBG proxy,19.5,99.6225,mg/dL,0.599,0.606,5.0,10.0,https://doi.org/10.1002/advs.202405518,model input resampled to 0.25-min intervals by linear interpolation; values are not normalized
Saha 2024,Saha_2024_Fig3b_Subject2,Fig3b_Subject2,Saha meal SBG proxy,19.75,99.66125,mg/dL,0.599,0.606,5.0,10.0,https://doi.org/10.1002/advs.202405518,model input resampled to 0.25-min intervals by linear interpolation; values are not normalized
Saha 2024,Saha_2024_Fig3b_Subject2,Fig3b_Subject2,Saha meal SBG proxy,20.0,99.7,mg/dL,0.599,0.606,5.0,10.0,https://doi.org/10.1002/advs.202405518,model input resampled to 0.25-min intervals by linear interpolation; values are not normalized
Saha 2024,Saha_2024_Fig3b_Subject2,Fig3b_Subject2,Saha meal SBG proxy,20.25,99.7375,mg/dL,0.599,0.606,5.0,10.0,https://doi.org/10.1002/advs.202405518,model input resampled to 0.25-min intervals by linear interpolation; values are not normalized
Saha 2024,Saha_2024_Fig3b_Subject2,Fig3b_Subject2,Saha meal SBG proxy,20.5,99.775,mg/dL,0.599,0.606,5.0,10.0,https://doi.org/10.1002/advs.202405518,model input resampled to 0.25-min intervals by linear interpolation; values are not normalized
Saha 2024,Saha_2024_Fig3b_Subject2,Fig3b_Subject2,Saha meal SBG proxy,20.75,99.8125,mg/dL,0.599,0.606,5.0,10.0,https://doi.org/10.1002/advs.202405518,model input resampled to 0.25-min intervals by linear interpolation; values are not normalized
Saha 2024,Saha_2024_Fig3b_Subject2,Fig3b_Subject2,Saha meal SBG proxy,21.0,99.85,mg/dL,0.599,0.606,5.0,10.0,https://doi.org/10.1002/advs.202405518,model input resampled to 0.25-min intervals by linear interpolation; values are not normalized
Saha 2024,Saha_2024_Fig3b_Subject2,Fig3b_Subject2,Saha meal SBG proxy,21.25,99.8875,mg/dL,0.599,0.606,5.0,10.0,https://doi.org/10.1002/advs.202405518,model input resampled to 0.25-min intervals by linear interpolation; values are not normalized
Saha 2024,Saha_2024_Fig3b_Subject2,Fig3b_Subject2,Saha meal SBG proxy,21.5,99.925,mg/dL,0.599,0.606,5.0,10.0,https://doi.org/10.1002/advs.202405518,model input resampled to 0.25-min intervals by linear interpolation; values are not normalized
Saha 2024,Saha_2024_Fig3b_Subject2,Fig3b_Subject2,Saha meal SBG proxy,21.75,99.9625,mg/dL,0.599,0.606,5.0,10.0,https://doi.org/10.1002/advs.202405518,model input resampled to 0.25-min intervals by linear interpolation; values are not normalized
Saha 2024,Saha_2024_Fig3b_Subject2,Fig3b_Subject2,Saha meal SBG proxy,22.0,100.0,mg/dL,0.599,0.606,5.0,10.0,https://doi.org/10.1002/advs.202405518,model input resampled to 0.25-min intervals by linear interpolation; values are not normalized
Saha 2024,Saha_2024_Fig3b_Subject2,Fig3b_Subject2,Saha meal SBG proxy,22.25,100.0125,mg/dL,0.599,0.606,5.0,10.0,https://doi.org/10.1002/advs.202405518,model input resampled to 0.25-min intervals by linear interpolation; values are not normalized
Saha 2024,Saha_2024_Fig3b_Subject2,Fig3b_Subject2,Saha meal SBG proxy,22.5,100.025,mg/dL,0.599,0.606,5.0,10.0,https://doi.org/10.1002/advs.202405518,model input resampled to 0.25-min intervals by linear interpolation; values are not normalized
Saha 2024,Saha_2024_Fig3b_Subject2,Fig3b_Subject2,Saha meal SBG proxy,22.75,100.0375,mg/dL,0.599,0.606,5.0,10.0,https://doi.org/10.1002/advs.202405518,model input resampled to 0.25-min intervals by linear interpolation; values are not normalized
Saha 2024,Saha_2024_Fig3b_Subject2,Fig3b_Subject2,Saha meal SBG proxy,23.0,100.05,mg/dL,0.599,0.606,5.0,10.0,https://doi.org/10.1002/advs.202405518,model input resampled to 0.25-min intervals by linear interpolation; values are not normalized
Saha 2024,Saha_2024_Fig3b_Subject2,Fig3b_Subject2,Saha meal SBG proxy,23.25,100.0625,mg/dL,0.599,0.606,5.0,10.0,https://doi.org/10.1002/advs.202405518,model input resampled to 0.25-min intervals by linear interpolation; values are not normalized
Saha 2024,Saha_2024_Fig3b_Subject2,Fig3b_Subject2,Saha meal SBG proxy,23.5,100.07499999999999,mg/dL,0.599,0.606,5.0,10.0,https://doi.org/10.1002/advs.202405518,model input resampled to 0.25-min intervals by linear interpolation; values are not normalized
Saha 2024,Saha_2024_Fig3b_Subject2,Fig3b_Subject2,Saha meal SBG proxy,23.75,100.08749999999999,mg/dL,0.599,0.606,5.0,10.0,https://doi.org/10.1002/advs.202405518,model input resampled to 0.25-min intervals by linear interpolation; values are not normalized
Saha 2024,Saha_2024_Fig3b_Subject2,Fig3b_Subject2,Saha meal SBG proxy,24.0,100.1,mg/dL,0.599,0.606,5.0,10.0,https://doi.org/10.1002/advs.202405518,model input resampled to 0.25-min intervals by linear interpolation; values are not normalized
Saha 2024,Saha_2024_Fig3b_Subject2,Fig3b_Subject2,Saha meal SBG proxy,24.25,100.125,mg/dL,0.599,0.606,5.0,10.0,https://doi.org/10.1002/advs.202405518,model input resampled to 0.25-min intervals by linear interpolation; values are not normalized
Saha 2024,Saha_2024_Fig3b_Subject2,Fig3b_Subject2,Saha meal SBG proxy,24.5,100.14999999999999,mg/dL,0.599,0.606,5.0,10.0,https://doi.org/10.1002/advs.202405518,model input resampled to 0.25-min intervals by linear interpolation; values are not normalized
Saha 2024,Saha_2024_Fig3b_Subject2,Fig3b_Subject2,Saha meal SBG proxy,24.75,100.175,mg/dL,0.599,0.606,5.0,10.0,https://doi.org/10.1002/advs.202405518,model input resampled to 0.25-min intervals by linear interpolation; values are not normalized
Saha 2024,Saha_2024_Fig3b_Subject2,Fig3b_Subject2,Saha meal SBG proxy,25.0,100.19999999999999,mg/dL,0.599,0.606,5.0,10.0,https://doi.org/10.1002/advs.202405518,model input resampled to 0.25-min intervals by linear interpolation; values are not normalized
Saha 2024,Saha_2024_Fig3b_Subject2,Fig3b_Subject2,Saha meal SBG proxy,25.25,100.225,mg/dL,0.599,0.606,5.0,10.0,https://doi.org/10.1002/advs.202405518,model input resampled to 0.25-min intervals by linear interpolation; values are not normalized
Saha 2024,Saha_2024_Fig3b_Subject2,Fig3b_Subject2,Saha meal SBG proxy,25.5,100.25,mg/dL,0.599,0.606,5.0,10.0,https://doi.org/10.1002/advs.202405518,model input resampled to 0.25-min intervals by linear interpolation; values are not normalized
Saha 2024,Saha_2024_Fig3b_Subject2,Fig3b_Subject2,Saha meal SBG proxy,25.75,100.27499999999999,mg/dL,0.599,0.606,5.0,10.0,https://doi.org/10.1002/advs.202405518,model input resampled to 0.25-min intervals by linear interpolation; values are not normalized
Saha 2024,Saha_2024_Fig3b_Subject2,Fig3b_Subject2,Saha meal SBG proxy,26.0,100.3,mg/dL,0.599,0.606,5.0,10.0,https://doi.org/10.1002/advs.202405518,model input resampled to 0.25-min intervals by linear interpolation; values are not normalized
Saha 2024,Saha_2024_Fig3b_Subject2,Fig3b_Subject2,Saha meal SBG proxy,26.25,100.33875,mg/dL,0.599,0.606,5.0,10.0,https://doi.org/10.1002/advs.202405518,model input resampled to 0.25-min intervals by linear interpolation; values are not normalized
Saha 2024,Saha_2024_Fig3b_Subject2,Fig3b_Subject2,Saha meal SBG proxy,26.5,100.3775,mg/dL,0.599,0.606,5.0,10.0,https://doi.org/10.1002/advs.202405518,model input resampled to 0.25-min intervals by linear interpolation; values are not normalized
Saha 2024,Saha_2024_Fig3b_Subject2,Fig3b_Subject2,Saha meal SBG proxy,26.75,100.41624999999999,mg/dL,0.599,0.606,5.0,10.0,https://doi.org/10.1002/advs.202405518,model input resampled to 0.25-min intervals by linear interpolation; values are not normalized
Saha 2024,Saha_2024_Fig3b_Subject2,Fig3b_Subject2,Saha meal SBG proxy,27.0,100.455,mg/dL,0.599,0.606,5.0,10.0,https://doi.org/10.1002/advs.202405518,model input resampled to 0.25-min intervals by linear interpolation; values are not normalized
Saha 2024,Saha_2024_Fig3b_Subject2,Fig3b_Subject2,Saha meal SBG proxy,27.25,100.49375,mg/dL,0.599,0.606,5.0,10.0,https://doi.org/10.1002/advs.202405518,model input resampled to 0.25-min intervals by linear interpolation; values are not normalized
Saha 2024,Saha_2024_Fig3b_Subject2,Fig3b_Subject2,Saha meal SBG proxy,27.5,100.5325,mg/dL,0.599,0.606,5.0,10.0,https://doi.org/10.1002/advs.202405518,model input resampled to 0.25-min intervals by linear interpolation; values are not normalized
Saha 2024,Saha_2024_Fig3b_Subject2,Fig3b_Subject2,Saha meal SBG proxy,27.75,100.57124999999999,mg/dL,0.599,0.606,5.0,10.0,https://doi.org/10.1002/advs.202405518,model input resampled to 0.25-min intervals by linear interpolation; values are not normalized
Saha 2024,Saha_2024_Fig3b_Subject2,Fig3b_Subject2,Saha meal SBG proxy,28.0,100.61,mg/dL,0.599,0.606,5.0,10.0,https://doi.org/10.1002/advs.202405518,model input resampled to 0.25-min intervals by linear interpolation; values are not normalized
Saha 2024,Saha_2024_Fig3b_Subject2,Fig3b_Subject2,Saha meal SBG proxy,28.25,100.635,mg/dL,0.599,0.606,5.0,10.0,https://doi.org/10.1002/advs.202405518,model input resampled to 0.25-min intervals by linear interpolation; values are not normalized
Saha 2024,Saha_2024_Fig3b_Subject2,Fig3b_Subject2,Saha meal SBG proxy,28.5,100.66,mg/dL,0.599,0.606,5.0,10.0,https://doi.org/10.1002/advs.202405518,model input resampled to 0.25-min intervals by linear interpolation; values are not normalized
Saha 2024,Saha_2024_Fig3b_Subject2,Fig3b_Subject2,Saha meal SBG proxy,28.75,100.685,mg/dL,0.599,0.606,5.0,10.0,https://doi.org/10.1002/advs.202405518,model input resampled to 0.25-min intervals by linear interpolation; values are not normalized
Saha 2024,Saha_2024_Fig3b_Subject2,Fig3b_Subject2,Saha meal SBG proxy,29.0,100.71000000000001,mg/dL,0.599,0.606,5.0,10.0,https://doi.org/10.1002/advs.202405518,model input resampled to 0.25-min intervals by linear interpolation; values are not normalized
Saha 2024,Saha_2024_Fig3b_Subject2,Fig3b_Subject2,Saha meal SBG proxy,29.25,100.735,mg/dL,0.599,0.606,5.0,10.0,https://doi.org/10.1002/advs.202405518,model input resampled to 0.25-min intervals by linear interpolation; values are not normalized
Saha 2024,Saha_2024_Fig3b_Subject2,Fig3b_Subject2,Saha meal SBG proxy,29.5,100.76,mg/dL,0.599,0.606,5.0,10.0,https://doi.org/10.1002/advs.202405518,model input resampled to 0.25-min intervals by linear interpolation; values are not normalized
Saha 2024,Saha_2024_Fig3b_Subject2,Fig3b_Subject2,Saha meal SBG proxy,29.75,100.785,mg/dL,0.599,0.606,5.0,10.0,https://doi.org/10.1002/advs.202405518,model input resampled to 0.25-min intervals by linear interpolation; values are not normalized
Saha 2024,Saha_2024_Fig3b_Subject2,Fig3b_Subject2,Saha meal SBG proxy,30.0,100.81,mg/dL,0.599,0.606,5.0,10.0,https://doi.org/10.1002/advs.202405518,model input resampled to 0.25-min intervals by linear interpolation; values are not normalized
Saha 2024,Saha_2024_Fig3b_Subject2,Fig3b_Subject2,Saha meal SBG proxy,30.25,100.8725,mg/dL,0.599,0.606,5.0,10.0,https://doi.org/10.1002/advs.202405518,model input resampled to 0.25-min intervals by linear interpolation; values are not normalized
Saha 2024,Saha_2024_Fig3b_Subject2,Fig3b_Subject2,Saha meal SBG proxy,30.5,100.935,mg/dL,0.599,0.606,5.0,10.0,https://doi.org/10.1002/advs.202405518,model input resampled to 0.25-min intervals by linear interpolation; values are not normalized
Saha 2024,Saha_2024_Fig3b_Subject2,Fig3b_Subject2,Saha meal SBG proxy,30.75,100.9975,mg/dL,0.599,0.606,5.0,10.0,https://doi.org/10.1002/advs.202405518,model input resampled to 0.25-min intervals by linear interpolation; values are not normalized
Saha 2024,Saha_2024_Fig3b_Subject2,Fig3b_Subject2,Saha meal SBG proxy,31.0,101.06,mg/dL,0.599,0.606,5.0,10.0,https://doi.org/10.1002/advs.202405518,model input resampled to 0.25-min intervals by linear interpolation; values are not normalized
Saha 2024,Saha_2024_Fig3b_Subject2,Fig3b_Subject2,Saha meal SBG proxy,31.25,101.1225,mg/dL,0.599,0.606,5.0,10.0,https://doi.org/10.1002/advs.202405518,model input resampled to 0.25-min intervals by linear interpolation; values are not normalized
Saha 2024,Saha_2024_Fig3b_Subject2,Fig3b_Subject2,Saha meal SBG proxy,31.5,101.185,mg/dL,0.599,0.606,5.0,10.0,https://doi.org/10.1002/advs.202405518,model input resampled to 0.25-min intervals by linear interpolation; values are not normalized
Saha 2024,Saha_2024_Fig3b_Subject2,Fig3b_Subject2,Saha meal SBG proxy,31.75,101.2475,mg/dL,0.599,0.606,5.0,10.0,https://doi.org/10.1002/advs.202405518,model input resampled to 0.25-min intervals by linear interpolation; values are not normalized
Saha 2024,Saha_2024_Fig3b_Subject2,Fig3b_Subject2,Saha meal SBG proxy,32.0,101.31,mg/dL,0.599,0.606,5.0,10.0,https://doi.org/10.1002/advs.202405518,model input resampled to 0.25-min intervals by linear interpolation; values are not normalized
Saha 2024,Saha_2024_Fig3b_Subject2,Fig3b_Subject2,Saha meal SBG proxy,32.25,101.36125,mg/dL,0.599,0.606,5.0,10.0,https://doi.org/10.1002/advs.202405518,model input resampled to 0.25-min intervals by linear interpolation; values are not normalized
Saha 2024,Saha_2024_Fig3b_Subject2,Fig3b_Subject2,Saha meal SBG proxy,32.5,101.4125,mg/dL,0.599,0.606,5.0,10.0,https://doi.org/10.1002/advs.202405518,model input resampled to 0.25-min intervals by linear interpolation; values are not normalized
Saha 2024,Saha_2024_Fig3b_Subject2,Fig3b_Subject2,Saha meal SBG proxy,32.75,101.46375,mg/dL,0.599,0.606,5.0,10.0,https://doi.org/10.1002/advs.202405518,model input resampled to 0.25-min intervals by linear interpolation; values are not normalized
Saha 2024,Saha_2024_Fig3b_Subject2,Fig3b_Subject2,Saha meal SBG proxy,33.0,101.515,mg/dL,0.599,0.606,5.0,10.0,https://doi.org/10.1002/advs.202405518,model input resampled to 0.25-min intervals by linear interpolation; values are not normalized
Saha 2024,Saha_2024_Fig3b_Subject2,Fig3b_Subject2,Saha meal SBG proxy,33.25,101.56625,mg/dL,0.599,0.606,5.0,10.0,https://doi.org/10.1002/advs.202405518,model input resampled to 0.25-min intervals by linear interpolation; values are not normalized
Saha 2024,Saha_2024_Fig3b_Subject2,Fig3b_Subject2,Saha meal SBG proxy,33.5,101.6175,mg/dL,0.599,0.606,5.0,10.0,https://doi.org/10.1002/advs.202405518,model input resampled to 0.25-min intervals by linear interpolation; values are not normalized
Saha 2024,Saha_2024_Fig3b_Subject2,Fig3b_Subject2,Saha meal SBG proxy,33.75,101.66875,mg/dL,0.599,0.606,5.0,10.0,https://doi.org/10.1002/advs.202405518,model input resampled to 0.25-min intervals by linear interpolation; values are not normalized
Saha 2024,Saha_2024_Fig3b_Subject2,Fig3b_Subject2,Saha meal SBG proxy,34.0,101.72,mg/dL,0.599,0.606,5.0,10.0,https://doi.org/10.1002/advs.202405518,model input resampled to 0.25-min intervals by linear interpolation; values are not normalized
Saha 2024,Saha_2024_Fig3b_Subject2,Fig3b_Subject2,Saha meal SBG proxy,34.25,101.795,mg/dL,0.599,0.606,5.0,10.0,https://doi.org/10.1002/advs.202405518,model input resampled to 0.25-min intervals by linear interpolation; values are not normalized
Saha 2024,Saha_2024_Fig3b_Subject2,Fig3b_Subject2,Saha meal SBG proxy,34.5,101.87,mg/dL,0.599,0.606,5.0,10.0,https://doi.org/10.1002/advs.202405518,model input resampled to 0.25-min intervals by linear interpolation; values are not normalized
Saha 2024,Saha_2024_Fig3b_Subject2,Fig3b_Subject2,Saha meal SBG proxy,34.75,101.945,mg/dL,0.599,0.606,5.0,10.0,https://doi.org/10.1002/advs.202405518,model input resampled to 0.25-min intervals by linear interpolation; values are not normalized
Saha 2024,Saha_2024_Fig3b_Subject2,Fig3b_Subject2,Saha meal SBG proxy,35.0,102.02,mg/dL,0.599,0.606,5.0,10.0,https://doi.org/10.1002/advs.202405518,model input resampled to 0.25-min intervals by linear interpolation; values are not normalized
Saha 2024,Saha_2024_Fig3b_Subject2,Fig3b_Subject2,Saha meal SBG proxy,35.25,102.095,mg/dL,0.599,0.606,5.0,10.0,https://doi.org/10.1002/advs.202405518,model input resampled to 0.25-min intervals by linear interpolation; values are not normalized
Saha 2024,Saha_2024_Fig3b_Subject2,Fig3b_Subject2,Saha meal SBG proxy,35.5,102.16999999999999,mg/dL,0.599,0.606,5.0,10.0,https://doi.org/10.1002/advs.202405518,model input resampled to 0.25-min intervals by linear interpolation; values are not normalized
Saha 2024,Saha_2024_Fig3b_Subject2,Fig3b_Subject2,Saha meal SBG proxy,35.75,102.24499999999999,mg/dL,0.599,0.606,5.0,10.0,https://doi.org/10.1002/advs.202405518,model input resampled to 0.25-min intervals by linear interpolation; values are not normalized
Saha 2024,Saha_2024_Fig3b_Subject2,Fig3b_Subject2,Saha meal SBG proxy,36.0,102.32,mg/dL,0.599,0.606,5.0,10.0,https://doi.org/10.1002/advs.202405518,model input resampled to 0.25-min intervals by linear interpolation; values are not normalized
Saha 2024,Saha_2024_Fig3b_Subject2,Fig3b_Subject2,Saha meal SBG proxy,36.25,102.37124999999999,mg/dL,0.599,0.606,5.0,10.0,https://doi.org/10.1002/advs.202405518,model input resampled to 0.25-min intervals by linear interpolation; values are not normalized
Saha 2024,Saha_2024_Fig3b_Subject2,Fig3b_Subject2,Saha meal SBG proxy,36.5,102.4225,mg/dL,0.599,0.606,5.0,10.0,https://doi.org/10.1002/advs.202405518,model input resampled to 0.25-min intervals by linear interpolation; values are not normalized
Saha 2024,Saha_2024_Fig3b_Subject2,Fig3b_Subject2,Saha meal SBG proxy,36.75,102.47375,mg/dL,0.599,0.606,5.0,10.0,https://doi.org/10.1002/advs.202405518,model input resampled to 0.25-min intervals by linear interpolation; values are not normalized
Saha 2024,Saha_2024_Fig3b_Subject2,Fig3b_Subject2,Saha meal SBG proxy,37.0,102.525,mg/dL,0.599,0.606,5.0,10.0,https://doi.org/10.1002/advs.202405518,model input resampled to 0.25-min intervals by linear interpolation; values are not normalized
Saha 2024,Saha_2024_Fig3b_Subject2,Fig3b_Subject2,Saha meal SBG proxy,37.25,102.57625,mg/dL,0.599,0.606,5.0,10.0,https://doi.org/10.1002/advs.202405518,model input resampled to 0.25-min intervals by linear interpolation; values are not normalized
Saha 2024,Saha_2024_Fig3b_Subject2,Fig3b_Subject2,Saha meal SBG proxy,37.5,102.6275,mg/dL,0.599,0.606,5.0,10.0,https://doi.org/10.1002/advs.202405518,model input resampled to 0.25-min intervals by linear interpolation; values are not normalized
Saha 2024,Saha_2024_Fig3b_Subject2,Fig3b_Subject2,Saha meal SBG proxy,37.75,102.67875000000001,mg/dL,0.599,0.606,5.0,10.0,https://doi.org/10.1002/advs.202405518,model input resampled to 0.25-min intervals by linear interpolation; values are not normalized
Saha 2024,Saha_2024_Fig3b_Subject2,Fig3b_Subject2,Saha meal SBG proxy,38.0,102.73,mg/dL,0.599,0.606,5.0,10.0,https://doi.org/10.1002/advs.202405518,model input resampled to 0.25-min intervals by linear interpolation; values are not normalized
Saha 2024,Saha_2024_Fig3b_Subject2,Fig3b_Subject2,Saha meal SBG proxy,38.25,102.805,mg/dL,0.599,0.606,5.0,10.0,https://doi.org/10.1002/advs.202405518,model input resampled to 0.25-min intervals by linear interpolation; values are not normalized
Saha 2024,Saha_2024_Fig3b_Subject2,Fig3b_Subject2,Saha meal SBG proxy,38.5,102.88,mg/dL,0.599,0.606,5.0,10.0,https://doi.org/10.1002/advs.202405518,model input resampled to 0.25-min intervals by linear interpolation; values are not normalized
Saha 2024,Saha_2024_Fig3b_Subject2,Fig3b_Subject2,Saha meal SBG proxy,38.75,102.955,mg/dL,0.599,0.606,5.0,10.0,https://doi.org/10.1002/advs.202405518,model input resampled to 0.25-min intervals by linear interpolation; values are not normalized
Saha 2024,Saha_2024_Fig3b_Subject2,Fig3b_Subject2,Saha meal SBG proxy,39.0,103.03,mg/dL,0.599,0.606,5.0,10.0,https://doi.org/10.1002/advs.202405518,model input resampled to 0.25-min intervals by linear interpolation; values are not normalized
Saha 2024,Saha_2024_Fig3b_Subject2,Fig3b_Subject2,Saha meal SBG proxy,39.25,103.105,mg/dL,0.599,0.606,5.0,10.0,https://doi.org/10.1002/advs.202405518,model input resampled to 0.25-min intervals by linear interpolation; values are not normalized
Saha 2024,Saha_2024_Fig3b_Subject2,Fig3b_Subject2,Saha meal SBG proxy,39.5,103.18,mg/dL,0.599,0.606,5.0,10.0,https://doi.org/10.1002/advs.202405518,model input resampled to 0.25-min intervals by linear interpolation; values are not normalized
Saha 2024,Saha_2024_Fig3b_Subject2,Fig3b_Subject2,Saha meal SBG proxy,39.75,103.255,mg/dL,0.599,0.606,5.0,10.0,https://doi.org/10.1002/advs.202405518,model input resampled to 0.25-min intervals by linear interpolation; values are not normalized
Saha 2024,Saha_2024_Fig3b_Subject2,Fig3b_Subject2,Saha meal SBG proxy,40.0,103.33,mg/dL,0.599,0.606,5.0,10.0,https://doi.org/10.1002/advs.202405518,model input resampled to 0.25-min intervals by linear interpolation; values are not normalized
Saha 2024,Saha_2024_Fig3b_Subject2,Fig3b_Subject2,Saha meal SBG proxy,40.25,103.39375,mg/dL,0.599,0.606,5.0,10.0,https://doi.org/10.1002/advs.202405518,model input resampled to 0.25-min intervals by linear interpolation; values are not normalized
Saha 2024,Saha_2024_Fig3b_Subject2,Fig3b_Subject2,Saha meal SBG proxy,40.5,103.4575,mg/dL,0.599,0.606,5.0,10.0,https://doi.org/10.1002/advs.202405518,model input resampled to 0.25-min intervals by linear interpolation; values are not normalized
Saha 2024,Saha_2024_Fig3b_Subject2,Fig3b_Subject2,Saha meal SBG proxy,40.75,103.52125,mg/dL,0.599,0.606,5.0,10.0,https://doi.org/10.1002/advs.202405518,model input resampled to 0.25-min intervals by linear interpolation; values are not normalized
Saha 2024,Saha_2024_Fig3b_Subject2,Fig3b_Subject2,Saha meal SBG proxy,41.0,103.58500000000001,mg/dL,0.599,0.606,5.0,10.0,https://doi.org/10.1002/advs.202405518,model input resampled to 0.25-min intervals by linear interpolation; values are not normalized
Saha 2024,Saha_2024_Fig3b_Subject2,Fig3b_Subject2,Saha meal SBG proxy,41.25,103.64875,mg/dL,0.599,0.606,5.0,10.0,https://doi.org/10.1002/advs.202405518,model input resampled to 0.25-min intervals by linear interpolation; values are not normalized
Saha 2024,Saha_2024_Fig3b_Subject2,Fig3b_Subject2,Saha meal SBG proxy,41.5,103.7125,mg/dL,0.599,0.606,5.0,10.0,https://doi.org/10.1002/advs.202405518,model input resampled to 0.25-min intervals by linear interpolation; values are not normalized
Saha 2024,Saha_2024_Fig3b_Subject2,Fig3b_Subject2,Saha meal SBG proxy,41.75,103.77625,mg/dL,0.599,0.606,5.0,10.0,https://doi.org/10.1002/advs.202405518,model input resampled to 0.25-min intervals by linear interpolation; values are not normalized
Saha 2024,Saha_2024_Fig3b_Subject2,Fig3b_Subject2,Saha meal SBG proxy,42.0,103.84,mg/dL,0.599,0.606,5.0,10.0,https://doi.org/10.1002/advs.202405518,model input resampled to 0.25-min intervals by linear interpolation; values are not normalized
Saha 2024,Saha_2024_Fig3b_Subject2,Fig3b_Subject2,Saha meal SBG proxy,42.25,103.92875000000001,mg/dL,0.599,0.606,5.0,10.0,https://doi.org/10.1002/advs.202405518,model input resampled to 0.25-min intervals by linear interpolation; values are not normalized
Saha 2024,Saha_2024_Fig3b_Subject2,Fig3b_Subject2,Saha meal SBG proxy,42.5,104.0175,mg/dL,0.599,0.606,5.0,10.0,https://doi.org/10.1002/advs.202405518,model input resampled to 0.25-min intervals by linear interpolation; values are not normalized
Saha 2024,Saha_2024_Fig3b_Subject2,Fig3b_Subject2,Saha meal SBG proxy,42.75,104.10625,mg/dL,0.599,0.606,5.0,10.0,https://doi.org/10.1002/advs.202405518,model input resampled to 0.25-min intervals by linear interpolation; values are not normalized
Saha 2024,Saha_2024_Fig3b_Subject2,Fig3b_Subject2,Saha meal SBG proxy,43.0,104.195,mg/dL,0.599,0.606,5.0,10.0,https://doi.org/10.1002/advs.202405518,model input resampled to 0.25-min intervals by linear interpolation; values are not normalized
Saha 2024,Saha_2024_Fig3b_Subject2,Fig3b_Subject2,Saha meal SBG proxy,43.25,104.28375,mg/dL,0.599,0.606,5.0,10.0,https://doi.org/10.1002/advs.202405518,model input resampled to 0.25-min intervals by linear interpolation; values are not normalized
Saha 2024,Saha_2024_Fig3b_Subject2,Fig3b_Subject2,Saha meal SBG proxy,43.5,104.3725,mg/dL,0.599,0.606,5.0,10.0,https://doi.org/10.1002/advs.202405518,model input resampled to 0.25-min intervals by linear interpolation; values are not normalized
Saha 2024,Saha_2024_Fig3b_Subject2,Fig3b_Subject2,Saha meal SBG proxy,43.75,104.46124999999999,mg/dL,0.599,0.606,5.0,10.0,https://doi.org/10.1002/advs.202405518,model input resampled to 0.25-min intervals by linear interpolation; values are not normalized
Saha 2024,Saha_2024_Fig3b_Subject2,Fig3b_Subject2,Saha meal SBG proxy,44.0,104.55,mg/dL,0.599,0.606,5.0,10.0,https://doi.org/10.1002/advs.202405518,model input resampled to 0.25-min intervals by linear interpolation; values are not normalized
Saha 2024,Saha_2024_Fig3b_Subject2,Fig3b_Subject2,Saha meal SBG proxy,44.25,104.68875,mg/dL,0.599,0.606,5.0,10.0,https://doi.org/10.1002/advs.202405518,model input resampled to 0.25-min intervals by linear interpolation; values are not normalized
Saha 2024,Saha_2024_Fig3b_Subject2,Fig3b_Subject2,Saha meal SBG proxy,44.5,104.8275,mg/dL,0.599,0.606,5.0,10.0,https://doi.org/10.1002/advs.202405518,model input resampled to 0.25-min intervals by linear interpolation; values are not normalized
Saha 2024,Saha_2024_Fig3b_Subject2,Fig3b_Subject2,Saha meal SBG proxy,44.75,104.96625,mg/dL,0.599,0.606,5.0,10.0,https://doi.org/10.1002/advs.202405518,model input resampled to 0.25-min intervals by linear interpolation; values are not normalized
Saha 2024,Saha_2024_Fig3b_Subject2,Fig3b_Subject2,Saha meal SBG proxy,45.0,105.10499999999999,mg/dL,0.599,0.606,5.0,10.0,https://doi.org/10.1002/advs.202405518,model input resampled to 0.25-min intervals by linear interpolation; values are not normalized
Saha 2024,Saha_2024_Fig3b_Subject2,Fig3b_Subject2,Saha meal SBG proxy,45.25,105.24374999999999,mg/dL,0.599,0.606,5.0,10.0,https://doi.org/10.1002/advs.202405518,model input resampled to 0.25-min intervals by linear interpolation; values are not normalized
Saha 2024,Saha_2024_Fig3b_Subject2,Fig3b_Subject2,Saha meal SBG proxy,45.5,105.3825,mg/dL,0.599,0.606,5.0,10.0,https://doi.org/10.1002/advs.202405518,model input resampled to 0.25-min intervals by linear interpolation; values are not normalized
Saha 2024,Saha_2024_Fig3b_Subject2,Fig3b_Subject2,Saha meal SBG proxy,45.75,105.52125,mg/dL,0.599,0.606,5.0,10.0,https://doi.org/10.1002/advs.202405518,model input resampled to 0.25-min intervals by linear interpolation; values are not normalized
Saha 2024,Saha_2024_Fig3b_Subject2,Fig3b_Subject2,Saha meal SBG proxy,46.0,105.66,mg/dL,0.599,0.606,5.0,10.0,https://doi.org/10.1002/advs.202405518,model input resampled to 0.25-min intervals by linear interpolation; values are not normalized
Saha 2024,Saha_2024_Fig3b_Subject2,Fig3b_Subject2,Saha meal SBG proxy,46.25,105.95,mg/dL,0.599,0.606,5.0,10.0,https://doi.org/10.1002/advs.202405518,model input resampled to 0.25-min intervals by linear interpolation; values are not normalized
Saha 2024,Saha_2024_Fig3b_Subject2,Fig3b_Subject2,Saha meal SBG proxy,46.5,106.24,mg/dL,0.599,0.606,5.0,10.0,https://doi.org/10.1002/advs.202405518,model input resampled to 0.25-min intervals by linear interpolation; values are not normalized
Saha 2024,Saha_2024_Fig3b_Subject2,Fig3b_Subject2,Saha meal SBG proxy,46.75,106.53,mg/dL,0.599,0.606,5.0,10.0,https://doi.org/10.1002/advs.202405518,model input resampled to 0.25-min intervals by linear interpolation; values are not normalized
Saha 2024,Saha_2024_Fig3b_Subject2,Fig3b_Subject2,Saha meal SBG proxy,47.0,106.82,mg/dL,0.599,0.606,5.0,10.0,https://doi.org/10.1002/advs.202405518,model input resampled to 0.25-min intervals by linear interpolation; values are not normalized
Saha 2024,Saha_2024_Fig3b_Subject2,Fig3b_Subject2,Saha meal SBG proxy,47.25,107.11,mg/dL,0.599,0.606,5.0,10.0,https://doi.org/10.1002/advs.202405518,model input resampled to 0.25-min intervals by linear interpolation; values are not normalized
Saha 2024,Saha_2024_Fig3b_Subject2,Fig3b_Subject2,Saha meal SBG proxy,47.5,107.4,mg/dL,0.599,0.606,5.0,10.0,https://doi.org/10.1002/advs.202405518,model input resampled to 0.25-min intervals by linear interpolation; values are not normalized
Saha 2024,Saha_2024_Fig3b_Subject2,Fig3b_Subject2,Saha meal SBG proxy,47.75,107.69,mg/dL,0.599,0.606,5.0,10.0,https://doi.org/10.1002/advs.202405518,model input resampled to 0.25-min intervals by linear interpolation; values are not normalized
Saha 2024,Saha_2024_Fig3b_Subject2,Fig3b_Subject2,Saha meal SBG proxy,48.0,107.98,mg/dL,0.599,0.606,5.0,10.0,https://doi.org/10.1002/advs.202405518,model input resampled to 0.25-min intervals by linear interpolation; values are not normalized
Saha 2024,Saha_2024_Fig3b_Subject2,Fig3b_Subject2,Saha meal SBG proxy,48.25,108.32125,mg/dL,0.599,0.606,5.0,10.0,https://doi.org/10.1002/advs.202405518,model input resampled to 0.25-min intervals by linear interpolation; values are not normalized
Saha 2024,Saha_2024_Fig3b_Subject2,Fig3b_Subject2,Saha meal SBG proxy,48.5,108.6625,mg/dL,0.599,0.606,5.0,10.0,https://doi.org/10.1002/advs.202405518,model input resampled to 0.25-min intervals by linear interpolation; values are not normalized
Saha 2024,Saha_2024_Fig3b_Subject2,Fig3b_Subject2,Saha meal SBG proxy,48.75,109.00375,mg/dL,0.599,0.606,5.0,10.0,https://doi.org/10.1002/advs.202405518,model input resampled to 0.25-min intervals by linear interpolation; values are not normalized
Saha 2024,Saha_2024_Fig3b_Subject2,Fig3b_Subject2,Saha meal SBG proxy,49.0,109.345,mg/dL,0.599,0.606,5.0,10.0,https://doi.org/10.1002/advs.202405518,model input resampled to 0.25-min intervals by linear interpolation; values are not normalized
Saha 2024,Saha_2024_Fig3b_Subject2,Fig3b_Subject2,Saha meal SBG proxy,49.25,109.68625,mg/dL,0.599,0.606,5.0,10.0,https://doi.org/10.1002/advs.202405518,model input resampled to 0.25-min intervals by linear interpolation; values are not normalized
Saha 2024,Saha_2024_Fig3b_Subject2,Fig3b_Subject2,Saha meal SBG proxy,49.5,110.0275,mg/dL,0.599,0.606,5.0,10.0,https://doi.org/10.1002/advs.202405518,model input resampled to 0.25-min intervals by linear interpolation; values are not normalized
Saha 2024,Saha_2024_Fig3b_Subject2,Fig3b_Subject2,Saha meal SBG proxy,49.75,110.36874999999999,mg/dL,0.599,0.606,5.0,10.0,https://doi.org/10.1002/advs.202405518,model input resampled to 0.25-min intervals by linear interpolation; values are not normalized
Saha 2024,Saha_2024_Fig3b_Subject2,Fig3b_Subject2,Saha meal SBG proxy,50.0,110.71,mg/dL,0.599,0.606,5.0,10.0,https://doi.org/10.1002/advs.202405518,model input resampled to 0.25-min intervals by linear interpolation; values are not normalized
Saha 2024,Saha_2024_Fig3b_Subject2,Fig3b_Subject2,Saha meal SBG proxy,50.25,111.07624999999999,mg/dL,0.599,0.606,5.0,10.0,https://doi.org/10.1002/advs.202405518,model input resampled to 0.25-min intervals by linear interpolation; values are not normalized
Saha 2024,Saha_2024_Fig3b_Subject2,Fig3b_Subject2,Saha meal SBG proxy,50.5,111.4425,mg/dL,0.599,0.606,5.0,10.0,https://doi.org/10.1002/advs.202405518,model input resampled to 0.25-min intervals by linear interpolation; values are not normalized
Saha 2024,Saha_2024_Fig3b_Subject2,Fig3b_Subject2,Saha meal SBG proxy,50.75,111.80875,mg/dL,0.599,0.606,5.0,10.0,https://doi.org/10.1002/advs.202405518,model input resampled to 0.25-min intervals by linear interpolation; values are not normalized
Saha 2024,Saha_2024_Fig3b_Subject2,Fig3b_Subject2,Saha meal SBG proxy,51.0,112.175,mg/dL,0.599,0.606,5.0,10.0,https://doi.org/10.1002/advs.202405518,model input resampled to 0.25-min intervals by linear interpolation; values are not normalized
Saha 2024,Saha_2024_Fig3b_Subject2,Fig3b_Subject2,Saha meal SBG proxy,51.25,112.54124999999999,mg/dL,0.599,0.606,5.0,10.0,https://doi.org/10.1002/advs.202405518,model input resampled to 0.25-min intervals by linear interpolation; values are not normalized
Saha 2024,Saha_2024_Fig3b_Subject2,Fig3b_Subject2,Saha meal SBG proxy,51.5,112.9075,mg/dL,0.599,0.606,5.0,10.0,https://doi.org/10.1002/advs.202405518,model input resampled to 0.25-min intervals by linear interpolation; values are not normalized
Saha 2024,Saha_2024_Fig3b_Subject2,Fig3b_Subject2,Saha meal SBG proxy,51.75,113.27375,mg/dL,0.599,0.606,5.0,10.0,https://doi.org/10.1002/advs.202405518,model input resampled to 0.25-min intervals by linear interpolation; values are not normalized
Saha 2024,Saha_2024_Fig3b_Subject2,Fig3b_Subject2,Saha meal SBG proxy,52.0,113.64,mg/dL,0.599,0.606,5.0,10.0,https://doi.org/10.1002/advs.202405518,model input resampled to 0.25-min intervals by linear interpolation; values are not normalized
Saha 2024,Saha_2024_Fig3b_Subject2,Fig3b_Subject2,Saha meal SBG proxy,52.25,113.9425,mg/dL,0.599,0.606,5.0,10.0,https://doi.org/10.1002/advs.202405518,model input resampled to 0.25-min intervals by linear interpolation; values are not normalized
Saha 2024,Saha_2024_Fig3b_Subject2,Fig3b_Subject2,Saha meal SBG proxy,52.5,114.245,mg/dL,0.599,0.606,5.0,10.0,https://doi.org/10.1002/advs.202405518,model input resampled to 0.25-min intervals by linear interpolation; values are not normalized
Saha 2024,Saha_2024_Fig3b_Subject2,Fig3b_Subject2,Saha meal SBG proxy,52.75,114.5475,mg/dL,0.599,0.606,5.0,10.0,https://doi.org/10.1002/advs.202405518,model input resampled to 0.25-min intervals by linear interpolation; values are not normalized
Saha 2024,Saha_2024_Fig3b_Subject2,Fig3b_Subject2,Saha meal SBG proxy,53.0,114.85,mg/dL,0.599,0.606,5.0,10.0,https://doi.org/10.1002/advs.202405518,model input resampled to 0.25-min intervals by linear interpolation; values are not normalized
Saha 2024,Saha_2024_Fig3b_Subject2,Fig3b_Subject2,Saha meal SBG proxy,53.25,115.1525,mg/dL,0.599,0.606,5.0,10.0,https://doi.org/10.1002/advs.202405518,model input resampled to 0.25-min intervals by linear interpolation; values are not normalized
Saha 2024,Saha_2024_Fig3b_Subject2,Fig3b_Subject2,Saha meal SBG proxy,53.5,115.455,mg/dL,0.599,0.606,5.0,10.0,https://doi.org/10.1002/advs.202405518,model input resampled to 0.25-min intervals by linear interpolation; values are not normalized
Saha 2024,Saha_2024_Fig3b_Subject2,Fig3b_Subject2,Saha meal SBG proxy,53.75,115.75750000000001,mg/dL,0.599,0.606,5.0,10.0,https://doi.org/10.1002/advs.202405518,model input resampled to 0.25-min intervals by linear interpolation; values are not normalized
Saha 2024,Saha_2024_Fig3b_Subject2,Fig3b_Subject2,Saha meal SBG proxy,54.0,116.06,mg/dL,0.599,0.606,5.0,10.0,https://doi.org/10.1002/advs.202405518,model input resampled to 0.25-min intervals by linear interpolation; values are not normalized
Saha 2024,Saha_2024_Fig3b_Subject2,Fig3b_Subject2,Saha meal SBG proxy,54.25,116.41375000000001,mg/dL,0.599,0.606,5.0,10.0,https://doi.org/10.1002/advs.202405518,model input resampled to 0.25-min intervals by linear interpolation; values are not normalized
Saha 2024,Saha_2024_Fig3b_Subject2,Fig3b_Subject2,Saha meal SBG proxy,54.5,116.7675,mg/dL,0.599,0.606,5.0,10.0,https://doi.org/10.1002/advs.202405518,model input resampled to 0.25-min intervals by linear interpolation; values are not normalized
Saha 2024,Saha_2024_Fig3b_Subject2,Fig3b_Subject2,Saha meal SBG proxy,54.75,117.12125,mg/dL,0.599,0.606,5.0,10.0,https://doi.org/10.1002/advs.202405518,model input resampled to 0.25-min intervals by linear interpolation; values are not normalized
Saha 2024,Saha_2024_Fig3b_Subject2,Fig3b_Subject2,Saha meal SBG proxy,55.0,117.475,mg/dL,0.599,0.606,5.0,10.0,https://doi.org/10.1002/advs.202405518,model input resampled to 0.25-min intervals by linear interpolation; values are not normalized
Saha 2024,Saha_2024_Fig3b_Subject2,Fig3b_Subject2,Saha meal SBG proxy,55.25,117.82875,mg/dL,0.599,0.606,5.0,10.0,https://doi.org/10.1002/advs.202405518,model input resampled to 0.25-min intervals by linear interpolation; values are not normalized
Saha 2024,Saha_2024_Fig3b_Subject2,Fig3b_Subject2,Saha meal SBG proxy,55.5,118.1825,mg/dL,0.599,0.606,5.0,10.0,https://doi.org/10.1002/advs.202405518,model input resampled to 0.25-min intervals by linear interpolation; values are not normalized
Saha 2024,Saha_2024_Fig3b_Subject2,Fig3b_Subject2,Saha meal SBG proxy,55.75,118.53625,mg/dL,0.599,0.606,5.0,10.0,https://doi.org/10.1002/advs.202405518,model input resampled to 0.25-min intervals by linear interpolation; values are not normalized
Saha 2024,Saha_2024_Fig3b_Subject2,Fig3b_Subject2,Saha meal SBG proxy,56.0,118.89,mg/dL,0.599,0.606,5.0,10.0,https://doi.org/10.1002/advs.202405518,model input resampled to 0.25-min intervals by linear interpolation; values are not normalized
Saha 2024,Saha_2024_Fig3b_Subject2,Fig3b_Subject2,Saha meal SBG proxy,56.25,119.23125,mg/dL,0.599,0.606,5.0,10.0,https://doi.org/10.1002/advs.202405518,model input resampled to 0.25-min intervals by linear interpolation; values are not normalized
Saha 2024,Saha_2024_Fig3b_Subject2,Fig3b_Subject2,Saha meal SBG proxy,56.5,119.5725,mg/dL,0.599,0.606,5.0,10.0,https://doi.org/10.1002/advs.202405518,model input resampled to 0.25-min intervals by linear interpolation; values are not normalized
Saha 2024,Saha_2024_Fig3b_Subject2,Fig3b_Subject2,Saha meal SBG proxy,56.75,119.91375000000001,mg/dL,0.599,0.606,5.0,10.0,https://doi.org/10.1002/advs.202405518,model input resampled to 0.25-min intervals by linear interpolation; values are not normalized
Saha 2024,Saha_2024_Fig3b_Subject2,Fig3b_Subject2,Saha meal SBG proxy,57.0,120.255,mg/dL,0.599,0.606,5.0,10.0,https://doi.org/10.1002/advs.202405518,model input resampled to 0.25-min intervals by linear interpolation; values are not normalized
Saha 2024,Saha_2024_Fig3b_Subject2,Fig3b_Subject2,Saha meal SBG proxy,57.25,120.59625,mg/dL,0.599,0.606,5.0,10.0,https://doi.org/10.1002/advs.202405518,model input resampled to 0.25-min intervals by linear interpolation; values are not normalized
Saha 2024,Saha_2024_Fig3b_Subject2,Fig3b_Subject2,Saha meal SBG proxy,57.5,120.9375,mg/dL,0.599,0.606,5.0,10.0,https://doi.org/10.1002/advs.202405518,model input resampled to 0.25-min intervals by linear interpolation; values are not normalized
Saha 2024,Saha_2024_Fig3b_Subject2,Fig3b_Subject2,Saha meal SBG proxy,57.75,121.27875,mg/dL,0.599,0.606,5.0,10.0,https://doi.org/10.1002/advs.202405518,model input resampled to 0.25-min intervals by linear interpolation; values are not normalized
Saha 2024,Saha_2024_Fig3b_Subject2,Fig3b_Subject2,Saha meal SBG proxy,58.0,121.62,mg/dL,0.599,0.606,5.0,10.0,https://doi.org/10.1002/advs.202405518,model input resampled to 0.25-min intervals by linear interpolation; values are not normalized
Saha 2024,Saha_2024_Fig3b_Subject2,Fig3b_Subject2,Saha meal SBG proxy,58.25,121.91,mg/dL,0.599,0.606,5.0,10.0,https://doi.org/10.1002/advs.202405518,model input resampled to 0.25-min intervals by linear interpolation; values are not normalized
Saha 2024,Saha_2024_Fig3b_Subject2,Fig3b_Subject2,Saha meal SBG proxy,58.5,122.2,mg/dL,0.599,0.606,5.0,10.0,https://doi.org/10.1002/advs.202405518,model input resampled to 0.25-min intervals by linear interpolation; values are not normalized
Saha 2024,Saha_2024_Fig3b_Subject2,Fig3b_Subject2,Saha meal SBG proxy,58.75,122.49000000000001,mg/dL,0.599,0.606,5.0,10.0,https://doi.org/10.1002/advs.202405518,model input resampled to 0.25-min intervals by linear interpolation; values are not normalized
Saha 2024,Saha_2024_Fig3b_Subject2,Fig3b_Subject2,Saha meal SBG proxy,59.0,122.78,mg/dL,0.599,0.606,5.0,10.0,https://doi.org/10.1002/advs.202405518,model input resampled to 0.25-min intervals by linear interpolation; values are not normalized
Saha 2024,Saha_2024_Fig3b_Subject2,Fig3b_Subject2,Saha meal SBG proxy,59.25,123.07,mg/dL,0.599,0.606,5.0,10.0,https://doi.org/10.1002/advs.202405518,model input resampled to 0.25-min intervals by linear interpolation; values are not normalized
Saha 2024,Saha_2024_Fig3b_Subject2,Fig3b_Subject2,Saha meal SBG proxy,59.5,123.36,mg/dL,0.599,0.606,5.0,10.0,https://doi.org/10.1002/advs.202405518,model input resampled to 0.25-min intervals by linear interpolation; values are not normalized
Saha 2024,Saha_2024_Fig3b_Subject2,Fig3b_Subject2,Saha meal SBG proxy,59.75,123.65,mg/dL,0.599,0.606,5.0,10.0,https://doi.org/10.1002/advs.202405518,model input resampled to 0.25-min intervals by linear interpolation; values are not normalized
Saha 2024,Saha_2024_Fig3b_Subject2,Fig3b_Subject2,Saha meal SBG proxy,60.0,123.94,mg/dL,0.599,0.606,5.0,10.0,https://doi.org/10.1002/advs.202405518,model input resampled to 0.25-min intervals by linear interpolation; values are not normalized
Saha 2024,Saha_2024_Fig3b_Subject2,Fig3b_Subject2,Saha meal SBG proxy,60.25,124.1425,mg/dL,0.599,0.606,5.0,10.0,https://doi.org/10.1002/advs.202405518,model input resampled to 0.25-min intervals by linear interpolation; values are not normalized
Saha 2024,Saha_2024_Fig3b_Subject2,Fig3b_Subject2,Saha meal SBG proxy,60.5,124.345,mg/dL,0.599,0.606,5.0,10.0,https://doi.org/10.1002/advs.202405518,model input resampled to 0.25-min intervals by linear interpolation; values are not normalized
Saha 2024,Saha_2024_Fig3b_Subject2,Fig3b_Subject2,Saha meal SBG proxy,60.75,124.5475,mg/dL,0.599,0.606,5.0,10.0,https://doi.org/10.1002/advs.202405518,model input resampled to 0.25-min intervals by linear interpolation; values are not normalized
Saha 2024,Saha_2024_Fig3b_Subject2,Fig3b_Subject2,Saha meal SBG proxy,61.0,124.75,mg/dL,0.599,0.606,5.0,10.0,https://doi.org/10.1002/advs.202405518,model input resampled to 0.25-min intervals by linear interpolation; values are not normalized
Saha 2024,Saha_2024_Fig3b_Subject2,Fig3b_Subject2,Saha meal SBG proxy,61.25,124.9525,mg/dL,0.599,0.606,5.0,10.0,https://doi.org/10.1002/advs.202405518,model input resampled to 0.25-min intervals by linear interpolation; values are not normalized
Saha 2024,Saha_2024_Fig3b_Subject2,Fig3b_Subject2,Saha meal SBG proxy,61.5,125.155,mg/dL,0.599,0.606,5.0,10.0,https://doi.org/10.1002/advs.202405518,model input resampled to 0.25-min intervals by linear interpolation; values are not normalized
Saha 2024,Saha_2024_Fig3b_Subject2,Fig3b_Subject2,Saha meal SBG proxy,61.75,125.3575,mg/dL,0.599,0.606,5.0,10.0,https://doi.org/10.1002/advs.202405518,model input resampled to 0.25-min intervals by linear interpolation; values are not normalized
Saha 2024,Saha_2024_Fig3b_Subject2,Fig3b_Subject2,Saha meal SBG proxy,62.0,125.56,mg/dL,0.599,0.606,5.0,10.0,https://doi.org/10.1002/advs.202405518,model input resampled to 0.25-min intervals by linear interpolation; values are not normalized
Saha 2024,Saha_2024_Fig3b_Subject2,Fig3b_Subject2,Saha meal SBG proxy,62.25,125.64750000000001,mg/dL,0.599,0.606,5.0,10.0,https://doi.org/10.1002/advs.202405518,model input resampled to 0.25-min intervals by linear interpolation; values are not normalized
Saha 2024,Saha_2024_Fig3b_Subject2,Fig3b_Subject2,Saha meal SBG proxy,62.5,125.735,mg/dL,0.599,0.606,5.0,10.0,https://doi.org/10.1002/advs.202405518,model input resampled to 0.25-min intervals by linear interpolation; values are not normalized
Saha 2024,Saha_2024_Fig3b_Subject2,Fig3b_Subject2,Saha meal SBG proxy,62.75,125.8225,mg/dL,0.599,0.606,5.0,10.0,https://doi.org/10.1002/advs.202405518,model input resampled to 0.25-min intervals by linear interpolation; values are not normalized
Saha 2024,Saha_2024_Fig3b_Subject2,Fig3b_Subject2,Saha meal SBG proxy,63.0,125.91,mg/dL,0.599,0.606,5.0,10.0,https://doi.org/10.1002/advs.202405518,model input resampled to 0.25-min intervals by linear interpolation; values are not normalized
Saha 2024,Saha_2024_Fig3b_Subject2,Fig3b_Subject2,Saha meal SBG proxy,63.25,125.9975,mg/dL,0.599,0.606,5.0,10.0,https://doi.org/10.1002/advs.202405518,model input resampled to 0.25-min intervals by linear interpolation; values are not normalized
Saha 2024,Saha_2024_Fig3b_Subject2,Fig3b_Subject2,Saha meal SBG proxy,63.5,126.08500000000001,mg/dL,0.599,0.606,5.0,10.0,https://doi.org/10.1002/advs.202405518,model input resampled to 0.25-min intervals by linear interpolation; values are not normalized
Saha 2024,Saha_2024_Fig3b_Subject2,Fig3b_Subject2,Saha meal SBG proxy,63.75,126.1725,mg/dL,0.599,0.606,5.0,10.0,https://doi.org/10.1002/advs.202405518,model input resampled to 0.25-min intervals by linear interpolation; values are not normalized
Saha 2024,Saha_2024_Fig3b_Subject2,Fig3b_Subject2,Saha meal SBG proxy,64.0,126.26,mg/dL,0.599,0.606,5.0,10.0,https://doi.org/10.1002/advs.202405518,model input resampled to 0.25-min intervals by linear interpolation; values are not normalized
Saha 2024,Saha_2024_Fig3b_Subject2,Fig3b_Subject2,Saha meal SBG proxy,64.25,126.33625,mg/dL,0.599,0.606,5.0,10.0,https://doi.org/10.1002/advs.202405518,model input resampled to 0.25-min intervals by linear interpolation; values are not normalized
Saha 2024,Saha_2024_Fig3b_Subject2,Fig3b_Subject2,Saha meal SBG proxy,64.5,126.41250000000001,mg/dL,0.599,0.606,5.0,10.0,https://doi.org/10.1002/advs.202405518,model input resampled to 0.25-min intervals by linear interpolation; values are not normalized
Saha 2024,Saha_2024_Fig3b_Subject2,Fig3b_Subject2,Saha meal SBG proxy,64.75,126.48875000000001,mg/dL,0.599,0.606,5.0,10.0,https://doi.org/10.1002/advs.202405518,model input resampled to 0.25-min intervals by linear interpolation; values are not normalized
Saha 2024,Saha_2024_Fig3b_Subject2,Fig3b_Subject2,Saha meal SBG proxy,65.0,126.565,mg/dL,0.599,0.606,5.0,10.0,https://doi.org/10.1002/advs.202405518,model input resampled to 0.25-min intervals by linear interpolation; values are not normalized
Saha 2024,Saha_2024_Fig3b_Subject2,Fig3b_Subject2,Saha meal SBG proxy,65.25,126.64125,mg/dL,0.599,0.606,5.0,10.0,https://doi.org/10.1002/advs.202405518,model input resampled to 0.25-min intervals by linear interpolation; values are not normalized
Saha 2024,Saha_2024_Fig3b_Subject2,Fig3b_Subject2,Saha meal SBG proxy,65.5,126.7175,mg/dL,0.599,0.606,5.0,10.0,https://doi.org/10.1002/advs.202405518,model input resampled to 0.25-min intervals by linear interpolation; values are not normalized
Saha 2024,Saha_2024_Fig3b_Subject2,Fig3b_Subject2,Saha meal SBG proxy,65.75,126.79375,mg/dL,0.599,0.606,5.0,10.0,https://doi.org/10.1002/advs.202405518,model input resampled to 0.25-min intervals by linear interpolation; values are not normalized
Saha 2024,Saha_2024_Fig3b_Subject2,Fig3b_Subject2,Saha meal SBG proxy,66.0,126.87,mg/dL,0.599,0.606,5.0,10.0,https://doi.org/10.1002/advs.202405518,model input resampled to 0.25-min intervals by linear interpolation; values are not normalized
Saha 2024,Saha_2024_Fig3b_Subject2,Fig3b_Subject2,Saha meal SBG proxy,66.25,126.95875000000001,mg/dL,0.599,0.606,5.0,10.0,https://doi.org/10.1002/advs.202405518,model input resampled to 0.25-min intervals by linear interpolation; values are not normalized
Saha 2024,Saha_2024_Fig3b_Subject2,Fig3b_Subject2,Saha meal SBG proxy,66.5,127.0475,mg/dL,0.599,0.606,5.0,10.0,https://doi.org/10.1002/advs.202405518,model input resampled to 0.25-min intervals by linear interpolation; values are not normalized
Saha 2024,Saha_2024_Fig3b_Subject2,Fig3b_Subject2,Saha meal SBG proxy,66.75,127.13625,mg/dL,0.599,0.606,5.0,10.0,https://doi.org/10.1002/advs.202405518,model input resampled to 0.25-min intervals by linear interpolation; values are not normalized
Saha 2024,Saha_2024_Fig3b_Subject2,Fig3b_Subject2,Saha meal SBG proxy,67.0,127.225,mg/dL,0.599,0.606,5.0,10.0,https://doi.org/10.1002/advs.202405518,model input resampled to 0.25-min intervals by linear interpolation; values are not normalized
Saha 2024,Saha_2024_Fig3b_Subject2,Fig3b_Subject2,Saha meal SBG proxy,67.25,127.31375,mg/dL,0.599,0.606,5.0,10.0,https://doi.org/10.1002/advs.202405518,model input resampled to 0.25-min intervals by linear interpolation; values are not normalized
Saha 2024,Saha_2024_Fig3b_Subject2,Fig3b_Subject2,Saha meal SBG proxy,67.5,127.4025,mg/dL,0.599,0.606,5.0,10.0,https://doi.org/10.1002/advs.202405518,model input resampled to 0.25-min intervals by linear interpolation; values are not normalized
Saha 2024,Saha_2024_Fig3b_Subject2,Fig3b_Subject2,Saha meal SBG proxy,67.75,127.49125,mg/dL,0.599,0.606,5.0,10.0,https://doi.org/10.1002/advs.202405518,model input resampled to 0.25-min intervals by linear interpolation; values are not normalized
Saha 2024,Saha_2024_Fig3b_Subject2,Fig3b_Subject2,Saha meal SBG proxy,68.0,127.58,mg/dL,0.599,0.606,5.0,10.0,https://doi.org/10.1002/advs.202405518,model input resampled to 0.25-min intervals by linear interpolation; values are not normalized
Saha 2024,Saha_2024_Fig3b_Subject2,Fig3b_Subject2,Saha meal SBG proxy,68.25,127.655,mg/dL,0.599,0.606,5.0,10.0,https://doi.org/10.1002/advs.202405518,model input resampled to 0.25-min intervals by linear interpolation; values are not normalized
Saha 2024,Saha_2024_Fig3b_Subject2,Fig3b_Subject2,Saha meal SBG proxy,68.5,127.73,mg/dL,0.599,0.606,5.0,10.0,https://doi.org/10.1002/advs.202405518,model input resampled to 0.25-min intervals by linear interpolation; values are not normalized
Saha 2024,Saha_2024_Fig3b_Subject2,Fig3b_Subject2,Saha meal SBG proxy,68.75,127.805,mg/dL,0.599,0.606,5.0,10.0,https://doi.org/10.1002/advs.202405518,model input resampled to 0.25-min intervals by linear interpolation; values are not normalized
Saha 2024,Saha_2024_Fig3b_Subject2,Fig3b_Subject2,Saha meal SBG proxy,69.0,127.88,mg/dL,0.599,0.606,5.0,10.0,https://doi.org/10.1002/advs.202405518,model input resampled to 0.25-min intervals by linear interpolation; values are not normalized
Saha 2024,Saha_2024_Fig3b_Subject2,Fig3b_Subject2,Saha meal SBG proxy,69.25,127.955,mg/dL,0.599,0.606,5.0,10.0,https://doi.org/10.1002/advs.202405518,model input resampled to 0.25-min intervals by linear interpolation; values are not normalized
Saha 2024,Saha_2024_Fig3b_Subject2,Fig3b_Subject2,Saha meal SBG proxy,69.5,128.03,mg/dL,0.599,0.606,5.0,10.0,https://doi.org/10.1002/advs.202405518,model input resampled to 0.25-min intervals by linear interpolation; values are not normalized
Saha 2024,Saha_2024_Fig3b_Subject2,Fig3b_Subject2,Saha meal SBG proxy,69.75,128.10500000000002,mg/dL,0.599,0.606,5.0,10.0,https://doi.org/10.1002/advs.202405518,model input resampled to 0.25-min intervals by linear interpolation; values are not normalized
Saha 2024,Saha_2024_Fig3b_Subject2,Fig3b_Subject2,Saha meal SBG proxy,70.0,128.18,mg/dL,0.599,0.606,5.0,10.0,https://doi.org/10.1002/advs.202405518,model input resampled to 0.25-min intervals by linear interpolation; values are not normalized
Saha 2024,Saha_2024_Fig3b_Subject2,Fig3b_Subject2,Saha meal SBG proxy,70.25,128.26875,mg/dL,0.599,0.606,5.0,10.0,https://doi.org/10.1002/advs.202405518,model input resampled to 0.25-min intervals by linear interpolation; values are not normalized
Saha 2024,Saha_2024_Fig3b_Subject2,Fig3b_Subject2,Saha meal SBG proxy,70.5,128.35750000000002,mg/dL,0.599,0.606,5.0,10.0,https://doi.org/10.1002/advs.202405518,model input resampled to 0.25-min intervals by linear interpolation; values are not normalized
Saha 2024,Saha_2024_Fig3b_Subject2,Fig3b_Subject2,Saha meal SBG proxy,70.75,128.44625,mg/dL,0.599,0.606,5.0,10.0,https://doi.org/10.1002/advs.202405518,model input resampled to 0.25-min intervals by linear interpolation; values are not normalized
Saha 2024,Saha_2024_Fig3b_Subject2,Fig3b_Subject2,Saha meal SBG proxy,71.0,128.535,mg/dL,0.599,0.606,5.0,10.0,https://doi.org/10.1002/advs.202405518,model input resampled to 0.25-min intervals by linear interpolation; values are not normalized
Saha 2024,Saha_2024_Fig3b_Subject2,Fig3b_Subject2,Saha meal SBG proxy,71.25,128.62375,mg/dL,0.599,0.606,5.0,10.0,https://doi.org/10.1002/advs.202405518,model input resampled to 0.25-min intervals by linear interpolation; values are not normalized
Saha 2024,Saha_2024_Fig3b_Subject2,Fig3b_Subject2,Saha meal SBG proxy,71.5,128.71249999999998,mg/dL,0.599,0.606,5.0,10.0,https://doi.org/10.1002/advs.202405518,model input resampled to 0.25-min intervals by linear interpolation; values are not normalized
Saha 2024,Saha_2024_Fig3b_Subject2,Fig3b_Subject2,Saha meal SBG proxy,71.75,128.80124999999998,mg/dL,0.599,0.606,5.0,10.0,https://doi.org/10.1002/advs.202405518,model input resampled to 0.25-min intervals by linear interpolation; values are not normalized
Saha 2024,Saha_2024_Fig3b_Subject2,Fig3b_Subject2,Saha meal SBG proxy,72.0,128.89,mg/dL,0.599,0.606,5.0,10.0,https://doi.org/10.1002/advs.202405518,model input resampled to 0.25-min intervals by linear interpolation; values are not normalized
Saha 2024,Saha_2024_Fig3b_Subject2,Fig3b_Subject2,Saha meal SBG proxy,72.25,128.96499999999997,mg/dL,0.599,0.606,5.0,10.0,https://doi.org/10.1002/advs.202405518,model input resampled to 0.25-min intervals by linear interpolation; values are not normalized
Saha 2024,Saha_2024_Fig3b_Subject2,Fig3b_Subject2,Saha meal SBG proxy,72.5,129.04,mg/dL,0.599,0.606,5.0,10.0,https://doi.org/10.1002/advs.202405518,model input resampled to 0.25-min intervals by linear interpolation; values are not normalized
Saha 2024,Saha_2024_Fig3b_Subject2,Fig3b_Subject2,Saha meal SBG proxy,72.75,129.115,mg/dL,0.599,0.606,5.0,10.0,https://doi.org/10.1002/advs.202405518,model input resampled to 0.25-min intervals by linear interpolation; values are not normalized
Saha 2024,Saha_2024_Fig3b_Subject2,Fig3b_Subject2,Saha meal SBG proxy,73.0,129.19,mg/dL,0.599,0.606,5.0,10.0,https://doi.org/10.1002/advs.202405518,model input resampled to 0.25-min intervals by linear interpolation; values are not normalized
Saha 2024,Saha_2024_Fig3b_Subject2,Fig3b_Subject2,Saha meal SBG proxy,73.25,129.265,mg/dL,0.599,0.606,5.0,10.0,https://doi.org/10.1002/advs.202405518,model input resampled to 0.25-min intervals by linear interpolation; values are not normalized
Saha 2024,Saha_2024_Fig3b_Subject2,Fig3b_Subject2,Saha meal SBG proxy,73.5,129.34,mg/dL,0.599,0.606,5.0,10.0,https://doi.org/10.1002/advs.202405518,model input resampled to 0.25-min intervals by linear interpolation; values are not normalized
Saha 2024,Saha_2024_Fig3b_Subject2,Fig3b_Subject2,Saha meal SBG proxy,73.75,129.41500000000002,mg/dL,0.599,0.606,5.0,10.0,https://doi.org/10.1002/advs.202405518,model input resampled to 0.25-min intervals by linear interpolation; values are not normalized
Saha 2024,Saha_2024_Fig3b_Subject2,Fig3b_Subject2,Saha meal SBG proxy,74.0,129.49,mg/dL,0.599,0.606,5.0,10.0,https://doi.org/10.1002/advs.202405518,model input resampled to 0.25-min intervals by linear interpolation; values are not normalized
Saha 2024,Saha_2024_Fig3b_Subject2,Fig3b_Subject2,Saha meal SBG proxy,74.25,129.51625,mg/dL,0.599,0.606,5.0,10.0,https://doi.org/10.1002/advs.202405518,model input resampled to 0.25-min intervals by linear interpolation; values are not normalized
Saha 2024,Saha_2024_Fig3b_Subject2,Fig3b_Subject2,Saha meal SBG proxy,74.5,129.54250000000002,mg/dL,0.599,0.606,5.0,10.0,https://doi.org/10.1002/advs.202405518,model input resampled to 0.25-min intervals by linear interpolation; values are not normalized
Saha 2024,Saha_2024_Fig3b_Subject2,Fig3b_Subject2,Saha meal SBG proxy,74.75,129.56875,mg/dL,0.599,0.606,5.0,10.0,https://doi.org/10.1002/advs.202405518,model input resampled to 0.25-min intervals by linear interpolation; values are not normalized
Saha 2024,Saha_2024_Fig3b_Subject2,Fig3b_Subject2,Saha meal SBG proxy,75.0,129.595,mg/dL,0.599,0.606,5.0,10.0,https://doi.org/10.1002/advs.202405518,model input resampled to 0.25-min intervals by linear interpolation; values are not normalized
Saha 2024,Saha_2024_Fig3b_Subject2,Fig3b_Subject2,Saha meal SBG proxy,75.25,129.62125,mg/dL,0.599,0.606,5.0,10.0,https://doi.org/10.1002/advs.202405518,model input resampled to 0.25-min intervals by linear interpolation; values are not normalized
Saha 2024,Saha_2024_Fig3b_Subject2,Fig3b_Subject2,Saha meal SBG proxy,75.5,129.64749999999998,mg/dL,0.599,0.606,5.0,10.0,https://doi.org/10.1002/advs.202405518,model input resampled to 0.25-min intervals by linear interpolation; values are not normalized
Saha 2024,Saha_2024_Fig3b_Subject2,Fig3b_Subject2,Saha meal SBG proxy,75.75,129.67374999999998,mg/dL,0.599,0.606,5.0,10.0,https://doi.org/10.1002/advs.202405518,model input resampled to 0.25-min intervals by linear interpolation; values are not normalized
Saha 2024,Saha_2024_Fig3b_Subject2,Fig3b_Subject2,Saha meal SBG proxy,76.0,129.7,mg/dL,0.599,0.606,5.0,10.0,https://doi.org/10.1002/advs.202405518,model input resampled to 0.25-min intervals by linear interpolation; values are not normalized
Saha 2024,Saha_2024_Fig3b_Subject2,Fig3b_Subject2,Saha meal SBG proxy,76.25,129.66125,mg/dL,0.599,0.606,5.0,10.0,https://doi.org/10.1002/advs.202405518,model input resampled to 0.25-min intervals by linear interpolation; values are not normalized
Saha 2024,Saha_2024_Fig3b_Subject2,Fig3b_Subject2,Saha meal SBG proxy,76.5,129.6225,mg/dL,0.599,0.606,5.0,10.0,https://doi.org/10.1002/advs.202405518,model input resampled to 0.25-min intervals by linear interpolation; values are not normalized
Saha 2024,Saha_2024_Fig3b_Subject2,Fig3b_Subject2,Saha meal SBG proxy,76.75,129.58374999999998,mg/dL,0.599,0.606,5.0,10.0,https://doi.org/10.1002/advs.202405518,model input resampled to 0.25-min intervals by linear interpolation; values are not normalized
Saha 2024,Saha_2024_Fig3b_Subject2,Fig3b_Subject2,Saha meal SBG proxy,77.0,129.545,mg/dL,0.599,0.606,5.0,10.0,https://doi.org/10.1002/advs.202405518,model input resampled to 0.25-min intervals by linear interpolation; values are not normalized
Saha 2024,Saha_2024_Fig3b_Subject2,Fig3b_Subject2,Saha meal SBG proxy,77.25,129.50625,mg/dL,0.599,0.606,5.0,10.0,https://doi.org/10.1002/advs.202405518,model input resampled to 0.25-min intervals by linear interpolation; values are not normalized
Saha 2024,Saha_2024_Fig3b_Subject2,Fig3b_Subject2,Saha meal SBG proxy,77.5,129.46749999999997,mg/dL,0.599,0.606,5.0,10.0,https://doi.org/10.1002/advs.202405518,model input resampled to 0.25-min intervals by linear interpolation; values are not normalized
Saha 2024,Saha_2024_Fig3b_Subject2,Fig3b_Subject2,Saha meal SBG proxy,77.75,129.42874999999998,mg/dL,0.599,0.606,5.0,10.0,https://doi.org/10.1002/advs.202405518,model input resampled to 0.25-min intervals by linear interpolation; values are not normalized
Saha 2024,Saha_2024_Fig3b_Subject2,Fig3b_Subject2,Saha meal SBG proxy,78.0,129.39,mg/dL,0.599,0.606,5.0,10.0,https://doi.org/10.1002/advs.202405518,model input resampled to 0.25-min intervals by linear interpolation; values are not normalized
Saha 2024,Saha_2024_Fig3b_Subject2,Fig3b_Subject2,Saha meal SBG proxy,78.25,129.3525,mg/dL,0.599,0.606,5.0,10.0,https://doi.org/10.1002/advs.202405518,model input resampled to 0.25-min intervals by linear interpolation; values are not normalized
Saha 2024,Saha_2024_Fig3b_Subject2,Fig3b_Subject2,Saha meal SBG proxy,78.5,129.315,mg/dL,0.599,0.606,5.0,10.0,https://doi.org/10.1002/advs.202405518,model input resampled to 0.25-min intervals by linear interpolation; values are not normalized
Saha 2024,Saha_2024_Fig3b_Subject2,Fig3b_Subject2,Saha meal SBG proxy,78.75,129.2775,mg/dL,0.599,0.606,5.0,10.0,https://doi.org/10.1002/advs.202405518,model input resampled to 0.25-min intervals by linear interpolation; values are not normalized
Saha 2024,Saha_2024_Fig3b_Subject2,Fig3b_Subject2,Saha meal SBG proxy,79.0,129.24,mg/dL,0.599,0.606,5.0,10.0,https://doi.org/10.1002/advs.202405518,model input resampled to 0.25-min intervals by linear interpolation; values are not normalized
Saha 2024,Saha_2024_Fig3b_Subject2,Fig3b_Subject2,Saha meal SBG proxy,79.25,129.2025,mg/dL,0.599,0.606,5.0,10.0,https://doi.org/10.1002/advs.202405518,model input resampled to 0.25-min intervals by linear interpolation; values are not normalized
Saha 2024,Saha_2024_Fig3b_Subject2,Fig3b_Subject2,Saha meal SBG proxy,79.5,129.165,mg/dL,0.599,0.606,5.0,10.0,https://doi.org/10.1002/advs.202405518,model input resampled to 0.25-min intervals by linear interpolation; values are not normalized
Saha 2024,Saha_2024_Fig3b_Subject2,Fig3b_Subject2,Saha meal SBG proxy,79.75,129.1275,mg/dL,0.599,0.606,5.0,10.0,https://doi.org/10.1002/advs.202405518,model input resampled to 0.25-min intervals by linear interpolation; values are not normalized
Saha 2024,Saha_2024_Fig3b_Subject2,Fig3b_Subject2,Saha meal SBG proxy,80.0,129.09,mg/dL,0.599,0.606,5.0,10.0,https://doi.org/10.1002/advs.202405518,model input resampled to 0.25-min intervals by linear interpolation; values are not normalized
Saha 2024,Saha_2024_Fig3b_Subject2,Fig3b_Subject2,Saha meal SBG proxy,80.25,129.0275,mg/dL,0.599,0.606,5.0,10.0,https://doi.org/10.1002/advs.202405518,model input resampled to 0.25-min intervals by linear interpolation; values are not normalized
Saha 2024,Saha_2024_Fig3b_Subject2,Fig3b_Subject2,Saha meal SBG proxy,80.5,128.965,mg/dL,0.599,0.606,5.0,10.0,https://doi.org/10.1002/advs.202405518,model input resampled to 0.25-min intervals by linear interpolation; values are not normalized
Saha 2024,Saha_2024_Fig3b_Subject2,Fig3b_Subject2,Saha meal SBG proxy,80.75,128.9025,mg/dL,0.599,0.606,5.0,10.0,https://doi.org/10.1002/advs.202405518,model input resampled to 0.25-min intervals by linear interpolation; values are not normalized
Saha 2024,Saha_2024_Fig3b_Subject2,Fig3b_Subject2,Saha meal SBG proxy,81.0,128.84,mg/dL,0.599,0.606,5.0,10.0,https://doi.org/10.1002/advs.202405518,model input resampled to 0.25-min intervals by linear interpolation; values are not normalized
Saha 2024,Saha_2024_Fig3b_Subject2,Fig3b_Subject2,Saha meal SBG proxy,81.25,128.7775,mg/dL,0.599,0.606,5.0,10.0,https://doi.org/10.1002/advs.202405518,model input resampled to 0.25-min intervals by linear interpolation; values are not normalized
Saha 2024,Saha_2024_Fig3b_Subject2,Fig3b_Subject2,Saha meal SBG proxy,81.5,128.715,mg/dL,0.599,0.606,5.0,10.0,https://doi.org/10.1002/advs.202405518,model input resampled to 0.25-min intervals by linear interpolation; values are not normalized
Saha 2024,Saha_2024_Fig3b_Subject2,Fig3b_Subject2,Saha meal SBG proxy,81.75,128.6525,mg/dL,0.599,0.606,5.0,10.0,https://doi.org/10.1002/advs.202405518,model input resampled to 0.25-min intervals by linear interpolation; values are not normalized
Saha 2024,Saha_2024_Fig3b_Subject2,Fig3b_Subject2,Saha meal SBG proxy,82.0,128.59,mg/dL,0.599,0.606,5.0,10.0,https://doi.org/10.1002/advs.202405518,model input resampled to 0.25-min intervals by linear interpolation; values are not normalized
Saha 2024,Saha_2024_Fig3b_Subject2,Fig3b_Subject2,Saha meal SBG proxy,82.25,128.55125,mg/dL,0.599,0.606,5.0,10.0,https://doi.org/10.1002/advs.202405518,model input resampled to 0.25-min intervals by linear interpolation; values are not normalized
Saha 2024,Saha_2024_Fig3b_Subject2,Fig3b_Subject2,Saha meal SBG proxy,82.5,128.5125,mg/dL,0.599,0.606,5.0,10.0,https://doi.org/10.1002/advs.202405518,model input resampled to 0.25-min intervals by linear interpolation; values are not normalized
Saha 2024,Saha_2024_Fig3b_Subject2,Fig3b_Subject2,Saha meal SBG proxy,82.75,128.47375,mg/dL,0.599,0.606,5.0,10.0,https://doi.org/10.1002/advs.202405518,model input resampled to 0.25-min intervals by linear interpolation; values are not normalized
Saha 2024,Saha_2024_Fig3b_Subject2,Fig3b_Subject2,Saha meal SBG proxy,83.0,128.435,mg/dL,0.599,0.606,5.0,10.0,https://doi.org/10.1002/advs.202405518,model input resampled to 0.25-min intervals by linear interpolation; values are not normalized
Saha 2024,Saha_2024_Fig3b_Subject2,Fig3b_Subject2,Saha meal SBG proxy,83.25,128.39625,mg/dL,0.599,0.606,5.0,10.0,https://doi.org/10.1002/advs.202405518,model input resampled to 0.25-min intervals by linear interpolation; values are not normalized
Saha 2024,Saha_2024_Fig3b_Subject2,Fig3b_Subject2,Saha meal SBG proxy,83.5,128.35750000000002,mg/dL,0.599,0.606,5.0,10.0,https://doi.org/10.1002/advs.202405518,model input resampled to 0.25-min intervals by linear interpolation; values are not normalized
Saha 2024,Saha_2024_Fig3b_Subject2,Fig3b_Subject2,Saha meal SBG proxy,83.75,128.31875,mg/dL,0.599,0.606,5.0,10.0,https://doi.org/10.1002/advs.202405518,model input resampled to 0.25-min intervals by linear interpolation; values are not normalized
Saha 2024,Saha_2024_Fig3b_Subject2,Fig3b_Subject2,Saha meal SBG proxy,84.0,128.28,mg/dL,0.599,0.606,5.0,10.0,https://doi.org/10.1002/advs.202405518,model input resampled to 0.25-min intervals by linear interpolation; values are not normalized
Saha 2024,Saha_2024_Fig3b_Subject2,Fig3b_Subject2,Saha meal SBG proxy,84.25,128.23,mg/dL,0.599,0.606,5.0,10.0,https://doi.org/10.1002/advs.202405518,model input resampled to 0.25-min intervals by linear interpolation; values are not normalized
Saha 2024,Saha_2024_Fig3b_Subject2,Fig3b_Subject2,Saha meal SBG proxy,84.5,128.18,mg/dL,0.599,0.606,5.0,10.0,https://doi.org/10.1002/advs.202405518,model input resampled to 0.25-min intervals by linear interpolation; values are not normalized
Saha 2024,Saha_2024_Fig3b_Subject2,Fig3b_Subject2,Saha meal SBG proxy,84.75,128.13,mg/dL,0.599,0.606,5.0,10.0,https://doi.org/10.1002/advs.202405518,model input resampled to 0.25-min intervals by linear interpolation; values are not normalized
Saha 2024,Saha_2024_Fig3b_Subject2,Fig3b_Subject2,Saha meal SBG proxy,85.0,128.07999999999998,mg/dL,0.599,0.606,5.0,10.0,https://doi.org/10.1002/advs.202405518,model input resampled to 0.25-min intervals by linear interpolation; values are not normalized
Saha 2024,Saha_2024_Fig3b_Subject2,Fig3b_Subject2,Saha meal SBG proxy,85.25,128.03,mg/dL,0.599,0.606,5.0,10.0,https://doi.org/10.1002/advs.202405518,model input resampled to 0.25-min intervals by linear interpolation; values are not normalized
Saha 2024,Saha_2024_Fig3b_Subject2,Fig3b_Subject2,Saha meal SBG proxy,85.5,127.97999999999999,mg/dL,0.599,0.606,5.0,10.0,https://doi.org/10.1002/advs.202405518,model input resampled to 0.25-min intervals by linear interpolation; values are not normalized
Saha 2024,Saha_2024_Fig3b_Subject2,Fig3b_Subject2,Saha meal SBG proxy,85.75,127.92999999999999,mg/dL,0.599,0.606,5.0,10.0,https://doi.org/10.1002/advs.202405518,model input resampled to 0.25-min intervals by linear interpolation; values are not normalized
Saha 2024,Saha_2024_Fig3b_Subject2,Fig3b_Subject2,Saha meal SBG proxy,86.0,127.88,mg/dL,0.599,0.606,5.0,10.0,https://doi.org/10.1002/advs.202405518,model input resampled to 0.25-min intervals by linear interpolation; values are not normalized
Saha 2024,Saha_2024_Fig3b_Subject2,Fig3b_Subject2,Saha meal SBG proxy,86.25,127.82875,mg/dL,0.599,0.606,5.0,10.0,https://doi.org/10.1002/advs.202405518,model input resampled to 0.25-min intervals by linear interpolation; values are not normalized
Saha 2024,Saha_2024_Fig3b_Subject2,Fig3b_Subject2,Saha meal SBG proxy,86.5,127.7775,mg/dL,0.599,0.606,5.0,10.0,https://doi.org/10.1002/advs.202405518,model input resampled to 0.25-min intervals by linear interpolation; values are not normalized
Saha 2024,Saha_2024_Fig3b_Subject2,Fig3b_Subject2,Saha meal SBG proxy,86.75,127.72625,mg/dL,0.599,0.606,5.0,10.0,https://doi.org/10.1002/advs.202405518,model input resampled to 0.25-min intervals by linear interpolation; values are not normalized
Saha 2024,Saha_2024_Fig3b_Subject2,Fig3b_Subject2,Saha meal SBG proxy,87.0,127.675,mg/dL,0.599,0.606,5.0,10.0,https://doi.org/10.1002/advs.202405518,model input resampled to 0.25-min intervals by linear interpolation; values are not normalized
Saha 2024,Saha_2024_Fig3b_Subject2,Fig3b_Subject2,Saha meal SBG proxy,87.25,127.62375,mg/dL,0.599,0.606,5.0,10.0,https://doi.org/10.1002/advs.202405518,model input resampled to 0.25-min intervals by linear interpolation; values are not normalized
Saha 2024,Saha_2024_Fig3b_Subject2,Fig3b_Subject2,Saha meal SBG proxy,87.5,127.57249999999999,mg/dL,0.599,0.606,5.0,10.0,https://doi.org/10.1002/advs.202405518,model input resampled to 0.25-min intervals by linear interpolation; values are not normalized
Saha 2024,Saha_2024_Fig3b_Subject2,Fig3b_Subject2,Saha meal SBG proxy,87.75,127.52125,mg/dL,0.599,0.606,5.0,10.0,https://doi.org/10.1002/advs.202405518,model input resampled to 0.25-min intervals by linear interpolation; values are not normalized
Saha 2024,Saha_2024_Fig3b_Subject2,Fig3b_Subject2,Saha meal SBG proxy,88.0,127.47,mg/dL,0.599,0.606,5.0,10.0,https://doi.org/10.1002/advs.202405518,model input resampled to 0.25-min intervals by linear interpolation; values are not normalized
Saha 2024,Saha_2024_Fig3b_Subject2,Fig3b_Subject2,Saha meal SBG proxy,88.25,127.42,mg/dL,0.599,0.606,5.0,10.0,https://doi.org/10.1002/advs.202405518,model input resampled to 0.25-min intervals by linear interpolation; values are not normalized
Saha 2024,Saha_2024_Fig3b_Subject2,Fig3b_Subject2,Saha meal SBG proxy,88.5,127.37,mg/dL,0.599,0.606,5.0,10.0,https://doi.org/10.1002/advs.202405518,model input resampled to 0.25-min intervals by linear interpolation; values are not normalized
Saha 2024,Saha_2024_Fig3b_Subject2,Fig3b_Subject2,Saha meal SBG proxy,88.75,127.32,mg/dL,0.599,0.606,5.0,10.0,https://doi.org/10.1002/advs.202405518,model input resampled to 0.25-min intervals by linear interpolation; values are not normalized
Saha 2024,Saha_2024_Fig3b_Subject2,Fig3b_Subject2,Saha meal SBG proxy,89.0,127.27,mg/dL,0.599,0.606,5.0,10.0,https://doi.org/10.1002/advs.202405518,model input resampled to 0.25-min intervals by linear interpolation; values are not normalized
Saha 2024,Saha_2024_Fig3b_Subject2,Fig3b_Subject2,Saha meal SBG proxy,89.25,127.22,mg/dL,0.599,0.606,5.0,10.0,https://doi.org/10.1002/advs.202405518,model input resampled to 0.25-min intervals by linear interpolation; values are not normalized
Saha 2024,Saha_2024_Fig3b_Subject2,Fig3b_Subject2,Saha meal SBG proxy,89.5,127.16999999999999,mg/dL,0.599,0.606,5.0,10.0,https://doi.org/10.1002/advs.202405518,model input resampled to 0.25-min intervals by linear interpolation; values are not normalized
Saha 2024,Saha_2024_Fig3b_Subject2,Fig3b_Subject2,Saha meal SBG proxy,89.75,127.11999999999999,mg/dL,0.599,0.606,5.0,10.0,https://doi.org/10.1002/advs.202405518,model input resampled to 0.25-min intervals by linear interpolation; values are not normalized
Saha 2024,Saha_2024_Fig3b_Subject2,Fig3b_Subject2,Saha meal SBG proxy,90.0,127.07,mg/dL,0.599,0.606,5.0,10.0,https://doi.org/10.1002/advs.202405518,model input resampled to 0.25-min intervals by linear interpolation; values are not normalized
Saha 2024,Saha_2024_Fig3b_Subject2,Fig3b_Subject2,Saha meal SBG proxy,90.25,127.0325,mg/dL,0.599,0.606,5.0,10.0,https://doi.org/10.1002/advs.202405518,model input resampled to 0.25-min intervals by linear interpolation; values are not normalized
Saha 2024,Saha_2024_Fig3b_Subject2,Fig3b_Subject2,Saha meal SBG proxy,90.5,126.99499999999999,mg/dL,0.599,0.606,5.0,10.0,https://doi.org/10.1002/advs.202405518,model input resampled to 0.25-min intervals by linear interpolation; values are not normalized
Saha 2024,Saha_2024_Fig3b_Subject2,Fig3b_Subject2,Saha meal SBG proxy,90.75,126.9575,mg/dL,0.599,0.606,5.0,10.0,https://doi.org/10.1002/advs.202405518,model input resampled to 0.25-min intervals by linear interpolation; values are not normalized
Saha 2024,Saha_2024_Fig3b_Subject2,Fig3b_Subject2,Saha meal SBG proxy,91.0,126.91999999999999,mg/dL,0.599,0.606,5.0,10.0,https://doi.org/10.1002/advs.202405518,model input resampled to 0.25-min intervals by linear interpolation; values are not normalized
Saha 2024,Saha_2024_Fig3b_Subject2,Fig3b_Subject2,Saha meal SBG proxy,91.25,126.8825,mg/dL,0.599,0.606,5.0,10.0,https://doi.org/10.1002/advs.202405518,model input resampled to 0.25-min intervals by linear interpolation; values are not normalized
Saha 2024,Saha_2024_Fig3b_Subject2,Fig3b_Subject2,Saha meal SBG proxy,91.5,126.845,mg/dL,0.599,0.606,5.0,10.0,https://doi.org/10.1002/advs.202405518,model input resampled to 0.25-min intervals by linear interpolation; values are not normalized
Saha 2024,Saha_2024_Fig3b_Subject2,Fig3b_Subject2,Saha meal SBG proxy,91.75,126.80749999999999,mg/dL,0.599,0.606,5.0,10.0,https://doi.org/10.1002/advs.202405518,model input resampled to 0.25-min intervals by linear interpolation; values are not normalized
Saha 2024,Saha_2024_Fig3b_Subject2,Fig3b_Subject2,Saha meal SBG proxy,92.0,126.77,mg/dL,0.599,0.606,5.0,10.0,https://doi.org/10.1002/advs.202405518,model input resampled to 0.25-min intervals by linear interpolation; values are not normalized
Saha 2024,Saha_2024_Fig3b_Subject2,Fig3b_Subject2,Saha meal SBG proxy,92.25,126.71875,mg/dL,0.599,0.606,5.0,10.0,https://doi.org/10.1002/advs.202405518,model input resampled to 0.25-min intervals by linear interpolation; values are not normalized
Saha 2024,Saha_2024_Fig3b_Subject2,Fig3b_Subject2,Saha meal SBG proxy,92.5,126.66749999999999,mg/dL,0.599,0.606,5.0,10.0,https://doi.org/10.1002/advs.202405518,model input resampled to 0.25-min intervals by linear interpolation; values are not normalized
Saha 2024,Saha_2024_Fig3b_Subject2,Fig3b_Subject2,Saha meal SBG proxy,92.75,126.61625,mg/dL,0.599,0.606,5.0,10.0,https://doi.org/10.1002/advs.202405518,model input resampled to 0.25-min intervals by linear interpolation; values are not normalized
Saha 2024,Saha_2024_Fig3b_Subject2,Fig3b_Subject2,Saha meal SBG proxy,93.0,126.565,mg/dL,0.599,0.606,5.0,10.0,https://doi.org/10.1002/advs.202405518,model input resampled to 0.25-min intervals by linear interpolation; values are not normalized
Saha 2024,Saha_2024_Fig3b_Subject2,Fig3b_Subject2,Saha meal SBG proxy,93.25,126.51375,mg/dL,0.599,0.606,5.0,10.0,https://doi.org/10.1002/advs.202405518,model input resampled to 0.25-min intervals by linear interpolation; values are not normalized
Saha 2024,Saha_2024_Fig3b_Subject2,Fig3b_Subject2,Saha meal SBG proxy,93.5,126.4625,mg/dL,0.599,0.606,5.0,10.0,https://doi.org/10.1002/advs.202405518,model input resampled to 0.25-min intervals by linear interpolation; values are not normalized
Saha 2024,Saha_2024_Fig3b_Subject2,Fig3b_Subject2,Saha meal SBG proxy,93.75,126.41125,mg/dL,0.599,0.606,5.0,10.0,https://doi.org/10.1002/advs.202405518,model input resampled to 0.25-min intervals by linear interpolation; values are not normalized
Saha 2024,Saha_2024_Fig3b_Subject2,Fig3b_Subject2,Saha meal SBG proxy,94.0,126.36,mg/dL,0.599,0.606,5.0,10.0,https://doi.org/10.1002/advs.202405518,model input resampled to 0.25-min intervals by linear interpolation; values are not normalized
Saha 2024,Saha_2024_Fig3b_Subject2,Fig3b_Subject2,Saha meal SBG proxy,94.25,126.2975,mg/dL,0.599,0.606,5.0,10.0,https://doi.org/10.1002/advs.202405518,model input resampled to 0.25-min intervals by linear interpolation; values are not normalized
Saha 2024,Saha_2024_Fig3b_Subject2,Fig3b_Subject2,Saha meal SBG proxy,94.5,126.235,mg/dL,0.599,0.606,5.0,10.0,https://doi.org/10.1002/advs.202405518,model input resampled to 0.25-min intervals by linear interpolation; values are not normalized
Saha 2024,Saha_2024_Fig3b_Subject2,Fig3b_Subject2,Saha meal SBG proxy,94.75,126.1725,mg/dL,0.599,0.606,5.0,10.0,https://doi.org/10.1002/advs.202405518,model input resampled to 0.25-min intervals by linear interpolation; values are not normalized
Saha 2024,Saha_2024_Fig3b_Subject2,Fig3b_Subject2,Saha meal SBG proxy,95.0,126.11,mg/dL,0.599,0.606,5.0,10.0,https://doi.org/10.1002/advs.202405518,model input resampled to 0.25-min intervals by linear interpolation; values are not normalized
Saha 2024,Saha_2024_Fig3b_Subject2,Fig3b_Subject2,Saha meal SBG proxy,95.25,126.0475,mg/dL,0.599,0.606,5.0,10.0,https://doi.org/10.1002/advs.202405518,model input resampled to 0.25-min intervals by linear interpolation; values are not normalized
Saha 2024,Saha_2024_Fig3b_Subject2,Fig3b_Subject2,Saha meal SBG proxy,95.5,125.985,mg/dL,0.599,0.606,5.0,10.0,https://doi.org/10.1002/advs.202405518,model input resampled to 0.25-min intervals by linear interpolation; values are not normalized
Saha 2024,Saha_2024_Fig3b_Subject2,Fig3b_Subject2,Saha meal SBG proxy,95.75,125.9225,mg/dL,0.599,0.606,5.0,10.0,https://doi.org/10.1002/advs.202405518,model input resampled to 0.25-min intervals by linear interpolation; values are not normalized
Saha 2024,Saha_2024_Fig3b_Subject2,Fig3b_Subject2,Saha meal SBG proxy,96.0,125.86,mg/dL,0.599,0.606,5.0,10.0,https://doi.org/10.1002/advs.202405518,model input resampled to 0.25-min intervals by linear interpolation; values are not normalized
Saha 2024,Saha_2024_Fig3b_Subject2,Fig3b_Subject2,Saha meal SBG proxy,96.25,125.79625,mg/dL,0.599,0.606,5.0,10.0,https://doi.org/10.1002/advs.202405518,model input resampled to 0.25-min intervals by linear interpolation; values are not normalized
Saha 2024,Saha_2024_Fig3b_Subject2,Fig3b_Subject2,Saha meal SBG proxy,96.5,125.7325,mg/dL,0.599,0.606,5.0,10.0,https://doi.org/10.1002/advs.202405518,model input resampled to 0.25-min intervals by linear interpolation; values are not normalized
Saha 2024,Saha_2024_Fig3b_Subject2,Fig3b_Subject2,Saha meal SBG proxy,96.75,125.66875,mg/dL,0.599,0.606,5.0,10.0,https://doi.org/10.1002/advs.202405518,model input resampled to 0.25-min intervals by linear interpolation; values are not normalized
Saha 2024,Saha_2024_Fig3b_Subject2,Fig3b_Subject2,Saha meal SBG proxy,97.0,125.60499999999999,mg/dL,0.599,0.606,5.0,10.0,https://doi.org/10.1002/advs.202405518,model input resampled to 0.25-min intervals by linear interpolation; values are not normalized
Saha 2024,Saha_2024_Fig3b_Subject2,Fig3b_Subject2,Saha meal SBG proxy,97.25,125.54124999999999,mg/dL,0.599,0.606,5.0,10.0,https://doi.org/10.1002/advs.202405518,model input resampled to 0.25-min intervals by linear interpolation; values are not normalized
Saha 2024,Saha_2024_Fig3b_Subject2,Fig3b_Subject2,Saha meal SBG proxy,97.5,125.47749999999999,mg/dL,0.599,0.606,5.0,10.0,https://doi.org/10.1002/advs.202405518,model input resampled to 0.25-min intervals by linear interpolation; values are not normalized
Saha 2024,Saha_2024_Fig3b_Subject2,Fig3b_Subject2,Saha meal SBG proxy,97.75,125.41375,mg/dL,0.599,0.606,5.0,10.0,https://doi.org/10.1002/advs.202405518,model input resampled to 0.25-min intervals by linear interpolation; values are not normalized
Saha 2024,Saha_2024_Fig3b_Subject2,Fig3b_Subject2,Saha meal SBG proxy,98.0,125.35,mg/dL,0.599,0.606,5.0,10.0,https://doi.org/10.1002/advs.202405518,model input resampled to 0.25-min intervals by linear interpolation; values are not normalized
Saha 2024,Saha_2024_Fig3b_Subject2,Fig3b_Subject2,Saha meal SBG proxy,98.25,125.33749999999999,mg/dL,0.599,0.606,5.0,10.0,https://doi.org/10.1002/advs.202405518,model input resampled to 0.25-min intervals by linear interpolation; values are not normalized
Saha 2024,Saha_2024_Fig3b_Subject2,Fig3b_Subject2,Saha meal SBG proxy,98.5,125.32499999999999,mg/dL,0.599,0.606,5.0,10.0,https://doi.org/10.1002/advs.202405518,model input resampled to 0.25-min intervals by linear interpolation; values are not normalized
Saha 2024,Saha_2024_Fig3b_Subject2,Fig3b_Subject2,Saha meal SBG proxy,98.75,125.3125,mg/dL,0.599,0.606,5.0,10.0,https://doi.org/10.1002/advs.202405518,model input resampled to 0.25-min intervals by linear interpolation; values are not normalized
Saha 2024,Saha_2024_Fig3b_Subject2,Fig3b_Subject2,Saha meal SBG proxy,99.0,125.3,mg/dL,0.599,0.606,5.0,10.0,https://doi.org/10.1002/advs.202405518,model input resampled to 0.25-min intervals by linear interpolation; values are not normalized
Saha 2024,Saha_2024_Fig3b_Subject2,Fig3b_Subject2,Saha meal SBG proxy,99.25,125.2875,mg/dL,0.599,0.606,5.0,10.0,https://doi.org/10.1002/advs.202405518,model input resampled to 0.25-min intervals by linear interpolation; values are not normalized
Saha 2024,Saha_2024_Fig3b_Subject2,Fig3b_Subject2,Saha meal SBG proxy,99.5,125.275,mg/dL,0.599,0.606,5.0,10.0,https://doi.org/10.1002/advs.202405518,model input resampled to 0.25-min intervals by linear interpolation; values are not normalized
Saha 2024,Saha_2024_Fig3b_Subject2,Fig3b_Subject2,Saha meal SBG proxy,99.75,125.2625,mg/dL,0.599,0.606,5.0,10.0,https://doi.org/10.1002/advs.202405518,model input resampled to 0.25-min intervals by linear interpolation; values are not normalized
Saha 2024,Saha_2024_Fig3b_Subject2,Fig3b_Subject2,Saha meal SBG proxy,100.0,125.25,mg/dL,0.599,0.606,5.0,10.0,https://doi.org/10.1002/advs.202405518,model input resampled to 0.25-min intervals by linear interpolation; values are not normalized
Saha 2024,Saha_2024_Fig3b_Subject2,Fig3b_Subject2,Saha meal SBG proxy,100.25,125.2,mg/dL,0.599,0.606,5.0,10.0,https://doi.org/10.1002/advs.202405518,model input resampled to 0.25-min intervals by linear interpolation; values are not normalized
Saha 2024,Saha_2024_Fig3b_Subject2,Fig3b_Subject2,Saha meal SBG proxy,100.5,125.15,mg/dL,0.599,0.606,5.0,10.0,https://doi.org/10.1002/advs.202405518,model input resampled to 0.25-min intervals by linear interpolation; values are not normalized
Saha 2024,Saha_2024_Fig3b_Subject2,Fig3b_Subject2,Saha meal SBG proxy,100.75,125.1,mg/dL,0.599,0.606,5.0,10.0,https://doi.org/10.1002/advs.202405518,model input resampled to 0.25-min intervals by linear interpolation; values are not normalized
Saha 2024,Saha_2024_Fig3b_Subject2,Fig3b_Subject2,Saha meal SBG proxy,101.0,125.05,mg/dL,0.599,0.606,5.0,10.0,https://doi.org/10.1002/advs.202405518,model input resampled to 0.25-min intervals by linear interpolation; values are not normalized
Saha 2024,Saha_2024_Fig3b_Subject2,Fig3b_Subject2,Saha meal SBG proxy,101.25,125.0,mg/dL,0.599,0.606,5.0,10.0,https://doi.org/10.1002/advs.202405518,model input resampled to 0.25-min intervals by linear interpolation; values are not normalized
Saha 2024,Saha_2024_Fig3b_Subject2,Fig3b_Subject2,Saha meal SBG proxy,101.5,124.94999999999999,mg/dL,0.599,0.606,5.0,10.0,https://doi.org/10.1002/advs.202405518,model input resampled to 0.25-min intervals by linear interpolation; values are not normalized
Saha 2024,Saha_2024_Fig3b_Subject2,Fig3b_Subject2,Saha meal SBG proxy,101.75,124.89999999999999,mg/dL,0.599,0.606,5.0,10.0,https://doi.org/10.1002/advs.202405518,model input resampled to 0.25-min intervals by linear interpolation; values are not normalized
Saha 2024,Saha_2024_Fig3b_Subject2,Fig3b_Subject2,Saha meal SBG proxy,102.0,124.85,mg/dL,0.599,0.606,5.0,10.0,https://doi.org/10.1002/advs.202405518,model input resampled to 0.25-min intervals by linear interpolation; values are not normalized
Saha 2024,Saha_2024_Fig3b_Subject2,Fig3b_Subject2,Saha meal SBG proxy,102.25,124.8125,mg/dL,0.599,0.606,5.0,10.0,https://doi.org/10.1002/advs.202405518,model input resampled to 0.25-min intervals by linear interpolation; values are not normalized
Saha 2024,Saha_2024_Fig3b_Subject2,Fig3b_Subject2,Saha meal SBG proxy,102.5,124.77499999999999,mg/dL,0.599,0.606,5.0,10.0,https://doi.org/10.1002/advs.202405518,model input resampled to 0.25-min intervals by linear interpolation; values are not normalized
Saha 2024,Saha_2024_Fig3b_Subject2,Fig3b_Subject2,Saha meal SBG proxy,102.75,124.7375,mg/dL,0.599,0.606,5.0,10.0,https://doi.org/10.1002/advs.202405518,model input resampled to 0.25-min intervals by linear interpolation; values are not normalized
Saha 2024,Saha_2024_Fig3b_Subject2,Fig3b_Subject2,Saha meal SBG proxy,103.0,124.69999999999999,mg/dL,0.599,0.606,5.0,10.0,https://doi.org/10.1002/advs.202405518,model input resampled to 0.25-min intervals by linear interpolation; values are not normalized
Saha 2024,Saha_2024_Fig3b_Subject2,Fig3b_Subject2,Saha meal SBG proxy,103.25,124.6625,mg/dL,0.599,0.606,5.0,10.0,https://doi.org/10.1002/advs.202405518,model input resampled to 0.25-min intervals by linear interpolation; values are not normalized
Saha 2024,Saha_2024_Fig3b_Subject2,Fig3b_Subject2,Saha meal SBG proxy,103.5,124.625,mg/dL,0.599,0.606,5.0,10.0,https://doi.org/10.1002/advs.202405518,model input resampled to 0.25-min intervals by linear interpolation; values are not normalized
Saha 2024,Saha_2024_Fig3b_Subject2,Fig3b_Subject2,Saha meal SBG proxy,103.75,124.58749999999999,mg/dL,0.599,0.606,5.0,10.0,https://doi.org/10.1002/advs.202405518,model input resampled to 0.25-min intervals by linear interpolation; values are not normalized
Saha 2024,Saha_2024_Fig3b_Subject2,Fig3b_Subject2,Saha meal SBG proxy,104.0,124.55,mg/dL,0.599,0.606,5.0,10.0,https://doi.org/10.1002/advs.202405518,model input resampled to 0.25-min intervals by linear interpolation; values are not normalized
Saha 2024,Saha_2024_Fig3b_Subject2,Fig3b_Subject2,Saha meal SBG proxy,104.25,124.51124999999999,mg/dL,0.599,0.606,5.0,10.0,https://doi.org/10.1002/advs.202405518,model input resampled to 0.25-min intervals by linear interpolation; values are not normalized
Saha 2024,Saha_2024_Fig3b_Subject2,Fig3b_Subject2,Saha meal SBG proxy,104.5,124.4725,mg/dL,0.599,0.606,5.0,10.0,https://doi.org/10.1002/advs.202405518,model input resampled to 0.25-min intervals by linear interpolation; values are not normalized
Saha 2024,Saha_2024_Fig3b_Subject2,Fig3b_Subject2,Saha meal SBG proxy,104.75,124.43375,mg/dL,0.599,0.606,5.0,10.0,https://doi.org/10.1002/advs.202405518,model input resampled to 0.25-min intervals by linear interpolation; values are not normalized
Saha 2024,Saha_2024_Fig3b_Subject2,Fig3b_Subject2,Saha meal SBG proxy,105.0,124.395,mg/dL,0.599,0.606,5.0,10.0,https://doi.org/10.1002/advs.202405518,model input resampled to 0.25-min intervals by linear interpolation; values are not normalized
Saha 2024,Saha_2024_Fig3b_Subject2,Fig3b_Subject2,Saha meal SBG proxy,105.25,124.35624999999999,mg/dL,0.599,0.606,5.0,10.0,https://doi.org/10.1002/advs.202405518,model input resampled to 0.25-min intervals by linear interpolation; values are not normalized
Saha 2024,Saha_2024_Fig3b_Subject2,Fig3b_Subject2,Saha meal SBG proxy,105.5,124.3175,mg/dL,0.599,0.606,5.0,10.0,https://doi.org/10.1002/advs.202405518,model input resampled to 0.25-min intervals by linear interpolation; values are not normalized
Saha 2024,Saha_2024_Fig3b_Subject2,Fig3b_Subject2,Saha meal SBG proxy,105.75,124.27875,mg/dL,0.599,0.606,5.0,10.0,https://doi.org/10.1002/advs.202405518,model input resampled to 0.25-min intervals by linear interpolation; values are not normalized
Saha 2024,Saha_2024_Fig3b_Subject2,Fig3b_Subject2,Saha meal SBG proxy,106.0,124.24,mg/dL,0.599,0.606,5.0,10.0,https://doi.org/10.1002/advs.202405518,model input resampled to 0.25-min intervals by linear interpolation; values are not normalized
Saha 2024,Saha_2024_Fig3b_Subject2,Fig3b_Subject2,Saha meal SBG proxy,106.25,124.19,mg/dL,0.599,0.606,5.0,10.0,https://doi.org/10.1002/advs.202405518,model input resampled to 0.25-min intervals by linear interpolation; values are not normalized
Saha 2024,Saha_2024_Fig3b_Subject2,Fig3b_Subject2,Saha meal SBG proxy,106.5,124.14,mg/dL,0.599,0.606,5.0,10.0,https://doi.org/10.1002/advs.202405518,model input resampled to 0.25-min intervals by linear interpolation; values are not normalized
Saha 2024,Saha_2024_Fig3b_Subject2,Fig3b_Subject2,Saha meal SBG proxy,106.75,124.09,mg/dL,0.599,0.606,5.0,10.0,https://doi.org/10.1002/advs.202405518,model input resampled to 0.25-min intervals by linear interpolation; values are not normalized
Saha 2024,Saha_2024_Fig3b_Subject2,Fig3b_Subject2,Saha meal SBG proxy,107.0,124.03999999999999,mg/dL,0.599,0.606,5.0,10.0,https://doi.org/10.1002/advs.202405518,model input resampled to 0.25-min intervals by linear interpolation; values are not normalized
Saha 2024,Saha_2024_Fig3b_Subject2,Fig3b_Subject2,Saha meal SBG proxy,107.25,123.99,mg/dL,0.599,0.606,5.0,10.0,https://doi.org/10.1002/advs.202405518,model input resampled to 0.25-min intervals by linear interpolation; values are not normalized
Saha 2024,Saha_2024_Fig3b_Subject2,Fig3b_Subject2,Saha meal SBG proxy,107.5,123.94,mg/dL,0.599,0.606,5.0,10.0,https://doi.org/10.1002/advs.202405518,model input resampled to 0.25-min intervals by linear interpolation; values are not normalized
Saha 2024,Saha_2024_Fig3b_Subject2,Fig3b_Subject2,Saha meal SBG proxy,107.75,123.89,mg/dL,0.599,0.606,5.0,10.0,https://doi.org/10.1002/advs.202405518,model input resampled to 0.25-min intervals by linear interpolation; values are not normalized
Saha 2024,Saha_2024_Fig3b_Subject2,Fig3b_Subject2,Saha meal SBG proxy,108.0,123.84,mg/dL,0.599,0.606,5.0,10.0,https://doi.org/10.1002/advs.202405518,model input resampled to 0.25-min intervals by linear interpolation; values are not normalized
Saha 2024,Saha_2024_Fig3b_Subject2,Fig3b_Subject2,Saha meal SBG proxy,108.25,123.78875000000001,mg/dL,0.599,0.606,5.0,10.0,https://doi.org/10.1002/advs.202405518,model input resampled to 0.25-min intervals by linear interpolation; values are not normalized
Saha 2024,Saha_2024_Fig3b_Subject2,Fig3b_Subject2,Saha meal SBG proxy,108.5,123.73750000000001,mg/dL,0.599,0.606,5.0,10.0,https://doi.org/10.1002/advs.202405518,model input resampled to 0.25-min intervals by linear interpolation; values are not normalized
Saha 2024,Saha_2024_Fig3b_Subject2,Fig3b_Subject2,Saha meal SBG proxy,108.75,123.68625,mg/dL,0.599,0.606,5.0,10.0,https://doi.org/10.1002/advs.202405518,model input resampled to 0.25-min intervals by linear interpolation; values are not normalized
Saha 2024,Saha_2024_Fig3b_Subject2,Fig3b_Subject2,Saha meal SBG proxy,109.0,123.635,mg/dL,0.599,0.606,5.0,10.0,https://doi.org/10.1002/advs.202405518,model input resampled to 0.25-min intervals by linear interpolation; values are not normalized
Saha 2024,Saha_2024_Fig3b_Subject2,Fig3b_Subject2,Saha meal SBG proxy,109.25,123.58375000000001,mg/dL,0.599,0.606,5.0,10.0,https://doi.org/10.1002/advs.202405518,model input resampled to 0.25-min intervals by linear interpolation; values are not normalized
Saha 2024,Saha_2024_Fig3b_Subject2,Fig3b_Subject2,Saha meal SBG proxy,109.5,123.5325,mg/dL,0.599,0.606,5.0,10.0,https://doi.org/10.1002/advs.202405518,model input resampled to 0.25-min intervals by linear interpolation; values are not normalized
Saha 2024,Saha_2024_Fig3b_Subject2,Fig3b_Subject2,Saha meal SBG proxy,109.75,123.48125,mg/dL,0.599,0.606,5.0,10.0,https://doi.org/10.1002/advs.202405518,model input resampled to 0.25-min intervals by linear interpolation; values are not normalized
Saha 2024,Saha_2024_Fig3b_Subject2,Fig3b_Subject2,Saha meal SBG proxy,110.0,123.43,mg/dL,0.599,0.606,5.0,10.0,https://doi.org/10.1002/advs.202405518,model input resampled to 0.25-min intervals by linear interpolation; values are not normalized
Saha 2024,Saha_2024_Fig3b_Subject2,Fig3b_Subject2,Saha meal SBG proxy,110.25,123.39250000000001,mg/dL,0.599,0.606,5.0,10.0,https://doi.org/10.1002/advs.202405518,model input resampled to 0.25-min intervals by linear interpolation; values are not normalized
Saha 2024,Saha_2024_Fig3b_Subject2,Fig3b_Subject2,Saha meal SBG proxy,110.5,123.355,mg/dL,0.599,0.606,5.0,10.0,https://doi.org/10.1002/advs.202405518,model input resampled to 0.25-min intervals by linear interpolation; values are not normalized
Saha 2024,Saha_2024_Fig3b_Subject2,Fig3b_Subject2,Saha meal SBG proxy,110.75,123.3175,mg/dL,0.599,0.606,5.0,10.0,https://doi.org/10.1002/advs.202405518,model input resampled to 0.25-min intervals by linear interpolation; values are not normalized
Saha 2024,Saha_2024_Fig3b_Subject2,Fig3b_Subject2,Saha meal SBG proxy,111.0,123.28,mg/dL,0.599,0.606,5.0,10.0,https://doi.org/10.1002/advs.202405518,model input resampled to 0.25-min intervals by linear interpolation; values are not normalized
Saha 2024,Saha_2024_Fig3b_Subject2,Fig3b_Subject2,Saha meal SBG proxy,111.25,123.2425,mg/dL,0.599,0.606,5.0,10.0,https://doi.org/10.1002/advs.202405518,model input resampled to 0.25-min intervals by linear interpolation; values are not normalized
Saha 2024,Saha_2024_Fig3b_Subject2,Fig3b_Subject2,Saha meal SBG proxy,111.5,123.205,mg/dL,0.599,0.606,5.0,10.0,https://doi.org/10.1002/advs.202405518,model input resampled to 0.25-min intervals by linear interpolation; values are not normalized
Saha 2024,Saha_2024_Fig3b_Subject2,Fig3b_Subject2,Saha meal SBG proxy,111.75,123.16749999999999,mg/dL,0.599,0.606,5.0,10.0,https://doi.org/10.1002/advs.202405518,model input resampled to 0.25-min intervals by linear interpolation; values are not normalized
Saha 2024,Saha_2024_Fig3b_Subject2,Fig3b_Subject2,Saha meal SBG proxy,112.0,123.13,mg/dL,0.599,0.606,5.0,10.0,https://doi.org/10.1002/advs.202405518,model input resampled to 0.25-min intervals by linear interpolation; values are not normalized
Saha 2024,Saha_2024_Fig3b_Subject2,Fig3b_Subject2,Saha meal SBG proxy,112.25,123.0925,mg/dL,0.599,0.606,5.0,10.0,https://doi.org/10.1002/advs.202405518,model input resampled to 0.25-min intervals by linear interpolation; values are not normalized
Saha 2024,Saha_2024_Fig3b_Subject2,Fig3b_Subject2,Saha meal SBG proxy,112.5,123.05499999999999,mg/dL,0.599,0.606,5.0,10.0,https://doi.org/10.1002/advs.202405518,model input resampled to 0.25-min intervals by linear interpolation; values are not normalized
Saha 2024,Saha_2024_Fig3b_Subject2,Fig3b_Subject2,Saha meal SBG proxy,112.75,123.0175,mg/dL,0.599,0.606,5.0,10.0,https://doi.org/10.1002/advs.202405518,model input resampled to 0.25-min intervals by linear interpolation; values are not normalized
Saha 2024,Saha_2024_Fig3b_Subject2,Fig3b_Subject2,Saha meal SBG proxy,113.0,122.97999999999999,mg/dL,0.599,0.606,5.0,10.0,https://doi.org/10.1002/advs.202405518,model input resampled to 0.25-min intervals by linear interpolation; values are not normalized
Saha 2024,Saha_2024_Fig3b_Subject2,Fig3b_Subject2,Saha meal SBG proxy,113.25,122.9425,mg/dL,0.599,0.606,5.0,10.0,https://doi.org/10.1002/advs.202405518,model input resampled to 0.25-min intervals by linear interpolation; values are not normalized
Saha 2024,Saha_2024_Fig3b_Subject2,Fig3b_Subject2,Saha meal SBG proxy,113.5,122.905,mg/dL,0.599,0.606,5.0,10.0,https://doi.org/10.1002/advs.202405518,model input resampled to 0.25-min intervals by linear interpolation; values are not normalized
Saha 2024,Saha_2024_Fig3b_Subject2,Fig3b_Subject2,Saha meal SBG proxy,113.75,122.86749999999999,mg/dL,0.599,0.606,5.0,10.0,https://doi.org/10.1002/advs.202405518,model input resampled to 0.25-min intervals by linear interpolation; values are not normalized
Saha 2024,Saha_2024_Fig3b_Subject2,Fig3b_Subject2,Saha meal SBG proxy,114.0,122.83,mg/dL,0.599,0.606,5.0,10.0,https://doi.org/10.1002/advs.202405518,model input resampled to 0.25-min intervals by linear interpolation; values are not normalized
Saha 2024,Saha_2024_Fig3b_Subject2,Fig3b_Subject2,Saha meal SBG proxy,114.25,122.77875,mg/dL,0.599,0.606,5.0,10.0,https://doi.org/10.1002/advs.202405518,model input resampled to 0.25-min intervals by linear interpolation; values are not normalized
Saha 2024,Saha_2024_Fig3b_Subject2,Fig3b_Subject2,Saha meal SBG proxy,114.5,122.72749999999999,mg/dL,0.599,0.606,5.0,10.0,https://doi.org/10.1002/advs.202405518,model input resampled to 0.25-min intervals by linear interpolation; values are not normalized
Saha 2024,Saha_2024_Fig3b_Subject2,Fig3b_Subject2,Saha meal SBG proxy,114.75,122.67625,mg/dL,0.599,0.606,5.0,10.0,https://doi.org/10.1002/advs.202405518,model input resampled to 0.25-min intervals by linear interpolation; values are not normalized
Saha 2024,Saha_2024_Fig3b_Subject2,Fig3b_Subject2,Saha meal SBG proxy,115.0,122.625,mg/dL,0.599,0.606,5.0,10.0,https://doi.org/10.1002/advs.202405518,model input resampled to 0.25-min intervals by linear interpolation; values are not normalized
Saha 2024,Saha_2024_Fig3b_Subject2,Fig3b_Subject2,Saha meal SBG proxy,115.25,122.57375,mg/dL,0.599,0.606,5.0,10.0,https://doi.org/10.1002/advs.202405518,model input resampled to 0.25-min intervals by linear interpolation; values are not normalized
Saha 2024,Saha_2024_Fig3b_Subject2,Fig3b_Subject2,Saha meal SBG proxy,115.5,122.52250000000001,mg/dL,0.599,0.606,5.0,10.0,https://doi.org/10.1002/advs.202405518,model input resampled to 0.25-min intervals by linear interpolation; values are not normalized
Saha 2024,Saha_2024_Fig3b_Subject2,Fig3b_Subject2,Saha meal SBG proxy,115.75,122.47125,mg/dL,0.599,0.606,5.0,10.0,https://doi.org/10.1002/advs.202405518,model input resampled to 0.25-min intervals by linear interpolation; values are not normalized
Saha 2024,Saha_2024_Fig3b_Subject2,Fig3b_Subject2,Saha meal SBG proxy,116.0,122.42,mg/dL,0.599,0.606,5.0,10.0,https://doi.org/10.1002/advs.202405518,model input resampled to 0.25-min intervals by linear interpolation; values are not normalized
Saha 2024,Saha_2024_Fig3b_Subject2,Fig3b_Subject2,Saha meal SBG proxy,116.25,122.38250000000001,mg/dL,0.599,0.606,5.0,10.0,https://doi.org/10.1002/advs.202405518,model input resampled to 0.25-min intervals by linear interpolation; values are not normalized
Saha 2024,Saha_2024_Fig3b_Subject2,Fig3b_Subject2,Saha meal SBG proxy,116.5,122.345,mg/dL,0.599,0.606,5.0,10.0,https://doi.org/10.1002/advs.202405518,model input resampled to 0.25-min intervals by linear interpolation; values are not normalized
Saha 2024,Saha_2024_Fig3b_Subject2,Fig3b_Subject2,Saha meal SBG proxy,116.75,122.3075,mg/dL,0.599,0.606,5.0,10.0,https://doi.org/10.1002/advs.202405518,model input resampled to 0.25-min intervals by linear interpolation; values are not normalized
Saha 2024,Saha_2024_Fig3b_Subject2,Fig3b_Subject2,Saha meal SBG proxy,117.0,122.27000000000001,mg/dL,0.599,0.606,5.0,10.0,https://doi.org/10.1002/advs.202405518,model input resampled to 0.25-min intervals by linear interpolation; values are not normalized
Saha 2024,Saha_2024_Fig3b_Subject2,Fig3b_Subject2,Saha meal SBG proxy,117.25,122.2325,mg/dL,0.599,0.606,5.0,10.0,https://doi.org/10.1002/advs.202405518,model input resampled to 0.25-min intervals by linear interpolation; values are not normalized
Saha 2024,Saha_2024_Fig3b_Subject2,Fig3b_Subject2,Saha meal SBG proxy,117.5,122.19500000000001,mg/dL,0.599,0.606,5.0,10.0,https://doi.org/10.1002/advs.202405518,model input resampled to 0.25-min intervals by linear interpolation; values are not normalized
Saha 2024,Saha_2024_Fig3b_Subject2,Fig3b_Subject2,Saha meal SBG proxy,117.75,122.1575,mg/dL,0.599,0.606,5.0,10.0,https://doi.org/10.1002/advs.202405518,model input resampled to 0.25-min intervals by linear interpolation; values are not normalized
Saha 2024,Saha_2024_Fig3b_Subject2,Fig3b_Subject2,Saha meal SBG proxy,118.0,122.12,mg/dL,0.599,0.606,5.0,10.0,https://doi.org/10.1002/advs.202405518,model input resampled to 0.25-min intervals by linear interpolation; values are not normalized
Saha 2024,Saha_2024_Fig3b_Subject2,Fig3b_Subject2,Saha meal SBG proxy,118.25,122.08250000000001,mg/dL,0.599,0.606,5.0,10.0,https://doi.org/10.1002/advs.202405518,model input resampled to 0.25-min intervals by linear interpolation; values are not normalized
Saha 2024,Saha_2024_Fig3b_Subject2,Fig3b_Subject2,Saha meal SBG proxy,118.5,122.045,mg/dL,0.599,0.606,5.0,10.0,https://doi.org/10.1002/advs.202405518,model input resampled to 0.25-min intervals by linear interpolation; values are not normalized
Saha 2024,Saha_2024_Fig3b_Subject2,Fig3b_Subject2,Saha meal SBG proxy,118.75,122.0075,mg/dL,0.599,0.606,5.0,10.0,https://doi.org/10.1002/advs.202405518,model input resampled to 0.25-min intervals by linear interpolation; values are not normalized
Saha 2024,Saha_2024_Fig3b_Subject2,Fig3b_Subject2,Saha meal SBG proxy,119.0,121.97,mg/dL,0.599,0.606,5.0,10.0,https://doi.org/10.1002/advs.202405518,model input resampled to 0.25-min intervals by linear interpolation; values are not normalized
Saha 2024,Saha_2024_Fig3b_Subject2,Fig3b_Subject2,Saha meal SBG proxy,119.25,121.9325,mg/dL,0.599,0.606,5.0,10.0,https://doi.org/10.1002/advs.202405518,model input resampled to 0.25-min intervals by linear interpolation; values are not normalized
Saha 2024,Saha_2024_Fig3b_Subject2,Fig3b_Subject2,Saha meal SBG proxy,119.5,121.895,mg/dL,0.599,0.606,5.0,10.0,https://doi.org/10.1002/advs.202405518,model input resampled to 0.25-min intervals by linear interpolation; values are not normalized
Saha 2024,Saha_2024_Fig3b_Subject2,Fig3b_Subject2,Saha meal SBG proxy,119.75,121.85749999999999,mg/dL,0.599,0.606,5.0,10.0,https://doi.org/10.1002/advs.202405518,model input resampled to 0.25-min intervals by linear interpolation; values are not normalized
Saha 2024,Saha_2024_Fig3b_Subject2,Fig3b_Subject2,Saha meal SBG proxy,120.0,121.82,mg/dL,0.599,0.606,5.0,10.0,https://doi.org/10.1002/advs.202405518,model input resampled to 0.25-min intervals by linear interpolation; values are not normalized
Saha 2024,Saha_2024_Fig3b_Subject2,Fig3b_Subject2,Saha meal SBG proxy,120.25,121.79499999999999,mg/dL,0.599,0.606,5.0,10.0,https://doi.org/10.1002/advs.202405518,model input resampled to 0.25-min intervals by linear interpolation; values are not normalized
Saha 2024,Saha_2024_Fig3b_Subject2,Fig3b_Subject2,Saha meal SBG proxy,120.5,121.77,mg/dL,0.599,0.606,5.0,10.0,https://doi.org/10.1002/advs.202405518,model input resampled to 0.25-min intervals by linear interpolation; values are not normalized
Saha 2024,Saha_2024_Fig3b_Subject2,Fig3b_Subject2,Saha meal SBG proxy,120.75,121.745,mg/dL,0.599,0.606,5.0,10.0,https://doi.org/10.1002/advs.202405518,model input resampled to 0.25-min intervals by linear interpolation; values are not normalized
Saha 2024,Saha_2024_Fig3b_Subject2,Fig3b_Subject2,Saha meal SBG proxy,121.0,121.72,mg/dL,0.599,0.606,5.0,10.0,https://doi.org/10.1002/advs.202405518,model input resampled to 0.25-min intervals by linear interpolation; values are not normalized
Saha 2024,Saha_2024_Fig3b_Subject2,Fig3b_Subject2,Saha meal SBG proxy,121.25,121.695,mg/dL,0.599,0.606,5.0,10.0,https://doi.org/10.1002/advs.202405518,model input resampled to 0.25-min intervals by linear interpolation; values are not normalized
Saha 2024,Saha_2024_Fig3b_Subject2,Fig3b_Subject2,Saha meal SBG proxy,121.5,121.67,mg/dL,0.599,0.606,5.0,10.0,https://doi.org/10.1002/advs.202405518,model input resampled to 0.25-min intervals by linear interpolation; values are not normalized
Saha 2024,Saha_2024_Fig3b_Subject2,Fig3b_Subject2,Saha meal SBG proxy,121.75,121.64500000000001,mg/dL,0.599,0.606,5.0,10.0,https://doi.org/10.1002/advs.202405518,model input resampled to 0.25-min intervals by linear interpolation; values are not normalized
Saha 2024,Saha_2024_Fig3b_Subject2,Fig3b_Subject2,Saha meal SBG proxy,122.0,121.62,mg/dL,0.599,0.606,5.0,10.0,https://doi.org/10.1002/advs.202405518,model input resampled to 0.25-min intervals by linear interpolation; values are not normalized
Saha 2024,Saha_2024_Fig3b_Subject2,Fig3b_Subject2,Saha meal SBG proxy,122.25,121.59375,mg/dL,0.599,0.606,5.0,10.0,https://doi.org/10.1002/advs.202405518,model input resampled to 0.25-min intervals by linear interpolation; values are not normalized
Saha 2024,Saha_2024_Fig3b_Subject2,Fig3b_Subject2,Saha meal SBG proxy,122.5,121.5675,mg/dL,0.599,0.606,5.0,10.0,https://doi.org/10.1002/advs.202405518,model input resampled to 0.25-min intervals by linear interpolation; values are not normalized
Saha 2024,Saha_2024_Fig3b_Subject2,Fig3b_Subject2,Saha meal SBG proxy,122.75,121.54125,mg/dL,0.599,0.606,5.0,10.0,https://doi.org/10.1002/advs.202405518,model input resampled to 0.25-min intervals by linear interpolation; values are not normalized
Saha 2024,Saha_2024_Fig3b_Subject2,Fig3b_Subject2,Saha meal SBG proxy,123.0,121.515,mg/dL,0.599,0.606,5.0,10.0,https://doi.org/10.1002/advs.202405518,model input resampled to 0.25-min intervals by linear interpolation; values are not normalized
Saha 2024,Saha_2024_Fig3b_Subject2,Fig3b_Subject2,Saha meal SBG proxy,123.25,121.48875,mg/dL,0.599,0.606,5.0,10.0,https://doi.org/10.1002/advs.202405518,model input resampled to 0.25-min intervals by linear interpolation; values are not normalized
Saha 2024,Saha_2024_Fig3b_Subject2,Fig3b_Subject2,Saha meal SBG proxy,123.5,121.4625,mg/dL,0.599,0.606,5.0,10.0,https://doi.org/10.1002/advs.202405518,model input resampled to 0.25-min intervals by linear interpolation; values are not normalized
Saha 2024,Saha_2024_Fig3b_Subject2,Fig3b_Subject2,Saha meal SBG proxy,123.75,121.43625,mg/dL,0.599,0.606,5.0,10.0,https://doi.org/10.1002/advs.202405518,model input resampled to 0.25-min intervals by linear interpolation; values are not normalized
Saha 2024,Saha_2024_Fig3b_Subject2,Fig3b_Subject2,Saha meal SBG proxy,124.0,121.41,mg/dL,0.599,0.606,5.0,10.0,https://doi.org/10.1002/advs.202405518,model input resampled to 0.25-min intervals by linear interpolation; values are not normalized
Saha 2024,Saha_2024_Fig3b_Subject2,Fig3b_Subject2,Saha meal SBG proxy,124.25,121.38499999999999,mg/dL,0.599,0.606,5.0,10.0,https://doi.org/10.1002/advs.202405518,model input resampled to 0.25-min intervals by linear interpolation; values are not normalized
Saha 2024,Saha_2024_Fig3b_Subject2,Fig3b_Subject2,Saha meal SBG proxy,124.5,121.36,mg/dL,0.599,0.606,5.0,10.0,https://doi.org/10.1002/advs.202405518,model input resampled to 0.25-min intervals by linear interpolation; values are not normalized
Saha 2024,Saha_2024_Fig3b_Subject2,Fig3b_Subject2,Saha meal SBG proxy,124.75,121.335,mg/dL,0.599,0.606,5.0,10.0,https://doi.org/10.1002/advs.202405518,model input resampled to 0.25-min intervals by linear interpolation; values are not normalized
Saha 2024,Saha_2024_Fig3b_Subject2,Fig3b_Subject2,Saha meal SBG proxy,125.0,121.31,mg/dL,0.599,0.606,5.0,10.0,https://doi.org/10.1002/advs.202405518,model input resampled to 0.25-min intervals by linear interpolation; values are not normalized
Saha 2024,Saha_2024_Fig3b_Subject2,Fig3b_Subject2,Saha meal SBG proxy,125.25,121.285,mg/dL,0.599,0.606,5.0,10.0,https://doi.org/10.1002/advs.202405518,model input resampled to 0.25-min intervals by linear interpolation; values are not normalized
Saha 2024,Saha_2024_Fig3b_Subject2,Fig3b_Subject2,Saha meal SBG proxy,125.5,121.25999999999999,mg/dL,0.599,0.606,5.0,10.0,https://doi.org/10.1002/advs.202405518,model input resampled to 0.25-min intervals by linear interpolation; values are not normalized
Saha 2024,Saha_2024_Fig3b_Subject2,Fig3b_Subject2,Saha meal SBG proxy,125.75,121.235,mg/dL,0.599,0.606,5.0,10.0,https://doi.org/10.1002/advs.202405518,model input resampled to 0.25-min intervals by linear interpolation; values are not normalized
Saha 2024,Saha_2024_Fig3b_Subject2,Fig3b_Subject2,Saha meal SBG proxy,126.0,121.21,mg/dL,0.599,0.606,5.0,10.0,https://doi.org/10.1002/advs.202405518,model input resampled to 0.25-min intervals by linear interpolation; values are not normalized
Saha 2024,Saha_2024_Fig3b_Subject2,Fig3b_Subject2,Saha meal SBG proxy,126.25,121.19749999999999,mg/dL,0.599,0.606,5.0,10.0,https://doi.org/10.1002/advs.202405518,model input resampled to 0.25-min intervals by linear interpolation; values are not normalized
Saha 2024,Saha_2024_Fig3b_Subject2,Fig3b_Subject2,Saha meal SBG proxy,126.5,121.185,mg/dL,0.599,0.606,5.0,10.0,https://doi.org/10.1002/advs.202405518,model input resampled to 0.25-min intervals by linear interpolation; values are not normalized
Saha 2024,Saha_2024_Fig3b_Subject2,Fig3b_Subject2,Saha meal SBG proxy,126.75,121.1725,mg/dL,0.599,0.606,5.0,10.0,https://doi.org/10.1002/advs.202405518,model input resampled to 0.25-min intervals by linear interpolation; values are not normalized
Saha 2024,Saha_2024_Fig3b_Subject2,Fig3b_Subject2,Saha meal SBG proxy,127.0,121.16,mg/dL,0.599,0.606,5.0,10.0,https://doi.org/10.1002/advs.202405518,model input resampled to 0.25-min intervals by linear interpolation; values are not normalized
Saha 2024,Saha_2024_Fig3b_Subject2,Fig3b_Subject2,Saha meal SBG proxy,127.25,121.1475,mg/dL,0.599,0.606,5.0,10.0,https://doi.org/10.1002/advs.202405518,model input resampled to 0.25-min intervals by linear interpolation; values are not normalized
Saha 2024,Saha_2024_Fig3b_Subject2,Fig3b_Subject2,Saha meal SBG proxy,127.5,121.13499999999999,mg/dL,0.599,0.606,5.0,10.0,https://doi.org/10.1002/advs.202405518,model input resampled to 0.25-min intervals by linear interpolation; values are not normalized
Saha 2024,Saha_2024_Fig3b_Subject2,Fig3b_Subject2,Saha meal SBG proxy,127.75,121.1225,mg/dL,0.599,0.606,5.0,10.0,https://doi.org/10.1002/advs.202405518,model input resampled to 0.25-min intervals by linear interpolation; values are not normalized
Saha 2024,Saha_2024_Fig3b_Subject2,Fig3b_Subject2,Saha meal SBG proxy,128.0,121.11,mg/dL,0.599,0.606,5.0,10.0,https://doi.org/10.1002/advs.202405518,model input resampled to 0.25-min intervals by linear interpolation; values are not normalized
Saha 2024,Saha_2024_Fig3b_Subject2,Fig3b_Subject2,Saha meal SBG proxy,128.25,121.11,mg/dL,0.599,0.606,5.0,10.0,https://doi.org/10.1002/advs.202405518,model input resampled to 0.25-min intervals by linear interpolation; values are not normalized
Saha 2024,Saha_2024_Fig3b_Subject2,Fig3b_Subject2,Saha meal SBG proxy,128.5,121.11,mg/dL,0.599,0.606,5.0,10.0,https://doi.org/10.1002/advs.202405518,model input resampled to 0.25-min intervals by linear interpolation; values are not normalized
Saha 2024,Saha_2024_Fig3b_Subject2,Fig3b_Subject2,Saha meal SBG proxy,128.75,121.11,mg/dL,0.599,0.606,5.0,10.0,https://doi.org/10.1002/advs.202405518,model input resampled to 0.25-min intervals by linear interpolation; values are not normalized
Saha 2024,Saha_2024_Fig3b_Subject2,Fig3b_Subject2,Saha meal SBG proxy,129.0,121.11,mg/dL,0.599,0.606,5.0,10.0,https://doi.org/10.1002/advs.202405518,model input resampled to 0.25-min intervals by linear interpolation; values are not normalized
Saha 2024,Saha_2024_Fig3b_Subject2,Fig3b_Subject2,Saha meal SBG proxy,129.25,121.11,mg/dL,0.599,0.606,5.0,10.0,https://doi.org/10.1002/advs.202405518,model input resampled to 0.25-min intervals by linear interpolation; values are not normalized
Saha 2024,Saha_2024_Fig3b_Subject2,Fig3b_Subject2,Saha meal SBG proxy,129.5,121.11,mg/dL,0.599,0.606,5.0,10.0,https://doi.org/10.1002/advs.202405518,model input resampled to 0.25-min intervals by linear interpolation; values are not normalized
Saha 2024,Saha_2024_Fig3b_Subject2,Fig3b_Subject2,Saha meal SBG proxy,129.75,121.11,mg/dL,0.599,0.606,5.0,10.0,https://doi.org/10.1002/advs.202405518,model input resampled to 0.25-min intervals by linear interpolation; values are not normalized
Saha 2024,Saha_2024_Fig3b_Subject2,Fig3b_Subject2,Saha meal SBG proxy,130.0,121.11,mg/dL,0.599,0.606,5.0,10.0,https://doi.org/10.1002/advs.202405518,model input resampled to 0.25-min intervals by linear interpolation; values are not normalized
Saha 2024,Saha_2024_Fig3b_Subject3,Fig3b_Subject3,Saha meal SBG proxy,0.0,97.6,mg/dL,0.589,0.784,5.0,10.0,https://doi.org/10.1002/advs.202405518,model input resampled to 0.25-min intervals by linear interpolation; values are not normalized
Saha 2024,Saha_2024_Fig3b_Subject3,Fig3b_Subject3,Saha meal SBG proxy,0.25,97.58375,mg/dL,0.589,0.784,5.0,10.0,https://doi.org/10.1002/advs.202405518,model input resampled to 0.25-min intervals by linear interpolation; values are not normalized
Saha 2024,Saha_2024_Fig3b_Subject3,Fig3b_Subject3,Saha meal SBG proxy,0.5,97.5675,mg/dL,0.589,0.784,5.0,10.0,https://doi.org/10.1002/advs.202405518,model input resampled to 0.25-min intervals by linear interpolation; values are not normalized
Saha 2024,Saha_2024_Fig3b_Subject3,Fig3b_Subject3,Saha meal SBG proxy,0.75,97.55125,mg/dL,0.589,0.784,5.0,10.0,https://doi.org/10.1002/advs.202405518,model input resampled to 0.25-min intervals by linear interpolation; values are not normalized
Saha 2024,Saha_2024_Fig3b_Subject3,Fig3b_Subject3,Saha meal SBG proxy,1.0,97.535,mg/dL,0.589,0.784,5.0,10.0,https://doi.org/10.1002/advs.202405518,model input resampled to 0.25-min intervals by linear interpolation; values are not normalized
Saha 2024,Saha_2024_Fig3b_Subject3,Fig3b_Subject3,Saha meal SBG proxy,1.25,97.51875,mg/dL,0.589,0.784,5.0,10.0,https://doi.org/10.1002/advs.202405518,model input resampled to 0.25-min intervals by linear interpolation; values are not normalized
Saha 2024,Saha_2024_Fig3b_Subject3,Fig3b_Subject3,Saha meal SBG proxy,1.5,97.5025,mg/dL,0.589,0.784,5.0,10.0,https://doi.org/10.1002/advs.202405518,model input resampled to 0.25-min intervals by linear interpolation; values are not normalized
Saha 2024,Saha_2024_Fig3b_Subject3,Fig3b_Subject3,Saha meal SBG proxy,1.75,97.48625,mg/dL,0.589,0.784,5.0,10.0,https://doi.org/10.1002/advs.202405518,model input resampled to 0.25-min intervals by linear interpolation; values are not normalized
Saha 2024,Saha_2024_Fig3b_Subject3,Fig3b_Subject3,Saha meal SBG proxy,2.0,97.47,mg/dL,0.589,0.784,5.0,10.0,https://doi.org/10.1002/advs.202405518,model input resampled to 0.25-min intervals by linear interpolation; values are not normalized
Saha 2024,Saha_2024_Fig3b_Subject3,Fig3b_Subject3,Saha meal SBG proxy,2.25,97.42125,mg/dL,0.589,0.784,5.0,10.0,https://doi.org/10.1002/advs.202405518,model input resampled to 0.25-min intervals by linear interpolation; values are not normalized
Saha 2024,Saha_2024_Fig3b_Subject3,Fig3b_Subject3,Saha meal SBG proxy,2.5,97.3725,mg/dL,0.589,0.784,5.0,10.0,https://doi.org/10.1002/advs.202405518,model input resampled to 0.25-min intervals by linear interpolation; values are not normalized
Saha 2024,Saha_2024_Fig3b_Subject3,Fig3b_Subject3,Saha meal SBG proxy,2.75,97.32375,mg/dL,0.589,0.784,5.0,10.0,https://doi.org/10.1002/advs.202405518,model input resampled to 0.25-min intervals by linear interpolation; values are not normalized
Saha 2024,Saha_2024_Fig3b_Subject3,Fig3b_Subject3,Saha meal SBG proxy,3.0,97.275,mg/dL,0.589,0.784,5.0,10.0,https://doi.org/10.1002/advs.202405518,model input resampled to 0.25-min intervals by linear interpolation; values are not normalized
Saha 2024,Saha_2024_Fig3b_Subject3,Fig3b_Subject3,Saha meal SBG proxy,3.25,97.22625,mg/dL,0.589,0.784,5.0,10.0,https://doi.org/10.1002/advs.202405518,model input resampled to 0.25-min intervals by linear interpolation; values are not normalized
Saha 2024,Saha_2024_Fig3b_Subject3,Fig3b_Subject3,Saha meal SBG proxy,3.5,97.1775,mg/dL,0.589,0.784,5.0,10.0,https://doi.org/10.1002/advs.202405518,model input resampled to 0.25-min intervals by linear interpolation; values are not normalized
Saha 2024,Saha_2024_Fig3b_Subject3,Fig3b_Subject3,Saha meal SBG proxy,3.75,97.12875,mg/dL,0.589,0.784,5.0,10.0,https://doi.org/10.1002/advs.202405518,model input resampled to 0.25-min intervals by linear interpolation; values are not normalized
Saha 2024,Saha_2024_Fig3b_Subject3,Fig3b_Subject3,Saha meal SBG proxy,4.0,97.08,mg/dL,0.589,0.784,5.0,10.0,https://doi.org/10.1002/advs.202405518,model input resampled to 0.25-min intervals by linear interpolation; values are not normalized
Saha 2024,Saha_2024_Fig3b_Subject3,Fig3b_Subject3,Saha meal SBG proxy,4.25,97.0475,mg/dL,0.589,0.784,5.0,10.0,https://doi.org/10.1002/advs.202405518,model input resampled to 0.25-min intervals by linear interpolation; values are not normalized
Saha 2024,Saha_2024_Fig3b_Subject3,Fig3b_Subject3,Saha meal SBG proxy,4.5,97.015,mg/dL,0.589,0.784,5.0,10.0,https://doi.org/10.1002/advs.202405518,model input resampled to 0.25-min intervals by linear interpolation; values are not normalized
Saha 2024,Saha_2024_Fig3b_Subject3,Fig3b_Subject3,Saha meal SBG proxy,4.75,96.9825,mg/dL,0.589,0.784,5.0,10.0,https://doi.org/10.1002/advs.202405518,model input resampled to 0.25-min intervals by linear interpolation; values are not normalized
Saha 2024,Saha_2024_Fig3b_Subject3,Fig3b_Subject3,Saha meal SBG proxy,5.0,96.94999999999999,mg/dL,0.589,0.784,5.0,10.0,https://doi.org/10.1002/advs.202405518,model input resampled to 0.25-min intervals by linear interpolation; values are not normalized
Saha 2024,Saha_2024_Fig3b_Subject3,Fig3b_Subject3,Saha meal SBG proxy,5.25,96.91749999999999,mg/dL,0.589,0.784,5.0,10.0,https://doi.org/10.1002/advs.202405518,model input resampled to 0.25-min intervals by linear interpolation; values are not normalized
Saha 2024,Saha_2024_Fig3b_Subject3,Fig3b_Subject3,Saha meal SBG proxy,5.5,96.88499999999999,mg/dL,0.589,0.784,5.0,10.0,https://doi.org/10.1002/advs.202405518,model input resampled to 0.25-min intervals by linear interpolation; values are not normalized
Saha 2024,Saha_2024_Fig3b_Subject3,Fig3b_Subject3,Saha meal SBG proxy,5.75,96.85249999999999,mg/dL,0.589,0.784,5.0,10.0,https://doi.org/10.1002/advs.202405518,model input resampled to 0.25-min intervals by linear interpolation; values are not normalized
Saha 2024,Saha_2024_Fig3b_Subject3,Fig3b_Subject3,Saha meal SBG proxy,6.0,96.82,mg/dL,0.589,0.784,5.0,10.0,https://doi.org/10.1002/advs.202405518,model input resampled to 0.25-min intervals by linear interpolation; values are not normalized
Saha 2024,Saha_2024_Fig3b_Subject3,Fig3b_Subject3,Saha meal SBG proxy,6.25,96.7875,mg/dL,0.589,0.784,5.0,10.0,https://doi.org/10.1002/advs.202405518,model input resampled to 0.25-min intervals by linear interpolation; values are not normalized
Saha 2024,Saha_2024_Fig3b_Subject3,Fig3b_Subject3,Saha meal SBG proxy,6.5,96.755,mg/dL,0.589,0.784,5.0,10.0,https://doi.org/10.1002/advs.202405518,model input resampled to 0.25-min intervals by linear interpolation; values are not normalized
Saha 2024,Saha_2024_Fig3b_Subject3,Fig3b_Subject3,Saha meal SBG proxy,6.75,96.7225,mg/dL,0.589,0.784,5.0,10.0,https://doi.org/10.1002/advs.202405518,model input resampled to 0.25-min intervals by linear interpolation; values are not normalized
Saha 2024,Saha_2024_Fig3b_Subject3,Fig3b_Subject3,Saha meal SBG proxy,7.0,96.69,mg/dL,0.589,0.784,5.0,10.0,https://doi.org/10.1002/advs.202405518,model input resampled to 0.25-min intervals by linear interpolation; values are not normalized
Saha 2024,Saha_2024_Fig3b_Subject3,Fig3b_Subject3,Saha meal SBG proxy,7.25,96.6575,mg/dL,0.589,0.784,5.0,10.0,https://doi.org/10.1002/advs.202405518,model input resampled to 0.25-min intervals by linear interpolation; values are not normalized
Saha 2024,Saha_2024_Fig3b_Subject3,Fig3b_Subject3,Saha meal SBG proxy,7.5,96.625,mg/dL,0.589,0.784,5.0,10.0,https://doi.org/10.1002/advs.202405518,model input resampled to 0.25-min intervals by linear interpolation; values are not normalized
Saha 2024,Saha_2024_Fig3b_Subject3,Fig3b_Subject3,Saha meal SBG proxy,7.75,96.5925,mg/dL,0.589,0.784,5.0,10.0,https://doi.org/10.1002/advs.202405518,model input resampled to 0.25-min intervals by linear interpolation; values are not normalized
Saha 2024,Saha_2024_Fig3b_Subject3,Fig3b_Subject3,Saha meal SBG proxy,8.0,96.56,mg/dL,0.589,0.784,5.0,10.0,https://doi.org/10.1002/advs.202405518,model input resampled to 0.25-min intervals by linear interpolation; values are not normalized
Saha 2024,Saha_2024_Fig3b_Subject3,Fig3b_Subject3,Saha meal SBG proxy,8.25,96.51125,mg/dL,0.589,0.784,5.0,10.0,https://doi.org/10.1002/advs.202405518,model input resampled to 0.25-min intervals by linear interpolation; values are not normalized
Saha 2024,Saha_2024_Fig3b_Subject3,Fig3b_Subject3,Saha meal SBG proxy,8.5,96.4625,mg/dL,0.589,0.784,5.0,10.0,https://doi.org/10.1002/advs.202405518,model input resampled to 0.25-min intervals by linear interpolation; values are not normalized
Saha 2024,Saha_2024_Fig3b_Subject3,Fig3b_Subject3,Saha meal SBG proxy,8.75,96.41375000000001,mg/dL,0.589,0.784,5.0,10.0,https://doi.org/10.1002/advs.202405518,model input resampled to 0.25-min intervals by linear interpolation; values are not normalized
Saha 2024,Saha_2024_Fig3b_Subject3,Fig3b_Subject3,Saha meal SBG proxy,9.0,96.36500000000001,mg/dL,0.589,0.784,5.0,10.0,https://doi.org/10.1002/advs.202405518,model input resampled to 0.25-min intervals by linear interpolation; values are not normalized
Saha 2024,Saha_2024_Fig3b_Subject3,Fig3b_Subject3,Saha meal SBG proxy,9.25,96.31625,mg/dL,0.589,0.784,5.0,10.0,https://doi.org/10.1002/advs.202405518,model input resampled to 0.25-min intervals by linear interpolation; values are not normalized
Saha 2024,Saha_2024_Fig3b_Subject3,Fig3b_Subject3,Saha meal SBG proxy,9.5,96.2675,mg/dL,0.589,0.784,5.0,10.0,https://doi.org/10.1002/advs.202405518,model input resampled to 0.25-min intervals by linear interpolation; values are not normalized
Saha 2024,Saha_2024_Fig3b_Subject3,Fig3b_Subject3,Saha meal SBG proxy,9.75,96.21875,mg/dL,0.589,0.784,5.0,10.0,https://doi.org/10.1002/advs.202405518,model input resampled to 0.25-min intervals by linear interpolation; values are not normalized
Saha 2024,Saha_2024_Fig3b_Subject3,Fig3b_Subject3,Saha meal SBG proxy,10.0,96.17,mg/dL,0.589,0.784,5.0,10.0,https://doi.org/10.1002/advs.202405518,model input resampled to 0.25-min intervals by linear interpolation; values are not normalized
Saha 2024,Saha_2024_Fig3b_Subject3,Fig3b_Subject3,Saha meal SBG proxy,10.25,96.1375,mg/dL,0.589,0.784,5.0,10.0,https://doi.org/10.1002/advs.202405518,model input resampled to 0.25-min intervals by linear interpolation; values are not normalized
Saha 2024,Saha_2024_Fig3b_Subject3,Fig3b_Subject3,Saha meal SBG proxy,10.5,96.105,mg/dL,0.589,0.784,5.0,10.0,https://doi.org/10.1002/advs.202405518,model input resampled to 0.25-min intervals by linear interpolation; values are not normalized
Saha 2024,Saha_2024_Fig3b_Subject3,Fig3b_Subject3,Saha meal SBG proxy,10.75,96.0725,mg/dL,0.589,0.784,5.0,10.0,https://doi.org/10.1002/advs.202405518,model input resampled to 0.25-min intervals by linear interpolation; values are not normalized
Saha 2024,Saha_2024_Fig3b_Subject3,Fig3b_Subject3,Saha meal SBG proxy,11.0,96.03999999999999,mg/dL,0.589,0.784,5.0,10.0,https://doi.org/10.1002/advs.202405518,model input resampled to 0.25-min intervals by linear interpolation; values are not normalized
Saha 2024,Saha_2024_Fig3b_Subject3,Fig3b_Subject3,Saha meal SBG proxy,11.25,96.0075,mg/dL,0.589,0.784,5.0,10.0,https://doi.org/10.1002/advs.202405518,model input resampled to 0.25-min intervals by linear interpolation; values are not normalized
Saha 2024,Saha_2024_Fig3b_Subject3,Fig3b_Subject3,Saha meal SBG proxy,11.5,95.975,mg/dL,0.589,0.784,5.0,10.0,https://doi.org/10.1002/advs.202405518,model input resampled to 0.25-min intervals by linear interpolation; values are not normalized
Saha 2024,Saha_2024_Fig3b_Subject3,Fig3b_Subject3,Saha meal SBG proxy,11.75,95.9425,mg/dL,0.589,0.784,5.0,10.0,https://doi.org/10.1002/advs.202405518,model input resampled to 0.25-min intervals by linear interpolation; values are not normalized
Saha 2024,Saha_2024_Fig3b_Subject3,Fig3b_Subject3,Saha meal SBG proxy,12.0,95.91,mg/dL,0.589,0.784,5.0,10.0,https://doi.org/10.1002/advs.202405518,model input resampled to 0.25-min intervals by linear interpolation; values are not normalized
Saha 2024,Saha_2024_Fig3b_Subject3,Fig3b_Subject3,Saha meal SBG proxy,12.25,95.87625,mg/dL,0.589,0.784,5.0,10.0,https://doi.org/10.1002/advs.202405518,model input resampled to 0.25-min intervals by linear interpolation; values are not normalized
Saha 2024,Saha_2024_Fig3b_Subject3,Fig3b_Subject3,Saha meal SBG proxy,12.5,95.8425,mg/dL,0.589,0.784,5.0,10.0,https://doi.org/10.1002/advs.202405518,model input resampled to 0.25-min intervals by linear interpolation; values are not normalized
Saha 2024,Saha_2024_Fig3b_Subject3,Fig3b_Subject3,Saha meal SBG proxy,12.75,95.80875,mg/dL,0.589,0.784,5.0,10.0,https://doi.org/10.1002/advs.202405518,model input resampled to 0.25-min intervals by linear interpolation; values are not normalized
Saha 2024,Saha_2024_Fig3b_Subject3,Fig3b_Subject3,Saha meal SBG proxy,13.0,95.775,mg/dL,0.589,0.784,5.0,10.0,https://doi.org/10.1002/advs.202405518,model input resampled to 0.25-min intervals by linear interpolation; values are not normalized
Saha 2024,Saha_2024_Fig3b_Subject3,Fig3b_Subject3,Saha meal SBG proxy,13.25,95.74125,mg/dL,0.589,0.784,5.0,10.0,https://doi.org/10.1002/advs.202405518,model input resampled to 0.25-min intervals by linear interpolation; values are not normalized
Saha 2024,Saha_2024_Fig3b_Subject3,Fig3b_Subject3,Saha meal SBG proxy,13.5,95.7075,mg/dL,0.589,0.784,5.0,10.0,https://doi.org/10.1002/advs.202405518,model input resampled to 0.25-min intervals by linear interpolation; values are not normalized
Saha 2024,Saha_2024_Fig3b_Subject3,Fig3b_Subject3,Saha meal SBG proxy,13.75,95.67375,mg/dL,0.589,0.784,5.0,10.0,https://doi.org/10.1002/advs.202405518,model input resampled to 0.25-min intervals by linear interpolation; values are not normalized
Saha 2024,Saha_2024_Fig3b_Subject3,Fig3b_Subject3,Saha meal SBG proxy,14.0,95.64,mg/dL,0.589,0.784,5.0,10.0,https://doi.org/10.1002/advs.202405518,model input resampled to 0.25-min intervals by linear interpolation; values are not normalized
Saha 2024,Saha_2024_Fig3b_Subject3,Fig3b_Subject3,Saha meal SBG proxy,14.25,95.59125,mg/dL,0.589,0.784,5.0,10.0,https://doi.org/10.1002/advs.202405518,model input resampled to 0.25-min intervals by linear interpolation; values are not normalized
Saha 2024,Saha_2024_Fig3b_Subject3,Fig3b_Subject3,Saha meal SBG proxy,14.5,95.5425,mg/dL,0.589,0.784,5.0,10.0,https://doi.org/10.1002/advs.202405518,model input resampled to 0.25-min intervals by linear interpolation; values are not normalized
Saha 2024,Saha_2024_Fig3b_Subject3,Fig3b_Subject3,Saha meal SBG proxy,14.75,95.49375,mg/dL,0.589,0.784,5.0,10.0,https://doi.org/10.1002/advs.202405518,model input resampled to 0.25-min intervals by linear interpolation; values are not normalized
Saha 2024,Saha_2024_Fig3b_Subject3,Fig3b_Subject3,Saha meal SBG proxy,15.0,95.445,mg/dL,0.589,0.784,5.0,10.0,https://doi.org/10.1002/advs.202405518,model input resampled to 0.25-min intervals by linear interpolation; values are not normalized
Saha 2024,Saha_2024_Fig3b_Subject3,Fig3b_Subject3,Saha meal SBG proxy,15.25,95.39625,mg/dL,0.589,0.784,5.0,10.0,https://doi.org/10.1002/advs.202405518,model input resampled to 0.25-min intervals by linear interpolation; values are not normalized
Saha 2024,Saha_2024_Fig3b_Subject3,Fig3b_Subject3,Saha meal SBG proxy,15.5,95.3475,mg/dL,0.589,0.784,5.0,10.0,https://doi.org/10.1002/advs.202405518,model input resampled to 0.25-min intervals by linear interpolation; values are not normalized
Saha 2024,Saha_2024_Fig3b_Subject3,Fig3b_Subject3,Saha meal SBG proxy,15.75,95.29875,mg/dL,0.589,0.784,5.0,10.0,https://doi.org/10.1002/advs.202405518,model input resampled to 0.25-min intervals by linear interpolation; values are not normalized
Saha 2024,Saha_2024_Fig3b_Subject3,Fig3b_Subject3,Saha meal SBG proxy,16.0,95.25,mg/dL,0.589,0.784,5.0,10.0,https://doi.org/10.1002/advs.202405518,model input resampled to 0.25-min intervals by linear interpolation; values are not normalized
Saha 2024,Saha_2024_Fig3b_Subject3,Fig3b_Subject3,Saha meal SBG proxy,16.25,95.365,mg/dL,0.589,0.784,5.0,10.0,https://doi.org/10.1002/advs.202405518,model input resampled to 0.25-min intervals by linear interpolation; values are not normalized
Saha 2024,Saha_2024_Fig3b_Subject3,Fig3b_Subject3,Saha meal SBG proxy,16.5,95.48,mg/dL,0.589,0.784,5.0,10.0,https://doi.org/10.1002/advs.202405518,model input resampled to 0.25-min intervals by linear interpolation; values are not normalized
Saha 2024,Saha_2024_Fig3b_Subject3,Fig3b_Subject3,Saha meal SBG proxy,16.75,95.595,mg/dL,0.589,0.784,5.0,10.0,https://doi.org/10.1002/advs.202405518,model input resampled to 0.25-min intervals by linear interpolation; values are not normalized
Saha 2024,Saha_2024_Fig3b_Subject3,Fig3b_Subject3,Saha meal SBG proxy,17.0,95.71000000000001,mg/dL,0.589,0.784,5.0,10.0,https://doi.org/10.1002/advs.202405518,model input resampled to 0.25-min intervals by linear interpolation; values are not normalized
Saha 2024,Saha_2024_Fig3b_Subject3,Fig3b_Subject3,Saha meal SBG proxy,17.25,95.825,mg/dL,0.589,0.784,5.0,10.0,https://doi.org/10.1002/advs.202405518,model input resampled to 0.25-min intervals by linear interpolation; values are not normalized
Saha 2024,Saha_2024_Fig3b_Subject3,Fig3b_Subject3,Saha meal SBG proxy,17.5,95.94,mg/dL,0.589,0.784,5.0,10.0,https://doi.org/10.1002/advs.202405518,model input resampled to 0.25-min intervals by linear interpolation; values are not normalized
Saha 2024,Saha_2024_Fig3b_Subject3,Fig3b_Subject3,Saha meal SBG proxy,17.75,96.055,mg/dL,0.589,0.784,5.0,10.0,https://doi.org/10.1002/advs.202405518,model input resampled to 0.25-min intervals by linear interpolation; values are not normalized
Saha 2024,Saha_2024_Fig3b_Subject3,Fig3b_Subject3,Saha meal SBG proxy,18.0,96.17,mg/dL,0.589,0.784,5.0,10.0,https://doi.org/10.1002/advs.202405518,model input resampled to 0.25-min intervals by linear interpolation; values are not normalized
Saha 2024,Saha_2024_Fig3b_Subject3,Fig3b_Subject3,Saha meal SBG proxy,18.25,96.34875,mg/dL,0.589,0.784,5.0,10.0,https://doi.org/10.1002/advs.202405518,model input resampled to 0.25-min intervals by linear interpolation; values are not normalized
Saha 2024,Saha_2024_Fig3b_Subject3,Fig3b_Subject3,Saha meal SBG proxy,18.5,96.5275,mg/dL,0.589,0.784,5.0,10.0,https://doi.org/10.1002/advs.202405518,model input resampled to 0.25-min intervals by linear interpolation; values are not normalized
Saha 2024,Saha_2024_Fig3b_Subject3,Fig3b_Subject3,Saha meal SBG proxy,18.75,96.70625,mg/dL,0.589,0.784,5.0,10.0,https://doi.org/10.1002/advs.202405518,model input resampled to 0.25-min intervals by linear interpolation; values are not normalized
Saha 2024,Saha_2024_Fig3b_Subject3,Fig3b_Subject3,Saha meal SBG proxy,19.0,96.88499999999999,mg/dL,0.589,0.784,5.0,10.0,https://doi.org/10.1002/advs.202405518,model input resampled to 0.25-min intervals by linear interpolation; values are not normalized
Saha 2024,Saha_2024_Fig3b_Subject3,Fig3b_Subject3,Saha meal SBG proxy,19.25,97.06375,mg/dL,0.589,0.784,5.0,10.0,https://doi.org/10.1002/advs.202405518,model input resampled to 0.25-min intervals by linear interpolation; values are not normalized
Saha 2024,Saha_2024_Fig3b_Subject3,Fig3b_Subject3,Saha meal SBG proxy,19.5,97.24249999999999,mg/dL,0.589,0.784,5.0,10.0,https://doi.org/10.1002/advs.202405518,model input resampled to 0.25-min intervals by linear interpolation; values are not normalized
Saha 2024,Saha_2024_Fig3b_Subject3,Fig3b_Subject3,Saha meal SBG proxy,19.75,97.42125,mg/dL,0.589,0.784,5.0,10.0,https://doi.org/10.1002/advs.202405518,model input resampled to 0.25-min intervals by linear interpolation; values are not normalized
Saha 2024,Saha_2024_Fig3b_Subject3,Fig3b_Subject3,Saha meal SBG proxy,20.0,97.6,mg/dL,0.589,0.784,5.0,10.0,https://doi.org/10.1002/advs.202405518,model input resampled to 0.25-min intervals by linear interpolation; values are not normalized
Saha 2024,Saha_2024_Fig3b_Subject3,Fig3b_Subject3,Saha meal SBG proxy,20.25,97.78,mg/dL,0.589,0.784,5.0,10.0,https://doi.org/10.1002/advs.202405518,model input resampled to 0.25-min intervals by linear interpolation; values are not normalized
Saha 2024,Saha_2024_Fig3b_Subject3,Fig3b_Subject3,Saha meal SBG proxy,20.5,97.96,mg/dL,0.589,0.784,5.0,10.0,https://doi.org/10.1002/advs.202405518,model input resampled to 0.25-min intervals by linear interpolation; values are not normalized
Saha 2024,Saha_2024_Fig3b_Subject3,Fig3b_Subject3,Saha meal SBG proxy,20.75,98.14,mg/dL,0.589,0.784,5.0,10.0,https://doi.org/10.1002/advs.202405518,model input resampled to 0.25-min intervals by linear interpolation; values are not normalized
Saha 2024,Saha_2024_Fig3b_Subject3,Fig3b_Subject3,Saha meal SBG proxy,21.0,98.32,mg/dL,0.589,0.784,5.0,10.0,https://doi.org/10.1002/advs.202405518,model input resampled to 0.25-min intervals by linear interpolation; values are not normalized
Saha 2024,Saha_2024_Fig3b_Subject3,Fig3b_Subject3,Saha meal SBG proxy,21.25,98.5,mg/dL,0.589,0.784,5.0,10.0,https://doi.org/10.1002/advs.202405518,model input resampled to 0.25-min intervals by linear interpolation; values are not normalized
Saha 2024,Saha_2024_Fig3b_Subject3,Fig3b_Subject3,Saha meal SBG proxy,21.5,98.68,mg/dL,0.589,0.784,5.0,10.0,https://doi.org/10.1002/advs.202405518,model input resampled to 0.25-min intervals by linear interpolation; values are not normalized
Saha 2024,Saha_2024_Fig3b_Subject3,Fig3b_Subject3,Saha meal SBG proxy,21.75,98.86,mg/dL,0.589,0.784,5.0,10.0,https://doi.org/10.1002/advs.202405518,model input resampled to 0.25-min intervals by linear interpolation; values are not normalized
Saha 2024,Saha_2024_Fig3b_Subject3,Fig3b_Subject3,Saha meal SBG proxy,22.0,99.04,mg/dL,0.589,0.784,5.0,10.0,https://doi.org/10.1002/advs.202405518,model input resampled to 0.25-min intervals by linear interpolation; values are not normalized
Saha 2024,Saha_2024_Fig3b_Subject3,Fig3b_Subject3,Saha meal SBG proxy,22.25,99.1875,mg/dL,0.589,0.784,5.0,10.0,https://doi.org/10.1002/advs.202405518,model input resampled to 0.25-min intervals by linear interpolation; values are not normalized
Saha 2024,Saha_2024_Fig3b_Subject3,Fig3b_Subject3,Saha meal SBG proxy,22.5,99.33500000000001,mg/dL,0.589,0.784,5.0,10.0,https://doi.org/10.1002/advs.202405518,model input resampled to 0.25-min intervals by linear interpolation; values are not normalized
Saha 2024,Saha_2024_Fig3b_Subject3,Fig3b_Subject3,Saha meal SBG proxy,22.75,99.4825,mg/dL,0.589,0.784,5.0,10.0,https://doi.org/10.1002/advs.202405518,model input resampled to 0.25-min intervals by linear interpolation; values are not normalized
Saha 2024,Saha_2024_Fig3b_Subject3,Fig3b_Subject3,Saha meal SBG proxy,23.0,99.63,mg/dL,0.589,0.784,5.0,10.0,https://doi.org/10.1002/advs.202405518,model input resampled to 0.25-min intervals by linear interpolation; values are not normalized
Saha 2024,Saha_2024_Fig3b_Subject3,Fig3b_Subject3,Saha meal SBG proxy,23.25,99.7775,mg/dL,0.589,0.784,5.0,10.0,https://doi.org/10.1002/advs.202405518,model input resampled to 0.25-min intervals by linear interpolation; values are not normalized
Saha 2024,Saha_2024_Fig3b_Subject3,Fig3b_Subject3,Saha meal SBG proxy,23.5,99.925,mg/dL,0.589,0.784,5.0,10.0,https://doi.org/10.1002/advs.202405518,model input resampled to 0.25-min intervals by linear interpolation; values are not normalized
Saha 2024,Saha_2024_Fig3b_Subject3,Fig3b_Subject3,Saha meal SBG proxy,23.75,100.0725,mg/dL,0.589,0.784,5.0,10.0,https://doi.org/10.1002/advs.202405518,model input resampled to 0.25-min intervals by linear interpolation; values are not normalized
Saha 2024,Saha_2024_Fig3b_Subject3,Fig3b_Subject3,Saha meal SBG proxy,24.0,100.22,mg/dL,0.589,0.784,5.0,10.0,https://doi.org/10.1002/advs.202405518,model input resampled to 0.25-min intervals by linear interpolation; values are not normalized
Saha 2024,Saha_2024_Fig3b_Subject3,Fig3b_Subject3,Saha meal SBG proxy,24.25,100.3825,mg/dL,0.589,0.784,5.0,10.0,https://doi.org/10.1002/advs.202405518,model input resampled to 0.25-min intervals by linear interpolation; values are not normalized
Saha 2024,Saha_2024_Fig3b_Subject3,Fig3b_Subject3,Saha meal SBG proxy,24.5,100.545,mg/dL,0.589,0.784,5.0,10.0,https://doi.org/10.1002/advs.202405518,model input resampled to 0.25-min intervals by linear interpolation; values are not normalized
Saha 2024,Saha_2024_Fig3b_Subject3,Fig3b_Subject3,Saha meal SBG proxy,24.75,100.7075,mg/dL,0.589,0.784,5.0,10.0,https://doi.org/10.1002/advs.202405518,model input resampled to 0.25-min intervals by linear interpolation; values are not normalized
Saha 2024,Saha_2024_Fig3b_Subject3,Fig3b_Subject3,Saha meal SBG proxy,25.0,100.87,mg/dL,0.589,0.784,5.0,10.0,https://doi.org/10.1002/advs.202405518,model input resampled to 0.25-min intervals by linear interpolation; values are not normalized
Saha 2024,Saha_2024_Fig3b_Subject3,Fig3b_Subject3,Saha meal SBG proxy,25.25,101.0325,mg/dL,0.589,0.784,5.0,10.0,https://doi.org/10.1002/advs.202405518,model input resampled to 0.25-min intervals by linear interpolation; values are not normalized
Saha 2024,Saha_2024_Fig3b_Subject3,Fig3b_Subject3,Saha meal SBG proxy,25.5,101.195,mg/dL,0.589,0.784,5.0,10.0,https://doi.org/10.1002/advs.202405518,model input resampled to 0.25-min intervals by linear interpolation; values are not normalized
Saha 2024,Saha_2024_Fig3b_Subject3,Fig3b_Subject3,Saha meal SBG proxy,25.75,101.3575,mg/dL,0.589,0.784,5.0,10.0,https://doi.org/10.1002/advs.202405518,model input resampled to 0.25-min intervals by linear interpolation; values are not normalized
Saha 2024,Saha_2024_Fig3b_Subject3,Fig3b_Subject3,Saha meal SBG proxy,26.0,101.52,mg/dL,0.589,0.784,5.0,10.0,https://doi.org/10.1002/advs.202405518,model input resampled to 0.25-min intervals by linear interpolation; values are not normalized
Saha 2024,Saha_2024_Fig3b_Subject3,Fig3b_Subject3,Saha meal SBG proxy,26.25,101.69999999999999,mg/dL,0.589,0.784,5.0,10.0,https://doi.org/10.1002/advs.202405518,model input resampled to 0.25-min intervals by linear interpolation; values are not normalized
Saha 2024,Saha_2024_Fig3b_Subject3,Fig3b_Subject3,Saha meal SBG proxy,26.5,101.88,mg/dL,0.589,0.784,5.0,10.0,https://doi.org/10.1002/advs.202405518,model input resampled to 0.25-min intervals by linear interpolation; values are not normalized
Saha 2024,Saha_2024_Fig3b_Subject3,Fig3b_Subject3,Saha meal SBG proxy,26.75,102.06,mg/dL,0.589,0.784,5.0,10.0,https://doi.org/10.1002/advs.202405518,model input resampled to 0.25-min intervals by linear interpolation; values are not normalized
Saha 2024,Saha_2024_Fig3b_Subject3,Fig3b_Subject3,Saha meal SBG proxy,27.0,102.24,mg/dL,0.589,0.784,5.0,10.0,https://doi.org/10.1002/advs.202405518,model input resampled to 0.25-min intervals by linear interpolation; values are not normalized
Saha 2024,Saha_2024_Fig3b_Subject3,Fig3b_Subject3,Saha meal SBG proxy,27.25,102.41999999999999,mg/dL,0.589,0.784,5.0,10.0,https://doi.org/10.1002/advs.202405518,model input resampled to 0.25-min intervals by linear interpolation; values are not normalized
Saha 2024,Saha_2024_Fig3b_Subject3,Fig3b_Subject3,Saha meal SBG proxy,27.5,102.6,mg/dL,0.589,0.784,5.0,10.0,https://doi.org/10.1002/advs.202405518,model input resampled to 0.25-min intervals by linear interpolation; values are not normalized
Saha 2024,Saha_2024_Fig3b_Subject3,Fig3b_Subject3,Saha meal SBG proxy,27.75,102.78,mg/dL,0.589,0.784,5.0,10.0,https://doi.org/10.1002/advs.202405518,model input resampled to 0.25-min intervals by linear interpolation; values are not normalized
Saha 2024,Saha_2024_Fig3b_Subject3,Fig3b_Subject3,Saha meal SBG proxy,28.0,102.96,mg/dL,0.589,0.784,5.0,10.0,https://doi.org/10.1002/advs.202405518,model input resampled to 0.25-min intervals by linear interpolation; values are not normalized
Saha 2024,Saha_2024_Fig3b_Subject3,Fig3b_Subject3,Saha meal SBG proxy,28.25,103.14,mg/dL,0.589,0.784,5.0,10.0,https://doi.org/10.1002/advs.202405518,model input resampled to 0.25-min intervals by linear interpolation; values are not normalized
Saha 2024,Saha_2024_Fig3b_Subject3,Fig3b_Subject3,Saha meal SBG proxy,28.5,103.32,mg/dL,0.589,0.784,5.0,10.0,https://doi.org/10.1002/advs.202405518,model input resampled to 0.25-min intervals by linear interpolation; values are not normalized
Saha 2024,Saha_2024_Fig3b_Subject3,Fig3b_Subject3,Saha meal SBG proxy,28.75,103.5,mg/dL,0.589,0.784,5.0,10.0,https://doi.org/10.1002/advs.202405518,model input resampled to 0.25-min intervals by linear interpolation; values are not normalized
Saha 2024,Saha_2024_Fig3b_Subject3,Fig3b_Subject3,Saha meal SBG proxy,29.0,103.68,mg/dL,0.589,0.784,5.0,10.0,https://doi.org/10.1002/advs.202405518,model input resampled to 0.25-min intervals by linear interpolation; values are not normalized
Saha 2024,Saha_2024_Fig3b_Subject3,Fig3b_Subject3,Saha meal SBG proxy,29.25,103.86,mg/dL,0.589,0.784,5.0,10.0,https://doi.org/10.1002/advs.202405518,model input resampled to 0.25-min intervals by linear interpolation; values are not normalized
Saha 2024,Saha_2024_Fig3b_Subject3,Fig3b_Subject3,Saha meal SBG proxy,29.5,104.04,mg/dL,0.589,0.784,5.0,10.0,https://doi.org/10.1002/advs.202405518,model input resampled to 0.25-min intervals by linear interpolation; values are not normalized
Saha 2024,Saha_2024_Fig3b_Subject3,Fig3b_Subject3,Saha meal SBG proxy,29.75,104.22,mg/dL,0.589,0.784,5.0,10.0,https://doi.org/10.1002/advs.202405518,model input resampled to 0.25-min intervals by linear interpolation; values are not normalized
Saha 2024,Saha_2024_Fig3b_Subject3,Fig3b_Subject3,Saha meal SBG proxy,30.0,104.4,mg/dL,0.589,0.784,5.0,10.0,https://doi.org/10.1002/advs.202405518,model input resampled to 0.25-min intervals by linear interpolation; values are not normalized
Saha 2024,Saha_2024_Fig3b_Subject3,Fig3b_Subject3,Saha meal SBG proxy,30.25,104.53,mg/dL,0.589,0.784,5.0,10.0,https://doi.org/10.1002/advs.202405518,model input resampled to 0.25-min intervals by linear interpolation; values are not normalized
Saha 2024,Saha_2024_Fig3b_Subject3,Fig3b_Subject3,Saha meal SBG proxy,30.5,104.66,mg/dL,0.589,0.784,5.0,10.0,https://doi.org/10.1002/advs.202405518,model input resampled to 0.25-min intervals by linear interpolation; values are not normalized
Saha 2024,Saha_2024_Fig3b_Subject3,Fig3b_Subject3,Saha meal SBG proxy,30.75,104.79,mg/dL,0.589,0.784,5.0,10.0,https://doi.org/10.1002/advs.202405518,model input resampled to 0.25-min intervals by linear interpolation; values are not normalized
Saha 2024,Saha_2024_Fig3b_Subject3,Fig3b_Subject3,Saha meal SBG proxy,31.0,104.92,mg/dL,0.589,0.784,5.0,10.0,https://doi.org/10.1002/advs.202405518,model input resampled to 0.25-min intervals by linear interpolation; values are not normalized
Saha 2024,Saha_2024_Fig3b_Subject3,Fig3b_Subject3,Saha meal SBG proxy,31.25,105.05,mg/dL,0.589,0.784,5.0,10.0,https://doi.org/10.1002/advs.202405518,model input resampled to 0.25-min intervals by linear interpolation; values are not normalized
Saha 2024,Saha_2024_Fig3b_Subject3,Fig3b_Subject3,Saha meal SBG proxy,31.5,105.18,mg/dL,0.589,0.784,5.0,10.0,https://doi.org/10.1002/advs.202405518,model input resampled to 0.25-min intervals by linear interpolation; values are not normalized
Saha 2024,Saha_2024_Fig3b_Subject3,Fig3b_Subject3,Saha meal SBG proxy,31.75,105.31,mg/dL,0.589,0.784,5.0,10.0,https://doi.org/10.1002/advs.202405518,model input resampled to 0.25-min intervals by linear interpolation; values are not normalized
Saha 2024,Saha_2024_Fig3b_Subject3,Fig3b_Subject3,Saha meal SBG proxy,32.0,105.44,mg/dL,0.589,0.784,5.0,10.0,https://doi.org/10.1002/advs.202405518,model input resampled to 0.25-min intervals by linear interpolation; values are not normalized
Saha 2024,Saha_2024_Fig3b_Subject3,Fig3b_Subject3,Saha meal SBG proxy,32.25,105.57124999999999,mg/dL,0.589,0.784,5.0,10.0,https://doi.org/10.1002/advs.202405518,model input resampled to 0.25-min intervals by linear interpolation; values are not normalized
Saha 2024,Saha_2024_Fig3b_Subject3,Fig3b_Subject3,Saha meal SBG proxy,32.5,105.7025,mg/dL,0.589,0.784,5.0,10.0,https://doi.org/10.1002/advs.202405518,model input resampled to 0.25-min intervals by linear interpolation; values are not normalized
Saha 2024,Saha_2024_Fig3b_Subject3,Fig3b_Subject3,Saha meal SBG proxy,32.75,105.83375,mg/dL,0.589,0.784,5.0,10.0,https://doi.org/10.1002/advs.202405518,model input resampled to 0.25-min intervals by linear interpolation; values are not normalized
Saha 2024,Saha_2024_Fig3b_Subject3,Fig3b_Subject3,Saha meal SBG proxy,33.0,105.965,mg/dL,0.589,0.784,5.0,10.0,https://doi.org/10.1002/advs.202405518,model input resampled to 0.25-min intervals by linear interpolation; values are not normalized
Saha 2024,Saha_2024_Fig3b_Subject3,Fig3b_Subject3,Saha meal SBG proxy,33.25,106.09625,mg/dL,0.589,0.784,5.0,10.0,https://doi.org/10.1002/advs.202405518,model input resampled to 0.25-min intervals by linear interpolation; values are not normalized
Saha 2024,Saha_2024_Fig3b_Subject3,Fig3b_Subject3,Saha meal SBG proxy,33.5,106.22749999999999,mg/dL,0.589,0.784,5.0,10.0,https://doi.org/10.1002/advs.202405518,model input resampled to 0.25-min intervals by linear interpolation; values are not normalized
Saha 2024,Saha_2024_Fig3b_Subject3,Fig3b_Subject3,Saha meal SBG proxy,33.75,106.35875,mg/dL,0.589,0.784,5.0,10.0,https://doi.org/10.1002/advs.202405518,model input resampled to 0.25-min intervals by linear interpolation; values are not normalized
Saha 2024,Saha_2024_Fig3b_Subject3,Fig3b_Subject3,Saha meal SBG proxy,34.0,106.49,mg/dL,0.589,0.784,5.0,10.0,https://doi.org/10.1002/advs.202405518,model input resampled to 0.25-min intervals by linear interpolation; values are not normalized
Saha 2024,Saha_2024_Fig3b_Subject3,Fig3b_Subject3,Saha meal SBG proxy,34.25,106.58749999999999,mg/dL,0.589,0.784,5.0,10.0,https://doi.org/10.1002/advs.202405518,model input resampled to 0.25-min intervals by linear interpolation; values are not normalized
Saha 2024,Saha_2024_Fig3b_Subject3,Fig3b_Subject3,Saha meal SBG proxy,34.5,106.685,mg/dL,0.589,0.784,5.0,10.0,https://doi.org/10.1002/advs.202405518,model input resampled to 0.25-min intervals by linear interpolation; values are not normalized
Saha 2024,Saha_2024_Fig3b_Subject3,Fig3b_Subject3,Saha meal SBG proxy,34.75,106.7825,mg/dL,0.589,0.784,5.0,10.0,https://doi.org/10.1002/advs.202405518,model input resampled to 0.25-min intervals by linear interpolation; values are not normalized
Saha 2024,Saha_2024_Fig3b_Subject3,Fig3b_Subject3,Saha meal SBG proxy,35.0,106.88,mg/dL,0.589,0.784,5.0,10.0,https://doi.org/10.1002/advs.202405518,model input resampled to 0.25-min intervals by linear interpolation; values are not normalized
Saha 2024,Saha_2024_Fig3b_Subject3,Fig3b_Subject3,Saha meal SBG proxy,35.25,106.97749999999999,mg/dL,0.589,0.784,5.0,10.0,https://doi.org/10.1002/advs.202405518,model input resampled to 0.25-min intervals by linear interpolation; values are not normalized
Saha 2024,Saha_2024_Fig3b_Subject3,Fig3b_Subject3,Saha meal SBG proxy,35.5,107.07499999999999,mg/dL,0.589,0.784,5.0,10.0,https://doi.org/10.1002/advs.202405518,model input resampled to 0.25-min intervals by linear interpolation; values are not normalized
Saha 2024,Saha_2024_Fig3b_Subject3,Fig3b_Subject3,Saha meal SBG proxy,35.75,107.1725,mg/dL,0.589,0.784,5.0,10.0,https://doi.org/10.1002/advs.202405518,model input resampled to 0.25-min intervals by linear interpolation; values are not normalized
Saha 2024,Saha_2024_Fig3b_Subject3,Fig3b_Subject3,Saha meal SBG proxy,36.0,107.27,mg/dL,0.589,0.784,5.0,10.0,https://doi.org/10.1002/advs.202405518,model input resampled to 0.25-min intervals by linear interpolation; values are not normalized
Saha 2024,Saha_2024_Fig3b_Subject3,Fig3b_Subject3,Saha meal SBG proxy,36.25,107.41749999999999,mg/dL,0.589,0.784,5.0,10.0,https://doi.org/10.1002/advs.202405518,model input resampled to 0.25-min intervals by linear interpolation; values are not normalized
Saha 2024,Saha_2024_Fig3b_Subject3,Fig3b_Subject3,Saha meal SBG proxy,36.5,107.565,mg/dL,0.589,0.784,5.0,10.0,https://doi.org/10.1002/advs.202405518,model input resampled to 0.25-min intervals by linear interpolation; values are not normalized
Saha 2024,Saha_2024_Fig3b_Subject3,Fig3b_Subject3,Saha meal SBG proxy,36.75,107.7125,mg/dL,0.589,0.784,5.0,10.0,https://doi.org/10.1002/advs.202405518,model input resampled to 0.25-min intervals by linear interpolation; values are not normalized
Saha 2024,Saha_2024_Fig3b_Subject3,Fig3b_Subject3,Saha meal SBG proxy,37.0,107.86,mg/dL,0.589,0.784,5.0,10.0,https://doi.org/10.1002/advs.202405518,model input resampled to 0.25-min intervals by linear interpolation; values are not normalized
Saha 2024,Saha_2024_Fig3b_Subject3,Fig3b_Subject3,Saha meal SBG proxy,37.25,108.0075,mg/dL,0.589,0.784,5.0,10.0,https://doi.org/10.1002/advs.202405518,model input resampled to 0.25-min intervals by linear interpolation; values are not normalized
Saha 2024,Saha_2024_Fig3b_Subject3,Fig3b_Subject3,Saha meal SBG proxy,37.5,108.155,mg/dL,0.589,0.784,5.0,10.0,https://doi.org/10.1002/advs.202405518,model input resampled to 0.25-min intervals by linear interpolation; values are not normalized
Saha 2024,Saha_2024_Fig3b_Subject3,Fig3b_Subject3,Saha meal SBG proxy,37.75,108.30250000000001,mg/dL,0.589,0.784,5.0,10.0,https://doi.org/10.1002/advs.202405518,model input resampled to 0.25-min intervals by linear interpolation; values are not normalized
Saha 2024,Saha_2024_Fig3b_Subject3,Fig3b_Subject3,Saha meal SBG proxy,38.0,108.45,mg/dL,0.589,0.784,5.0,10.0,https://doi.org/10.1002/advs.202405518,model input resampled to 0.25-min intervals by linear interpolation; values are not normalized
Saha 2024,Saha_2024_Fig3b_Subject3,Fig3b_Subject3,Saha meal SBG proxy,38.25,108.56375,mg/dL,0.589,0.784,5.0,10.0,https://doi.org/10.1002/advs.202405518,model input resampled to 0.25-min intervals by linear interpolation; values are not normalized
Saha 2024,Saha_2024_Fig3b_Subject3,Fig3b_Subject3,Saha meal SBG proxy,38.5,108.67750000000001,mg/dL,0.589,0.784,5.0,10.0,https://doi.org/10.1002/advs.202405518,model input resampled to 0.25-min intervals by linear interpolation; values are not normalized
Saha 2024,Saha_2024_Fig3b_Subject3,Fig3b_Subject3,Saha meal SBG proxy,38.75,108.79125,mg/dL,0.589,0.784,5.0,10.0,https://doi.org/10.1002/advs.202405518,model input resampled to 0.25-min intervals by linear interpolation; values are not normalized
Saha 2024,Saha_2024_Fig3b_Subject3,Fig3b_Subject3,Saha meal SBG proxy,39.0,108.905,mg/dL,0.589,0.784,5.0,10.0,https://doi.org/10.1002/advs.202405518,model input resampled to 0.25-min intervals by linear interpolation; values are not normalized
Saha 2024,Saha_2024_Fig3b_Subject3,Fig3b_Subject3,Saha meal SBG proxy,39.25,109.01875,mg/dL,0.589,0.784,5.0,10.0,https://doi.org/10.1002/advs.202405518,model input resampled to 0.25-min intervals by linear interpolation; values are not normalized
Saha 2024,Saha_2024_Fig3b_Subject3,Fig3b_Subject3,Saha meal SBG proxy,39.5,109.1325,mg/dL,0.589,0.784,5.0,10.0,https://doi.org/10.1002/advs.202405518,model input resampled to 0.25-min intervals by linear interpolation; values are not normalized
Saha 2024,Saha_2024_Fig3b_Subject3,Fig3b_Subject3,Saha meal SBG proxy,39.75,109.24625,mg/dL,0.589,0.784,5.0,10.0,https://doi.org/10.1002/advs.202405518,model input resampled to 0.25-min intervals by linear interpolation; values are not normalized
Saha 2024,Saha_2024_Fig3b_Subject3,Fig3b_Subject3,Saha meal SBG proxy,40.0,109.36,mg/dL,0.589,0.784,5.0,10.0,https://doi.org/10.1002/advs.202405518,model input resampled to 0.25-min intervals by linear interpolation; values are not normalized
Saha 2024,Saha_2024_Fig3b_Subject3,Fig3b_Subject3,Saha meal SBG proxy,40.25,109.45875,mg/dL,0.589,0.784,5.0,10.0,https://doi.org/10.1002/advs.202405518,model input resampled to 0.25-min intervals by linear interpolation; values are not normalized
Saha 2024,Saha_2024_Fig3b_Subject3,Fig3b_Subject3,Saha meal SBG proxy,40.5,109.5575,mg/dL,0.589,0.784,5.0,10.0,https://doi.org/10.1002/advs.202405518,model input resampled to 0.25-min intervals by linear interpolation; values are not normalized
Saha 2024,Saha_2024_Fig3b_Subject3,Fig3b_Subject3,Saha meal SBG proxy,40.75,109.65625,mg/dL,0.589,0.784,5.0,10.0,https://doi.org/10.1002/advs.202405518,model input resampled to 0.25-min intervals by linear interpolation; values are not normalized
Saha 2024,Saha_2024_Fig3b_Subject3,Fig3b_Subject3,Saha meal SBG proxy,41.0,109.755,mg/dL,0.589,0.784,5.0,10.0,https://doi.org/10.1002/advs.202405518,model input resampled to 0.25-min intervals by linear interpolation; values are not normalized
Saha 2024,Saha_2024_Fig3b_Subject3,Fig3b_Subject3,Saha meal SBG proxy,41.25,109.85375,mg/dL,0.589,0.784,5.0,10.0,https://doi.org/10.1002/advs.202405518,model input resampled to 0.25-min intervals by linear interpolation; values are not normalized
Saha 2024,Saha_2024_Fig3b_Subject3,Fig3b_Subject3,Saha meal SBG proxy,41.5,109.9525,mg/dL,0.589,0.784,5.0,10.0,https://doi.org/10.1002/advs.202405518,model input resampled to 0.25-min intervals by linear interpolation; values are not normalized
Saha 2024,Saha_2024_Fig3b_Subject3,Fig3b_Subject3,Saha meal SBG proxy,41.75,110.05125000000001,mg/dL,0.589,0.784,5.0,10.0,https://doi.org/10.1002/advs.202405518,model input resampled to 0.25-min intervals by linear interpolation; values are not normalized
Saha 2024,Saha_2024_Fig3b_Subject3,Fig3b_Subject3,Saha meal SBG proxy,42.0,110.15,mg/dL,0.589,0.784,5.0,10.0,https://doi.org/10.1002/advs.202405518,model input resampled to 0.25-min intervals by linear interpolation; values are not normalized
Saha 2024,Saha_2024_Fig3b_Subject3,Fig3b_Subject3,Saha meal SBG proxy,42.25,110.28,mg/dL,0.589,0.784,5.0,10.0,https://doi.org/10.1002/advs.202405518,model input resampled to 0.25-min intervals by linear interpolation; values are not normalized
Saha 2024,Saha_2024_Fig3b_Subject3,Fig3b_Subject3,Saha meal SBG proxy,42.5,110.41,mg/dL,0.589,0.784,5.0,10.0,https://doi.org/10.1002/advs.202405518,model input resampled to 0.25-min intervals by linear interpolation; values are not normalized
Saha 2024,Saha_2024_Fig3b_Subject3,Fig3b_Subject3,Saha meal SBG proxy,42.75,110.54,mg/dL,0.589,0.784,5.0,10.0,https://doi.org/10.1002/advs.202405518,model input resampled to 0.25-min intervals by linear interpolation; values are not normalized
Saha 2024,Saha_2024_Fig3b_Subject3,Fig3b_Subject3,Saha meal SBG proxy,43.0,110.67,mg/dL,0.589,0.784,5.0,10.0,https://doi.org/10.1002/advs.202405518,model input resampled to 0.25-min intervals by linear interpolation; values are not normalized
Saha 2024,Saha_2024_Fig3b_Subject3,Fig3b_Subject3,Saha meal SBG proxy,43.25,110.8,mg/dL,0.589,0.784,5.0,10.0,https://doi.org/10.1002/advs.202405518,model input resampled to 0.25-min intervals by linear interpolation; values are not normalized
Saha 2024,Saha_2024_Fig3b_Subject3,Fig3b_Subject3,Saha meal SBG proxy,43.5,110.93,mg/dL,0.589,0.784,5.0,10.0,https://doi.org/10.1002/advs.202405518,model input resampled to 0.25-min intervals by linear interpolation; values are not normalized
Saha 2024,Saha_2024_Fig3b_Subject3,Fig3b_Subject3,Saha meal SBG proxy,43.75,111.06,mg/dL,0.589,0.784,5.0,10.0,https://doi.org/10.1002/advs.202405518,model input resampled to 0.25-min intervals by linear interpolation; values are not normalized
Saha 2024,Saha_2024_Fig3b_Subject3,Fig3b_Subject3,Saha meal SBG proxy,44.0,111.19,mg/dL,0.589,0.784,5.0,10.0,https://doi.org/10.1002/advs.202405518,model input resampled to 0.25-min intervals by linear interpolation; values are not normalized
Saha 2024,Saha_2024_Fig3b_Subject3,Fig3b_Subject3,Saha meal SBG proxy,44.25,111.32124999999999,mg/dL,0.589,0.784,5.0,10.0,https://doi.org/10.1002/advs.202405518,model input resampled to 0.25-min intervals by linear interpolation; values are not normalized
Saha 2024,Saha_2024_Fig3b_Subject3,Fig3b_Subject3,Saha meal SBG proxy,44.5,111.4525,mg/dL,0.589,0.784,5.0,10.0,https://doi.org/10.1002/advs.202405518,model input resampled to 0.25-min intervals by linear interpolation; values are not normalized
Saha 2024,Saha_2024_Fig3b_Subject3,Fig3b_Subject3,Saha meal SBG proxy,44.75,111.58375,mg/dL,0.589,0.784,5.0,10.0,https://doi.org/10.1002/advs.202405518,model input resampled to 0.25-min intervals by linear interpolation; values are not normalized
Saha 2024,Saha_2024_Fig3b_Subject3,Fig3b_Subject3,Saha meal SBG proxy,45.0,111.715,mg/dL,0.589,0.784,5.0,10.0,https://doi.org/10.1002/advs.202405518,model input resampled to 0.25-min intervals by linear interpolation; values are not normalized
Saha 2024,Saha_2024_Fig3b_Subject3,Fig3b_Subject3,Saha meal SBG proxy,45.25,111.84625,mg/dL,0.589,0.784,5.0,10.0,https://doi.org/10.1002/advs.202405518,model input resampled to 0.25-min intervals by linear interpolation; values are not normalized
Saha 2024,Saha_2024_Fig3b_Subject3,Fig3b_Subject3,Saha meal SBG proxy,45.5,111.97749999999999,mg/dL,0.589,0.784,5.0,10.0,https://doi.org/10.1002/advs.202405518,model input resampled to 0.25-min intervals by linear interpolation; values are not normalized
Saha 2024,Saha_2024_Fig3b_Subject3,Fig3b_Subject3,Saha meal SBG proxy,45.75,112.10875,mg/dL,0.589,0.784,5.0,10.0,https://doi.org/10.1002/advs.202405518,model input resampled to 0.25-min intervals by linear interpolation; values are not normalized
Saha 2024,Saha_2024_Fig3b_Subject3,Fig3b_Subject3,Saha meal SBG proxy,46.0,112.24,mg/dL,0.589,0.784,5.0,10.0,https://doi.org/10.1002/advs.202405518,model input resampled to 0.25-min intervals by linear interpolation; values are not normalized
Saha 2024,Saha_2024_Fig3b_Subject3,Fig3b_Subject3,Saha meal SBG proxy,46.25,112.4525,mg/dL,0.589,0.784,5.0,10.0,https://doi.org/10.1002/advs.202405518,model input resampled to 0.25-min intervals by linear interpolation; values are not normalized
Saha 2024,Saha_2024_Fig3b_Subject3,Fig3b_Subject3,Saha meal SBG proxy,46.5,112.66499999999999,mg/dL,0.589,0.784,5.0,10.0,https://doi.org/10.1002/advs.202405518,model input resampled to 0.25-min intervals by linear interpolation; values are not normalized
Saha 2024,Saha_2024_Fig3b_Subject3,Fig3b_Subject3,Saha meal SBG proxy,46.75,112.8775,mg/dL,0.589,0.784,5.0,10.0,https://doi.org/10.1002/advs.202405518,model input resampled to 0.25-min intervals by linear interpolation; values are not normalized
Saha 2024,Saha_2024_Fig3b_Subject3,Fig3b_Subject3,Saha meal SBG proxy,47.0,113.09,mg/dL,0.589,0.784,5.0,10.0,https://doi.org/10.1002/advs.202405518,model input resampled to 0.25-min intervals by linear interpolation; values are not normalized
Saha 2024,Saha_2024_Fig3b_Subject3,Fig3b_Subject3,Saha meal SBG proxy,47.25,113.3025,mg/dL,0.589,0.784,5.0,10.0,https://doi.org/10.1002/advs.202405518,model input resampled to 0.25-min intervals by linear interpolation; values are not normalized
Saha 2024,Saha_2024_Fig3b_Subject3,Fig3b_Subject3,Saha meal SBG proxy,47.5,113.515,mg/dL,0.589,0.784,5.0,10.0,https://doi.org/10.1002/advs.202405518,model input resampled to 0.25-min intervals by linear interpolation; values are not normalized
Saha 2024,Saha_2024_Fig3b_Subject3,Fig3b_Subject3,Saha meal SBG proxy,47.75,113.72749999999999,mg/dL,0.589,0.784,5.0,10.0,https://doi.org/10.1002/advs.202405518,model input resampled to 0.25-min intervals by linear interpolation; values are not normalized
Saha 2024,Saha_2024_Fig3b_Subject3,Fig3b_Subject3,Saha meal SBG proxy,48.0,113.94,mg/dL,0.589,0.784,5.0,10.0,https://doi.org/10.1002/advs.202405518,model input resampled to 0.25-min intervals by linear interpolation; values are not normalized
Saha 2024,Saha_2024_Fig3b_Subject3,Fig3b_Subject3,Saha meal SBG proxy,48.25,114.16875,mg/dL,0.589,0.784,5.0,10.0,https://doi.org/10.1002/advs.202405518,model input resampled to 0.25-min intervals by linear interpolation; values are not normalized
Saha 2024,Saha_2024_Fig3b_Subject3,Fig3b_Subject3,Saha meal SBG proxy,48.5,114.3975,mg/dL,0.589,0.784,5.0,10.0,https://doi.org/10.1002/advs.202405518,model input resampled to 0.25-min intervals by linear interpolation; values are not normalized
Saha 2024,Saha_2024_Fig3b_Subject3,Fig3b_Subject3,Saha meal SBG proxy,48.75,114.62625,mg/dL,0.589,0.784,5.0,10.0,https://doi.org/10.1002/advs.202405518,model input resampled to 0.25-min intervals by linear interpolation; values are not normalized
Saha 2024,Saha_2024_Fig3b_Subject3,Fig3b_Subject3,Saha meal SBG proxy,49.0,114.85499999999999,mg/dL,0.589,0.784,5.0,10.0,https://doi.org/10.1002/advs.202405518,model input resampled to 0.25-min intervals by linear interpolation; values are not normalized
Saha 2024,Saha_2024_Fig3b_Subject3,Fig3b_Subject3,Saha meal SBG proxy,49.25,115.08375,mg/dL,0.589,0.784,5.0,10.0,https://doi.org/10.1002/advs.202405518,model input resampled to 0.25-min intervals by linear interpolation; values are not normalized
Saha 2024,Saha_2024_Fig3b_Subject3,Fig3b_Subject3,Saha meal SBG proxy,49.5,115.3125,mg/dL,0.589,0.784,5.0,10.0,https://doi.org/10.1002/advs.202405518,model input resampled to 0.25-min intervals by linear interpolation; values are not normalized
Saha 2024,Saha_2024_Fig3b_Subject3,Fig3b_Subject3,Saha meal SBG proxy,49.75,115.54124999999999,mg/dL,0.589,0.784,5.0,10.0,https://doi.org/10.1002/advs.202405518,model input resampled to 0.25-min intervals by linear interpolation; values are not normalized
Saha 2024,Saha_2024_Fig3b_Subject3,Fig3b_Subject3,Saha meal SBG proxy,50.0,115.77,mg/dL,0.589,0.784,5.0,10.0,https://doi.org/10.1002/advs.202405518,model input resampled to 0.25-min intervals by linear interpolation; values are not normalized
Saha 2024,Saha_2024_Fig3b_Subject3,Fig3b_Subject3,Saha meal SBG proxy,50.25,115.965,mg/dL,0.589,0.784,5.0,10.0,https://doi.org/10.1002/advs.202405518,model input resampled to 0.25-min intervals by linear interpolation; values are not normalized
Saha 2024,Saha_2024_Fig3b_Subject3,Fig3b_Subject3,Saha meal SBG proxy,50.5,116.16,mg/dL,0.589,0.784,5.0,10.0,https://doi.org/10.1002/advs.202405518,model input resampled to 0.25-min intervals by linear interpolation; values are not normalized
Saha 2024,Saha_2024_Fig3b_Subject3,Fig3b_Subject3,Saha meal SBG proxy,50.75,116.35499999999999,mg/dL,0.589,0.784,5.0,10.0,https://doi.org/10.1002/advs.202405518,model input resampled to 0.25-min intervals by linear interpolation; values are not normalized
Saha 2024,Saha_2024_Fig3b_Subject3,Fig3b_Subject3,Saha meal SBG proxy,51.0,116.55,mg/dL,0.589,0.784,5.0,10.0,https://doi.org/10.1002/advs.202405518,model input resampled to 0.25-min intervals by linear interpolation; values are not normalized
Saha 2024,Saha_2024_Fig3b_Subject3,Fig3b_Subject3,Saha meal SBG proxy,51.25,116.745,mg/dL,0.589,0.784,5.0,10.0,https://doi.org/10.1002/advs.202405518,model input resampled to 0.25-min intervals by linear interpolation; values are not normalized
Saha 2024,Saha_2024_Fig3b_Subject3,Fig3b_Subject3,Saha meal SBG proxy,51.5,116.94,mg/dL,0.589,0.784,5.0,10.0,https://doi.org/10.1002/advs.202405518,model input resampled to 0.25-min intervals by linear interpolation; values are not normalized
Saha 2024,Saha_2024_Fig3b_Subject3,Fig3b_Subject3,Saha meal SBG proxy,51.75,117.13499999999999,mg/dL,0.589,0.784,5.0,10.0,https://doi.org/10.1002/advs.202405518,model input resampled to 0.25-min intervals by linear interpolation; values are not normalized
Saha 2024,Saha_2024_Fig3b_Subject3,Fig3b_Subject3,Saha meal SBG proxy,52.0,117.33,mg/dL,0.589,0.784,5.0,10.0,https://doi.org/10.1002/advs.202405518,model input resampled to 0.25-min intervals by linear interpolation; values are not normalized
Saha 2024,Saha_2024_Fig3b_Subject3,Fig3b_Subject3,Saha meal SBG proxy,52.25,117.55875,mg/dL,0.589,0.784,5.0,10.0,https://doi.org/10.1002/advs.202405518,model input resampled to 0.25-min intervals by linear interpolation; values are not normalized
Saha 2024,Saha_2024_Fig3b_Subject3,Fig3b_Subject3,Saha meal SBG proxy,52.5,117.7875,mg/dL,0.589,0.784,5.0,10.0,https://doi.org/10.1002/advs.202405518,model input resampled to 0.25-min intervals by linear interpolation; values are not normalized
Saha 2024,Saha_2024_Fig3b_Subject3,Fig3b_Subject3,Saha meal SBG proxy,52.75,118.01625,mg/dL,0.589,0.784,5.0,10.0,https://doi.org/10.1002/advs.202405518,model input resampled to 0.25-min intervals by linear interpolation; values are not normalized
Saha 2024,Saha_2024_Fig3b_Subject3,Fig3b_Subject3,Saha meal SBG proxy,53.0,118.245,mg/dL,0.589,0.784,5.0,10.0,https://doi.org/10.1002/advs.202405518,model input resampled to 0.25-min intervals by linear interpolation; values are not normalized
Saha 2024,Saha_2024_Fig3b_Subject3,Fig3b_Subject3,Saha meal SBG proxy,53.25,118.47375,mg/dL,0.589,0.784,5.0,10.0,https://doi.org/10.1002/advs.202405518,model input resampled to 0.25-min intervals by linear interpolation; values are not normalized
Saha 2024,Saha_2024_Fig3b_Subject3,Fig3b_Subject3,Saha meal SBG proxy,53.5,118.7025,mg/dL,0.589,0.784,5.0,10.0,https://doi.org/10.1002/advs.202405518,model input resampled to 0.25-min intervals by linear interpolation; values are not normalized
Saha 2024,Saha_2024_Fig3b_Subject3,Fig3b_Subject3,Saha meal SBG proxy,53.75,118.93124999999999,mg/dL,0.589,0.784,5.0,10.0,https://doi.org/10.1002/advs.202405518,model input resampled to 0.25-min intervals by linear interpolation; values are not normalized
Saha 2024,Saha_2024_Fig3b_Subject3,Fig3b_Subject3,Saha meal SBG proxy,54.0,119.16,mg/dL,0.589,0.784,5.0,10.0,https://doi.org/10.1002/advs.202405518,model input resampled to 0.25-min intervals by linear interpolation; values are not normalized
Saha 2024,Saha_2024_Fig3b_Subject3,Fig3b_Subject3,Saha meal SBG proxy,54.25,119.38875,mg/dL,0.589,0.784,5.0,10.0,https://doi.org/10.1002/advs.202405518,model input resampled to 0.25-min intervals by linear interpolation; values are not normalized
Saha 2024,Saha_2024_Fig3b_Subject3,Fig3b_Subject3,Saha meal SBG proxy,54.5,119.61749999999999,mg/dL,0.589,0.784,5.0,10.0,https://doi.org/10.1002/advs.202405518,model input resampled to 0.25-min intervals by linear interpolation; values are not normalized
Saha 2024,Saha_2024_Fig3b_Subject3,Fig3b_Subject3,Saha meal SBG proxy,54.75,119.84625,mg/dL,0.589,0.784,5.0,10.0,https://doi.org/10.1002/advs.202405518,model input resampled to 0.25-min intervals by linear interpolation; values are not normalized
Saha 2024,Saha_2024_Fig3b_Subject3,Fig3b_Subject3,Saha meal SBG proxy,55.0,120.07499999999999,mg/dL,0.589,0.784,5.0,10.0,https://doi.org/10.1002/advs.202405518,model input resampled to 0.25-min intervals by linear interpolation; values are not normalized
Saha 2024,Saha_2024_Fig3b_Subject3,Fig3b_Subject3,Saha meal SBG proxy,55.25,120.30375,mg/dL,0.589,0.784,5.0,10.0,https://doi.org/10.1002/advs.202405518,model input resampled to 0.25-min intervals by linear interpolation; values are not normalized
Saha 2024,Saha_2024_Fig3b_Subject3,Fig3b_Subject3,Saha meal SBG proxy,55.5,120.5325,mg/dL,0.589,0.784,5.0,10.0,https://doi.org/10.1002/advs.202405518,model input resampled to 0.25-min intervals by linear interpolation; values are not normalized
Saha 2024,Saha_2024_Fig3b_Subject3,Fig3b_Subject3,Saha meal SBG proxy,55.75,120.76124999999999,mg/dL,0.589,0.784,5.0,10.0,https://doi.org/10.1002/advs.202405518,model input resampled to 0.25-min intervals by linear interpolation; values are not normalized
Saha 2024,Saha_2024_Fig3b_Subject3,Fig3b_Subject3,Saha meal SBG proxy,56.0,120.99,mg/dL,0.589,0.784,5.0,10.0,https://doi.org/10.1002/advs.202405518,model input resampled to 0.25-min intervals by linear interpolation; values are not normalized
Saha 2024,Saha_2024_Fig3b_Subject3,Fig3b_Subject3,Saha meal SBG proxy,56.25,121.21875,mg/dL,0.589,0.784,5.0,10.0,https://doi.org/10.1002/advs.202405518,model input resampled to 0.25-min intervals by linear interpolation; values are not normalized
Saha 2024,Saha_2024_Fig3b_Subject3,Fig3b_Subject3,Saha meal SBG proxy,56.5,121.44749999999999,mg/dL,0.589,0.784,5.0,10.0,https://doi.org/10.1002/advs.202405518,model input resampled to 0.25-min intervals by linear interpolation; values are not normalized
Saha 2024,Saha_2024_Fig3b_Subject3,Fig3b_Subject3,Saha meal SBG proxy,56.75,121.67625,mg/dL,0.589,0.784,5.0,10.0,https://doi.org/10.1002/advs.202405518,model input resampled to 0.25-min intervals by linear interpolation; values are not normalized
Saha 2024,Saha_2024_Fig3b_Subject3,Fig3b_Subject3,Saha meal SBG proxy,57.0,121.905,mg/dL,0.589,0.784,5.0,10.0,https://doi.org/10.1002/advs.202405518,model input resampled to 0.25-min intervals by linear interpolation; values are not normalized
Saha 2024,Saha_2024_Fig3b_Subject3,Fig3b_Subject3,Saha meal SBG proxy,57.25,122.13374999999999,mg/dL,0.589,0.784,5.0,10.0,https://doi.org/10.1002/advs.202405518,model input resampled to 0.25-min intervals by linear interpolation; values are not normalized
Saha 2024,Saha_2024_Fig3b_Subject3,Fig3b_Subject3,Saha meal SBG proxy,57.5,122.3625,mg/dL,0.589,0.784,5.0,10.0,https://doi.org/10.1002/advs.202405518,model input resampled to 0.25-min intervals by linear interpolation; values are not normalized
Saha 2024,Saha_2024_Fig3b_Subject3,Fig3b_Subject3,Saha meal SBG proxy,57.75,122.59124999999999,mg/dL,0.589,0.784,5.0,10.0,https://doi.org/10.1002/advs.202405518,model input resampled to 0.25-min intervals by linear interpolation; values are not normalized
Saha 2024,Saha_2024_Fig3b_Subject3,Fig3b_Subject3,Saha meal SBG proxy,58.0,122.82,mg/dL,0.589,0.784,5.0,10.0,https://doi.org/10.1002/advs.202405518,model input resampled to 0.25-min intervals by linear interpolation; values are not normalized
Saha 2024,Saha_2024_Fig3b_Subject3,Fig3b_Subject3,Saha meal SBG proxy,58.25,123.01625,mg/dL,0.589,0.784,5.0,10.0,https://doi.org/10.1002/advs.202405518,model input resampled to 0.25-min intervals by linear interpolation; values are not normalized
Saha 2024,Saha_2024_Fig3b_Subject3,Fig3b_Subject3,Saha meal SBG proxy,58.5,123.21249999999999,mg/dL,0.589,0.784,5.0,10.0,https://doi.org/10.1002/advs.202405518,model input resampled to 0.25-min intervals by linear interpolation; values are not normalized
Saha 2024,Saha_2024_Fig3b_Subject3,Fig3b_Subject3,Saha meal SBG proxy,58.75,123.40875,mg/dL,0.589,0.784,5.0,10.0,https://doi.org/10.1002/advs.202405518,model input resampled to 0.25-min intervals by linear interpolation; values are not normalized
Saha 2024,Saha_2024_Fig3b_Subject3,Fig3b_Subject3,Saha meal SBG proxy,59.0,123.60499999999999,mg/dL,0.589,0.784,5.0,10.0,https://doi.org/10.1002/advs.202405518,model input resampled to 0.25-min intervals by linear interpolation; values are not normalized
Saha 2024,Saha_2024_Fig3b_Subject3,Fig3b_Subject3,Saha meal SBG proxy,59.25,123.80125,mg/dL,0.589,0.784,5.0,10.0,https://doi.org/10.1002/advs.202405518,model input resampled to 0.25-min intervals by linear interpolation; values are not normalized
Saha 2024,Saha_2024_Fig3b_Subject3,Fig3b_Subject3,Saha meal SBG proxy,59.5,123.9975,mg/dL,0.589,0.784,5.0,10.0,https://doi.org/10.1002/advs.202405518,model input resampled to 0.25-min intervals by linear interpolation; values are not normalized
Saha 2024,Saha_2024_Fig3b_Subject3,Fig3b_Subject3,Saha meal SBG proxy,59.75,124.19375,mg/dL,0.589,0.784,5.0,10.0,https://doi.org/10.1002/advs.202405518,model input resampled to 0.25-min intervals by linear interpolation; values are not normalized
Saha 2024,Saha_2024_Fig3b_Subject3,Fig3b_Subject3,Saha meal SBG proxy,60.0,124.39,mg/dL,0.589,0.784,5.0,10.0,https://doi.org/10.1002/advs.202405518,model input resampled to 0.25-min intervals by linear interpolation; values are not normalized
Saha 2024,Saha_2024_Fig3b_Subject3,Fig3b_Subject3,Saha meal SBG proxy,60.25,124.52125,mg/dL,0.589,0.784,5.0,10.0,https://doi.org/10.1002/advs.202405518,model input resampled to 0.25-min intervals by linear interpolation; values are not normalized
Saha 2024,Saha_2024_Fig3b_Subject3,Fig3b_Subject3,Saha meal SBG proxy,60.5,124.6525,mg/dL,0.589,0.784,5.0,10.0,https://doi.org/10.1002/advs.202405518,model input resampled to 0.25-min intervals by linear interpolation; values are not normalized
Saha 2024,Saha_2024_Fig3b_Subject3,Fig3b_Subject3,Saha meal SBG proxy,60.75,124.78375,mg/dL,0.589,0.784,5.0,10.0,https://doi.org/10.1002/advs.202405518,model input resampled to 0.25-min intervals by linear interpolation; values are not normalized
Saha 2024,Saha_2024_Fig3b_Subject3,Fig3b_Subject3,Saha meal SBG proxy,61.0,124.91499999999999,mg/dL,0.589,0.784,5.0,10.0,https://doi.org/10.1002/advs.202405518,model input resampled to 0.25-min intervals by linear interpolation; values are not normalized
Saha 2024,Saha_2024_Fig3b_Subject3,Fig3b_Subject3,Saha meal SBG proxy,61.25,125.04625,mg/dL,0.589,0.784,5.0,10.0,https://doi.org/10.1002/advs.202405518,model input resampled to 0.25-min intervals by linear interpolation; values are not normalized
Saha 2024,Saha_2024_Fig3b_Subject3,Fig3b_Subject3,Saha meal SBG proxy,61.5,125.1775,mg/dL,0.589,0.784,5.0,10.0,https://doi.org/10.1002/advs.202405518,model input resampled to 0.25-min intervals by linear interpolation; values are not normalized
Saha 2024,Saha_2024_Fig3b_Subject3,Fig3b_Subject3,Saha meal SBG proxy,61.75,125.30875,mg/dL,0.589,0.784,5.0,10.0,https://doi.org/10.1002/advs.202405518,model input resampled to 0.25-min intervals by linear interpolation; values are not normalized
Saha 2024,Saha_2024_Fig3b_Subject3,Fig3b_Subject3,Saha meal SBG proxy,62.0,125.44,mg/dL,0.589,0.784,5.0,10.0,https://doi.org/10.1002/advs.202405518,model input resampled to 0.25-min intervals by linear interpolation; values are not normalized
Saha 2024,Saha_2024_Fig3b_Subject3,Fig3b_Subject3,Saha meal SBG proxy,62.25,125.4725,mg/dL,0.589,0.784,5.0,10.0,https://doi.org/10.1002/advs.202405518,model input resampled to 0.25-min intervals by linear interpolation; values are not normalized
Saha 2024,Saha_2024_Fig3b_Subject3,Fig3b_Subject3,Saha meal SBG proxy,62.5,125.505,mg/dL,0.589,0.784,5.0,10.0,https://doi.org/10.1002/advs.202405518,model input resampled to 0.25-min intervals by linear interpolation; values are not normalized
Saha 2024,Saha_2024_Fig3b_Subject3,Fig3b_Subject3,Saha meal SBG proxy,62.75,125.5375,mg/dL,0.589,0.784,5.0,10.0,https://doi.org/10.1002/advs.202405518,model input resampled to 0.25-min intervals by linear interpolation; values are not normalized
Saha 2024,Saha_2024_Fig3b_Subject3,Fig3b_Subject3,Saha meal SBG proxy,63.0,125.57,mg/dL,0.589,0.784,5.0,10.0,https://doi.org/10.1002/advs.202405518,model input resampled to 0.25-min intervals by linear interpolation; values are not normalized
Saha 2024,Saha_2024_Fig3b_Subject3,Fig3b_Subject3,Saha meal SBG proxy,63.25,125.6025,mg/dL,0.589,0.784,5.0,10.0,https://doi.org/10.1002/advs.202405518,model input resampled to 0.25-min intervals by linear interpolation; values are not normalized
Saha 2024,Saha_2024_Fig3b_Subject3,Fig3b_Subject3,Saha meal SBG proxy,63.5,125.635,mg/dL,0.589,0.784,5.0,10.0,https://doi.org/10.1002/advs.202405518,model input resampled to 0.25-min intervals by linear interpolation; values are not normalized
Saha 2024,Saha_2024_Fig3b_Subject3,Fig3b_Subject3,Saha meal SBG proxy,63.75,125.6675,mg/dL,0.589,0.784,5.0,10.0,https://doi.org/10.1002/advs.202405518,model input resampled to 0.25-min intervals by linear interpolation; values are not normalized
Saha 2024,Saha_2024_Fig3b_Subject3,Fig3b_Subject3,Saha meal SBG proxy,64.0,125.7,mg/dL,0.589,0.784,5.0,10.0,https://doi.org/10.1002/advs.202405518,model input resampled to 0.25-min intervals by linear interpolation; values are not normalized
Saha 2024,Saha_2024_Fig3b_Subject3,Fig3b_Subject3,Saha meal SBG proxy,64.25,125.7,mg/dL,0.589,0.784,5.0,10.0,https://doi.org/10.1002/advs.202405518,model input resampled to 0.25-min intervals by linear interpolation; values are not normalized
Saha 2024,Saha_2024_Fig3b_Subject3,Fig3b_Subject3,Saha meal SBG proxy,64.5,125.7,mg/dL,0.589,0.784,5.0,10.0,https://doi.org/10.1002/advs.202405518,model input resampled to 0.25-min intervals by linear interpolation; values are not normalized
Saha 2024,Saha_2024_Fig3b_Subject3,Fig3b_Subject3,Saha meal SBG proxy,64.75,125.7,mg/dL,0.589,0.784,5.0,10.0,https://doi.org/10.1002/advs.202405518,model input resampled to 0.25-min intervals by linear interpolation; values are not normalized
Saha 2024,Saha_2024_Fig3b_Subject3,Fig3b_Subject3,Saha meal SBG proxy,65.0,125.7,mg/dL,0.589,0.784,5.0,10.0,https://doi.org/10.1002/advs.202405518,model input resampled to 0.25-min intervals by linear interpolation; values are not normalized
Saha 2024,Saha_2024_Fig3b_Subject3,Fig3b_Subject3,Saha meal SBG proxy,65.25,125.7,mg/dL,0.589,0.784,5.0,10.0,https://doi.org/10.1002/advs.202405518,model input resampled to 0.25-min intervals by linear interpolation; values are not normalized
Saha 2024,Saha_2024_Fig3b_Subject3,Fig3b_Subject3,Saha meal SBG proxy,65.5,125.7,mg/dL,0.589,0.784,5.0,10.0,https://doi.org/10.1002/advs.202405518,model input resampled to 0.25-min intervals by linear interpolation; values are not normalized
Saha 2024,Saha_2024_Fig3b_Subject3,Fig3b_Subject3,Saha meal SBG proxy,65.75,125.7,mg/dL,0.589,0.784,5.0,10.0,https://doi.org/10.1002/advs.202405518,model input resampled to 0.25-min intervals by linear interpolation; values are not normalized
Saha 2024,Saha_2024_Fig3b_Subject3,Fig3b_Subject3,Saha meal SBG proxy,66.0,125.7,mg/dL,0.589,0.784,5.0,10.0,https://doi.org/10.1002/advs.202405518,model input resampled to 0.25-min intervals by linear interpolation; values are not normalized
Saha 2024,Saha_2024_Fig3b_Subject3,Fig3b_Subject3,Saha meal SBG proxy,66.25,125.71625,mg/dL,0.589,0.784,5.0,10.0,https://doi.org/10.1002/advs.202405518,model input resampled to 0.25-min intervals by linear interpolation; values are not normalized
Saha 2024,Saha_2024_Fig3b_Subject3,Fig3b_Subject3,Saha meal SBG proxy,66.5,125.7325,mg/dL,0.589,0.784,5.0,10.0,https://doi.org/10.1002/advs.202405518,model input resampled to 0.25-min intervals by linear interpolation; values are not normalized
Saha 2024,Saha_2024_Fig3b_Subject3,Fig3b_Subject3,Saha meal SBG proxy,66.75,125.74875,mg/dL,0.589,0.784,5.0,10.0,https://doi.org/10.1002/advs.202405518,model input resampled to 0.25-min intervals by linear interpolation; values are not normalized
Saha 2024,Saha_2024_Fig3b_Subject3,Fig3b_Subject3,Saha meal SBG proxy,67.0,125.765,mg/dL,0.589,0.784,5.0,10.0,https://doi.org/10.1002/advs.202405518,model input resampled to 0.25-min intervals by linear interpolation; values are not normalized
Saha 2024,Saha_2024_Fig3b_Subject3,Fig3b_Subject3,Saha meal SBG proxy,67.25,125.78125,mg/dL,0.589,0.784,5.0,10.0,https://doi.org/10.1002/advs.202405518,model input resampled to 0.25-min intervals by linear interpolation; values are not normalized
Saha 2024,Saha_2024_Fig3b_Subject3,Fig3b_Subject3,Saha meal SBG proxy,67.5,125.7975,mg/dL,0.589,0.784,5.0,10.0,https://doi.org/10.1002/advs.202405518,model input resampled to 0.25-min intervals by linear interpolation; values are not normalized
Saha 2024,Saha_2024_Fig3b_Subject3,Fig3b_Subject3,Saha meal SBG proxy,67.75,125.81375,mg/dL,0.589,0.784,5.0,10.0,https://doi.org/10.1002/advs.202405518,model input resampled to 0.25-min intervals by linear interpolation; values are not normalized
Saha 2024,Saha_2024_Fig3b_Subject3,Fig3b_Subject3,Saha meal SBG proxy,68.0,125.83,mg/dL,0.589,0.784,5.0,10.0,https://doi.org/10.1002/advs.202405518,model input resampled to 0.25-min intervals by linear interpolation; values are not normalized
Saha 2024,Saha_2024_Fig3b_Subject3,Fig3b_Subject3,Saha meal SBG proxy,68.25,125.83,mg/dL,0.589,0.784,5.0,10.0,https://doi.org/10.1002/advs.202405518,model input resampled to 0.25-min intervals by linear interpolation; values are not normalized
Saha 2024,Saha_2024_Fig3b_Subject3,Fig3b_Subject3,Saha meal SBG proxy,68.5,125.83,mg/dL,0.589,0.784,5.0,10.0,https://doi.org/10.1002/advs.202405518,model input resampled to 0.25-min intervals by linear interpolation; values are not normalized
Saha 2024,Saha_2024_Fig3b_Subject3,Fig3b_Subject3,Saha meal SBG proxy,68.75,125.83,mg/dL,0.589,0.784,5.0,10.0,https://doi.org/10.1002/advs.202405518,model input resampled to 0.25-min intervals by linear interpolation; values are not normalized
Saha 2024,Saha_2024_Fig3b_Subject3,Fig3b_Subject3,Saha meal SBG proxy,69.0,125.83,mg/dL,0.589,0.784,5.0,10.0,https://doi.org/10.1002/advs.202405518,model input resampled to 0.25-min intervals by linear interpolation; values are not normalized
Saha 2024,Saha_2024_Fig3b_Subject3,Fig3b_Subject3,Saha meal SBG proxy,69.25,125.83,mg/dL,0.589,0.784,5.0,10.0,https://doi.org/10.1002/advs.202405518,model input resampled to 0.25-min intervals by linear interpolation; values are not normalized
Saha 2024,Saha_2024_Fig3b_Subject3,Fig3b_Subject3,Saha meal SBG proxy,69.5,125.83,mg/dL,0.589,0.784,5.0,10.0,https://doi.org/10.1002/advs.202405518,model input resampled to 0.25-min intervals by linear interpolation; values are not normalized
Saha 2024,Saha_2024_Fig3b_Subject3,Fig3b_Subject3,Saha meal SBG proxy,69.75,125.83,mg/dL,0.589,0.784,5.0,10.0,https://doi.org/10.1002/advs.202405518,model input resampled to 0.25-min intervals by linear interpolation; values are not normalized
Saha 2024,Saha_2024_Fig3b_Subject3,Fig3b_Subject3,Saha meal SBG proxy,70.0,125.83,mg/dL,0.589,0.784,5.0,10.0,https://doi.org/10.1002/advs.202405518,model input resampled to 0.25-min intervals by linear interpolation; values are not normalized
Saha 2024,Saha_2024_Fig3b_Subject3,Fig3b_Subject3,Saha meal SBG proxy,70.25,125.8625,mg/dL,0.589,0.784,5.0,10.0,https://doi.org/10.1002/advs.202405518,model input resampled to 0.25-min intervals by linear interpolation; values are not normalized
Saha 2024,Saha_2024_Fig3b_Subject3,Fig3b_Subject3,Saha meal SBG proxy,70.5,125.895,mg/dL,0.589,0.784,5.0,10.0,https://doi.org/10.1002/advs.202405518,model input resampled to 0.25-min intervals by linear interpolation; values are not normalized
Saha 2024,Saha_2024_Fig3b_Subject3,Fig3b_Subject3,Saha meal SBG proxy,70.75,125.9275,mg/dL,0.589,0.784,5.0,10.0,https://doi.org/10.1002/advs.202405518,model input resampled to 0.25-min intervals by linear interpolation; values are not normalized
Saha 2024,Saha_2024_Fig3b_Subject3,Fig3b_Subject3,Saha meal SBG proxy,71.0,125.96000000000001,mg/dL,0.589,0.784,5.0,10.0,https://doi.org/10.1002/advs.202405518,model input resampled to 0.25-min intervals by linear interpolation; values are not normalized
Saha 2024,Saha_2024_Fig3b_Subject3,Fig3b_Subject3,Saha meal SBG proxy,71.25,125.9925,mg/dL,0.589,0.784,5.0,10.0,https://doi.org/10.1002/advs.202405518,model input resampled to 0.25-min intervals by linear interpolation; values are not normalized
Saha 2024,Saha_2024_Fig3b_Subject3,Fig3b_Subject3,Saha meal SBG proxy,71.5,126.025,mg/dL,0.589,0.784,5.0,10.0,https://doi.org/10.1002/advs.202405518,model input resampled to 0.25-min intervals by linear interpolation; values are not normalized
Saha 2024,Saha_2024_Fig3b_Subject3,Fig3b_Subject3,Saha meal SBG proxy,71.75,126.0575,mg/dL,0.589,0.784,5.0,10.0,https://doi.org/10.1002/advs.202405518,model input resampled to 0.25-min intervals by linear interpolation; values are not normalized
Saha 2024,Saha_2024_Fig3b_Subject3,Fig3b_Subject3,Saha meal SBG proxy,72.0,126.09,mg/dL,0.589,0.784,5.0,10.0,https://doi.org/10.1002/advs.202405518,model input resampled to 0.25-min intervals by linear interpolation; values are not normalized
Saha 2024,Saha_2024_Fig3b_Subject3,Fig3b_Subject3,Saha meal SBG proxy,72.25,126.09,mg/dL,0.589,0.784,5.0,10.0,https://doi.org/10.1002/advs.202405518,model input resampled to 0.25-min intervals by linear interpolation; values are not normalized
Saha 2024,Saha_2024_Fig3b_Subject3,Fig3b_Subject3,Saha meal SBG proxy,72.5,126.09,mg/dL,0.589,0.784,5.0,10.0,https://doi.org/10.1002/advs.202405518,model input resampled to 0.25-min intervals by linear interpolation; values are not normalized
Saha 2024,Saha_2024_Fig3b_Subject3,Fig3b_Subject3,Saha meal SBG proxy,72.75,126.09,mg/dL,0.589,0.784,5.0,10.0,https://doi.org/10.1002/advs.202405518,model input resampled to 0.25-min intervals by linear interpolation; values are not normalized
Saha 2024,Saha_2024_Fig3b_Subject3,Fig3b_Subject3,Saha meal SBG proxy,73.0,126.09,mg/dL,0.589,0.784,5.0,10.0,https://doi.org/10.1002/advs.202405518,model input resampled to 0.25-min intervals by linear interpolation; values are not normalized
Saha 2024,Saha_2024_Fig3b_Subject3,Fig3b_Subject3,Saha meal SBG proxy,73.25,126.09,mg/dL,0.589,0.784,5.0,10.0,https://doi.org/10.1002/advs.202405518,model input resampled to 0.25-min intervals by linear interpolation; values are not normalized
Saha 2024,Saha_2024_Fig3b_Subject3,Fig3b_Subject3,Saha meal SBG proxy,73.5,126.09,mg/dL,0.589,0.784,5.0,10.0,https://doi.org/10.1002/advs.202405518,model input resampled to 0.25-min intervals by linear interpolation; values are not normalized
Saha 2024,Saha_2024_Fig3b_Subject3,Fig3b_Subject3,Saha meal SBG proxy,73.75,126.09,mg/dL,0.589,0.784,5.0,10.0,https://doi.org/10.1002/advs.202405518,model input resampled to 0.25-min intervals by linear interpolation; values are not normalized
Saha 2024,Saha_2024_Fig3b_Subject3,Fig3b_Subject3,Saha meal SBG proxy,74.0,126.09,mg/dL,0.589,0.784,5.0,10.0,https://doi.org/10.1002/advs.202405518,model input resampled to 0.25-min intervals by linear interpolation; values are not normalized
Saha 2024,Saha_2024_Fig3b_Subject3,Fig3b_Subject3,Saha meal SBG proxy,74.25,126.09,mg/dL,0.589,0.784,5.0,10.0,https://doi.org/10.1002/advs.202405518,model input resampled to 0.25-min intervals by linear interpolation; values are not normalized
Saha 2024,Saha_2024_Fig3b_Subject3,Fig3b_Subject3,Saha meal SBG proxy,74.5,126.09,mg/dL,0.589,0.784,5.0,10.0,https://doi.org/10.1002/advs.202405518,model input resampled to 0.25-min intervals by linear interpolation; values are not normalized
Saha 2024,Saha_2024_Fig3b_Subject3,Fig3b_Subject3,Saha meal SBG proxy,74.75,126.09,mg/dL,0.589,0.784,5.0,10.0,https://doi.org/10.1002/advs.202405518,model input resampled to 0.25-min intervals by linear interpolation; values are not normalized
Saha 2024,Saha_2024_Fig3b_Subject3,Fig3b_Subject3,Saha meal SBG proxy,75.0,126.09,mg/dL,0.589,0.784,5.0,10.0,https://doi.org/10.1002/advs.202405518,model input resampled to 0.25-min intervals by linear interpolation; values are not normalized
Saha 2024,Saha_2024_Fig3b_Subject3,Fig3b_Subject3,Saha meal SBG proxy,75.25,126.09,mg/dL,0.589,0.784,5.0,10.0,https://doi.org/10.1002/advs.202405518,model input resampled to 0.25-min intervals by linear interpolation; values are not normalized
Saha 2024,Saha_2024_Fig3b_Subject3,Fig3b_Subject3,Saha meal SBG proxy,75.5,126.09,mg/dL,0.589,0.784,5.0,10.0,https://doi.org/10.1002/advs.202405518,model input resampled to 0.25-min intervals by linear interpolation; values are not normalized
Saha 2024,Saha_2024_Fig3b_Subject3,Fig3b_Subject3,Saha meal SBG proxy,75.75,126.09,mg/dL,0.589,0.784,5.0,10.0,https://doi.org/10.1002/advs.202405518,model input resampled to 0.25-min intervals by linear interpolation; values are not normalized
Saha 2024,Saha_2024_Fig3b_Subject3,Fig3b_Subject3,Saha meal SBG proxy,76.0,126.09,mg/dL,0.589,0.784,5.0,10.0,https://doi.org/10.1002/advs.202405518,model input resampled to 0.25-min intervals by linear interpolation; values are not normalized
Saha 2024,Saha_2024_Fig3b_Subject3,Fig3b_Subject3,Saha meal SBG proxy,76.25,126.04125,mg/dL,0.589,0.784,5.0,10.0,https://doi.org/10.1002/advs.202405518,model input resampled to 0.25-min intervals by linear interpolation; values are not normalized
Saha 2024,Saha_2024_Fig3b_Subject3,Fig3b_Subject3,Saha meal SBG proxy,76.5,125.9925,mg/dL,0.589,0.784,5.0,10.0,https://doi.org/10.1002/advs.202405518,model input resampled to 0.25-min intervals by linear interpolation; values are not normalized
Saha 2024,Saha_2024_Fig3b_Subject3,Fig3b_Subject3,Saha meal SBG proxy,76.75,125.94375000000001,mg/dL,0.589,0.784,5.0,10.0,https://doi.org/10.1002/advs.202405518,model input resampled to 0.25-min intervals by linear interpolation; values are not normalized
Saha 2024,Saha_2024_Fig3b_Subject3,Fig3b_Subject3,Saha meal SBG proxy,77.0,125.89500000000001,mg/dL,0.589,0.784,5.0,10.0,https://doi.org/10.1002/advs.202405518,model input resampled to 0.25-min intervals by linear interpolation; values are not normalized
Saha 2024,Saha_2024_Fig3b_Subject3,Fig3b_Subject3,Saha meal SBG proxy,77.25,125.84625,mg/dL,0.589,0.784,5.0,10.0,https://doi.org/10.1002/advs.202405518,model input resampled to 0.25-min intervals by linear interpolation; values are not normalized
Saha 2024,Saha_2024_Fig3b_Subject3,Fig3b_Subject3,Saha meal SBG proxy,77.5,125.7975,mg/dL,0.589,0.784,5.0,10.0,https://doi.org/10.1002/advs.202405518,model input resampled to 0.25-min intervals by linear interpolation; values are not normalized
Saha 2024,Saha_2024_Fig3b_Subject3,Fig3b_Subject3,Saha meal SBG proxy,77.75,125.74875,mg/dL,0.589,0.784,5.0,10.0,https://doi.org/10.1002/advs.202405518,model input resampled to 0.25-min intervals by linear interpolation; values are not normalized
Saha 2024,Saha_2024_Fig3b_Subject3,Fig3b_Subject3,Saha meal SBG proxy,78.0,125.7,mg/dL,0.589,0.784,5.0,10.0,https://doi.org/10.1002/advs.202405518,model input resampled to 0.25-min intervals by linear interpolation; values are not normalized
Saha 2024,Saha_2024_Fig3b_Subject3,Fig3b_Subject3,Saha meal SBG proxy,78.25,125.65,mg/dL,0.589,0.784,5.0,10.0,https://doi.org/10.1002/advs.202405518,model input resampled to 0.25-min intervals by linear interpolation; values are not normalized
Saha 2024,Saha_2024_Fig3b_Subject3,Fig3b_Subject3,Saha meal SBG proxy,78.5,125.6,mg/dL,0.589,0.784,5.0,10.0,https://doi.org/10.1002/advs.202405518,model input resampled to 0.25-min intervals by linear interpolation; values are not normalized
Saha 2024,Saha_2024_Fig3b_Subject3,Fig3b_Subject3,Saha meal SBG proxy,78.75,125.55,mg/dL,0.589,0.784,5.0,10.0,https://doi.org/10.1002/advs.202405518,model input resampled to 0.25-min intervals by linear interpolation; values are not normalized
Saha 2024,Saha_2024_Fig3b_Subject3,Fig3b_Subject3,Saha meal SBG proxy,79.0,125.5,mg/dL,0.589,0.784,5.0,10.0,https://doi.org/10.1002/advs.202405518,model input resampled to 0.25-min intervals by linear interpolation; values are not normalized
Saha 2024,Saha_2024_Fig3b_Subject3,Fig3b_Subject3,Saha meal SBG proxy,79.25,125.45,mg/dL,0.589,0.784,5.0,10.0,https://doi.org/10.1002/advs.202405518,model input resampled to 0.25-min intervals by linear interpolation; values are not normalized
Saha 2024,Saha_2024_Fig3b_Subject3,Fig3b_Subject3,Saha meal SBG proxy,79.5,125.4,mg/dL,0.589,0.784,5.0,10.0,https://doi.org/10.1002/advs.202405518,model input resampled to 0.25-min intervals by linear interpolation; values are not normalized
Saha 2024,Saha_2024_Fig3b_Subject3,Fig3b_Subject3,Saha meal SBG proxy,79.75,125.35,mg/dL,0.589,0.784,5.0,10.0,https://doi.org/10.1002/advs.202405518,model input resampled to 0.25-min intervals by linear interpolation; values are not normalized
Saha 2024,Saha_2024_Fig3b_Subject3,Fig3b_Subject3,Saha meal SBG proxy,80.0,125.3,mg/dL,0.589,0.784,5.0,10.0,https://doi.org/10.1002/advs.202405518,model input resampled to 0.25-min intervals by linear interpolation; values are not normalized
Saha 2024,Saha_2024_Fig3b_Subject3,Fig3b_Subject3,Saha meal SBG proxy,80.25,125.21875,mg/dL,0.589,0.784,5.0,10.0,https://doi.org/10.1002/advs.202405518,model input resampled to 0.25-min intervals by linear interpolation; values are not normalized
Saha 2024,Saha_2024_Fig3b_Subject3,Fig3b_Subject3,Saha meal SBG proxy,80.5,125.1375,mg/dL,0.589,0.784,5.0,10.0,https://doi.org/10.1002/advs.202405518,model input resampled to 0.25-min intervals by linear interpolation; values are not normalized
Saha 2024,Saha_2024_Fig3b_Subject3,Fig3b_Subject3,Saha meal SBG proxy,80.75,125.05625,mg/dL,0.589,0.784,5.0,10.0,https://doi.org/10.1002/advs.202405518,model input resampled to 0.25-min intervals by linear interpolation; values are not normalized
Saha 2024,Saha_2024_Fig3b_Subject3,Fig3b_Subject3,Saha meal SBG proxy,81.0,124.975,mg/dL,0.589,0.784,5.0,10.0,https://doi.org/10.1002/advs.202405518,model input resampled to 0.25-min intervals by linear interpolation; values are not normalized
Saha 2024,Saha_2024_Fig3b_Subject3,Fig3b_Subject3,Saha meal SBG proxy,81.25,124.89375,mg/dL,0.589,0.784,5.0,10.0,https://doi.org/10.1002/advs.202405518,model input resampled to 0.25-min intervals by linear interpolation; values are not normalized
Saha 2024,Saha_2024_Fig3b_Subject3,Fig3b_Subject3,Saha meal SBG proxy,81.5,124.8125,mg/dL,0.589,0.784,5.0,10.0,https://doi.org/10.1002/advs.202405518,model input resampled to 0.25-min intervals by linear interpolation; values are not normalized
Saha 2024,Saha_2024_Fig3b_Subject3,Fig3b_Subject3,Saha meal SBG proxy,81.75,124.73125,mg/dL,0.589,0.784,5.0,10.0,https://doi.org/10.1002/advs.202405518,model input resampled to 0.25-min intervals by linear interpolation; values are not normalized
Saha 2024,Saha_2024_Fig3b_Subject3,Fig3b_Subject3,Saha meal SBG proxy,82.0,124.65,mg/dL,0.589,0.784,5.0,10.0,https://doi.org/10.1002/advs.202405518,model input resampled to 0.25-min intervals by linear interpolation; values are not normalized
Saha 2024,Saha_2024_Fig3b_Subject3,Fig3b_Subject3,Saha meal SBG proxy,82.25,124.6175,mg/dL,0.589,0.784,5.0,10.0,https://doi.org/10.1002/advs.202405518,model input resampled to 0.25-min intervals by linear interpolation; values are not normalized
Saha 2024,Saha_2024_Fig3b_Subject3,Fig3b_Subject3,Saha meal SBG proxy,82.5,124.58500000000001,mg/dL,0.589,0.784,5.0,10.0,https://doi.org/10.1002/advs.202405518,model input resampled to 0.25-min intervals by linear interpolation; values are not normalized
Saha 2024,Saha_2024_Fig3b_Subject3,Fig3b_Subject3,Saha meal SBG proxy,82.75,124.55250000000001,mg/dL,0.589,0.784,5.0,10.0,https://doi.org/10.1002/advs.202405518,model input resampled to 0.25-min intervals by linear interpolation; values are not normalized
Saha 2024,Saha_2024_Fig3b_Subject3,Fig3b_Subject3,Saha meal SBG proxy,83.0,124.52000000000001,mg/dL,0.589,0.784,5.0,10.0,https://doi.org/10.1002/advs.202405518,model input resampled to 0.25-min intervals by linear interpolation; values are not normalized
Saha 2024,Saha_2024_Fig3b_Subject3,Fig3b_Subject3,Saha meal SBG proxy,83.25,124.4875,mg/dL,0.589,0.784,5.0,10.0,https://doi.org/10.1002/advs.202405518,model input resampled to 0.25-min intervals by linear interpolation; values are not normalized
Saha 2024,Saha_2024_Fig3b_Subject3,Fig3b_Subject3,Saha meal SBG proxy,83.5,124.455,mg/dL,0.589,0.784,5.0,10.0,https://doi.org/10.1002/advs.202405518,model input resampled to 0.25-min intervals by linear interpolation; values are not normalized
Saha 2024,Saha_2024_Fig3b_Subject3,Fig3b_Subject3,Saha meal SBG proxy,83.75,124.4225,mg/dL,0.589,0.784,5.0,10.0,https://doi.org/10.1002/advs.202405518,model input resampled to 0.25-min intervals by linear interpolation; values are not normalized
Saha 2024,Saha_2024_Fig3b_Subject3,Fig3b_Subject3,Saha meal SBG proxy,84.0,124.39,mg/dL,0.589,0.784,5.0,10.0,https://doi.org/10.1002/advs.202405518,model input resampled to 0.25-min intervals by linear interpolation; values are not normalized
Saha 2024,Saha_2024_Fig3b_Subject3,Fig3b_Subject3,Saha meal SBG proxy,84.25,124.325,mg/dL,0.589,0.784,5.0,10.0,https://doi.org/10.1002/advs.202405518,model input resampled to 0.25-min intervals by linear interpolation; values are not normalized
Saha 2024,Saha_2024_Fig3b_Subject3,Fig3b_Subject3,Saha meal SBG proxy,84.5,124.26,mg/dL,0.589,0.784,5.0,10.0,https://doi.org/10.1002/advs.202405518,model input resampled to 0.25-min intervals by linear interpolation; values are not normalized
Saha 2024,Saha_2024_Fig3b_Subject3,Fig3b_Subject3,Saha meal SBG proxy,84.75,124.19500000000001,mg/dL,0.589,0.784,5.0,10.0,https://doi.org/10.1002/advs.202405518,model input resampled to 0.25-min intervals by linear interpolation; values are not normalized
Saha 2024,Saha_2024_Fig3b_Subject3,Fig3b_Subject3,Saha meal SBG proxy,85.0,124.13,mg/dL,0.589,0.784,5.0,10.0,https://doi.org/10.1002/advs.202405518,model input resampled to 0.25-min intervals by linear interpolation; values are not normalized
Saha 2024,Saha_2024_Fig3b_Subject3,Fig3b_Subject3,Saha meal SBG proxy,85.25,124.065,mg/dL,0.589,0.784,5.0,10.0,https://doi.org/10.1002/advs.202405518,model input resampled to 0.25-min intervals by linear interpolation; values are not normalized
Saha 2024,Saha_2024_Fig3b_Subject3,Fig3b_Subject3,Saha meal SBG proxy,85.5,124.0,mg/dL,0.589,0.784,5.0,10.0,https://doi.org/10.1002/advs.202405518,model input resampled to 0.25-min intervals by linear interpolation; values are not normalized
Saha 2024,Saha_2024_Fig3b_Subject3,Fig3b_Subject3,Saha meal SBG proxy,85.75,123.935,mg/dL,0.589,0.784,5.0,10.0,https://doi.org/10.1002/advs.202405518,model input resampled to 0.25-min intervals by linear interpolation; values are not normalized
Saha 2024,Saha_2024_Fig3b_Subject3,Fig3b_Subject3,Saha meal SBG proxy,86.0,123.87,mg/dL,0.589,0.784,5.0,10.0,https://doi.org/10.1002/advs.202405518,model input resampled to 0.25-min intervals by linear interpolation; values are not normalized
Saha 2024,Saha_2024_Fig3b_Subject3,Fig3b_Subject3,Saha meal SBG proxy,86.25,123.80375000000001,mg/dL,0.589,0.784,5.0,10.0,https://doi.org/10.1002/advs.202405518,model input resampled to 0.25-min intervals by linear interpolation; values are not normalized
Saha 2024,Saha_2024_Fig3b_Subject3,Fig3b_Subject3,Saha meal SBG proxy,86.5,123.73750000000001,mg/dL,0.589,0.784,5.0,10.0,https://doi.org/10.1002/advs.202405518,model input resampled to 0.25-min intervals by linear interpolation; values are not normalized
Saha 2024,Saha_2024_Fig3b_Subject3,Fig3b_Subject3,Saha meal SBG proxy,86.75,123.67125,mg/dL,0.589,0.784,5.0,10.0,https://doi.org/10.1002/advs.202405518,model input resampled to 0.25-min intervals by linear interpolation; values are not normalized
Saha 2024,Saha_2024_Fig3b_Subject3,Fig3b_Subject3,Saha meal SBG proxy,87.0,123.605,mg/dL,0.589,0.784,5.0,10.0,https://doi.org/10.1002/advs.202405518,model input resampled to 0.25-min intervals by linear interpolation; values are not normalized
Saha 2024,Saha_2024_Fig3b_Subject3,Fig3b_Subject3,Saha meal SBG proxy,87.25,123.53875000000001,mg/dL,0.589,0.784,5.0,10.0,https://doi.org/10.1002/advs.202405518,model input resampled to 0.25-min intervals by linear interpolation; values are not normalized
Saha 2024,Saha_2024_Fig3b_Subject3,Fig3b_Subject3,Saha meal SBG proxy,87.5,123.4725,mg/dL,0.589,0.784,5.0,10.0,https://doi.org/10.1002/advs.202405518,model input resampled to 0.25-min intervals by linear interpolation; values are not normalized
Saha 2024,Saha_2024_Fig3b_Subject3,Fig3b_Subject3,Saha meal SBG proxy,87.75,123.40625,mg/dL,0.589,0.784,5.0,10.0,https://doi.org/10.1002/advs.202405518,model input resampled to 0.25-min intervals by linear interpolation; values are not normalized
Saha 2024,Saha_2024_Fig3b_Subject3,Fig3b_Subject3,Saha meal SBG proxy,88.0,123.34,mg/dL,0.589,0.784,5.0,10.0,https://doi.org/10.1002/advs.202405518,model input resampled to 0.25-min intervals by linear interpolation; values are not normalized
Saha 2024,Saha_2024_Fig3b_Subject3,Fig3b_Subject3,Saha meal SBG proxy,88.25,123.275,mg/dL,0.589,0.784,5.0,10.0,https://doi.org/10.1002/advs.202405518,model input resampled to 0.25-min intervals by linear interpolation; values are not normalized
Saha 2024,Saha_2024_Fig3b_Subject3,Fig3b_Subject3,Saha meal SBG proxy,88.5,123.21000000000001,mg/dL,0.589,0.784,5.0,10.0,https://doi.org/10.1002/advs.202405518,model input resampled to 0.25-min intervals by linear interpolation; values are not normalized
Saha 2024,Saha_2024_Fig3b_Subject3,Fig3b_Subject3,Saha meal SBG proxy,88.75,123.145,mg/dL,0.589,0.784,5.0,10.0,https://doi.org/10.1002/advs.202405518,model input resampled to 0.25-min intervals by linear interpolation; values are not normalized
Saha 2024,Saha_2024_Fig3b_Subject3,Fig3b_Subject3,Saha meal SBG proxy,89.0,123.08,mg/dL,0.589,0.784,5.0,10.0,https://doi.org/10.1002/advs.202405518,model input resampled to 0.25-min intervals by linear interpolation; values are not normalized
Saha 2024,Saha_2024_Fig3b_Subject3,Fig3b_Subject3,Saha meal SBG proxy,89.25,123.015,mg/dL,0.589,0.784,5.0,10.0,https://doi.org/10.1002/advs.202405518,model input resampled to 0.25-min intervals by linear interpolation; values are not normalized
Saha 2024,Saha_2024_Fig3b_Subject3,Fig3b_Subject3,Saha meal SBG proxy,89.5,122.94999999999999,mg/dL,0.589,0.784,5.0,10.0,https://doi.org/10.1002/advs.202405518,model input resampled to 0.25-min intervals by linear interpolation; values are not normalized
Saha 2024,Saha_2024_Fig3b_Subject3,Fig3b_Subject3,Saha meal SBG proxy,89.75,122.88499999999999,mg/dL,0.589,0.784,5.0,10.0,https://doi.org/10.1002/advs.202405518,model input resampled to 0.25-min intervals by linear interpolation; values are not normalized
Saha 2024,Saha_2024_Fig3b_Subject3,Fig3b_Subject3,Saha meal SBG proxy,90.0,122.82,mg/dL,0.589,0.784,5.0,10.0,https://doi.org/10.1002/advs.202405518,model input resampled to 0.25-min intervals by linear interpolation; values are not normalized
Saha 2024,Saha_2024_Fig3b_Subject3,Fig3b_Subject3,Saha meal SBG proxy,90.25,122.77125,mg/dL,0.589,0.784,5.0,10.0,https://doi.org/10.1002/advs.202405518,model input resampled to 0.25-min intervals by linear interpolation; values are not normalized
Saha 2024,Saha_2024_Fig3b_Subject3,Fig3b_Subject3,Saha meal SBG proxy,90.5,122.7225,mg/dL,0.589,0.784,5.0,10.0,https://doi.org/10.1002/advs.202405518,model input resampled to 0.25-min intervals by linear interpolation; values are not normalized
Saha 2024,Saha_2024_Fig3b_Subject3,Fig3b_Subject3,Saha meal SBG proxy,90.75,122.67375,mg/dL,0.589,0.784,5.0,10.0,https://doi.org/10.1002/advs.202405518,model input resampled to 0.25-min intervals by linear interpolation; values are not normalized
Saha 2024,Saha_2024_Fig3b_Subject3,Fig3b_Subject3,Saha meal SBG proxy,91.0,122.625,mg/dL,0.589,0.784,5.0,10.0,https://doi.org/10.1002/advs.202405518,model input resampled to 0.25-min intervals by linear interpolation; values are not normalized
Saha 2024,Saha_2024_Fig3b_Subject3,Fig3b_Subject3,Saha meal SBG proxy,91.25,122.57625,mg/dL,0.589,0.784,5.0,10.0,https://doi.org/10.1002/advs.202405518,model input resampled to 0.25-min intervals by linear interpolation; values are not normalized
Saha 2024,Saha_2024_Fig3b_Subject3,Fig3b_Subject3,Saha meal SBG proxy,91.5,122.5275,mg/dL,0.589,0.784,5.0,10.0,https://doi.org/10.1002/advs.202405518,model input resampled to 0.25-min intervals by linear interpolation; values are not normalized
Saha 2024,Saha_2024_Fig3b_Subject3,Fig3b_Subject3,Saha meal SBG proxy,91.75,122.47875,mg/dL,0.589,0.784,5.0,10.0,https://doi.org/10.1002/advs.202405518,model input resampled to 0.25-min intervals by linear interpolation; values are not normalized
Saha 2024,Saha_2024_Fig3b_Subject3,Fig3b_Subject3,Saha meal SBG proxy,92.0,122.43,mg/dL,0.589,0.784,5.0,10.0,https://doi.org/10.1002/advs.202405518,model input resampled to 0.25-min intervals by linear interpolation; values are not normalized
Saha 2024,Saha_2024_Fig3b_Subject3,Fig3b_Subject3,Saha meal SBG proxy,92.25,122.36500000000001,mg/dL,0.589,0.784,5.0,10.0,https://doi.org/10.1002/advs.202405518,model input resampled to 0.25-min intervals by linear interpolation; values are not normalized
Saha 2024,Saha_2024_Fig3b_Subject3,Fig3b_Subject3,Saha meal SBG proxy,92.5,122.30000000000001,mg/dL,0.589,0.784,5.0,10.0,https://doi.org/10.1002/advs.202405518,model input resampled to 0.25-min intervals by linear interpolation; values are not normalized
Saha 2024,Saha_2024_Fig3b_Subject3,Fig3b_Subject3,Saha meal SBG proxy,92.75,122.235,mg/dL,0.589,0.784,5.0,10.0,https://doi.org/10.1002/advs.202405518,model input resampled to 0.25-min intervals by linear interpolation; values are not normalized
Saha 2024,Saha_2024_Fig3b_Subject3,Fig3b_Subject3,Saha meal SBG proxy,93.0,122.17,mg/dL,0.589,0.784,5.0,10.0,https://doi.org/10.1002/advs.202405518,model input resampled to 0.25-min intervals by linear interpolation; values are not normalized
Saha 2024,Saha_2024_Fig3b_Subject3,Fig3b_Subject3,Saha meal SBG proxy,93.25,122.105,mg/dL,0.589,0.784,5.0,10.0,https://doi.org/10.1002/advs.202405518,model input resampled to 0.25-min intervals by linear interpolation; values are not normalized
Saha 2024,Saha_2024_Fig3b_Subject3,Fig3b_Subject3,Saha meal SBG proxy,93.5,122.03999999999999,mg/dL,0.589,0.784,5.0,10.0,https://doi.org/10.1002/advs.202405518,model input resampled to 0.25-min intervals by linear interpolation; values are not normalized
Saha 2024,Saha_2024_Fig3b_Subject3,Fig3b_Subject3,Saha meal SBG proxy,93.75,121.975,mg/dL,0.589,0.784,5.0,10.0,https://doi.org/10.1002/advs.202405518,model input resampled to 0.25-min intervals by linear interpolation; values are not normalized
Saha 2024,Saha_2024_Fig3b_Subject3,Fig3b_Subject3,Saha meal SBG proxy,94.0,121.91,mg/dL,0.589,0.784,5.0,10.0,https://doi.org/10.1002/advs.202405518,model input resampled to 0.25-min intervals by linear interpolation; values are not normalized
Saha 2024,Saha_2024_Fig3b_Subject3,Fig3b_Subject3,Saha meal SBG proxy,94.25,121.86125,mg/dL,0.589,0.784,5.0,10.0,https://doi.org/10.1002/advs.202405518,model input resampled to 0.25-min intervals by linear interpolation; values are not normalized
Saha 2024,Saha_2024_Fig3b_Subject3,Fig3b_Subject3,Saha meal SBG proxy,94.5,121.8125,mg/dL,0.589,0.784,5.0,10.0,https://doi.org/10.1002/advs.202405518,model input resampled to 0.25-min intervals by linear interpolation; values are not normalized
Saha 2024,Saha_2024_Fig3b_Subject3,Fig3b_Subject3,Saha meal SBG proxy,94.75,121.76375,mg/dL,0.589,0.784,5.0,10.0,https://doi.org/10.1002/advs.202405518,model input resampled to 0.25-min intervals by linear interpolation; values are not normalized
Saha 2024,Saha_2024_Fig3b_Subject3,Fig3b_Subject3,Saha meal SBG proxy,95.0,121.715,mg/dL,0.589,0.784,5.0,10.0,https://doi.org/10.1002/advs.202405518,model input resampled to 0.25-min intervals by linear interpolation; values are not normalized
Saha 2024,Saha_2024_Fig3b_Subject3,Fig3b_Subject3,Saha meal SBG proxy,95.25,121.66624999999999,mg/dL,0.589,0.784,5.0,10.0,https://doi.org/10.1002/advs.202405518,model input resampled to 0.25-min intervals by linear interpolation; values are not normalized
Saha 2024,Saha_2024_Fig3b_Subject3,Fig3b_Subject3,Saha meal SBG proxy,95.5,121.61749999999999,mg/dL,0.589,0.784,5.0,10.0,https://doi.org/10.1002/advs.202405518,model input resampled to 0.25-min intervals by linear interpolation; values are not normalized
Saha 2024,Saha_2024_Fig3b_Subject3,Fig3b_Subject3,Saha meal SBG proxy,95.75,121.56875,mg/dL,0.589,0.784,5.0,10.0,https://doi.org/10.1002/advs.202405518,model input resampled to 0.25-min intervals by linear interpolation; values are not normalized
Saha 2024,Saha_2024_Fig3b_Subject3,Fig3b_Subject3,Saha meal SBG proxy,96.0,121.52,mg/dL,0.589,0.784,5.0,10.0,https://doi.org/10.1002/advs.202405518,model input resampled to 0.25-min intervals by linear interpolation; values are not normalized
Saha 2024,Saha_2024_Fig3b_Subject3,Fig3b_Subject3,Saha meal SBG proxy,96.25,121.50375,mg/dL,0.589,0.784,5.0,10.0,https://doi.org/10.1002/advs.202405518,model input resampled to 0.25-min intervals by linear interpolation; values are not normalized
Saha 2024,Saha_2024_Fig3b_Subject3,Fig3b_Subject3,Saha meal SBG proxy,96.5,121.4875,mg/dL,0.589,0.784,5.0,10.0,https://doi.org/10.1002/advs.202405518,model input resampled to 0.25-min intervals by linear interpolation; values are not normalized
Saha 2024,Saha_2024_Fig3b_Subject3,Fig3b_Subject3,Saha meal SBG proxy,96.75,121.47125,mg/dL,0.589,0.784,5.0,10.0,https://doi.org/10.1002/advs.202405518,model input resampled to 0.25-min intervals by linear interpolation; values are not normalized
Saha 2024,Saha_2024_Fig3b_Subject3,Fig3b_Subject3,Saha meal SBG proxy,97.0,121.455,mg/dL,0.589,0.784,5.0,10.0,https://doi.org/10.1002/advs.202405518,model input resampled to 0.25-min intervals by linear interpolation; values are not normalized
Saha 2024,Saha_2024_Fig3b_Subject3,Fig3b_Subject3,Saha meal SBG proxy,97.25,121.43875,mg/dL,0.589,0.784,5.0,10.0,https://doi.org/10.1002/advs.202405518,model input resampled to 0.25-min intervals by linear interpolation; values are not normalized
Saha 2024,Saha_2024_Fig3b_Subject3,Fig3b_Subject3,Saha meal SBG proxy,97.5,121.4225,mg/dL,0.589,0.784,5.0,10.0,https://doi.org/10.1002/advs.202405518,model input resampled to 0.25-min intervals by linear interpolation; values are not normalized
Saha 2024,Saha_2024_Fig3b_Subject3,Fig3b_Subject3,Saha meal SBG proxy,97.75,121.40625,mg/dL,0.589,0.784,5.0,10.0,https://doi.org/10.1002/advs.202405518,model input resampled to 0.25-min intervals by linear interpolation; values are not normalized
Saha 2024,Saha_2024_Fig3b_Subject3,Fig3b_Subject3,Saha meal SBG proxy,98.0,121.39,mg/dL,0.589,0.784,5.0,10.0,https://doi.org/10.1002/advs.202405518,model input resampled to 0.25-min intervals by linear interpolation; values are not normalized
Saha 2024,Saha_2024_Fig3b_Subject3,Fig3b_Subject3,Saha meal SBG proxy,98.25,121.39,mg/dL,0.589,0.784,5.0,10.0,https://doi.org/10.1002/advs.202405518,model input resampled to 0.25-min intervals by linear interpolation; values are not normalized
Saha 2024,Saha_2024_Fig3b_Subject3,Fig3b_Subject3,Saha meal SBG proxy,98.5,121.39,mg/dL,0.589,0.784,5.0,10.0,https://doi.org/10.1002/advs.202405518,model input resampled to 0.25-min intervals by linear interpolation; values are not normalized
Saha 2024,Saha_2024_Fig3b_Subject3,Fig3b_Subject3,Saha meal SBG proxy,98.75,121.39,mg/dL,0.589,0.784,5.0,10.0,https://doi.org/10.1002/advs.202405518,model input resampled to 0.25-min intervals by linear interpolation; values are not normalized
Saha 2024,Saha_2024_Fig3b_Subject3,Fig3b_Subject3,Saha meal SBG proxy,99.0,121.39,mg/dL,0.589,0.784,5.0,10.0,https://doi.org/10.1002/advs.202405518,model input resampled to 0.25-min intervals by linear interpolation; values are not normalized
Saha 2024,Saha_2024_Fig3b_Subject3,Fig3b_Subject3,Saha meal SBG proxy,99.25,121.39,mg/dL,0.589,0.784,5.0,10.0,https://doi.org/10.1002/advs.202405518,model input resampled to 0.25-min intervals by linear interpolation; values are not normalized
Saha 2024,Saha_2024_Fig3b_Subject3,Fig3b_Subject3,Saha meal SBG proxy,99.5,121.39,mg/dL,0.589,0.784,5.0,10.0,https://doi.org/10.1002/advs.202405518,model input resampled to 0.25-min intervals by linear interpolation; values are not normalized
Saha 2024,Saha_2024_Fig3b_Subject3,Fig3b_Subject3,Saha meal SBG proxy,99.75,121.39,mg/dL,0.589,0.784,5.0,10.0,https://doi.org/10.1002/advs.202405518,model input resampled to 0.25-min intervals by linear interpolation; values are not normalized
Saha 2024,Saha_2024_Fig3b_Subject3,Fig3b_Subject3,Saha meal SBG proxy,100.0,121.39,mg/dL,0.589,0.784,5.0,10.0,https://doi.org/10.1002/advs.202405518,model input resampled to 0.25-min intervals by linear interpolation; values are not normalized
Saha 2024,Saha_2024_Fig3b_Subject3,Fig3b_Subject3,Saha meal SBG proxy,100.25,121.39,mg/dL,0.589,0.784,5.0,10.0,https://doi.org/10.1002/advs.202405518,model input resampled to 0.25-min intervals by linear interpolation; values are not normalized
Saha 2024,Saha_2024_Fig3b_Subject3,Fig3b_Subject3,Saha meal SBG proxy,100.5,121.39,mg/dL,0.589,0.784,5.0,10.0,https://doi.org/10.1002/advs.202405518,model input resampled to 0.25-min intervals by linear interpolation; values are not normalized
Saha 2024,Saha_2024_Fig3b_Subject3,Fig3b_Subject3,Saha meal SBG proxy,100.75,121.39,mg/dL,0.589,0.784,5.0,10.0,https://doi.org/10.1002/advs.202405518,model input resampled to 0.25-min intervals by linear interpolation; values are not normalized
Saha 2024,Saha_2024_Fig3b_Subject3,Fig3b_Subject3,Saha meal SBG proxy,101.0,121.39,mg/dL,0.589,0.784,5.0,10.0,https://doi.org/10.1002/advs.202405518,model input resampled to 0.25-min intervals by linear interpolation; values are not normalized
Saha 2024,Saha_2024_Fig3b_Subject3,Fig3b_Subject3,Saha meal SBG proxy,101.25,121.39,mg/dL,0.589,0.784,5.0,10.0,https://doi.org/10.1002/advs.202405518,model input resampled to 0.25-min intervals by linear interpolation; values are not normalized
Saha 2024,Saha_2024_Fig3b_Subject3,Fig3b_Subject3,Saha meal SBG proxy,101.5,121.39,mg/dL,0.589,0.784,5.0,10.0,https://doi.org/10.1002/advs.202405518,model input resampled to 0.25-min intervals by linear interpolation; values are not normalized
Saha 2024,Saha_2024_Fig3b_Subject3,Fig3b_Subject3,Saha meal SBG proxy,101.75,121.39,mg/dL,0.589,0.784,5.0,10.0,https://doi.org/10.1002/advs.202405518,model input resampled to 0.25-min intervals by linear interpolation; values are not normalized
Saha 2024,Saha_2024_Fig3b_Subject3,Fig3b_Subject3,Saha meal SBG proxy,102.0,121.39,mg/dL,0.589,0.784,5.0,10.0,https://doi.org/10.1002/advs.202405518,model input resampled to 0.25-min intervals by linear interpolation; values are not normalized
Saha 2024,Saha_2024_Fig3b_Subject3,Fig3b_Subject3,Saha meal SBG proxy,102.25,121.39,mg/dL,0.589,0.784,5.0,10.0,https://doi.org/10.1002/advs.202405518,model input resampled to 0.25-min intervals by linear interpolation; values are not normalized
Saha 2024,Saha_2024_Fig3b_Subject3,Fig3b_Subject3,Saha meal SBG proxy,102.5,121.39,mg/dL,0.589,0.784,5.0,10.0,https://doi.org/10.1002/advs.202405518,model input resampled to 0.25-min intervals by linear interpolation; values are not normalized
Saha 2024,Saha_2024_Fig3b_Subject3,Fig3b_Subject3,Saha meal SBG proxy,102.75,121.39,mg/dL,0.589,0.784,5.0,10.0,https://doi.org/10.1002/advs.202405518,model input resampled to 0.25-min intervals by linear interpolation; values are not normalized
Saha 2024,Saha_2024_Fig3b_Subject3,Fig3b_Subject3,Saha meal SBG proxy,103.0,121.39,mg/dL,0.589,0.784,5.0,10.0,https://doi.org/10.1002/advs.202405518,model input resampled to 0.25-min intervals by linear interpolation; values are not normalized
Saha 2024,Saha_2024_Fig3b_Subject3,Fig3b_Subject3,Saha meal SBG proxy,103.25,121.39,mg/dL,0.589,0.784,5.0,10.0,https://doi.org/10.1002/advs.202405518,model input resampled to 0.25-min intervals by linear interpolation; values are not normalized
Saha 2024,Saha_2024_Fig3b_Subject3,Fig3b_Subject3,Saha meal SBG proxy,103.5,121.39,mg/dL,0.589,0.784,5.0,10.0,https://doi.org/10.1002/advs.202405518,model input resampled to 0.25-min intervals by linear interpolation; values are not normalized
Saha 2024,Saha_2024_Fig3b_Subject3,Fig3b_Subject3,Saha meal SBG proxy,103.75,121.39,mg/dL,0.589,0.784,5.0,10.0,https://doi.org/10.1002/advs.202405518,model input resampled to 0.25-min intervals by linear interpolation; values are not normalized
Saha 2024,Saha_2024_Fig3b_Subject3,Fig3b_Subject3,Saha meal SBG proxy,104.0,121.39,mg/dL,0.589,0.784,5.0,10.0,https://doi.org/10.1002/advs.202405518,model input resampled to 0.25-min intervals by linear interpolation; values are not normalized
Saha 2024,Saha_2024_Fig3b_Subject3,Fig3b_Subject3,Saha meal SBG proxy,104.25,121.35625,mg/dL,0.589,0.784,5.0,10.0,https://doi.org/10.1002/advs.202405518,model input resampled to 0.25-min intervals by linear interpolation; values are not normalized
Saha 2024,Saha_2024_Fig3b_Subject3,Fig3b_Subject3,Saha meal SBG proxy,104.5,121.3225,mg/dL,0.589,0.784,5.0,10.0,https://doi.org/10.1002/advs.202405518,model input resampled to 0.25-min intervals by linear interpolation; values are not normalized
Saha 2024,Saha_2024_Fig3b_Subject3,Fig3b_Subject3,Saha meal SBG proxy,104.75,121.28875000000001,mg/dL,0.589,0.784,5.0,10.0,https://doi.org/10.1002/advs.202405518,model input resampled to 0.25-min intervals by linear interpolation; values are not normalized
Saha 2024,Saha_2024_Fig3b_Subject3,Fig3b_Subject3,Saha meal SBG proxy,105.0,121.255,mg/dL,0.589,0.784,5.0,10.0,https://doi.org/10.1002/advs.202405518,model input resampled to 0.25-min intervals by linear interpolation; values are not normalized
Saha 2024,Saha_2024_Fig3b_Subject3,Fig3b_Subject3,Saha meal SBG proxy,105.25,121.22125,mg/dL,0.589,0.784,5.0,10.0,https://doi.org/10.1002/advs.202405518,model input resampled to 0.25-min intervals by linear interpolation; values are not normalized
Saha 2024,Saha_2024_Fig3b_Subject3,Fig3b_Subject3,Saha meal SBG proxy,105.5,121.1875,mg/dL,0.589,0.784,5.0,10.0,https://doi.org/10.1002/advs.202405518,model input resampled to 0.25-min intervals by linear interpolation; values are not normalized
Saha 2024,Saha_2024_Fig3b_Subject3,Fig3b_Subject3,Saha meal SBG proxy,105.75,121.15375,mg/dL,0.589,0.784,5.0,10.0,https://doi.org/10.1002/advs.202405518,model input resampled to 0.25-min intervals by linear interpolation; values are not normalized
Saha 2024,Saha_2024_Fig3b_Subject3,Fig3b_Subject3,Saha meal SBG proxy,106.0,121.12,mg/dL,0.589,0.784,5.0,10.0,https://doi.org/10.1002/advs.202405518,model input resampled to 0.25-min intervals by linear interpolation; values are not normalized
Saha 2024,Saha_2024_Fig3b_Subject3,Fig3b_Subject3,Saha meal SBG proxy,106.25,121.17,mg/dL,0.589,0.784,5.0,10.0,https://doi.org/10.1002/advs.202405518,model input resampled to 0.25-min intervals by linear interpolation; values are not normalized
Saha 2024,Saha_2024_Fig3b_Subject3,Fig3b_Subject3,Saha meal SBG proxy,106.5,121.22,mg/dL,0.589,0.784,5.0,10.0,https://doi.org/10.1002/advs.202405518,model input resampled to 0.25-min intervals by linear interpolation; values are not normalized
Saha 2024,Saha_2024_Fig3b_Subject3,Fig3b_Subject3,Saha meal SBG proxy,106.75,121.27,mg/dL,0.589,0.784,5.0,10.0,https://doi.org/10.1002/advs.202405518,model input resampled to 0.25-min intervals by linear interpolation; values are not normalized
Saha 2024,Saha_2024_Fig3b_Subject3,Fig3b_Subject3,Saha meal SBG proxy,107.0,121.32,mg/dL,0.589,0.784,5.0,10.0,https://doi.org/10.1002/advs.202405518,model input resampled to 0.25-min intervals by linear interpolation; values are not normalized
Saha 2024,Saha_2024_Fig3b_Subject3,Fig3b_Subject3,Saha meal SBG proxy,107.25,121.37,mg/dL,0.589,0.784,5.0,10.0,https://doi.org/10.1002/advs.202405518,model input resampled to 0.25-min intervals by linear interpolation; values are not normalized
Saha 2024,Saha_2024_Fig3b_Subject3,Fig3b_Subject3,Saha meal SBG proxy,107.5,121.42,mg/dL,0.589,0.784,5.0,10.0,https://doi.org/10.1002/advs.202405518,model input resampled to 0.25-min intervals by linear interpolation; values are not normalized
Saha 2024,Saha_2024_Fig3b_Subject3,Fig3b_Subject3,Saha meal SBG proxy,107.75,121.47,mg/dL,0.589,0.784,5.0,10.0,https://doi.org/10.1002/advs.202405518,model input resampled to 0.25-min intervals by linear interpolation; values are not normalized
Saha 2024,Saha_2024_Fig3b_Subject3,Fig3b_Subject3,Saha meal SBG proxy,108.0,121.52,mg/dL,0.589,0.784,5.0,10.0,https://doi.org/10.1002/advs.202405518,model input resampled to 0.25-min intervals by linear interpolation; values are not normalized
Saha 2024,Saha_2024_Fig3b_Subject3,Fig3b_Subject3,Saha meal SBG proxy,108.25,121.47,mg/dL,0.589,0.784,5.0,10.0,https://doi.org/10.1002/advs.202405518,model input resampled to 0.25-min intervals by linear interpolation; values are not normalized
Saha 2024,Saha_2024_Fig3b_Subject3,Fig3b_Subject3,Saha meal SBG proxy,108.5,121.42,mg/dL,0.589,0.784,5.0,10.0,https://doi.org/10.1002/advs.202405518,model input resampled to 0.25-min intervals by linear interpolation; values are not normalized
Saha 2024,Saha_2024_Fig3b_Subject3,Fig3b_Subject3,Saha meal SBG proxy,108.75,121.37,mg/dL,0.589,0.784,5.0,10.0,https://doi.org/10.1002/advs.202405518,model input resampled to 0.25-min intervals by linear interpolation; values are not normalized
Saha 2024,Saha_2024_Fig3b_Subject3,Fig3b_Subject3,Saha meal SBG proxy,109.0,121.32,mg/dL,0.589,0.784,5.0,10.0,https://doi.org/10.1002/advs.202405518,model input resampled to 0.25-min intervals by linear interpolation; values are not normalized
Saha 2024,Saha_2024_Fig3b_Subject3,Fig3b_Subject3,Saha meal SBG proxy,109.25,121.27,mg/dL,0.589,0.784,5.0,10.0,https://doi.org/10.1002/advs.202405518,model input resampled to 0.25-min intervals by linear interpolation; values are not normalized
Saha 2024,Saha_2024_Fig3b_Subject3,Fig3b_Subject3,Saha meal SBG proxy,109.5,121.22,mg/dL,0.589,0.784,5.0,10.0,https://doi.org/10.1002/advs.202405518,model input resampled to 0.25-min intervals by linear interpolation; values are not normalized
Saha 2024,Saha_2024_Fig3b_Subject3,Fig3b_Subject3,Saha meal SBG proxy,109.75,121.17,mg/dL,0.589,0.784,5.0,10.0,https://doi.org/10.1002/advs.202405518,model input resampled to 0.25-min intervals by linear interpolation; values are not normalized
Saha 2024,Saha_2024_Fig3b_Subject3,Fig3b_Subject3,Saha meal SBG proxy,110.0,121.12,mg/dL,0.589,0.784,5.0,10.0,https://doi.org/10.1002/advs.202405518,model input resampled to 0.25-min intervals by linear interpolation; values are not normalized
Saha 2024,Saha_2024_Fig3b_Subject3,Fig3b_Subject3,Saha meal SBG proxy,110.25,121.12,mg/dL,0.589,0.784,5.0,10.0,https://doi.org/10.1002/advs.202405518,model input resampled to 0.25-min intervals by linear interpolation; values are not normalized
Saha 2024,Saha_2024_Fig3b_Subject3,Fig3b_Subject3,Saha meal SBG proxy,110.5,121.12,mg/dL,0.589,0.784,5.0,10.0,https://doi.org/10.1002/advs.202405518,model input resampled to 0.25-min intervals by linear interpolation; values are not normalized
Saha 2024,Saha_2024_Fig3b_Subject3,Fig3b_Subject3,Saha meal SBG proxy,110.75,121.12,mg/dL,0.589,0.784,5.0,10.0,https://doi.org/10.1002/advs.202405518,model input resampled to 0.25-min intervals by linear interpolation; values are not normalized
Saha 2024,Saha_2024_Fig3b_Subject3,Fig3b_Subject3,Saha meal SBG proxy,111.0,121.12,mg/dL,0.589,0.784,5.0,10.0,https://doi.org/10.1002/advs.202405518,model input resampled to 0.25-min intervals by linear interpolation; values are not normalized
Saha 2024,Saha_2024_Fig3b_Subject3,Fig3b_Subject3,Saha meal SBG proxy,111.25,121.12,mg/dL,0.589,0.784,5.0,10.0,https://doi.org/10.1002/advs.202405518,model input resampled to 0.25-min intervals by linear interpolation; values are not normalized
Saha 2024,Saha_2024_Fig3b_Subject3,Fig3b_Subject3,Saha meal SBG proxy,111.5,121.12,mg/dL,0.589,0.784,5.0,10.0,https://doi.org/10.1002/advs.202405518,model input resampled to 0.25-min intervals by linear interpolation; values are not normalized
Saha 2024,Saha_2024_Fig3b_Subject3,Fig3b_Subject3,Saha meal SBG proxy,111.75,121.12,mg/dL,0.589,0.784,5.0,10.0,https://doi.org/10.1002/advs.202405518,model input resampled to 0.25-min intervals by linear interpolation; values are not normalized
Saha 2024,Saha_2024_Fig3b_Subject3,Fig3b_Subject3,Saha meal SBG proxy,112.0,121.12,mg/dL,0.589,0.784,5.0,10.0,https://doi.org/10.1002/advs.202405518,model input resampled to 0.25-min intervals by linear interpolation; values are not normalized
Saha 2024,Saha_2024_Fig3b_Subject3,Fig3b_Subject3,Saha meal SBG proxy,112.25,121.12,mg/dL,0.589,0.784,5.0,10.0,https://doi.org/10.1002/advs.202405518,model input resampled to 0.25-min intervals by linear interpolation; values are not normalized
Saha 2024,Saha_2024_Fig3b_Subject3,Fig3b_Subject3,Saha meal SBG proxy,112.5,121.12,mg/dL,0.589,0.784,5.0,10.0,https://doi.org/10.1002/advs.202405518,model input resampled to 0.25-min intervals by linear interpolation; values are not normalized
Saha 2024,Saha_2024_Fig3b_Subject3,Fig3b_Subject3,Saha meal SBG proxy,112.75,121.12,mg/dL,0.589,0.784,5.0,10.0,https://doi.org/10.1002/advs.202405518,model input resampled to 0.25-min intervals by linear interpolation; values are not normalized
Saha 2024,Saha_2024_Fig3b_Subject3,Fig3b_Subject3,Saha meal SBG proxy,113.0,121.12,mg/dL,0.589,0.784,5.0,10.0,https://doi.org/10.1002/advs.202405518,model input resampled to 0.25-min intervals by linear interpolation; values are not normalized
Saha 2024,Saha_2024_Fig3b_Subject3,Fig3b_Subject3,Saha meal SBG proxy,113.25,121.12,mg/dL,0.589,0.784,5.0,10.0,https://doi.org/10.1002/advs.202405518,model input resampled to 0.25-min intervals by linear interpolation; values are not normalized
Saha 2024,Saha_2024_Fig3b_Subject3,Fig3b_Subject3,Saha meal SBG proxy,113.5,121.12,mg/dL,0.589,0.784,5.0,10.0,https://doi.org/10.1002/advs.202405518,model input resampled to 0.25-min intervals by linear interpolation; values are not normalized
Saha 2024,Saha_2024_Fig3b_Subject3,Fig3b_Subject3,Saha meal SBG proxy,113.75,121.12,mg/dL,0.589,0.784,5.0,10.0,https://doi.org/10.1002/advs.202405518,model input resampled to 0.25-min intervals by linear interpolation; values are not normalized
Saha 2024,Saha_2024_Fig3b_Subject3,Fig3b_Subject3,Saha meal SBG proxy,114.0,121.12,mg/dL,0.589,0.784,5.0,10.0,https://doi.org/10.1002/advs.202405518,model input resampled to 0.25-min intervals by linear interpolation; values are not normalized
Saha 2024,Saha_2024_Fig3b_Subject3,Fig3b_Subject3,Saha meal SBG proxy,114.25,121.12,mg/dL,0.589,0.784,5.0,10.0,https://doi.org/10.1002/advs.202405518,model input resampled to 0.25-min intervals by linear interpolation; values are not normalized
Saha 2024,Saha_2024_Fig3b_Subject3,Fig3b_Subject3,Saha meal SBG proxy,114.5,121.12,mg/dL,0.589,0.784,5.0,10.0,https://doi.org/10.1002/advs.202405518,model input resampled to 0.25-min intervals by linear interpolation; values are not normalized
Saha 2024,Saha_2024_Fig3b_Subject3,Fig3b_Subject3,Saha meal SBG proxy,114.75,121.12,mg/dL,0.589,0.784,5.0,10.0,https://doi.org/10.1002/advs.202405518,model input resampled to 0.25-min intervals by linear interpolation; values are not normalized
Saha 2024,Saha_2024_Fig3b_Subject3,Fig3b_Subject3,Saha meal SBG proxy,115.0,121.12,mg/dL,0.589,0.784,5.0,10.0,https://doi.org/10.1002/advs.202405518,model input resampled to 0.25-min intervals by linear interpolation; values are not normalized
Saha 2024,Saha_2024_Fig3b_Subject3,Fig3b_Subject3,Saha meal SBG proxy,115.25,121.12,mg/dL,0.589,0.784,5.0,10.0,https://doi.org/10.1002/advs.202405518,model input resampled to 0.25-min intervals by linear interpolation; values are not normalized
Saha 2024,Saha_2024_Fig3b_Subject3,Fig3b_Subject3,Saha meal SBG proxy,115.5,121.12,mg/dL,0.589,0.784,5.0,10.0,https://doi.org/10.1002/advs.202405518,model input resampled to 0.25-min intervals by linear interpolation; values are not normalized
Saha 2024,Saha_2024_Fig3b_Subject3,Fig3b_Subject3,Saha meal SBG proxy,115.75,121.12,mg/dL,0.589,0.784,5.0,10.0,https://doi.org/10.1002/advs.202405518,model input resampled to 0.25-min intervals by linear interpolation; values are not normalized
Saha 2024,Saha_2024_Fig3b_Subject3,Fig3b_Subject3,Saha meal SBG proxy,116.0,121.12,mg/dL,0.589,0.784,5.0,10.0,https://doi.org/10.1002/advs.202405518,model input resampled to 0.25-min intervals by linear interpolation; values are not normalized
Saha 2024,Saha_2024_Fig3b_Subject3,Fig3b_Subject3,Saha meal SBG proxy,116.25,121.12,mg/dL,0.589,0.784,5.0,10.0,https://doi.org/10.1002/advs.202405518,model input resampled to 0.25-min intervals by linear interpolation; values are not normalized
Saha 2024,Saha_2024_Fig3b_Subject3,Fig3b_Subject3,Saha meal SBG proxy,116.5,121.12,mg/dL,0.589,0.784,5.0,10.0,https://doi.org/10.1002/advs.202405518,model input resampled to 0.25-min intervals by linear interpolation; values are not normalized
Saha 2024,Saha_2024_Fig3b_Subject3,Fig3b_Subject3,Saha meal SBG proxy,116.75,121.12,mg/dL,0.589,0.784,5.0,10.0,https://doi.org/10.1002/advs.202405518,model input resampled to 0.25-min intervals by linear interpolation; values are not normalized
Saha 2024,Saha_2024_Fig3b_Subject3,Fig3b_Subject3,Saha meal SBG proxy,117.0,121.12,mg/dL,0.589,0.784,5.0,10.0,https://doi.org/10.1002/advs.202405518,model input resampled to 0.25-min intervals by linear interpolation; values are not normalized
Saha 2024,Saha_2024_Fig3b_Subject3,Fig3b_Subject3,Saha meal SBG proxy,117.25,121.12,mg/dL,0.589,0.784,5.0,10.0,https://doi.org/10.1002/advs.202405518,model input resampled to 0.25-min intervals by linear interpolation; values are not normalized
Saha 2024,Saha_2024_Fig3b_Subject3,Fig3b_Subject3,Saha meal SBG proxy,117.5,121.12,mg/dL,0.589,0.784,5.0,10.0,https://doi.org/10.1002/advs.202405518,model input resampled to 0.25-min intervals by linear interpolation; values are not normalized
Saha 2024,Saha_2024_Fig3b_Subject3,Fig3b_Subject3,Saha meal SBG proxy,117.75,121.12,mg/dL,0.589,0.784,5.0,10.0,https://doi.org/10.1002/advs.202405518,model input resampled to 0.25-min intervals by linear interpolation; values are not normalized
Saha 2024,Saha_2024_Fig3b_Subject3,Fig3b_Subject3,Saha meal SBG proxy,118.0,121.12,mg/dL,0.589,0.784,5.0,10.0,https://doi.org/10.1002/advs.202405518,model input resampled to 0.25-min intervals by linear interpolation; values are not normalized
Saha 2024,Saha_2024_Fig3b_Subject3,Fig3b_Subject3,Saha meal SBG proxy,118.25,121.12,mg/dL,0.589,0.784,5.0,10.0,https://doi.org/10.1002/advs.202405518,model input resampled to 0.25-min intervals by linear interpolation; values are not normalized
Saha 2024,Saha_2024_Fig3b_Subject3,Fig3b_Subject3,Saha meal SBG proxy,118.5,121.12,mg/dL,0.589,0.784,5.0,10.0,https://doi.org/10.1002/advs.202405518,model input resampled to 0.25-min intervals by linear interpolation; values are not normalized
Saha 2024,Saha_2024_Fig3b_Subject3,Fig3b_Subject3,Saha meal SBG proxy,118.75,121.12,mg/dL,0.589,0.784,5.0,10.0,https://doi.org/10.1002/advs.202405518,model input resampled to 0.25-min intervals by linear interpolation; values are not normalized
Saha 2024,Saha_2024_Fig3b_Subject3,Fig3b_Subject3,Saha meal SBG proxy,119.0,121.12,mg/dL,0.589,0.784,5.0,10.0,https://doi.org/10.1002/advs.202405518,model input resampled to 0.25-min intervals by linear interpolation; values are not normalized
Saha 2024,Saha_2024_Fig3b_Subject3,Fig3b_Subject3,Saha meal SBG proxy,119.25,121.12,mg/dL,0.589,0.784,5.0,10.0,https://doi.org/10.1002/advs.202405518,model input resampled to 0.25-min intervals by linear interpolation; values are not normalized
Saha 2024,Saha_2024_Fig3b_Subject3,Fig3b_Subject3,Saha meal SBG proxy,119.5,121.12,mg/dL,0.589,0.784,5.0,10.0,https://doi.org/10.1002/advs.202405518,model input resampled to 0.25-min intervals by linear interpolation; values are not normalized
Saha 2024,Saha_2024_Fig3b_Subject3,Fig3b_Subject3,Saha meal SBG proxy,119.75,121.12,mg/dL,0.589,0.784,5.0,10.0,https://doi.org/10.1002/advs.202405518,model input resampled to 0.25-min intervals by linear interpolation; values are not normalized
Saha 2024,Saha_2024_Fig3b_Subject3,Fig3b_Subject3,Saha meal SBG proxy,120.0,121.12,mg/dL,0.589,0.784,5.0,10.0,https://doi.org/10.1002/advs.202405518,model input resampled to 0.25-min intervals by linear interpolation; values are not normalized
Saha 2024,Saha_2024_Fig3b_Subject3,Fig3b_Subject3,Saha meal SBG proxy,120.25,121.0875,mg/dL,0.589,0.784,5.0,10.0,https://doi.org/10.1002/advs.202405518,model input resampled to 0.25-min intervals by linear interpolation; values are not normalized
Saha 2024,Saha_2024_Fig3b_Subject3,Fig3b_Subject3,Saha meal SBG proxy,120.5,121.055,mg/dL,0.589,0.784,5.0,10.0,https://doi.org/10.1002/advs.202405518,model input resampled to 0.25-min intervals by linear interpolation; values are not normalized
Saha 2024,Saha_2024_Fig3b_Subject3,Fig3b_Subject3,Saha meal SBG proxy,120.75,121.02250000000001,mg/dL,0.589,0.784,5.0,10.0,https://doi.org/10.1002/advs.202405518,model input resampled to 0.25-min intervals by linear interpolation; values are not normalized
Saha 2024,Saha_2024_Fig3b_Subject3,Fig3b_Subject3,Saha meal SBG proxy,121.0,120.99000000000001,mg/dL,0.589,0.784,5.0,10.0,https://doi.org/10.1002/advs.202405518,model input resampled to 0.25-min intervals by linear interpolation; values are not normalized
Saha 2024,Saha_2024_Fig3b_Subject3,Fig3b_Subject3,Saha meal SBG proxy,121.25,120.9575,mg/dL,0.589,0.784,5.0,10.0,https://doi.org/10.1002/advs.202405518,model input resampled to 0.25-min intervals by linear interpolation; values are not normalized
Saha 2024,Saha_2024_Fig3b_Subject3,Fig3b_Subject3,Saha meal SBG proxy,121.5,120.925,mg/dL,0.589,0.784,5.0,10.0,https://doi.org/10.1002/advs.202405518,model input resampled to 0.25-min intervals by linear interpolation; values are not normalized
Saha 2024,Saha_2024_Fig3b_Subject3,Fig3b_Subject3,Saha meal SBG proxy,121.75,120.8925,mg/dL,0.589,0.784,5.0,10.0,https://doi.org/10.1002/advs.202405518,model input resampled to 0.25-min intervals by linear interpolation; values are not normalized
Saha 2024,Saha_2024_Fig3b_Subject3,Fig3b_Subject3,Saha meal SBG proxy,122.0,120.86,mg/dL,0.589,0.784,5.0,10.0,https://doi.org/10.1002/advs.202405518,model input resampled to 0.25-min intervals by linear interpolation; values are not normalized
Saha 2024,Saha_2024_Fig3b_Subject3,Fig3b_Subject3,Saha meal SBG proxy,122.25,120.795,mg/dL,0.589,0.784,5.0,10.0,https://doi.org/10.1002/advs.202405518,model input resampled to 0.25-min intervals by linear interpolation; values are not normalized
Saha 2024,Saha_2024_Fig3b_Subject3,Fig3b_Subject3,Saha meal SBG proxy,122.5,120.73,mg/dL,0.589,0.784,5.0,10.0,https://doi.org/10.1002/advs.202405518,model input resampled to 0.25-min intervals by linear interpolation; values are not normalized
Saha 2024,Saha_2024_Fig3b_Subject3,Fig3b_Subject3,Saha meal SBG proxy,122.75,120.665,mg/dL,0.589,0.784,5.0,10.0,https://doi.org/10.1002/advs.202405518,model input resampled to 0.25-min intervals by linear interpolation; values are not normalized
Saha 2024,Saha_2024_Fig3b_Subject3,Fig3b_Subject3,Saha meal SBG proxy,123.0,120.6,mg/dL,0.589,0.784,5.0,10.0,https://doi.org/10.1002/advs.202405518,model input resampled to 0.25-min intervals by linear interpolation; values are not normalized
Saha 2024,Saha_2024_Fig3b_Subject3,Fig3b_Subject3,Saha meal SBG proxy,123.25,120.535,mg/dL,0.589,0.784,5.0,10.0,https://doi.org/10.1002/advs.202405518,model input resampled to 0.25-min intervals by linear interpolation; values are not normalized
Saha 2024,Saha_2024_Fig3b_Subject3,Fig3b_Subject3,Saha meal SBG proxy,123.5,120.47,mg/dL,0.589,0.784,5.0,10.0,https://doi.org/10.1002/advs.202405518,model input resampled to 0.25-min intervals by linear interpolation; values are not normalized
Saha 2024,Saha_2024_Fig3b_Subject3,Fig3b_Subject3,Saha meal SBG proxy,123.75,120.405,mg/dL,0.589,0.784,5.0,10.0,https://doi.org/10.1002/advs.202405518,model input resampled to 0.25-min intervals by linear interpolation; values are not normalized
Saha 2024,Saha_2024_Fig3b_Subject3,Fig3b_Subject3,Saha meal SBG proxy,124.0,120.34,mg/dL,0.589,0.784,5.0,10.0,https://doi.org/10.1002/advs.202405518,model input resampled to 0.25-min intervals by linear interpolation; values are not normalized
Saha 2024,Saha_2024_Fig3b_Subject3,Fig3b_Subject3,Saha meal SBG proxy,124.25,120.3075,mg/dL,0.589,0.784,5.0,10.0,https://doi.org/10.1002/advs.202405518,model input resampled to 0.25-min intervals by linear interpolation; values are not normalized
Saha 2024,Saha_2024_Fig3b_Subject3,Fig3b_Subject3,Saha meal SBG proxy,124.5,120.275,mg/dL,0.589,0.784,5.0,10.0,https://doi.org/10.1002/advs.202405518,model input resampled to 0.25-min intervals by linear interpolation; values are not normalized
Saha 2024,Saha_2024_Fig3b_Subject3,Fig3b_Subject3,Saha meal SBG proxy,124.75,120.2425,mg/dL,0.589,0.784,5.0,10.0,https://doi.org/10.1002/advs.202405518,model input resampled to 0.25-min intervals by linear interpolation; values are not normalized
Saha 2024,Saha_2024_Fig3b_Subject3,Fig3b_Subject3,Saha meal SBG proxy,125.0,120.21000000000001,mg/dL,0.589,0.784,5.0,10.0,https://doi.org/10.1002/advs.202405518,model input resampled to 0.25-min intervals by linear interpolation; values are not normalized
Saha 2024,Saha_2024_Fig3b_Subject3,Fig3b_Subject3,Saha meal SBG proxy,125.25,120.1775,mg/dL,0.589,0.784,5.0,10.0,https://doi.org/10.1002/advs.202405518,model input resampled to 0.25-min intervals by linear interpolation; values are not normalized
Saha 2024,Saha_2024_Fig3b_Subject3,Fig3b_Subject3,Saha meal SBG proxy,125.5,120.145,mg/dL,0.589,0.784,5.0,10.0,https://doi.org/10.1002/advs.202405518,model input resampled to 0.25-min intervals by linear interpolation; values are not normalized
Saha 2024,Saha_2024_Fig3b_Subject3,Fig3b_Subject3,Saha meal SBG proxy,125.75,120.1125,mg/dL,0.589,0.784,5.0,10.0,https://doi.org/10.1002/advs.202405518,model input resampled to 0.25-min intervals by linear interpolation; values are not normalized
Saha 2024,Saha_2024_Fig3b_Subject3,Fig3b_Subject3,Saha meal SBG proxy,126.0,120.08,mg/dL,0.589,0.784,5.0,10.0,https://doi.org/10.1002/advs.202405518,model input resampled to 0.25-min intervals by linear interpolation; values are not normalized
Saha 2024,Saha_2024_Fig3b_Subject3,Fig3b_Subject3,Saha meal SBG proxy,126.25,120.0475,mg/dL,0.589,0.784,5.0,10.0,https://doi.org/10.1002/advs.202405518,model input resampled to 0.25-min intervals by linear interpolation; values are not normalized
Saha 2024,Saha_2024_Fig3b_Subject3,Fig3b_Subject3,Saha meal SBG proxy,126.5,120.015,mg/dL,0.589,0.784,5.0,10.0,https://doi.org/10.1002/advs.202405518,model input resampled to 0.25-min intervals by linear interpolation; values are not normalized
Saha 2024,Saha_2024_Fig3b_Subject3,Fig3b_Subject3,Saha meal SBG proxy,126.75,119.9825,mg/dL,0.589,0.784,5.0,10.0,https://doi.org/10.1002/advs.202405518,model input resampled to 0.25-min intervals by linear interpolation; values are not normalized
Saha 2024,Saha_2024_Fig3b_Subject3,Fig3b_Subject3,Saha meal SBG proxy,127.0,119.94999999999999,mg/dL,0.589,0.784,5.0,10.0,https://doi.org/10.1002/advs.202405518,model input resampled to 0.25-min intervals by linear interpolation; values are not normalized
Saha 2024,Saha_2024_Fig3b_Subject3,Fig3b_Subject3,Saha meal SBG proxy,127.25,119.91749999999999,mg/dL,0.589,0.784,5.0,10.0,https://doi.org/10.1002/advs.202405518,model input resampled to 0.25-min intervals by linear interpolation; values are not normalized
Saha 2024,Saha_2024_Fig3b_Subject3,Fig3b_Subject3,Saha meal SBG proxy,127.5,119.88499999999999,mg/dL,0.589,0.784,5.0,10.0,https://doi.org/10.1002/advs.202405518,model input resampled to 0.25-min intervals by linear interpolation; values are not normalized
Saha 2024,Saha_2024_Fig3b_Subject3,Fig3b_Subject3,Saha meal SBG proxy,127.75,119.85249999999999,mg/dL,0.589,0.784,5.0,10.0,https://doi.org/10.1002/advs.202405518,model input resampled to 0.25-min intervals by linear interpolation; values are not normalized
Saha 2024,Saha_2024_Fig3b_Subject3,Fig3b_Subject3,Saha meal SBG proxy,128.0,119.82,mg/dL,0.589,0.784,5.0,10.0,https://doi.org/10.1002/advs.202405518,model input resampled to 0.25-min intervals by linear interpolation; values are not normalized
Saha 2024,Saha_2024_Fig3b_Subject3,Fig3b_Subject3,Saha meal SBG proxy,128.25,119.82,mg/dL,0.589,0.784,5.0,10.0,https://doi.org/10.1002/advs.202405518,model input resampled to 0.25-min intervals by linear interpolation; values are not normalized
Saha 2024,Saha_2024_Fig3b_Subject3,Fig3b_Subject3,Saha meal SBG proxy,128.5,119.82,mg/dL,0.589,0.784,5.0,10.0,https://doi.org/10.1002/advs.202405518,model input resampled to 0.25-min intervals by linear interpolation; values are not normalized
Saha 2024,Saha_2024_Fig3b_Subject3,Fig3b_Subject3,Saha meal SBG proxy,128.75,119.82,mg/dL,0.589,0.784,5.0,10.0,https://doi.org/10.1002/advs.202405518,model input resampled to 0.25-min intervals by linear interpolation; values are not normalized
Saha 2024,Saha_2024_Fig3b_Subject3,Fig3b_Subject3,Saha meal SBG proxy,129.0,119.82,mg/dL,0.589,0.784,5.0,10.0,https://doi.org/10.1002/advs.202405518,model input resampled to 0.25-min intervals by linear interpolation; values are not normalized
Saha 2024,Saha_2024_Fig3b_Subject3,Fig3b_Subject3,Saha meal SBG proxy,129.25,119.82,mg/dL,0.589,0.784,5.0,10.0,https://doi.org/10.1002/advs.202405518,model input resampled to 0.25-min intervals by linear interpolation; values are not normalized
Saha 2024,Saha_2024_Fig3b_Subject3,Fig3b_Subject3,Saha meal SBG proxy,129.5,119.82,mg/dL,0.589,0.784,5.0,10.0,https://doi.org/10.1002/advs.202405518,model input resampled to 0.25-min intervals by linear interpolation; values are not normalized
Saha 2024,Saha_2024_Fig3b_Subject3,Fig3b_Subject3,Saha meal SBG proxy,129.75,119.82,mg/dL,0.589,0.784,5.0,10.0,https://doi.org/10.1002/advs.202405518,model input resampled to 0.25-min intervals by linear interpolation; values are not normalized
Saha 2024,Saha_2024_Fig3b_Subject3,Fig3b_Subject3,Saha meal SBG proxy,130.0,119.82,mg/dL,0.589,0.784,5.0,10.0,https://doi.org/10.1002/advs.202405518,model input resampled to 0.25-min intervals by linear interpolation; values are not normalized
Saha 2024,Saha_2024_Fig3b_Subject4,Fig3b_Subject4,Saha meal SBG proxy,0.0,105.55,mg/dL,0.594,1.145,5.0,10.0,https://doi.org/10.1002/advs.202405518,model input resampled to 0.25-min intervals by linear interpolation; values are not normalized
Saha 2024,Saha_2024_Fig3b_Subject4,Fig3b_Subject4,Saha meal SBG proxy,0.25,105.57374999999999,mg/dL,0.594,1.145,5.0,10.0,https://doi.org/10.1002/advs.202405518,model input resampled to 0.25-min intervals by linear interpolation; values are not normalized
Saha 2024,Saha_2024_Fig3b_Subject4,Fig3b_Subject4,Saha meal SBG proxy,0.5,105.5975,mg/dL,0.594,1.145,5.0,10.0,https://doi.org/10.1002/advs.202405518,model input resampled to 0.25-min intervals by linear interpolation; values are not normalized
Saha 2024,Saha_2024_Fig3b_Subject4,Fig3b_Subject4,Saha meal SBG proxy,0.75,105.62125,mg/dL,0.594,1.145,5.0,10.0,https://doi.org/10.1002/advs.202405518,model input resampled to 0.25-min intervals by linear interpolation; values are not normalized
Saha 2024,Saha_2024_Fig3b_Subject4,Fig3b_Subject4,Saha meal SBG proxy,1.0,105.645,mg/dL,0.594,1.145,5.0,10.0,https://doi.org/10.1002/advs.202405518,model input resampled to 0.25-min intervals by linear interpolation; values are not normalized
Saha 2024,Saha_2024_Fig3b_Subject4,Fig3b_Subject4,Saha meal SBG proxy,1.25,105.66874999999999,mg/dL,0.594,1.145,5.0,10.0,https://doi.org/10.1002/advs.202405518,model input resampled to 0.25-min intervals by linear interpolation; values are not normalized
Saha 2024,Saha_2024_Fig3b_Subject4,Fig3b_Subject4,Saha meal SBG proxy,1.5,105.6925,mg/dL,0.594,1.145,5.0,10.0,https://doi.org/10.1002/advs.202405518,model input resampled to 0.25-min intervals by linear interpolation; values are not normalized
Saha 2024,Saha_2024_Fig3b_Subject4,Fig3b_Subject4,Saha meal SBG proxy,1.75,105.71625,mg/dL,0.594,1.145,5.0,10.0,https://doi.org/10.1002/advs.202405518,model input resampled to 0.25-min intervals by linear interpolation; values are not normalized
Saha 2024,Saha_2024_Fig3b_Subject4,Fig3b_Subject4,Saha meal SBG proxy,2.0,105.74,mg/dL,0.594,1.145,5.0,10.0,https://doi.org/10.1002/advs.202405518,model input resampled to 0.25-min intervals by linear interpolation; values are not normalized
Saha 2024,Saha_2024_Fig3b_Subject4,Fig3b_Subject4,Saha meal SBG proxy,2.25,105.76375,mg/dL,0.594,1.145,5.0,10.0,https://doi.org/10.1002/advs.202405518,model input resampled to 0.25-min intervals by linear interpolation; values are not normalized
Saha 2024,Saha_2024_Fig3b_Subject4,Fig3b_Subject4,Saha meal SBG proxy,2.5,105.7875,mg/dL,0.594,1.145,5.0,10.0,https://doi.org/10.1002/advs.202405518,model input resampled to 0.25-min intervals by linear interpolation; values are not normalized
Saha 2024,Saha_2024_Fig3b_Subject4,Fig3b_Subject4,Saha meal SBG proxy,2.75,105.81125,mg/dL,0.594,1.145,5.0,10.0,https://doi.org/10.1002/advs.202405518,model input resampled to 0.25-min intervals by linear interpolation; values are not normalized
Saha 2024,Saha_2024_Fig3b_Subject4,Fig3b_Subject4,Saha meal SBG proxy,3.0,105.83500000000001,mg/dL,0.594,1.145,5.0,10.0,https://doi.org/10.1002/advs.202405518,model input resampled to 0.25-min intervals by linear interpolation; values are not normalized
Saha 2024,Saha_2024_Fig3b_Subject4,Fig3b_Subject4,Saha meal SBG proxy,3.25,105.85875,mg/dL,0.594,1.145,5.0,10.0,https://doi.org/10.1002/advs.202405518,model input resampled to 0.25-min intervals by linear interpolation; values are not normalized
Saha 2024,Saha_2024_Fig3b_Subject4,Fig3b_Subject4,Saha meal SBG proxy,3.5,105.88250000000001,mg/dL,0.594,1.145,5.0,10.0,https://doi.org/10.1002/advs.202405518,model input resampled to 0.25-min intervals by linear interpolation; values are not normalized
Saha 2024,Saha_2024_Fig3b_Subject4,Fig3b_Subject4,Saha meal SBG proxy,3.75,105.90625,mg/dL,0.594,1.145,5.0,10.0,https://doi.org/10.1002/advs.202405518,model input resampled to 0.25-min intervals by linear interpolation; values are not normalized
Saha 2024,Saha_2024_Fig3b_Subject4,Fig3b_Subject4,Saha meal SBG proxy,4.0,105.93,mg/dL,0.594,1.145,5.0,10.0,https://doi.org/10.1002/advs.202405518,model input resampled to 0.25-min intervals by linear interpolation; values are not normalized
Saha 2024,Saha_2024_Fig3b_Subject4,Fig3b_Subject4,Saha meal SBG proxy,4.25,105.9775,mg/dL,0.594,1.145,5.0,10.0,https://doi.org/10.1002/advs.202405518,model input resampled to 0.25-min intervals by linear interpolation; values are not normalized
Saha 2024,Saha_2024_Fig3b_Subject4,Fig3b_Subject4,Saha meal SBG proxy,4.5,106.025,mg/dL,0.594,1.145,5.0,10.0,https://doi.org/10.1002/advs.202405518,model input resampled to 0.25-min intervals by linear interpolation; values are not normalized
Saha 2024,Saha_2024_Fig3b_Subject4,Fig3b_Subject4,Saha meal SBG proxy,4.75,106.0725,mg/dL,0.594,1.145,5.0,10.0,https://doi.org/10.1002/advs.202405518,model input resampled to 0.25-min intervals by linear interpolation; values are not normalized
Saha 2024,Saha_2024_Fig3b_Subject4,Fig3b_Subject4,Saha meal SBG proxy,5.0,106.12,mg/dL,0.594,1.145,5.0,10.0,https://doi.org/10.1002/advs.202405518,model input resampled to 0.25-min intervals by linear interpolation; values are not normalized
Saha 2024,Saha_2024_Fig3b_Subject4,Fig3b_Subject4,Saha meal SBG proxy,5.25,106.1675,mg/dL,0.594,1.145,5.0,10.0,https://doi.org/10.1002/advs.202405518,model input resampled to 0.25-min intervals by linear interpolation; values are not normalized
Saha 2024,Saha_2024_Fig3b_Subject4,Fig3b_Subject4,Saha meal SBG proxy,5.5,106.215,mg/dL,0.594,1.145,5.0,10.0,https://doi.org/10.1002/advs.202405518,model input resampled to 0.25-min intervals by linear interpolation; values are not normalized
Saha 2024,Saha_2024_Fig3b_Subject4,Fig3b_Subject4,Saha meal SBG proxy,5.75,106.2625,mg/dL,0.594,1.145,5.0,10.0,https://doi.org/10.1002/advs.202405518,model input resampled to 0.25-min intervals by linear interpolation; values are not normalized
Saha 2024,Saha_2024_Fig3b_Subject4,Fig3b_Subject4,Saha meal SBG proxy,6.0,106.31,mg/dL,0.594,1.145,5.0,10.0,https://doi.org/10.1002/advs.202405518,model input resampled to 0.25-min intervals by linear interpolation; values are not normalized
Saha 2024,Saha_2024_Fig3b_Subject4,Fig3b_Subject4,Saha meal SBG proxy,6.25,106.3575,mg/dL,0.594,1.145,5.0,10.0,https://doi.org/10.1002/advs.202405518,model input resampled to 0.25-min intervals by linear interpolation; values are not normalized
Saha 2024,Saha_2024_Fig3b_Subject4,Fig3b_Subject4,Saha meal SBG proxy,6.5,106.405,mg/dL,0.594,1.145,5.0,10.0,https://doi.org/10.1002/advs.202405518,model input resampled to 0.25-min intervals by linear interpolation; values are not normalized
Saha 2024,Saha_2024_Fig3b_Subject4,Fig3b_Subject4,Saha meal SBG proxy,6.75,106.4525,mg/dL,0.594,1.145,5.0,10.0,https://doi.org/10.1002/advs.202405518,model input resampled to 0.25-min intervals by linear interpolation; values are not normalized
Saha 2024,Saha_2024_Fig3b_Subject4,Fig3b_Subject4,Saha meal SBG proxy,7.0,106.5,mg/dL,0.594,1.145,5.0,10.0,https://doi.org/10.1002/advs.202405518,model input resampled to 0.25-min intervals by linear interpolation; values are not normalized
Saha 2024,Saha_2024_Fig3b_Subject4,Fig3b_Subject4,Saha meal SBG proxy,7.25,106.5475,mg/dL,0.594,1.145,5.0,10.0,https://doi.org/10.1002/advs.202405518,model input resampled to 0.25-min intervals by linear interpolation; values are not normalized
Saha 2024,Saha_2024_Fig3b_Subject4,Fig3b_Subject4,Saha meal SBG proxy,7.5,106.595,mg/dL,0.594,1.145,5.0,10.0,https://doi.org/10.1002/advs.202405518,model input resampled to 0.25-min intervals by linear interpolation; values are not normalized
Saha 2024,Saha_2024_Fig3b_Subject4,Fig3b_Subject4,Saha meal SBG proxy,7.75,106.6425,mg/dL,0.594,1.145,5.0,10.0,https://doi.org/10.1002/advs.202405518,model input resampled to 0.25-min intervals by linear interpolation; values are not normalized
Saha 2024,Saha_2024_Fig3b_Subject4,Fig3b_Subject4,Saha meal SBG proxy,8.0,106.69,mg/dL,0.594,1.145,5.0,10.0,https://doi.org/10.1002/advs.202405518,model input resampled to 0.25-min intervals by linear interpolation; values are not normalized
Saha 2024,Saha_2024_Fig3b_Subject4,Fig3b_Subject4,Saha meal SBG proxy,8.25,106.7375,mg/dL,0.594,1.145,5.0,10.0,https://doi.org/10.1002/advs.202405518,model input resampled to 0.25-min intervals by linear interpolation; values are not normalized
Saha 2024,Saha_2024_Fig3b_Subject4,Fig3b_Subject4,Saha meal SBG proxy,8.5,106.785,mg/dL,0.594,1.145,5.0,10.0,https://doi.org/10.1002/advs.202405518,model input resampled to 0.25-min intervals by linear interpolation; values are not normalized
Saha 2024,Saha_2024_Fig3b_Subject4,Fig3b_Subject4,Saha meal SBG proxy,8.75,106.8325,mg/dL,0.594,1.145,5.0,10.0,https://doi.org/10.1002/advs.202405518,model input resampled to 0.25-min intervals by linear interpolation; values are not normalized
Saha 2024,Saha_2024_Fig3b_Subject4,Fig3b_Subject4,Saha meal SBG proxy,9.0,106.88,mg/dL,0.594,1.145,5.0,10.0,https://doi.org/10.1002/advs.202405518,model input resampled to 0.25-min intervals by linear interpolation; values are not normalized
Saha 2024,Saha_2024_Fig3b_Subject4,Fig3b_Subject4,Saha meal SBG proxy,9.25,106.9275,mg/dL,0.594,1.145,5.0,10.0,https://doi.org/10.1002/advs.202405518,model input resampled to 0.25-min intervals by linear interpolation; values are not normalized
Saha 2024,Saha_2024_Fig3b_Subject4,Fig3b_Subject4,Saha meal SBG proxy,9.5,106.975,mg/dL,0.594,1.145,5.0,10.0,https://doi.org/10.1002/advs.202405518,model input resampled to 0.25-min intervals by linear interpolation; values are not normalized
Saha 2024,Saha_2024_Fig3b_Subject4,Fig3b_Subject4,Saha meal SBG proxy,9.75,107.0225,mg/dL,0.594,1.145,5.0,10.0,https://doi.org/10.1002/advs.202405518,model input resampled to 0.25-min intervals by linear interpolation; values are not normalized
Saha 2024,Saha_2024_Fig3b_Subject4,Fig3b_Subject4,Saha meal SBG proxy,10.0,107.07,mg/dL,0.594,1.145,5.0,10.0,https://doi.org/10.1002/advs.202405518,model input resampled to 0.25-min intervals by linear interpolation; values are not normalized
Saha 2024,Saha_2024_Fig3b_Subject4,Fig3b_Subject4,Saha meal SBG proxy,10.25,107.09375,mg/dL,0.594,1.145,5.0,10.0,https://doi.org/10.1002/advs.202405518,model input resampled to 0.25-min intervals by linear interpolation; values are not normalized
Saha 2024,Saha_2024_Fig3b_Subject4,Fig3b_Subject4,Saha meal SBG proxy,10.5,107.11749999999999,mg/dL,0.594,1.145,5.0,10.0,https://doi.org/10.1002/advs.202405518,model input resampled to 0.25-min intervals by linear interpolation; values are not normalized
Saha 2024,Saha_2024_Fig3b_Subject4,Fig3b_Subject4,Saha meal SBG proxy,10.75,107.14125,mg/dL,0.594,1.145,5.0,10.0,https://doi.org/10.1002/advs.202405518,model input resampled to 0.25-min intervals by linear interpolation; values are not normalized
Saha 2024,Saha_2024_Fig3b_Subject4,Fig3b_Subject4,Saha meal SBG proxy,11.0,107.16499999999999,mg/dL,0.594,1.145,5.0,10.0,https://doi.org/10.1002/advs.202405518,model input resampled to 0.25-min intervals by linear interpolation; values are not normalized
Saha 2024,Saha_2024_Fig3b_Subject4,Fig3b_Subject4,Saha meal SBG proxy,11.25,107.18875,mg/dL,0.594,1.145,5.0,10.0,https://doi.org/10.1002/advs.202405518,model input resampled to 0.25-min intervals by linear interpolation; values are not normalized
Saha 2024,Saha_2024_Fig3b_Subject4,Fig3b_Subject4,Saha meal SBG proxy,11.5,107.2125,mg/dL,0.594,1.145,5.0,10.0,https://doi.org/10.1002/advs.202405518,model input resampled to 0.25-min intervals by linear interpolation; values are not normalized
Saha 2024,Saha_2024_Fig3b_Subject4,Fig3b_Subject4,Saha meal SBG proxy,11.75,107.23625,mg/dL,0.594,1.145,5.0,10.0,https://doi.org/10.1002/advs.202405518,model input resampled to 0.25-min intervals by linear interpolation; values are not normalized
Saha 2024,Saha_2024_Fig3b_Subject4,Fig3b_Subject4,Saha meal SBG proxy,12.0,107.26,mg/dL,0.594,1.145,5.0,10.0,https://doi.org/10.1002/advs.202405518,model input resampled to 0.25-min intervals by linear interpolation; values are not normalized
Saha 2024,Saha_2024_Fig3b_Subject4,Fig3b_Subject4,Saha meal SBG proxy,12.25,107.30875,mg/dL,0.594,1.145,5.0,10.0,https://doi.org/10.1002/advs.202405518,model input resampled to 0.25-min intervals by linear interpolation; values are not normalized
Saha 2024,Saha_2024_Fig3b_Subject4,Fig3b_Subject4,Saha meal SBG proxy,12.5,107.3575,mg/dL,0.594,1.145,5.0,10.0,https://doi.org/10.1002/advs.202405518,model input resampled to 0.25-min intervals by linear interpolation; values are not normalized
Saha 2024,Saha_2024_Fig3b_Subject4,Fig3b_Subject4,Saha meal SBG proxy,12.75,107.40625,mg/dL,0.594,1.145,5.0,10.0,https://doi.org/10.1002/advs.202405518,model input resampled to 0.25-min intervals by linear interpolation; values are not normalized
Saha 2024,Saha_2024_Fig3b_Subject4,Fig3b_Subject4,Saha meal SBG proxy,13.0,107.45500000000001,mg/dL,0.594,1.145,5.0,10.0,https://doi.org/10.1002/advs.202405518,model input resampled to 0.25-min intervals by linear interpolation; values are not normalized
Saha 2024,Saha_2024_Fig3b_Subject4,Fig3b_Subject4,Saha meal SBG proxy,13.25,107.50375000000001,mg/dL,0.594,1.145,5.0,10.0,https://doi.org/10.1002/advs.202405518,model input resampled to 0.25-min intervals by linear interpolation; values are not normalized
Saha 2024,Saha_2024_Fig3b_Subject4,Fig3b_Subject4,Saha meal SBG proxy,13.5,107.55250000000001,mg/dL,0.594,1.145,5.0,10.0,https://doi.org/10.1002/advs.202405518,model input resampled to 0.25-min intervals by linear interpolation; values are not normalized
Saha 2024,Saha_2024_Fig3b_Subject4,Fig3b_Subject4,Saha meal SBG proxy,13.75,107.60125000000001,mg/dL,0.594,1.145,5.0,10.0,https://doi.org/10.1002/advs.202405518,model input resampled to 0.25-min intervals by linear interpolation; values are not normalized
Saha 2024,Saha_2024_Fig3b_Subject4,Fig3b_Subject4,Saha meal SBG proxy,14.0,107.65,mg/dL,0.594,1.145,5.0,10.0,https://doi.org/10.1002/advs.202405518,model input resampled to 0.25-min intervals by linear interpolation; values are not normalized
Saha 2024,Saha_2024_Fig3b_Subject4,Fig3b_Subject4,Saha meal SBG proxy,14.25,107.6975,mg/dL,0.594,1.145,5.0,10.0,https://doi.org/10.1002/advs.202405518,model input resampled to 0.25-min intervals by linear interpolation; values are not normalized
Saha 2024,Saha_2024_Fig3b_Subject4,Fig3b_Subject4,Saha meal SBG proxy,14.5,107.745,mg/dL,0.594,1.145,5.0,10.0,https://doi.org/10.1002/advs.202405518,model input resampled to 0.25-min intervals by linear interpolation; values are not normalized
Saha 2024,Saha_2024_Fig3b_Subject4,Fig3b_Subject4,Saha meal SBG proxy,14.75,107.7925,mg/dL,0.594,1.145,5.0,10.0,https://doi.org/10.1002/advs.202405518,model input resampled to 0.25-min intervals by linear interpolation; values are not normalized
Saha 2024,Saha_2024_Fig3b_Subject4,Fig3b_Subject4,Saha meal SBG proxy,15.0,107.84,mg/dL,0.594,1.145,5.0,10.0,https://doi.org/10.1002/advs.202405518,model input resampled to 0.25-min intervals by linear interpolation; values are not normalized
Saha 2024,Saha_2024_Fig3b_Subject4,Fig3b_Subject4,Saha meal SBG proxy,15.25,107.8875,mg/dL,0.594,1.145,5.0,10.0,https://doi.org/10.1002/advs.202405518,model input resampled to 0.25-min intervals by linear interpolation; values are not normalized
Saha 2024,Saha_2024_Fig3b_Subject4,Fig3b_Subject4,Saha meal SBG proxy,15.5,107.935,mg/dL,0.594,1.145,5.0,10.0,https://doi.org/10.1002/advs.202405518,model input resampled to 0.25-min intervals by linear interpolation; values are not normalized
Saha 2024,Saha_2024_Fig3b_Subject4,Fig3b_Subject4,Saha meal SBG proxy,15.75,107.9825,mg/dL,0.594,1.145,5.0,10.0,https://doi.org/10.1002/advs.202405518,model input resampled to 0.25-min intervals by linear interpolation; values are not normalized
Saha 2024,Saha_2024_Fig3b_Subject4,Fig3b_Subject4,Saha meal SBG proxy,16.0,108.03,mg/dL,0.594,1.145,5.0,10.0,https://doi.org/10.1002/advs.202405518,model input resampled to 0.25-min intervals by linear interpolation; values are not normalized
Saha 2024,Saha_2024_Fig3b_Subject4,Fig3b_Subject4,Saha meal SBG proxy,16.25,108.0775,mg/dL,0.594,1.145,5.0,10.0,https://doi.org/10.1002/advs.202405518,model input resampled to 0.25-min intervals by linear interpolation; values are not normalized
Saha 2024,Saha_2024_Fig3b_Subject4,Fig3b_Subject4,Saha meal SBG proxy,16.5,108.125,mg/dL,0.594,1.145,5.0,10.0,https://doi.org/10.1002/advs.202405518,model input resampled to 0.25-min intervals by linear interpolation; values are not normalized
Saha 2024,Saha_2024_Fig3b_Subject4,Fig3b_Subject4,Saha meal SBG proxy,16.75,108.1725,mg/dL,0.594,1.145,5.0,10.0,https://doi.org/10.1002/advs.202405518,model input resampled to 0.25-min intervals by linear interpolation; values are not normalized
Saha 2024,Saha_2024_Fig3b_Subject4,Fig3b_Subject4,Saha meal SBG proxy,17.0,108.22,mg/dL,0.594,1.145,5.0,10.0,https://doi.org/10.1002/advs.202405518,model input resampled to 0.25-min intervals by linear interpolation; values are not normalized
Saha 2024,Saha_2024_Fig3b_Subject4,Fig3b_Subject4,Saha meal SBG proxy,17.25,108.2675,mg/dL,0.594,1.145,5.0,10.0,https://doi.org/10.1002/advs.202405518,model input resampled to 0.25-min intervals by linear interpolation; values are not normalized
Saha 2024,Saha_2024_Fig3b_Subject4,Fig3b_Subject4,Saha meal SBG proxy,17.5,108.315,mg/dL,0.594,1.145,5.0,10.0,https://doi.org/10.1002/advs.202405518,model input resampled to 0.25-min intervals by linear interpolation; values are not normalized
Saha 2024,Saha_2024_Fig3b_Subject4,Fig3b_Subject4,Saha meal SBG proxy,17.75,108.3625,mg/dL,0.594,1.145,5.0,10.0,https://doi.org/10.1002/advs.202405518,model input resampled to 0.25-min intervals by linear interpolation; values are not normalized
Saha 2024,Saha_2024_Fig3b_Subject4,Fig3b_Subject4,Saha meal SBG proxy,18.0,108.41,mg/dL,0.594,1.145,5.0,10.0,https://doi.org/10.1002/advs.202405518,model input resampled to 0.25-min intervals by linear interpolation; values are not normalized
Saha 2024,Saha_2024_Fig3b_Subject4,Fig3b_Subject4,Saha meal SBG proxy,18.25,108.52875,mg/dL,0.594,1.145,5.0,10.0,https://doi.org/10.1002/advs.202405518,model input resampled to 0.25-min intervals by linear interpolation; values are not normalized
Saha 2024,Saha_2024_Fig3b_Subject4,Fig3b_Subject4,Saha meal SBG proxy,18.5,108.6475,mg/dL,0.594,1.145,5.0,10.0,https://doi.org/10.1002/advs.202405518,model input resampled to 0.25-min intervals by linear interpolation; values are not normalized
Saha 2024,Saha_2024_Fig3b_Subject4,Fig3b_Subject4,Saha meal SBG proxy,18.75,108.76625,mg/dL,0.594,1.145,5.0,10.0,https://doi.org/10.1002/advs.202405518,model input resampled to 0.25-min intervals by linear interpolation; values are not normalized
Saha 2024,Saha_2024_Fig3b_Subject4,Fig3b_Subject4,Saha meal SBG proxy,19.0,108.88499999999999,mg/dL,0.594,1.145,5.0,10.0,https://doi.org/10.1002/advs.202405518,model input resampled to 0.25-min intervals by linear interpolation; values are not normalized
Saha 2024,Saha_2024_Fig3b_Subject4,Fig3b_Subject4,Saha meal SBG proxy,19.25,109.00375,mg/dL,0.594,1.145,5.0,10.0,https://doi.org/10.1002/advs.202405518,model input resampled to 0.25-min intervals by linear interpolation; values are not normalized
Saha 2024,Saha_2024_Fig3b_Subject4,Fig3b_Subject4,Saha meal SBG proxy,19.5,109.1225,mg/dL,0.594,1.145,5.0,10.0,https://doi.org/10.1002/advs.202405518,model input resampled to 0.25-min intervals by linear interpolation; values are not normalized
Saha 2024,Saha_2024_Fig3b_Subject4,Fig3b_Subject4,Saha meal SBG proxy,19.75,109.24125,mg/dL,0.594,1.145,5.0,10.0,https://doi.org/10.1002/advs.202405518,model input resampled to 0.25-min intervals by linear interpolation; values are not normalized
Saha 2024,Saha_2024_Fig3b_Subject4,Fig3b_Subject4,Saha meal SBG proxy,20.0,109.36,mg/dL,0.594,1.145,5.0,10.0,https://doi.org/10.1002/advs.202405518,model input resampled to 0.25-min intervals by linear interpolation; values are not normalized
Saha 2024,Saha_2024_Fig3b_Subject4,Fig3b_Subject4,Saha meal SBG proxy,20.25,109.45625,mg/dL,0.594,1.145,5.0,10.0,https://doi.org/10.1002/advs.202405518,model input resampled to 0.25-min intervals by linear interpolation; values are not normalized
Saha 2024,Saha_2024_Fig3b_Subject4,Fig3b_Subject4,Saha meal SBG proxy,20.5,109.5525,mg/dL,0.594,1.145,5.0,10.0,https://doi.org/10.1002/advs.202405518,model input resampled to 0.25-min intervals by linear interpolation; values are not normalized
Saha 2024,Saha_2024_Fig3b_Subject4,Fig3b_Subject4,Saha meal SBG proxy,20.75,109.64874999999999,mg/dL,0.594,1.145,5.0,10.0,https://doi.org/10.1002/advs.202405518,model input resampled to 0.25-min intervals by linear interpolation; values are not normalized
Saha 2024,Saha_2024_Fig3b_Subject4,Fig3b_Subject4,Saha meal SBG proxy,21.0,109.745,mg/dL,0.594,1.145,5.0,10.0,https://doi.org/10.1002/advs.202405518,model input resampled to 0.25-min intervals by linear interpolation; values are not normalized
Saha 2024,Saha_2024_Fig3b_Subject4,Fig3b_Subject4,Saha meal SBG proxy,21.25,109.84125,mg/dL,0.594,1.145,5.0,10.0,https://doi.org/10.1002/advs.202405518,model input resampled to 0.25-min intervals by linear interpolation; values are not normalized
Saha 2024,Saha_2024_Fig3b_Subject4,Fig3b_Subject4,Saha meal SBG proxy,21.5,109.9375,mg/dL,0.594,1.145,5.0,10.0,https://doi.org/10.1002/advs.202405518,model input resampled to 0.25-min intervals by linear interpolation; values are not normalized
Saha 2024,Saha_2024_Fig3b_Subject4,Fig3b_Subject4,Saha meal SBG proxy,21.75,110.03375,mg/dL,0.594,1.145,5.0,10.0,https://doi.org/10.1002/advs.202405518,model input resampled to 0.25-min intervals by linear interpolation; values are not normalized
Saha 2024,Saha_2024_Fig3b_Subject4,Fig3b_Subject4,Saha meal SBG proxy,22.0,110.13,mg/dL,0.594,1.145,5.0,10.0,https://doi.org/10.1002/advs.202405518,model input resampled to 0.25-min intervals by linear interpolation; values are not normalized
Saha 2024,Saha_2024_Fig3b_Subject4,Fig3b_Subject4,Saha meal SBG proxy,22.25,110.20125,mg/dL,0.594,1.145,5.0,10.0,https://doi.org/10.1002/advs.202405518,model input resampled to 0.25-min intervals by linear interpolation; values are not normalized
Saha 2024,Saha_2024_Fig3b_Subject4,Fig3b_Subject4,Saha meal SBG proxy,22.5,110.2725,mg/dL,0.594,1.145,5.0,10.0,https://doi.org/10.1002/advs.202405518,model input resampled to 0.25-min intervals by linear interpolation; values are not normalized
Saha 2024,Saha_2024_Fig3b_Subject4,Fig3b_Subject4,Saha meal SBG proxy,22.75,110.34375,mg/dL,0.594,1.145,5.0,10.0,https://doi.org/10.1002/advs.202405518,model input resampled to 0.25-min intervals by linear interpolation; values are not normalized
Saha 2024,Saha_2024_Fig3b_Subject4,Fig3b_Subject4,Saha meal SBG proxy,23.0,110.41499999999999,mg/dL,0.594,1.145,5.0,10.0,https://doi.org/10.1002/advs.202405518,model input resampled to 0.25-min intervals by linear interpolation; values are not normalized
Saha 2024,Saha_2024_Fig3b_Subject4,Fig3b_Subject4,Saha meal SBG proxy,23.25,110.48625,mg/dL,0.594,1.145,5.0,10.0,https://doi.org/10.1002/advs.202405518,model input resampled to 0.25-min intervals by linear interpolation; values are not normalized
Saha 2024,Saha_2024_Fig3b_Subject4,Fig3b_Subject4,Saha meal SBG proxy,23.5,110.5575,mg/dL,0.594,1.145,5.0,10.0,https://doi.org/10.1002/advs.202405518,model input resampled to 0.25-min intervals by linear interpolation; values are not normalized
Saha 2024,Saha_2024_Fig3b_Subject4,Fig3b_Subject4,Saha meal SBG proxy,23.75,110.62875,mg/dL,0.594,1.145,5.0,10.0,https://doi.org/10.1002/advs.202405518,model input resampled to 0.25-min intervals by linear interpolation; values are not normalized
Saha 2024,Saha_2024_Fig3b_Subject4,Fig3b_Subject4,Saha meal SBG proxy,24.0,110.7,mg/dL,0.594,1.145,5.0,10.0,https://doi.org/10.1002/advs.202405518,model input resampled to 0.25-min intervals by linear interpolation; values are not normalized
Saha 2024,Saha_2024_Fig3b_Subject4,Fig3b_Subject4,Saha meal SBG proxy,24.25,110.81875000000001,mg/dL,0.594,1.145,5.0,10.0,https://doi.org/10.1002/advs.202405518,model input resampled to 0.25-min intervals by linear interpolation; values are not normalized
Saha 2024,Saha_2024_Fig3b_Subject4,Fig3b_Subject4,Saha meal SBG proxy,24.5,110.9375,mg/dL,0.594,1.145,5.0,10.0,https://doi.org/10.1002/advs.202405518,model input resampled to 0.25-min intervals by linear interpolation; values are not normalized
Saha 2024,Saha_2024_Fig3b_Subject4,Fig3b_Subject4,Saha meal SBG proxy,24.75,111.05625,mg/dL,0.594,1.145,5.0,10.0,https://doi.org/10.1002/advs.202405518,model input resampled to 0.25-min intervals by linear interpolation; values are not normalized
Saha 2024,Saha_2024_Fig3b_Subject4,Fig3b_Subject4,Saha meal SBG proxy,25.0,111.17500000000001,mg/dL,0.594,1.145,5.0,10.0,https://doi.org/10.1002/advs.202405518,model input resampled to 0.25-min intervals by linear interpolation; values are not normalized
Saha 2024,Saha_2024_Fig3b_Subject4,Fig3b_Subject4,Saha meal SBG proxy,25.25,111.29375,mg/dL,0.594,1.145,5.0,10.0,https://doi.org/10.1002/advs.202405518,model input resampled to 0.25-min intervals by linear interpolation; values are not normalized
Saha 2024,Saha_2024_Fig3b_Subject4,Fig3b_Subject4,Saha meal SBG proxy,25.5,111.41250000000001,mg/dL,0.594,1.145,5.0,10.0,https://doi.org/10.1002/advs.202405518,model input resampled to 0.25-min intervals by linear interpolation; values are not normalized
Saha 2024,Saha_2024_Fig3b_Subject4,Fig3b_Subject4,Saha meal SBG proxy,25.75,111.53125,mg/dL,0.594,1.145,5.0,10.0,https://doi.org/10.1002/advs.202405518,model input resampled to 0.25-min intervals by linear interpolation; values are not normalized
Saha 2024,Saha_2024_Fig3b_Subject4,Fig3b_Subject4,Saha meal SBG proxy,26.0,111.65,mg/dL,0.594,1.145,5.0,10.0,https://doi.org/10.1002/advs.202405518,model input resampled to 0.25-min intervals by linear interpolation; values are not normalized
Saha 2024,Saha_2024_Fig3b_Subject4,Fig3b_Subject4,Saha meal SBG proxy,26.25,111.74625,mg/dL,0.594,1.145,5.0,10.0,https://doi.org/10.1002/advs.202405518,model input resampled to 0.25-min intervals by linear interpolation; values are not normalized
Saha 2024,Saha_2024_Fig3b_Subject4,Fig3b_Subject4,Saha meal SBG proxy,26.5,111.8425,mg/dL,0.594,1.145,5.0,10.0,https://doi.org/10.1002/advs.202405518,model input resampled to 0.25-min intervals by linear interpolation; values are not normalized
Saha 2024,Saha_2024_Fig3b_Subject4,Fig3b_Subject4,Saha meal SBG proxy,26.75,111.93875,mg/dL,0.594,1.145,5.0,10.0,https://doi.org/10.1002/advs.202405518,model input resampled to 0.25-min intervals by linear interpolation; values are not normalized
Saha 2024,Saha_2024_Fig3b_Subject4,Fig3b_Subject4,Saha meal SBG proxy,27.0,112.035,mg/dL,0.594,1.145,5.0,10.0,https://doi.org/10.1002/advs.202405518,model input resampled to 0.25-min intervals by linear interpolation; values are not normalized
Saha 2024,Saha_2024_Fig3b_Subject4,Fig3b_Subject4,Saha meal SBG proxy,27.25,112.13125000000001,mg/dL,0.594,1.145,5.0,10.0,https://doi.org/10.1002/advs.202405518,model input resampled to 0.25-min intervals by linear interpolation; values are not normalized
Saha 2024,Saha_2024_Fig3b_Subject4,Fig3b_Subject4,Saha meal SBG proxy,27.5,112.2275,mg/dL,0.594,1.145,5.0,10.0,https://doi.org/10.1002/advs.202405518,model input resampled to 0.25-min intervals by linear interpolation; values are not normalized
Saha 2024,Saha_2024_Fig3b_Subject4,Fig3b_Subject4,Saha meal SBG proxy,27.75,112.32375,mg/dL,0.594,1.145,5.0,10.0,https://doi.org/10.1002/advs.202405518,model input resampled to 0.25-min intervals by linear interpolation; values are not normalized
Saha 2024,Saha_2024_Fig3b_Subject4,Fig3b_Subject4,Saha meal SBG proxy,28.0,112.42,mg/dL,0.594,1.145,5.0,10.0,https://doi.org/10.1002/advs.202405518,model input resampled to 0.25-min intervals by linear interpolation; values are not normalized
Saha 2024,Saha_2024_Fig3b_Subject4,Fig3b_Subject4,Saha meal SBG proxy,28.25,112.515,mg/dL,0.594,1.145,5.0,10.0,https://doi.org/10.1002/advs.202405518,model input resampled to 0.25-min intervals by linear interpolation; values are not normalized
Saha 2024,Saha_2024_Fig3b_Subject4,Fig3b_Subject4,Saha meal SBG proxy,28.5,112.61,mg/dL,0.594,1.145,5.0,10.0,https://doi.org/10.1002/advs.202405518,model input resampled to 0.25-min intervals by linear interpolation; values are not normalized
Saha 2024,Saha_2024_Fig3b_Subject4,Fig3b_Subject4,Saha meal SBG proxy,28.75,112.705,mg/dL,0.594,1.145,5.0,10.0,https://doi.org/10.1002/advs.202405518,model input resampled to 0.25-min intervals by linear interpolation; values are not normalized
Saha 2024,Saha_2024_Fig3b_Subject4,Fig3b_Subject4,Saha meal SBG proxy,29.0,112.80000000000001,mg/dL,0.594,1.145,5.0,10.0,https://doi.org/10.1002/advs.202405518,model input resampled to 0.25-min intervals by linear interpolation; values are not normalized
Saha 2024,Saha_2024_Fig3b_Subject4,Fig3b_Subject4,Saha meal SBG proxy,29.25,112.89500000000001,mg/dL,0.594,1.145,5.0,10.0,https://doi.org/10.1002/advs.202405518,model input resampled to 0.25-min intervals by linear interpolation; values are not normalized
Saha 2024,Saha_2024_Fig3b_Subject4,Fig3b_Subject4,Saha meal SBG proxy,29.5,112.99000000000001,mg/dL,0.594,1.145,5.0,10.0,https://doi.org/10.1002/advs.202405518,model input resampled to 0.25-min intervals by linear interpolation; values are not normalized
Saha 2024,Saha_2024_Fig3b_Subject4,Fig3b_Subject4,Saha meal SBG proxy,29.75,113.08500000000001,mg/dL,0.594,1.145,5.0,10.0,https://doi.org/10.1002/advs.202405518,model input resampled to 0.25-min intervals by linear interpolation; values are not normalized
Saha 2024,Saha_2024_Fig3b_Subject4,Fig3b_Subject4,Saha meal SBG proxy,30.0,113.18,mg/dL,0.594,1.145,5.0,10.0,https://doi.org/10.1002/advs.202405518,model input resampled to 0.25-min intervals by linear interpolation; values are not normalized
Saha 2024,Saha_2024_Fig3b_Subject4,Fig3b_Subject4,Saha meal SBG proxy,30.25,113.32375,mg/dL,0.594,1.145,5.0,10.0,https://doi.org/10.1002/advs.202405518,model input resampled to 0.25-min intervals by linear interpolation; values are not normalized
Saha 2024,Saha_2024_Fig3b_Subject4,Fig3b_Subject4,Saha meal SBG proxy,30.5,113.4675,mg/dL,0.594,1.145,5.0,10.0,https://doi.org/10.1002/advs.202405518,model input resampled to 0.25-min intervals by linear interpolation; values are not normalized
Saha 2024,Saha_2024_Fig3b_Subject4,Fig3b_Subject4,Saha meal SBG proxy,30.75,113.61125,mg/dL,0.594,1.145,5.0,10.0,https://doi.org/10.1002/advs.202405518,model input resampled to 0.25-min intervals by linear interpolation; values are not normalized
Saha 2024,Saha_2024_Fig3b_Subject4,Fig3b_Subject4,Saha meal SBG proxy,31.0,113.755,mg/dL,0.594,1.145,5.0,10.0,https://doi.org/10.1002/advs.202405518,model input resampled to 0.25-min intervals by linear interpolation; values are not normalized
Saha 2024,Saha_2024_Fig3b_Subject4,Fig3b_Subject4,Saha meal SBG proxy,31.25,113.89875,mg/dL,0.594,1.145,5.0,10.0,https://doi.org/10.1002/advs.202405518,model input resampled to 0.25-min intervals by linear interpolation; values are not normalized
Saha 2024,Saha_2024_Fig3b_Subject4,Fig3b_Subject4,Saha meal SBG proxy,31.5,114.0425,mg/dL,0.594,1.145,5.0,10.0,https://doi.org/10.1002/advs.202405518,model input resampled to 0.25-min intervals by linear interpolation; values are not normalized
Saha 2024,Saha_2024_Fig3b_Subject4,Fig3b_Subject4,Saha meal SBG proxy,31.75,114.18625,mg/dL,0.594,1.145,5.0,10.0,https://doi.org/10.1002/advs.202405518,model input resampled to 0.25-min intervals by linear interpolation; values are not normalized
Saha 2024,Saha_2024_Fig3b_Subject4,Fig3b_Subject4,Saha meal SBG proxy,32.0,114.33,mg/dL,0.594,1.145,5.0,10.0,https://doi.org/10.1002/advs.202405518,model input resampled to 0.25-min intervals by linear interpolation; values are not normalized
Saha 2024,Saha_2024_Fig3b_Subject4,Fig3b_Subject4,Saha meal SBG proxy,32.25,114.425,mg/dL,0.594,1.145,5.0,10.0,https://doi.org/10.1002/advs.202405518,model input resampled to 0.25-min intervals by linear interpolation; values are not normalized
Saha 2024,Saha_2024_Fig3b_Subject4,Fig3b_Subject4,Saha meal SBG proxy,32.5,114.52,mg/dL,0.594,1.145,5.0,10.0,https://doi.org/10.1002/advs.202405518,model input resampled to 0.25-min intervals by linear interpolation; values are not normalized
Saha 2024,Saha_2024_Fig3b_Subject4,Fig3b_Subject4,Saha meal SBG proxy,32.75,114.615,mg/dL,0.594,1.145,5.0,10.0,https://doi.org/10.1002/advs.202405518,model input resampled to 0.25-min intervals by linear interpolation; values are not normalized
Saha 2024,Saha_2024_Fig3b_Subject4,Fig3b_Subject4,Saha meal SBG proxy,33.0,114.71000000000001,mg/dL,0.594,1.145,5.0,10.0,https://doi.org/10.1002/advs.202405518,model input resampled to 0.25-min intervals by linear interpolation; values are not normalized
Saha 2024,Saha_2024_Fig3b_Subject4,Fig3b_Subject4,Saha meal SBG proxy,33.25,114.805,mg/dL,0.594,1.145,5.0,10.0,https://doi.org/10.1002/advs.202405518,model input resampled to 0.25-min intervals by linear interpolation; values are not normalized
Saha 2024,Saha_2024_Fig3b_Subject4,Fig3b_Subject4,Saha meal SBG proxy,33.5,114.9,mg/dL,0.594,1.145,5.0,10.0,https://doi.org/10.1002/advs.202405518,model input resampled to 0.25-min intervals by linear interpolation; values are not normalized
Saha 2024,Saha_2024_Fig3b_Subject4,Fig3b_Subject4,Saha meal SBG proxy,33.75,114.995,mg/dL,0.594,1.145,5.0,10.0,https://doi.org/10.1002/advs.202405518,model input resampled to 0.25-min intervals by linear interpolation; values are not normalized
Saha 2024,Saha_2024_Fig3b_Subject4,Fig3b_Subject4,Saha meal SBG proxy,34.0,115.09,mg/dL,0.594,1.145,5.0,10.0,https://doi.org/10.1002/advs.202405518,model input resampled to 0.25-min intervals by linear interpolation; values are not normalized
Saha 2024,Saha_2024_Fig3b_Subject4,Fig3b_Subject4,Saha meal SBG proxy,34.25,115.25750000000001,mg/dL,0.594,1.145,5.0,10.0,https://doi.org/10.1002/advs.202405518,model input resampled to 0.25-min intervals by linear interpolation; values are not normalized
Saha 2024,Saha_2024_Fig3b_Subject4,Fig3b_Subject4,Saha meal SBG proxy,34.5,115.42500000000001,mg/dL,0.594,1.145,5.0,10.0,https://doi.org/10.1002/advs.202405518,model input resampled to 0.25-min intervals by linear interpolation; values are not normalized
Saha 2024,Saha_2024_Fig3b_Subject4,Fig3b_Subject4,Saha meal SBG proxy,34.75,115.5925,mg/dL,0.594,1.145,5.0,10.0,https://doi.org/10.1002/advs.202405518,model input resampled to 0.25-min intervals by linear interpolation; values are not normalized
Saha 2024,Saha_2024_Fig3b_Subject4,Fig3b_Subject4,Saha meal SBG proxy,35.0,115.76,mg/dL,0.594,1.145,5.0,10.0,https://doi.org/10.1002/advs.202405518,model input resampled to 0.25-min intervals by linear interpolation; values are not normalized
Saha 2024,Saha_2024_Fig3b_Subject4,Fig3b_Subject4,Saha meal SBG proxy,35.25,115.92750000000001,mg/dL,0.594,1.145,5.0,10.0,https://doi.org/10.1002/advs.202405518,model input resampled to 0.25-min intervals by linear interpolation; values are not normalized
Saha 2024,Saha_2024_Fig3b_Subject4,Fig3b_Subject4,Saha meal SBG proxy,35.5,116.095,mg/dL,0.594,1.145,5.0,10.0,https://doi.org/10.1002/advs.202405518,model input resampled to 0.25-min intervals by linear interpolation; values are not normalized
Saha 2024,Saha_2024_Fig3b_Subject4,Fig3b_Subject4,Saha meal SBG proxy,35.75,116.2625,mg/dL,0.594,1.145,5.0,10.0,https://doi.org/10.1002/advs.202405518,model input resampled to 0.25-min intervals by linear interpolation; values are not normalized
Saha 2024,Saha_2024_Fig3b_Subject4,Fig3b_Subject4,Saha meal SBG proxy,36.0,116.43,mg/dL,0.594,1.145,5.0,10.0,https://doi.org/10.1002/advs.202405518,model input resampled to 0.25-min intervals by linear interpolation; values are not normalized
Saha 2024,Saha_2024_Fig3b_Subject4,Fig3b_Subject4,Saha meal SBG proxy,36.25,116.54875000000001,mg/dL,0.594,1.145,5.0,10.0,https://doi.org/10.1002/advs.202405518,model input resampled to 0.25-min intervals by linear interpolation; values are not normalized
Saha 2024,Saha_2024_Fig3b_Subject4,Fig3b_Subject4,Saha meal SBG proxy,36.5,116.6675,mg/dL,0.594,1.145,5.0,10.0,https://doi.org/10.1002/advs.202405518,model input resampled to 0.25-min intervals by linear interpolation; values are not normalized
Saha 2024,Saha_2024_Fig3b_Subject4,Fig3b_Subject4,Saha meal SBG proxy,36.75,116.78625,mg/dL,0.594,1.145,5.0,10.0,https://doi.org/10.1002/advs.202405518,model input resampled to 0.25-min intervals by linear interpolation; values are not normalized
Saha 2024,Saha_2024_Fig3b_Subject4,Fig3b_Subject4,Saha meal SBG proxy,37.0,116.905,mg/dL,0.594,1.145,5.0,10.0,https://doi.org/10.1002/advs.202405518,model input resampled to 0.25-min intervals by linear interpolation; values are not normalized
Saha 2024,Saha_2024_Fig3b_Subject4,Fig3b_Subject4,Saha meal SBG proxy,37.25,117.02375,mg/dL,0.594,1.145,5.0,10.0,https://doi.org/10.1002/advs.202405518,model input resampled to 0.25-min intervals by linear interpolation; values are not normalized
Saha 2024,Saha_2024_Fig3b_Subject4,Fig3b_Subject4,Saha meal SBG proxy,37.5,117.1425,mg/dL,0.594,1.145,5.0,10.0,https://doi.org/10.1002/advs.202405518,model input resampled to 0.25-min intervals by linear interpolation; values are not normalized
Saha 2024,Saha_2024_Fig3b_Subject4,Fig3b_Subject4,Saha meal SBG proxy,37.75,117.26124999999999,mg/dL,0.594,1.145,5.0,10.0,https://doi.org/10.1002/advs.202405518,model input resampled to 0.25-min intervals by linear interpolation; values are not normalized
Saha 2024,Saha_2024_Fig3b_Subject4,Fig3b_Subject4,Saha meal SBG proxy,38.0,117.38,mg/dL,0.594,1.145,5.0,10.0,https://doi.org/10.1002/advs.202405518,model input resampled to 0.25-min intervals by linear interpolation; values are not normalized
Saha 2024,Saha_2024_Fig3b_Subject4,Fig3b_Subject4,Saha meal SBG proxy,38.25,117.5475,mg/dL,0.594,1.145,5.0,10.0,https://doi.org/10.1002/advs.202405518,model input resampled to 0.25-min intervals by linear interpolation; values are not normalized
Saha 2024,Saha_2024_Fig3b_Subject4,Fig3b_Subject4,Saha meal SBG proxy,38.5,117.715,mg/dL,0.594,1.145,5.0,10.0,https://doi.org/10.1002/advs.202405518,model input resampled to 0.25-min intervals by linear interpolation; values are not normalized
Saha 2024,Saha_2024_Fig3b_Subject4,Fig3b_Subject4,Saha meal SBG proxy,38.75,117.8825,mg/dL,0.594,1.145,5.0,10.0,https://doi.org/10.1002/advs.202405518,model input resampled to 0.25-min intervals by linear interpolation; values are not normalized
Saha 2024,Saha_2024_Fig3b_Subject4,Fig3b_Subject4,Saha meal SBG proxy,39.0,118.05,mg/dL,0.594,1.145,5.0,10.0,https://doi.org/10.1002/advs.202405518,model input resampled to 0.25-min intervals by linear interpolation; values are not normalized
Saha 2024,Saha_2024_Fig3b_Subject4,Fig3b_Subject4,Saha meal SBG proxy,39.25,118.2175,mg/dL,0.594,1.145,5.0,10.0,https://doi.org/10.1002/advs.202405518,model input resampled to 0.25-min intervals by linear interpolation; values are not normalized
Saha 2024,Saha_2024_Fig3b_Subject4,Fig3b_Subject4,Saha meal SBG proxy,39.5,118.38499999999999,mg/dL,0.594,1.145,5.0,10.0,https://doi.org/10.1002/advs.202405518,model input resampled to 0.25-min intervals by linear interpolation; values are not normalized
Saha 2024,Saha_2024_Fig3b_Subject4,Fig3b_Subject4,Saha meal SBG proxy,39.75,118.5525,mg/dL,0.594,1.145,5.0,10.0,https://doi.org/10.1002/advs.202405518,model input resampled to 0.25-min intervals by linear interpolation; values are not normalized
Saha 2024,Saha_2024_Fig3b_Subject4,Fig3b_Subject4,Saha meal SBG proxy,40.0,118.72,mg/dL,0.594,1.145,5.0,10.0,https://doi.org/10.1002/advs.202405518,model input resampled to 0.25-min intervals by linear interpolation; values are not normalized
Saha 2024,Saha_2024_Fig3b_Subject4,Fig3b_Subject4,Saha meal SBG proxy,40.25,118.83875,mg/dL,0.594,1.145,5.0,10.0,https://doi.org/10.1002/advs.202405518,model input resampled to 0.25-min intervals by linear interpolation; values are not normalized
Saha 2024,Saha_2024_Fig3b_Subject4,Fig3b_Subject4,Saha meal SBG proxy,40.5,118.9575,mg/dL,0.594,1.145,5.0,10.0,https://doi.org/10.1002/advs.202405518,model input resampled to 0.25-min intervals by linear interpolation; values are not normalized
Saha 2024,Saha_2024_Fig3b_Subject4,Fig3b_Subject4,Saha meal SBG proxy,40.75,119.07625,mg/dL,0.594,1.145,5.0,10.0,https://doi.org/10.1002/advs.202405518,model input resampled to 0.25-min intervals by linear interpolation; values are not normalized
Saha 2024,Saha_2024_Fig3b_Subject4,Fig3b_Subject4,Saha meal SBG proxy,41.0,119.195,mg/dL,0.594,1.145,5.0,10.0,https://doi.org/10.1002/advs.202405518,model input resampled to 0.25-min intervals by linear interpolation; values are not normalized
Saha 2024,Saha_2024_Fig3b_Subject4,Fig3b_Subject4,Saha meal SBG proxy,41.25,119.31375,mg/dL,0.594,1.145,5.0,10.0,https://doi.org/10.1002/advs.202405518,model input resampled to 0.25-min intervals by linear interpolation; values are not normalized
Saha 2024,Saha_2024_Fig3b_Subject4,Fig3b_Subject4,Saha meal SBG proxy,41.5,119.4325,mg/dL,0.594,1.145,5.0,10.0,https://doi.org/10.1002/advs.202405518,model input resampled to 0.25-min intervals by linear interpolation; values are not normalized
Saha 2024,Saha_2024_Fig3b_Subject4,Fig3b_Subject4,Saha meal SBG proxy,41.75,119.55125,mg/dL,0.594,1.145,5.0,10.0,https://doi.org/10.1002/advs.202405518,model input resampled to 0.25-min intervals by linear interpolation; values are not normalized
Saha 2024,Saha_2024_Fig3b_Subject4,Fig3b_Subject4,Saha meal SBG proxy,42.0,119.67,mg/dL,0.594,1.145,5.0,10.0,https://doi.org/10.1002/advs.202405518,model input resampled to 0.25-min intervals by linear interpolation; values are not normalized
Saha 2024,Saha_2024_Fig3b_Subject4,Fig3b_Subject4,Saha meal SBG proxy,42.25,119.86125,mg/dL,0.594,1.145,5.0,10.0,https://doi.org/10.1002/advs.202405518,model input resampled to 0.25-min intervals by linear interpolation; values are not normalized
Saha 2024,Saha_2024_Fig3b_Subject4,Fig3b_Subject4,Saha meal SBG proxy,42.5,120.05250000000001,mg/dL,0.594,1.145,5.0,10.0,https://doi.org/10.1002/advs.202405518,model input resampled to 0.25-min intervals by linear interpolation; values are not normalized
Saha 2024,Saha_2024_Fig3b_Subject4,Fig3b_Subject4,Saha meal SBG proxy,42.75,120.24375,mg/dL,0.594,1.145,5.0,10.0,https://doi.org/10.1002/advs.202405518,model input resampled to 0.25-min intervals by linear interpolation; values are not normalized
Saha 2024,Saha_2024_Fig3b_Subject4,Fig3b_Subject4,Saha meal SBG proxy,43.0,120.435,mg/dL,0.594,1.145,5.0,10.0,https://doi.org/10.1002/advs.202405518,model input resampled to 0.25-min intervals by linear interpolation; values are not normalized
Saha 2024,Saha_2024_Fig3b_Subject4,Fig3b_Subject4,Saha meal SBG proxy,43.25,120.62625,mg/dL,0.594,1.145,5.0,10.0,https://doi.org/10.1002/advs.202405518,model input resampled to 0.25-min intervals by linear interpolation; values are not normalized
Saha 2024,Saha_2024_Fig3b_Subject4,Fig3b_Subject4,Saha meal SBG proxy,43.5,120.8175,mg/dL,0.594,1.145,5.0,10.0,https://doi.org/10.1002/advs.202405518,model input resampled to 0.25-min intervals by linear interpolation; values are not normalized
Saha 2024,Saha_2024_Fig3b_Subject4,Fig3b_Subject4,Saha meal SBG proxy,43.75,121.00875,mg/dL,0.594,1.145,5.0,10.0,https://doi.org/10.1002/advs.202405518,model input resampled to 0.25-min intervals by linear interpolation; values are not normalized
Saha 2024,Saha_2024_Fig3b_Subject4,Fig3b_Subject4,Saha meal SBG proxy,44.0,121.2,mg/dL,0.594,1.145,5.0,10.0,https://doi.org/10.1002/advs.202405518,model input resampled to 0.25-min intervals by linear interpolation; values are not normalized
Saha 2024,Saha_2024_Fig3b_Subject4,Fig3b_Subject4,Saha meal SBG proxy,44.25,121.31875000000001,mg/dL,0.594,1.145,5.0,10.0,https://doi.org/10.1002/advs.202405518,model input resampled to 0.25-min intervals by linear interpolation; values are not normalized
Saha 2024,Saha_2024_Fig3b_Subject4,Fig3b_Subject4,Saha meal SBG proxy,44.5,121.4375,mg/dL,0.594,1.145,5.0,10.0,https://doi.org/10.1002/advs.202405518,model input resampled to 0.25-min intervals by linear interpolation; values are not normalized
Saha 2024,Saha_2024_Fig3b_Subject4,Fig3b_Subject4,Saha meal SBG proxy,44.75,121.55625,mg/dL,0.594,1.145,5.0,10.0,https://doi.org/10.1002/advs.202405518,model input resampled to 0.25-min intervals by linear interpolation; values are not normalized
Saha 2024,Saha_2024_Fig3b_Subject4,Fig3b_Subject4,Saha meal SBG proxy,45.0,121.67500000000001,mg/dL,0.594,1.145,5.0,10.0,https://doi.org/10.1002/advs.202405518,model input resampled to 0.25-min intervals by linear interpolation; values are not normalized
Saha 2024,Saha_2024_Fig3b_Subject4,Fig3b_Subject4,Saha meal SBG proxy,45.25,121.79375,mg/dL,0.594,1.145,5.0,10.0,https://doi.org/10.1002/advs.202405518,model input resampled to 0.25-min intervals by linear interpolation; values are not normalized
Saha 2024,Saha_2024_Fig3b_Subject4,Fig3b_Subject4,Saha meal SBG proxy,45.5,121.91250000000001,mg/dL,0.594,1.145,5.0,10.0,https://doi.org/10.1002/advs.202405518,model input resampled to 0.25-min intervals by linear interpolation; values are not normalized
Saha 2024,Saha_2024_Fig3b_Subject4,Fig3b_Subject4,Saha meal SBG proxy,45.75,122.03125,mg/dL,0.594,1.145,5.0,10.0,https://doi.org/10.1002/advs.202405518,model input resampled to 0.25-min intervals by linear interpolation; values are not normalized
Saha 2024,Saha_2024_Fig3b_Subject4,Fig3b_Subject4,Saha meal SBG proxy,46.0,122.15,mg/dL,0.594,1.145,5.0,10.0,https://doi.org/10.1002/advs.202405518,model input resampled to 0.25-min intervals by linear interpolation; values are not normalized
Saha 2024,Saha_2024_Fig3b_Subject4,Fig3b_Subject4,Saha meal SBG proxy,46.25,122.34125,mg/dL,0.594,1.145,5.0,10.0,https://doi.org/10.1002/advs.202405518,model input resampled to 0.25-min intervals by linear interpolation; values are not normalized
Saha 2024,Saha_2024_Fig3b_Subject4,Fig3b_Subject4,Saha meal SBG proxy,46.5,122.5325,mg/dL,0.594,1.145,5.0,10.0,https://doi.org/10.1002/advs.202405518,model input resampled to 0.25-min intervals by linear interpolation; values are not normalized
Saha 2024,Saha_2024_Fig3b_Subject4,Fig3b_Subject4,Saha meal SBG proxy,46.75,122.72375000000001,mg/dL,0.594,1.145,5.0,10.0,https://doi.org/10.1002/advs.202405518,model input resampled to 0.25-min intervals by linear interpolation; values are not normalized
Saha 2024,Saha_2024_Fig3b_Subject4,Fig3b_Subject4,Saha meal SBG proxy,47.0,122.915,mg/dL,0.594,1.145,5.0,10.0,https://doi.org/10.1002/advs.202405518,model input resampled to 0.25-min intervals by linear interpolation; values are not normalized
Saha 2024,Saha_2024_Fig3b_Subject4,Fig3b_Subject4,Saha meal SBG proxy,47.25,123.10625,mg/dL,0.594,1.145,5.0,10.0,https://doi.org/10.1002/advs.202405518,model input resampled to 0.25-min intervals by linear interpolation; values are not normalized
Saha 2024,Saha_2024_Fig3b_Subject4,Fig3b_Subject4,Saha meal SBG proxy,47.5,123.29750000000001,mg/dL,0.594,1.145,5.0,10.0,https://doi.org/10.1002/advs.202405518,model input resampled to 0.25-min intervals by linear interpolation; values are not normalized
Saha 2024,Saha_2024_Fig3b_Subject4,Fig3b_Subject4,Saha meal SBG proxy,47.75,123.48875000000001,mg/dL,0.594,1.145,5.0,10.0,https://doi.org/10.1002/advs.202405518,model input resampled to 0.25-min intervals by linear interpolation; values are not normalized
Saha 2024,Saha_2024_Fig3b_Subject4,Fig3b_Subject4,Saha meal SBG proxy,48.0,123.68,mg/dL,0.594,1.145,5.0,10.0,https://doi.org/10.1002/advs.202405518,model input resampled to 0.25-min intervals by linear interpolation; values are not normalized
Saha 2024,Saha_2024_Fig3b_Subject4,Fig3b_Subject4,Saha meal SBG proxy,48.25,123.89500000000001,mg/dL,0.594,1.145,5.0,10.0,https://doi.org/10.1002/advs.202405518,model input resampled to 0.25-min intervals by linear interpolation; values are not normalized
Saha 2024,Saha_2024_Fig3b_Subject4,Fig3b_Subject4,Saha meal SBG proxy,48.5,124.11000000000001,mg/dL,0.594,1.145,5.0,10.0,https://doi.org/10.1002/advs.202405518,model input resampled to 0.25-min intervals by linear interpolation; values are not normalized
Saha 2024,Saha_2024_Fig3b_Subject4,Fig3b_Subject4,Saha meal SBG proxy,48.75,124.325,mg/dL,0.594,1.145,5.0,10.0,https://doi.org/10.1002/advs.202405518,model input resampled to 0.25-min intervals by linear interpolation; values are not normalized
Saha 2024,Saha_2024_Fig3b_Subject4,Fig3b_Subject4,Saha meal SBG proxy,49.0,124.54,mg/dL,0.594,1.145,5.0,10.0,https://doi.org/10.1002/advs.202405518,model input resampled to 0.25-min intervals by linear interpolation; values are not normalized
Saha 2024,Saha_2024_Fig3b_Subject4,Fig3b_Subject4,Saha meal SBG proxy,49.25,124.75500000000001,mg/dL,0.594,1.145,5.0,10.0,https://doi.org/10.1002/advs.202405518,model input resampled to 0.25-min intervals by linear interpolation; values are not normalized
Saha 2024,Saha_2024_Fig3b_Subject4,Fig3b_Subject4,Saha meal SBG proxy,49.5,124.97,mg/dL,0.594,1.145,5.0,10.0,https://doi.org/10.1002/advs.202405518,model input resampled to 0.25-min intervals by linear interpolation; values are not normalized
Saha 2024,Saha_2024_Fig3b_Subject4,Fig3b_Subject4,Saha meal SBG proxy,49.75,125.185,mg/dL,0.594,1.145,5.0,10.0,https://doi.org/10.1002/advs.202405518,model input resampled to 0.25-min intervals by linear interpolation; values are not normalized
Saha 2024,Saha_2024_Fig3b_Subject4,Fig3b_Subject4,Saha meal SBG proxy,50.0,125.4,mg/dL,0.594,1.145,5.0,10.0,https://doi.org/10.1002/advs.202405518,model input resampled to 0.25-min intervals by linear interpolation; values are not normalized
Saha 2024,Saha_2024_Fig3b_Subject4,Fig3b_Subject4,Saha meal SBG proxy,50.25,125.54375,mg/dL,0.594,1.145,5.0,10.0,https://doi.org/10.1002/advs.202405518,model input resampled to 0.25-min intervals by linear interpolation; values are not normalized
Saha 2024,Saha_2024_Fig3b_Subject4,Fig3b_Subject4,Saha meal SBG proxy,50.5,125.6875,mg/dL,0.594,1.145,5.0,10.0,https://doi.org/10.1002/advs.202405518,model input resampled to 0.25-min intervals by linear interpolation; values are not normalized
Saha 2024,Saha_2024_Fig3b_Subject4,Fig3b_Subject4,Saha meal SBG proxy,50.75,125.83125,mg/dL,0.594,1.145,5.0,10.0,https://doi.org/10.1002/advs.202405518,model input resampled to 0.25-min intervals by linear interpolation; values are not normalized
Saha 2024,Saha_2024_Fig3b_Subject4,Fig3b_Subject4,Saha meal SBG proxy,51.0,125.975,mg/dL,0.594,1.145,5.0,10.0,https://doi.org/10.1002/advs.202405518,model input resampled to 0.25-min intervals by linear interpolation; values are not normalized
Saha 2024,Saha_2024_Fig3b_Subject4,Fig3b_Subject4,Saha meal SBG proxy,51.25,126.11875,mg/dL,0.594,1.145,5.0,10.0,https://doi.org/10.1002/advs.202405518,model input resampled to 0.25-min intervals by linear interpolation; values are not normalized
Saha 2024,Saha_2024_Fig3b_Subject4,Fig3b_Subject4,Saha meal SBG proxy,51.5,126.2625,mg/dL,0.594,1.145,5.0,10.0,https://doi.org/10.1002/advs.202405518,model input resampled to 0.25-min intervals by linear interpolation; values are not normalized
Saha 2024,Saha_2024_Fig3b_Subject4,Fig3b_Subject4,Saha meal SBG proxy,51.75,126.40625,mg/dL,0.594,1.145,5.0,10.0,https://doi.org/10.1002/advs.202405518,model input resampled to 0.25-min intervals by linear interpolation; values are not normalized
Saha 2024,Saha_2024_Fig3b_Subject4,Fig3b_Subject4,Saha meal SBG proxy,52.0,126.55,mg/dL,0.594,1.145,5.0,10.0,https://doi.org/10.1002/advs.202405518,model input resampled to 0.25-min intervals by linear interpolation; values are not normalized
Saha 2024,Saha_2024_Fig3b_Subject4,Fig3b_Subject4,Saha meal SBG proxy,52.25,126.7875,mg/dL,0.594,1.145,5.0,10.0,https://doi.org/10.1002/advs.202405518,model input resampled to 0.25-min intervals by linear interpolation; values are not normalized
Saha 2024,Saha_2024_Fig3b_Subject4,Fig3b_Subject4,Saha meal SBG proxy,52.5,127.02499999999999,mg/dL,0.594,1.145,5.0,10.0,https://doi.org/10.1002/advs.202405518,model input resampled to 0.25-min intervals by linear interpolation; values are not normalized
Saha 2024,Saha_2024_Fig3b_Subject4,Fig3b_Subject4,Saha meal SBG proxy,52.75,127.26249999999999,mg/dL,0.594,1.145,5.0,10.0,https://doi.org/10.1002/advs.202405518,model input resampled to 0.25-min intervals by linear interpolation; values are not normalized
Saha 2024,Saha_2024_Fig3b_Subject4,Fig3b_Subject4,Saha meal SBG proxy,53.0,127.5,mg/dL,0.594,1.145,5.0,10.0,https://doi.org/10.1002/advs.202405518,model input resampled to 0.25-min intervals by linear interpolation; values are not normalized
Saha 2024,Saha_2024_Fig3b_Subject4,Fig3b_Subject4,Saha meal SBG proxy,53.25,127.7375,mg/dL,0.594,1.145,5.0,10.0,https://doi.org/10.1002/advs.202405518,model input resampled to 0.25-min intervals by linear interpolation; values are not normalized
Saha 2024,Saha_2024_Fig3b_Subject4,Fig3b_Subject4,Saha meal SBG proxy,53.5,127.975,mg/dL,0.594,1.145,5.0,10.0,https://doi.org/10.1002/advs.202405518,model input resampled to 0.25-min intervals by linear interpolation; values are not normalized
Saha 2024,Saha_2024_Fig3b_Subject4,Fig3b_Subject4,Saha meal SBG proxy,53.75,128.21249999999998,mg/dL,0.594,1.145,5.0,10.0,https://doi.org/10.1002/advs.202405518,model input resampled to 0.25-min intervals by linear interpolation; values are not normalized
Saha 2024,Saha_2024_Fig3b_Subject4,Fig3b_Subject4,Saha meal SBG proxy,54.0,128.45,mg/dL,0.594,1.145,5.0,10.0,https://doi.org/10.1002/advs.202405518,model input resampled to 0.25-min intervals by linear interpolation; values are not normalized
Saha 2024,Saha_2024_Fig3b_Subject4,Fig3b_Subject4,Saha meal SBG proxy,54.25,128.68875,mg/dL,0.594,1.145,5.0,10.0,https://doi.org/10.1002/advs.202405518,model input resampled to 0.25-min intervals by linear interpolation; values are not normalized
Saha 2024,Saha_2024_Fig3b_Subject4,Fig3b_Subject4,Saha meal SBG proxy,54.5,128.9275,mg/dL,0.594,1.145,5.0,10.0,https://doi.org/10.1002/advs.202405518,model input resampled to 0.25-min intervals by linear interpolation; values are not normalized
Saha 2024,Saha_2024_Fig3b_Subject4,Fig3b_Subject4,Saha meal SBG proxy,54.75,129.16625,mg/dL,0.594,1.145,5.0,10.0,https://doi.org/10.1002/advs.202405518,model input resampled to 0.25-min intervals by linear interpolation; values are not normalized
Saha 2024,Saha_2024_Fig3b_Subject4,Fig3b_Subject4,Saha meal SBG proxy,55.0,129.405,mg/dL,0.594,1.145,5.0,10.0,https://doi.org/10.1002/advs.202405518,model input resampled to 0.25-min intervals by linear interpolation; values are not normalized
Saha 2024,Saha_2024_Fig3b_Subject4,Fig3b_Subject4,Saha meal SBG proxy,55.25,129.64375,mg/dL,0.594,1.145,5.0,10.0,https://doi.org/10.1002/advs.202405518,model input resampled to 0.25-min intervals by linear interpolation; values are not normalized
Saha 2024,Saha_2024_Fig3b_Subject4,Fig3b_Subject4,Saha meal SBG proxy,55.5,129.8825,mg/dL,0.594,1.145,5.0,10.0,https://doi.org/10.1002/advs.202405518,model input resampled to 0.25-min intervals by linear interpolation; values are not normalized
Saha 2024,Saha_2024_Fig3b_Subject4,Fig3b_Subject4,Saha meal SBG proxy,55.75,130.12125,mg/dL,0.594,1.145,5.0,10.0,https://doi.org/10.1002/advs.202405518,model input resampled to 0.25-min intervals by linear interpolation; values are not normalized
Saha 2024,Saha_2024_Fig3b_Subject4,Fig3b_Subject4,Saha meal SBG proxy,56.0,130.36,mg/dL,0.594,1.145,5.0,10.0,https://doi.org/10.1002/advs.202405518,model input resampled to 0.25-min intervals by linear interpolation; values are not normalized
Saha 2024,Saha_2024_Fig3b_Subject4,Fig3b_Subject4,Saha meal SBG proxy,56.25,130.55125,mg/dL,0.594,1.145,5.0,10.0,https://doi.org/10.1002/advs.202405518,model input resampled to 0.25-min intervals by linear interpolation; values are not normalized
Saha 2024,Saha_2024_Fig3b_Subject4,Fig3b_Subject4,Saha meal SBG proxy,56.5,130.7425,mg/dL,0.594,1.145,5.0,10.0,https://doi.org/10.1002/advs.202405518,model input resampled to 0.25-min intervals by linear interpolation; values are not normalized
Saha 2024,Saha_2024_Fig3b_Subject4,Fig3b_Subject4,Saha meal SBG proxy,56.75,130.93375,mg/dL,0.594,1.145,5.0,10.0,https://doi.org/10.1002/advs.202405518,model input resampled to 0.25-min intervals by linear interpolation; values are not normalized
Saha 2024,Saha_2024_Fig3b_Subject4,Fig3b_Subject4,Saha meal SBG proxy,57.0,131.125,mg/dL,0.594,1.145,5.0,10.0,https://doi.org/10.1002/advs.202405518,model input resampled to 0.25-min intervals by linear interpolation; values are not normalized
Saha 2024,Saha_2024_Fig3b_Subject4,Fig3b_Subject4,Saha meal SBG proxy,57.25,131.31625,mg/dL,0.594,1.145,5.0,10.0,https://doi.org/10.1002/advs.202405518,model input resampled to 0.25-min intervals by linear interpolation; values are not normalized
Saha 2024,Saha_2024_Fig3b_Subject4,Fig3b_Subject4,Saha meal SBG proxy,57.5,131.5075,mg/dL,0.594,1.145,5.0,10.0,https://doi.org/10.1002/advs.202405518,model input resampled to 0.25-min intervals by linear interpolation; values are not normalized
Saha 2024,Saha_2024_Fig3b_Subject4,Fig3b_Subject4,Saha meal SBG proxy,57.75,131.69875,mg/dL,0.594,1.145,5.0,10.0,https://doi.org/10.1002/advs.202405518,model input resampled to 0.25-min intervals by linear interpolation; values are not normalized
Saha 2024,Saha_2024_Fig3b_Subject4,Fig3b_Subject4,Saha meal SBG proxy,58.0,131.89,mg/dL,0.594,1.145,5.0,10.0,https://doi.org/10.1002/advs.202405518,model input resampled to 0.25-min intervals by linear interpolation; values are not normalized
Saha 2024,Saha_2024_Fig3b_Subject4,Fig3b_Subject4,Saha meal SBG proxy,58.25,132.05749999999998,mg/dL,0.594,1.145,5.0,10.0,https://doi.org/10.1002/advs.202405518,model input resampled to 0.25-min intervals by linear interpolation; values are not normalized
Saha 2024,Saha_2024_Fig3b_Subject4,Fig3b_Subject4,Saha meal SBG proxy,58.5,132.225,mg/dL,0.594,1.145,5.0,10.0,https://doi.org/10.1002/advs.202405518,model input resampled to 0.25-min intervals by linear interpolation; values are not normalized
Saha 2024,Saha_2024_Fig3b_Subject4,Fig3b_Subject4,Saha meal SBG proxy,58.75,132.39249999999998,mg/dL,0.594,1.145,5.0,10.0,https://doi.org/10.1002/advs.202405518,model input resampled to 0.25-min intervals by linear interpolation; values are not normalized
Saha 2024,Saha_2024_Fig3b_Subject4,Fig3b_Subject4,Saha meal SBG proxy,59.0,132.56,mg/dL,0.594,1.145,5.0,10.0,https://doi.org/10.1002/advs.202405518,model input resampled to 0.25-min intervals by linear interpolation; values are not normalized
Saha 2024,Saha_2024_Fig3b_Subject4,Fig3b_Subject4,Saha meal SBG proxy,59.25,132.7275,mg/dL,0.594,1.145,5.0,10.0,https://doi.org/10.1002/advs.202405518,model input resampled to 0.25-min intervals by linear interpolation; values are not normalized
Saha 2024,Saha_2024_Fig3b_Subject4,Fig3b_Subject4,Saha meal SBG proxy,59.5,132.89499999999998,mg/dL,0.594,1.145,5.0,10.0,https://doi.org/10.1002/advs.202405518,model input resampled to 0.25-min intervals by linear interpolation; values are not normalized
Saha 2024,Saha_2024_Fig3b_Subject4,Fig3b_Subject4,Saha meal SBG proxy,59.75,133.0625,mg/dL,0.594,1.145,5.0,10.0,https://doi.org/10.1002/advs.202405518,model input resampled to 0.25-min intervals by linear interpolation; values are not normalized
Saha 2024,Saha_2024_Fig3b_Subject4,Fig3b_Subject4,Saha meal SBG proxy,60.0,133.23,mg/dL,0.594,1.145,5.0,10.0,https://doi.org/10.1002/advs.202405518,model input resampled to 0.25-min intervals by linear interpolation; values are not normalized
Saha 2024,Saha_2024_Fig3b_Subject4,Fig3b_Subject4,Saha meal SBG proxy,60.25,133.39624999999998,mg/dL,0.594,1.145,5.0,10.0,https://doi.org/10.1002/advs.202405518,model input resampled to 0.25-min intervals by linear interpolation; values are not normalized
Saha 2024,Saha_2024_Fig3b_Subject4,Fig3b_Subject4,Saha meal SBG proxy,60.5,133.5625,mg/dL,0.594,1.145,5.0,10.0,https://doi.org/10.1002/advs.202405518,model input resampled to 0.25-min intervals by linear interpolation; values are not normalized
Saha 2024,Saha_2024_Fig3b_Subject4,Fig3b_Subject4,Saha meal SBG proxy,60.75,133.72875,mg/dL,0.594,1.145,5.0,10.0,https://doi.org/10.1002/advs.202405518,model input resampled to 0.25-min intervals by linear interpolation; values are not normalized
Saha 2024,Saha_2024_Fig3b_Subject4,Fig3b_Subject4,Saha meal SBG proxy,61.0,133.89499999999998,mg/dL,0.594,1.145,5.0,10.0,https://doi.org/10.1002/advs.202405518,model input resampled to 0.25-min intervals by linear interpolation; values are not normalized
Saha 2024,Saha_2024_Fig3b_Subject4,Fig3b_Subject4,Saha meal SBG proxy,61.25,134.06125,mg/dL,0.594,1.145,5.0,10.0,https://doi.org/10.1002/advs.202405518,model input resampled to 0.25-min intervals by linear interpolation; values are not normalized
Saha 2024,Saha_2024_Fig3b_Subject4,Fig3b_Subject4,Saha meal SBG proxy,61.5,134.2275,mg/dL,0.594,1.145,5.0,10.0,https://doi.org/10.1002/advs.202405518,model input resampled to 0.25-min intervals by linear interpolation; values are not normalized
Saha 2024,Saha_2024_Fig3b_Subject4,Fig3b_Subject4,Saha meal SBG proxy,61.75,134.39375,mg/dL,0.594,1.145,5.0,10.0,https://doi.org/10.1002/advs.202405518,model input resampled to 0.25-min intervals by linear interpolation; values are not normalized
Saha 2024,Saha_2024_Fig3b_Subject4,Fig3b_Subject4,Saha meal SBG proxy,62.0,134.56,mg/dL,0.594,1.145,5.0,10.0,https://doi.org/10.1002/advs.202405518,model input resampled to 0.25-min intervals by linear interpolation; values are not normalized
Saha 2024,Saha_2024_Fig3b_Subject4,Fig3b_Subject4,Saha meal SBG proxy,62.25,134.6325,mg/dL,0.594,1.145,5.0,10.0,https://doi.org/10.1002/advs.202405518,model input resampled to 0.25-min intervals by linear interpolation; values are not normalized
Saha 2024,Saha_2024_Fig3b_Subject4,Fig3b_Subject4,Saha meal SBG proxy,62.5,134.70499999999998,mg/dL,0.594,1.145,5.0,10.0,https://doi.org/10.1002/advs.202405518,model input resampled to 0.25-min intervals by linear interpolation; values are not normalized
Saha 2024,Saha_2024_Fig3b_Subject4,Fig3b_Subject4,Saha meal SBG proxy,62.75,134.7775,mg/dL,0.594,1.145,5.0,10.0,https://doi.org/10.1002/advs.202405518,model input resampled to 0.25-min intervals by linear interpolation; values are not normalized
Saha 2024,Saha_2024_Fig3b_Subject4,Fig3b_Subject4,Saha meal SBG proxy,63.0,134.85,mg/dL,0.594,1.145,5.0,10.0,https://doi.org/10.1002/advs.202405518,model input resampled to 0.25-min intervals by linear interpolation; values are not normalized
Saha 2024,Saha_2024_Fig3b_Subject4,Fig3b_Subject4,Saha meal SBG proxy,63.25,134.92249999999999,mg/dL,0.594,1.145,5.0,10.0,https://doi.org/10.1002/advs.202405518,model input resampled to 0.25-min intervals by linear interpolation; values are not normalized
Saha 2024,Saha_2024_Fig3b_Subject4,Fig3b_Subject4,Saha meal SBG proxy,63.5,134.995,mg/dL,0.594,1.145,5.0,10.0,https://doi.org/10.1002/advs.202405518,model input resampled to 0.25-min intervals by linear interpolation; values are not normalized
Saha 2024,Saha_2024_Fig3b_Subject4,Fig3b_Subject4,Saha meal SBG proxy,63.75,135.0675,mg/dL,0.594,1.145,5.0,10.0,https://doi.org/10.1002/advs.202405518,model input resampled to 0.25-min intervals by linear interpolation; values are not normalized
Saha 2024,Saha_2024_Fig3b_Subject4,Fig3b_Subject4,Saha meal SBG proxy,64.0,135.14,mg/dL,0.594,1.145,5.0,10.0,https://doi.org/10.1002/advs.202405518,model input resampled to 0.25-min intervals by linear interpolation; values are not normalized
Saha 2024,Saha_2024_Fig3b_Subject4,Fig3b_Subject4,Saha meal SBG proxy,64.25,135.14,mg/dL,0.594,1.145,5.0,10.0,https://doi.org/10.1002/advs.202405518,model input resampled to 0.25-min intervals by linear interpolation; values are not normalized
Saha 2024,Saha_2024_Fig3b_Subject4,Fig3b_Subject4,Saha meal SBG proxy,64.5,135.14,mg/dL,0.594,1.145,5.0,10.0,https://doi.org/10.1002/advs.202405518,model input resampled to 0.25-min intervals by linear interpolation; values are not normalized
Saha 2024,Saha_2024_Fig3b_Subject4,Fig3b_Subject4,Saha meal SBG proxy,64.75,135.14,mg/dL,0.594,1.145,5.0,10.0,https://doi.org/10.1002/advs.202405518,model input resampled to 0.25-min intervals by linear interpolation; values are not normalized
Saha 2024,Saha_2024_Fig3b_Subject4,Fig3b_Subject4,Saha meal SBG proxy,65.0,135.14,mg/dL,0.594,1.145,5.0,10.0,https://doi.org/10.1002/advs.202405518,model input resampled to 0.25-min intervals by linear interpolation; values are not normalized
Saha 2024,Saha_2024_Fig3b_Subject4,Fig3b_Subject4,Saha meal SBG proxy,65.25,135.14,mg/dL,0.594,1.145,5.0,10.0,https://doi.org/10.1002/advs.202405518,model input resampled to 0.25-min intervals by linear interpolation; values are not normalized
Saha 2024,Saha_2024_Fig3b_Subject4,Fig3b_Subject4,Saha meal SBG proxy,65.5,135.14,mg/dL,0.594,1.145,5.0,10.0,https://doi.org/10.1002/advs.202405518,model input resampled to 0.25-min intervals by linear interpolation; values are not normalized
Saha 2024,Saha_2024_Fig3b_Subject4,Fig3b_Subject4,Saha meal SBG proxy,65.75,135.14,mg/dL,0.594,1.145,5.0,10.0,https://doi.org/10.1002/advs.202405518,model input resampled to 0.25-min intervals by linear interpolation; values are not normalized
Saha 2024,Saha_2024_Fig3b_Subject4,Fig3b_Subject4,Saha meal SBG proxy,66.0,135.14,mg/dL,0.594,1.145,5.0,10.0,https://doi.org/10.1002/advs.202405518,model input resampled to 0.25-min intervals by linear interpolation; values are not normalized
Saha 2024,Saha_2024_Fig3b_Subject4,Fig3b_Subject4,Saha meal SBG proxy,66.25,135.1875,mg/dL,0.594,1.145,5.0,10.0,https://doi.org/10.1002/advs.202405518,model input resampled to 0.25-min intervals by linear interpolation; values are not normalized
Saha 2024,Saha_2024_Fig3b_Subject4,Fig3b_Subject4,Saha meal SBG proxy,66.5,135.23499999999999,mg/dL,0.594,1.145,5.0,10.0,https://doi.org/10.1002/advs.202405518,model input resampled to 0.25-min intervals by linear interpolation; values are not normalized
Saha 2024,Saha_2024_Fig3b_Subject4,Fig3b_Subject4,Saha meal SBG proxy,66.75,135.2825,mg/dL,0.594,1.145,5.0,10.0,https://doi.org/10.1002/advs.202405518,model input resampled to 0.25-min intervals by linear interpolation; values are not normalized
Saha 2024,Saha_2024_Fig3b_Subject4,Fig3b_Subject4,Saha meal SBG proxy,67.0,135.32999999999998,mg/dL,0.594,1.145,5.0,10.0,https://doi.org/10.1002/advs.202405518,model input resampled to 0.25-min intervals by linear interpolation; values are not normalized
Saha 2024,Saha_2024_Fig3b_Subject4,Fig3b_Subject4,Saha meal SBG proxy,67.25,135.3775,mg/dL,0.594,1.145,5.0,10.0,https://doi.org/10.1002/advs.202405518,model input resampled to 0.25-min intervals by linear interpolation; values are not normalized
Saha 2024,Saha_2024_Fig3b_Subject4,Fig3b_Subject4,Saha meal SBG proxy,67.5,135.425,mg/dL,0.594,1.145,5.0,10.0,https://doi.org/10.1002/advs.202405518,model input resampled to 0.25-min intervals by linear interpolation; values are not normalized
Saha 2024,Saha_2024_Fig3b_Subject4,Fig3b_Subject4,Saha meal SBG proxy,67.75,135.4725,mg/dL,0.594,1.145,5.0,10.0,https://doi.org/10.1002/advs.202405518,model input resampled to 0.25-min intervals by linear interpolation; values are not normalized
Saha 2024,Saha_2024_Fig3b_Subject4,Fig3b_Subject4,Saha meal SBG proxy,68.0,135.52,mg/dL,0.594,1.145,5.0,10.0,https://doi.org/10.1002/advs.202405518,model input resampled to 0.25-min intervals by linear interpolation; values are not normalized
Saha 2024,Saha_2024_Fig3b_Subject4,Fig3b_Subject4,Saha meal SBG proxy,68.25,135.54375000000002,mg/dL,0.594,1.145,5.0,10.0,https://doi.org/10.1002/advs.202405518,model input resampled to 0.25-min intervals by linear interpolation; values are not normalized
Saha 2024,Saha_2024_Fig3b_Subject4,Fig3b_Subject4,Saha meal SBG proxy,68.5,135.5675,mg/dL,0.594,1.145,5.0,10.0,https://doi.org/10.1002/advs.202405518,model input resampled to 0.25-min intervals by linear interpolation; values are not normalized
Saha 2024,Saha_2024_Fig3b_Subject4,Fig3b_Subject4,Saha meal SBG proxy,68.75,135.59125,mg/dL,0.594,1.145,5.0,10.0,https://doi.org/10.1002/advs.202405518,model input resampled to 0.25-min intervals by linear interpolation; values are not normalized
Saha 2024,Saha_2024_Fig3b_Subject4,Fig3b_Subject4,Saha meal SBG proxy,69.0,135.615,mg/dL,0.594,1.145,5.0,10.0,https://doi.org/10.1002/advs.202405518,model input resampled to 0.25-min intervals by linear interpolation; values are not normalized
Saha 2024,Saha_2024_Fig3b_Subject4,Fig3b_Subject4,Saha meal SBG proxy,69.25,135.63875000000002,mg/dL,0.594,1.145,5.0,10.0,https://doi.org/10.1002/advs.202405518,model input resampled to 0.25-min intervals by linear interpolation; values are not normalized
Saha 2024,Saha_2024_Fig3b_Subject4,Fig3b_Subject4,Saha meal SBG proxy,69.5,135.66250000000002,mg/dL,0.594,1.145,5.0,10.0,https://doi.org/10.1002/advs.202405518,model input resampled to 0.25-min intervals by linear interpolation; values are not normalized
Saha 2024,Saha_2024_Fig3b_Subject4,Fig3b_Subject4,Saha meal SBG proxy,69.75,135.68625,mg/dL,0.594,1.145,5.0,10.0,https://doi.org/10.1002/advs.202405518,model input resampled to 0.25-min intervals by linear interpolation; values are not normalized
Saha 2024,Saha_2024_Fig3b_Subject4,Fig3b_Subject4,Saha meal SBG proxy,70.0,135.71,mg/dL,0.594,1.145,5.0,10.0,https://doi.org/10.1002/advs.202405518,model input resampled to 0.25-min intervals by linear interpolation; values are not normalized
Saha 2024,Saha_2024_Fig3b_Subject4,Fig3b_Subject4,Saha meal SBG proxy,70.25,135.7575,mg/dL,0.594,1.145,5.0,10.0,https://doi.org/10.1002/advs.202405518,model input resampled to 0.25-min intervals by linear interpolation; values are not normalized
Saha 2024,Saha_2024_Fig3b_Subject4,Fig3b_Subject4,Saha meal SBG proxy,70.5,135.805,mg/dL,0.594,1.145,5.0,10.0,https://doi.org/10.1002/advs.202405518,model input resampled to 0.25-min intervals by linear interpolation; values are not normalized
Saha 2024,Saha_2024_Fig3b_Subject4,Fig3b_Subject4,Saha meal SBG proxy,70.75,135.85250000000002,mg/dL,0.594,1.145,5.0,10.0,https://doi.org/10.1002/advs.202405518,model input resampled to 0.25-min intervals by linear interpolation; values are not normalized
Saha 2024,Saha_2024_Fig3b_Subject4,Fig3b_Subject4,Saha meal SBG proxy,71.0,135.9,mg/dL,0.594,1.145,5.0,10.0,https://doi.org/10.1002/advs.202405518,model input resampled to 0.25-min intervals by linear interpolation; values are not normalized
Saha 2024,Saha_2024_Fig3b_Subject4,Fig3b_Subject4,Saha meal SBG proxy,71.25,135.9475,mg/dL,0.594,1.145,5.0,10.0,https://doi.org/10.1002/advs.202405518,model input resampled to 0.25-min intervals by linear interpolation; values are not normalized
Saha 2024,Saha_2024_Fig3b_Subject4,Fig3b_Subject4,Saha meal SBG proxy,71.5,135.995,mg/dL,0.594,1.145,5.0,10.0,https://doi.org/10.1002/advs.202405518,model input resampled to 0.25-min intervals by linear interpolation; values are not normalized
Saha 2024,Saha_2024_Fig3b_Subject4,Fig3b_Subject4,Saha meal SBG proxy,71.75,136.04250000000002,mg/dL,0.594,1.145,5.0,10.0,https://doi.org/10.1002/advs.202405518,model input resampled to 0.25-min intervals by linear interpolation; values are not normalized
Saha 2024,Saha_2024_Fig3b_Subject4,Fig3b_Subject4,Saha meal SBG proxy,72.0,136.09,mg/dL,0.594,1.145,5.0,10.0,https://doi.org/10.1002/advs.202405518,model input resampled to 0.25-min intervals by linear interpolation; values are not normalized
Saha 2024,Saha_2024_Fig3b_Subject4,Fig3b_Subject4,Saha meal SBG proxy,72.25,136.1375,mg/dL,0.594,1.145,5.0,10.0,https://doi.org/10.1002/advs.202405518,model input resampled to 0.25-min intervals by linear interpolation; values are not normalized
Saha 2024,Saha_2024_Fig3b_Subject4,Fig3b_Subject4,Saha meal SBG proxy,72.5,136.185,mg/dL,0.594,1.145,5.0,10.0,https://doi.org/10.1002/advs.202405518,model input resampled to 0.25-min intervals by linear interpolation; values are not normalized
Saha 2024,Saha_2024_Fig3b_Subject4,Fig3b_Subject4,Saha meal SBG proxy,72.75,136.23250000000002,mg/dL,0.594,1.145,5.0,10.0,https://doi.org/10.1002/advs.202405518,model input resampled to 0.25-min intervals by linear interpolation; values are not normalized
Saha 2024,Saha_2024_Fig3b_Subject4,Fig3b_Subject4,Saha meal SBG proxy,73.0,136.28,mg/dL,0.594,1.145,5.0,10.0,https://doi.org/10.1002/advs.202405518,model input resampled to 0.25-min intervals by linear interpolation; values are not normalized
Saha 2024,Saha_2024_Fig3b_Subject4,Fig3b_Subject4,Saha meal SBG proxy,73.25,136.3275,mg/dL,0.594,1.145,5.0,10.0,https://doi.org/10.1002/advs.202405518,model input resampled to 0.25-min intervals by linear interpolation; values are not normalized
Saha 2024,Saha_2024_Fig3b_Subject4,Fig3b_Subject4,Saha meal SBG proxy,73.5,136.375,mg/dL,0.594,1.145,5.0,10.0,https://doi.org/10.1002/advs.202405518,model input resampled to 0.25-min intervals by linear interpolation; values are not normalized
Saha 2024,Saha_2024_Fig3b_Subject4,Fig3b_Subject4,Saha meal SBG proxy,73.75,136.4225,mg/dL,0.594,1.145,5.0,10.0,https://doi.org/10.1002/advs.202405518,model input resampled to 0.25-min intervals by linear interpolation; values are not normalized
Saha 2024,Saha_2024_Fig3b_Subject4,Fig3b_Subject4,Saha meal SBG proxy,74.0,136.47,mg/dL,0.594,1.145,5.0,10.0,https://doi.org/10.1002/advs.202405518,model input resampled to 0.25-min intervals by linear interpolation; values are not normalized
Saha 2024,Saha_2024_Fig3b_Subject4,Fig3b_Subject4,Saha meal SBG proxy,74.25,136.49375,mg/dL,0.594,1.145,5.0,10.0,https://doi.org/10.1002/advs.202405518,model input resampled to 0.25-min intervals by linear interpolation; values are not normalized
Saha 2024,Saha_2024_Fig3b_Subject4,Fig3b_Subject4,Saha meal SBG proxy,74.5,136.51749999999998,mg/dL,0.594,1.145,5.0,10.0,https://doi.org/10.1002/advs.202405518,model input resampled to 0.25-min intervals by linear interpolation; values are not normalized
Saha 2024,Saha_2024_Fig3b_Subject4,Fig3b_Subject4,Saha meal SBG proxy,74.75,136.54125,mg/dL,0.594,1.145,5.0,10.0,https://doi.org/10.1002/advs.202405518,model input resampled to 0.25-min intervals by linear interpolation; values are not normalized
Saha 2024,Saha_2024_Fig3b_Subject4,Fig3b_Subject4,Saha meal SBG proxy,75.0,136.565,mg/dL,0.594,1.145,5.0,10.0,https://doi.org/10.1002/advs.202405518,model input resampled to 0.25-min intervals by linear interpolation; values are not normalized
Saha 2024,Saha_2024_Fig3b_Subject4,Fig3b_Subject4,Saha meal SBG proxy,75.25,136.58875,mg/dL,0.594,1.145,5.0,10.0,https://doi.org/10.1002/advs.202405518,model input resampled to 0.25-min intervals by linear interpolation; values are not normalized
Saha 2024,Saha_2024_Fig3b_Subject4,Fig3b_Subject4,Saha meal SBG proxy,75.5,136.6125,mg/dL,0.594,1.145,5.0,10.0,https://doi.org/10.1002/advs.202405518,model input resampled to 0.25-min intervals by linear interpolation; values are not normalized
Saha 2024,Saha_2024_Fig3b_Subject4,Fig3b_Subject4,Saha meal SBG proxy,75.75,136.63625,mg/dL,0.594,1.145,5.0,10.0,https://doi.org/10.1002/advs.202405518,model input resampled to 0.25-min intervals by linear interpolation; values are not normalized
Saha 2024,Saha_2024_Fig3b_Subject4,Fig3b_Subject4,Saha meal SBG proxy,76.0,136.66,mg/dL,0.594,1.145,5.0,10.0,https://doi.org/10.1002/advs.202405518,model input resampled to 0.25-min intervals by linear interpolation; values are not normalized
Saha 2024,Saha_2024_Fig3b_Subject4,Fig3b_Subject4,Saha meal SBG proxy,76.25,136.6125,mg/dL,0.594,1.145,5.0,10.0,https://doi.org/10.1002/advs.202405518,model input resampled to 0.25-min intervals by linear interpolation; values are not normalized
Saha 2024,Saha_2024_Fig3b_Subject4,Fig3b_Subject4,Saha meal SBG proxy,76.5,136.565,mg/dL,0.594,1.145,5.0,10.0,https://doi.org/10.1002/advs.202405518,model input resampled to 0.25-min intervals by linear interpolation; values are not normalized
Saha 2024,Saha_2024_Fig3b_Subject4,Fig3b_Subject4,Saha meal SBG proxy,76.75,136.51749999999998,mg/dL,0.594,1.145,5.0,10.0,https://doi.org/10.1002/advs.202405518,model input resampled to 0.25-min intervals by linear interpolation; values are not normalized
Saha 2024,Saha_2024_Fig3b_Subject4,Fig3b_Subject4,Saha meal SBG proxy,77.0,136.47,mg/dL,0.594,1.145,5.0,10.0,https://doi.org/10.1002/advs.202405518,model input resampled to 0.25-min intervals by linear interpolation; values are not normalized
Saha 2024,Saha_2024_Fig3b_Subject4,Fig3b_Subject4,Saha meal SBG proxy,77.25,136.4225,mg/dL,0.594,1.145,5.0,10.0,https://doi.org/10.1002/advs.202405518,model input resampled to 0.25-min intervals by linear interpolation; values are not normalized
Saha 2024,Saha_2024_Fig3b_Subject4,Fig3b_Subject4,Saha meal SBG proxy,77.5,136.375,mg/dL,0.594,1.145,5.0,10.0,https://doi.org/10.1002/advs.202405518,model input resampled to 0.25-min intervals by linear interpolation; values are not normalized
Saha 2024,Saha_2024_Fig3b_Subject4,Fig3b_Subject4,Saha meal SBG proxy,77.75,136.3275,mg/dL,0.594,1.145,5.0,10.0,https://doi.org/10.1002/advs.202405518,model input resampled to 0.25-min intervals by linear interpolation; values are not normalized
Saha 2024,Saha_2024_Fig3b_Subject4,Fig3b_Subject4,Saha meal SBG proxy,78.0,136.28,mg/dL,0.594,1.145,5.0,10.0,https://doi.org/10.1002/advs.202405518,model input resampled to 0.25-min intervals by linear interpolation; values are not normalized
Saha 2024,Saha_2024_Fig3b_Subject4,Fig3b_Subject4,Saha meal SBG proxy,78.25,136.185,mg/dL,0.594,1.145,5.0,10.0,https://doi.org/10.1002/advs.202405518,model input resampled to 0.25-min intervals by linear interpolation; values are not normalized
Saha 2024,Saha_2024_Fig3b_Subject4,Fig3b_Subject4,Saha meal SBG proxy,78.5,136.09,mg/dL,0.594,1.145,5.0,10.0,https://doi.org/10.1002/advs.202405518,model input resampled to 0.25-min intervals by linear interpolation; values are not normalized
Saha 2024,Saha_2024_Fig3b_Subject4,Fig3b_Subject4,Saha meal SBG proxy,78.75,135.995,mg/dL,0.594,1.145,5.0,10.0,https://doi.org/10.1002/advs.202405518,model input resampled to 0.25-min intervals by linear interpolation; values are not normalized
Saha 2024,Saha_2024_Fig3b_Subject4,Fig3b_Subject4,Saha meal SBG proxy,79.0,135.9,mg/dL,0.594,1.145,5.0,10.0,https://doi.org/10.1002/advs.202405518,model input resampled to 0.25-min intervals by linear interpolation; values are not normalized
Saha 2024,Saha_2024_Fig3b_Subject4,Fig3b_Subject4,Saha meal SBG proxy,79.25,135.805,mg/dL,0.594,1.145,5.0,10.0,https://doi.org/10.1002/advs.202405518,model input resampled to 0.25-min intervals by linear interpolation; values are not normalized
Saha 2024,Saha_2024_Fig3b_Subject4,Fig3b_Subject4,Saha meal SBG proxy,79.5,135.71,mg/dL,0.594,1.145,5.0,10.0,https://doi.org/10.1002/advs.202405518,model input resampled to 0.25-min intervals by linear interpolation; values are not normalized
Saha 2024,Saha_2024_Fig3b_Subject4,Fig3b_Subject4,Saha meal SBG proxy,79.75,135.615,mg/dL,0.594,1.145,5.0,10.0,https://doi.org/10.1002/advs.202405518,model input resampled to 0.25-min intervals by linear interpolation; values are not normalized
Saha 2024,Saha_2024_Fig3b_Subject4,Fig3b_Subject4,Saha meal SBG proxy,80.0,135.52,mg/dL,0.594,1.145,5.0,10.0,https://doi.org/10.1002/advs.202405518,model input resampled to 0.25-min intervals by linear interpolation; values are not normalized
Saha 2024,Saha_2024_Fig3b_Subject4,Fig3b_Subject4,Saha meal SBG proxy,80.25,135.4725,mg/dL,0.594,1.145,5.0,10.0,https://doi.org/10.1002/advs.202405518,model input resampled to 0.25-min intervals by linear interpolation; values are not normalized
Saha 2024,Saha_2024_Fig3b_Subject4,Fig3b_Subject4,Saha meal SBG proxy,80.5,135.425,mg/dL,0.594,1.145,5.0,10.0,https://doi.org/10.1002/advs.202405518,model input resampled to 0.25-min intervals by linear interpolation; values are not normalized
Saha 2024,Saha_2024_Fig3b_Subject4,Fig3b_Subject4,Saha meal SBG proxy,80.75,135.3775,mg/dL,0.594,1.145,5.0,10.0,https://doi.org/10.1002/advs.202405518,model input resampled to 0.25-min intervals by linear interpolation; values are not normalized
Saha 2024,Saha_2024_Fig3b_Subject4,Fig3b_Subject4,Saha meal SBG proxy,81.0,135.32999999999998,mg/dL,0.594,1.145,5.0,10.0,https://doi.org/10.1002/advs.202405518,model input resampled to 0.25-min intervals by linear interpolation; values are not normalized
Saha 2024,Saha_2024_Fig3b_Subject4,Fig3b_Subject4,Saha meal SBG proxy,81.25,135.2825,mg/dL,0.594,1.145,5.0,10.0,https://doi.org/10.1002/advs.202405518,model input resampled to 0.25-min intervals by linear interpolation; values are not normalized
Saha 2024,Saha_2024_Fig3b_Subject4,Fig3b_Subject4,Saha meal SBG proxy,81.5,135.23499999999999,mg/dL,0.594,1.145,5.0,10.0,https://doi.org/10.1002/advs.202405518,model input resampled to 0.25-min intervals by linear interpolation; values are not normalized
Saha 2024,Saha_2024_Fig3b_Subject4,Fig3b_Subject4,Saha meal SBG proxy,81.75,135.1875,mg/dL,0.594,1.145,5.0,10.0,https://doi.org/10.1002/advs.202405518,model input resampled to 0.25-min intervals by linear interpolation; values are not normalized
Saha 2024,Saha_2024_Fig3b_Subject4,Fig3b_Subject4,Saha meal SBG proxy,82.0,135.14,mg/dL,0.594,1.145,5.0,10.0,https://doi.org/10.1002/advs.202405518,model input resampled to 0.25-min intervals by linear interpolation; values are not normalized
Saha 2024,Saha_2024_Fig3b_Subject4,Fig3b_Subject4,Saha meal SBG proxy,82.25,135.04375,mg/dL,0.594,1.145,5.0,10.0,https://doi.org/10.1002/advs.202405518,model input resampled to 0.25-min intervals by linear interpolation; values are not normalized
Saha 2024,Saha_2024_Fig3b_Subject4,Fig3b_Subject4,Saha meal SBG proxy,82.5,134.9475,mg/dL,0.594,1.145,5.0,10.0,https://doi.org/10.1002/advs.202405518,model input resampled to 0.25-min intervals by linear interpolation; values are not normalized
Saha 2024,Saha_2024_Fig3b_Subject4,Fig3b_Subject4,Saha meal SBG proxy,82.75,134.85125,mg/dL,0.594,1.145,5.0,10.0,https://doi.org/10.1002/advs.202405518,model input resampled to 0.25-min intervals by linear interpolation; values are not normalized
Saha 2024,Saha_2024_Fig3b_Subject4,Fig3b_Subject4,Saha meal SBG proxy,83.0,134.755,mg/dL,0.594,1.145,5.0,10.0,https://doi.org/10.1002/advs.202405518,model input resampled to 0.25-min intervals by linear interpolation; values are not normalized
Saha 2024,Saha_2024_Fig3b_Subject4,Fig3b_Subject4,Saha meal SBG proxy,83.25,134.65875,mg/dL,0.594,1.145,5.0,10.0,https://doi.org/10.1002/advs.202405518,model input resampled to 0.25-min intervals by linear interpolation; values are not normalized
Saha 2024,Saha_2024_Fig3b_Subject4,Fig3b_Subject4,Saha meal SBG proxy,83.5,134.5625,mg/dL,0.594,1.145,5.0,10.0,https://doi.org/10.1002/advs.202405518,model input resampled to 0.25-min intervals by linear interpolation; values are not normalized
Saha 2024,Saha_2024_Fig3b_Subject4,Fig3b_Subject4,Saha meal SBG proxy,83.75,134.46625,mg/dL,0.594,1.145,5.0,10.0,https://doi.org/10.1002/advs.202405518,model input resampled to 0.25-min intervals by linear interpolation; values are not normalized
Saha 2024,Saha_2024_Fig3b_Subject4,Fig3b_Subject4,Saha meal SBG proxy,84.0,134.37,mg/dL,0.594,1.145,5.0,10.0,https://doi.org/10.1002/advs.202405518,model input resampled to 0.25-min intervals by linear interpolation; values are not normalized
Saha 2024,Saha_2024_Fig3b_Subject4,Fig3b_Subject4,Saha meal SBG proxy,84.25,134.29875,mg/dL,0.594,1.145,5.0,10.0,https://doi.org/10.1002/advs.202405518,model input resampled to 0.25-min intervals by linear interpolation; values are not normalized
Saha 2024,Saha_2024_Fig3b_Subject4,Fig3b_Subject4,Saha meal SBG proxy,84.5,134.22750000000002,mg/dL,0.594,1.145,5.0,10.0,https://doi.org/10.1002/advs.202405518,model input resampled to 0.25-min intervals by linear interpolation; values are not normalized
Saha 2024,Saha_2024_Fig3b_Subject4,Fig3b_Subject4,Saha meal SBG proxy,84.75,134.15625,mg/dL,0.594,1.145,5.0,10.0,https://doi.org/10.1002/advs.202405518,model input resampled to 0.25-min intervals by linear interpolation; values are not normalized
Saha 2024,Saha_2024_Fig3b_Subject4,Fig3b_Subject4,Saha meal SBG proxy,85.0,134.085,mg/dL,0.594,1.145,5.0,10.0,https://doi.org/10.1002/advs.202405518,model input resampled to 0.25-min intervals by linear interpolation; values are not normalized
Saha 2024,Saha_2024_Fig3b_Subject4,Fig3b_Subject4,Saha meal SBG proxy,85.25,134.01375000000002,mg/dL,0.594,1.145,5.0,10.0,https://doi.org/10.1002/advs.202405518,model input resampled to 0.25-min intervals by linear interpolation; values are not normalized
Saha 2024,Saha_2024_Fig3b_Subject4,Fig3b_Subject4,Saha meal SBG proxy,85.5,133.9425,mg/dL,0.594,1.145,5.0,10.0,https://doi.org/10.1002/advs.202405518,model input resampled to 0.25-min intervals by linear interpolation; values are not normalized
Saha 2024,Saha_2024_Fig3b_Subject4,Fig3b_Subject4,Saha meal SBG proxy,85.75,133.87125,mg/dL,0.594,1.145,5.0,10.0,https://doi.org/10.1002/advs.202405518,model input resampled to 0.25-min intervals by linear interpolation; values are not normalized
Saha 2024,Saha_2024_Fig3b_Subject4,Fig3b_Subject4,Saha meal SBG proxy,86.0,133.8,mg/dL,0.594,1.145,5.0,10.0,https://doi.org/10.1002/advs.202405518,model input resampled to 0.25-min intervals by linear interpolation; values are not normalized
Saha 2024,Saha_2024_Fig3b_Subject4,Fig3b_Subject4,Saha meal SBG proxy,86.25,133.72875000000002,mg/dL,0.594,1.145,5.0,10.0,https://doi.org/10.1002/advs.202405518,model input resampled to 0.25-min intervals by linear interpolation; values are not normalized
Saha 2024,Saha_2024_Fig3b_Subject4,Fig3b_Subject4,Saha meal SBG proxy,86.5,133.6575,mg/dL,0.594,1.145,5.0,10.0,https://doi.org/10.1002/advs.202405518,model input resampled to 0.25-min intervals by linear interpolation; values are not normalized
Saha 2024,Saha_2024_Fig3b_Subject4,Fig3b_Subject4,Saha meal SBG proxy,86.75,133.58625,mg/dL,0.594,1.145,5.0,10.0,https://doi.org/10.1002/advs.202405518,model input resampled to 0.25-min intervals by linear interpolation; values are not normalized
Saha 2024,Saha_2024_Fig3b_Subject4,Fig3b_Subject4,Saha meal SBG proxy,87.0,133.515,mg/dL,0.594,1.145,5.0,10.0,https://doi.org/10.1002/advs.202405518,model input resampled to 0.25-min intervals by linear interpolation; values are not normalized
Saha 2024,Saha_2024_Fig3b_Subject4,Fig3b_Subject4,Saha meal SBG proxy,87.25,133.44375,mg/dL,0.594,1.145,5.0,10.0,https://doi.org/10.1002/advs.202405518,model input resampled to 0.25-min intervals by linear interpolation; values are not normalized
Saha 2024,Saha_2024_Fig3b_Subject4,Fig3b_Subject4,Saha meal SBG proxy,87.5,133.3725,mg/dL,0.594,1.145,5.0,10.0,https://doi.org/10.1002/advs.202405518,model input resampled to 0.25-min intervals by linear interpolation; values are not normalized
Saha 2024,Saha_2024_Fig3b_Subject4,Fig3b_Subject4,Saha meal SBG proxy,87.75,133.30124999999998,mg/dL,0.594,1.145,5.0,10.0,https://doi.org/10.1002/advs.202405518,model input resampled to 0.25-min intervals by linear interpolation; values are not normalized
Saha 2024,Saha_2024_Fig3b_Subject4,Fig3b_Subject4,Saha meal SBG proxy,88.0,133.23,mg/dL,0.594,1.145,5.0,10.0,https://doi.org/10.1002/advs.202405518,model input resampled to 0.25-min intervals by linear interpolation; values are not normalized
Saha 2024,Saha_2024_Fig3b_Subject4,Fig3b_Subject4,Saha meal SBG proxy,88.25,133.1575,mg/dL,0.594,1.145,5.0,10.0,https://doi.org/10.1002/advs.202405518,model input resampled to 0.25-min intervals by linear interpolation; values are not normalized
Saha 2024,Saha_2024_Fig3b_Subject4,Fig3b_Subject4,Saha meal SBG proxy,88.5,133.08499999999998,mg/dL,0.594,1.145,5.0,10.0,https://doi.org/10.1002/advs.202405518,model input resampled to 0.25-min intervals by linear interpolation; values are not normalized
Saha 2024,Saha_2024_Fig3b_Subject4,Fig3b_Subject4,Saha meal SBG proxy,88.75,133.0125,mg/dL,0.594,1.145,5.0,10.0,https://doi.org/10.1002/advs.202405518,model input resampled to 0.25-min intervals by linear interpolation; values are not normalized
Saha 2024,Saha_2024_Fig3b_Subject4,Fig3b_Subject4,Saha meal SBG proxy,89.0,132.94,mg/dL,0.594,1.145,5.0,10.0,https://doi.org/10.1002/advs.202405518,model input resampled to 0.25-min intervals by linear interpolation; values are not normalized
Saha 2024,Saha_2024_Fig3b_Subject4,Fig3b_Subject4,Saha meal SBG proxy,89.25,132.8675,mg/dL,0.594,1.145,5.0,10.0,https://doi.org/10.1002/advs.202405518,model input resampled to 0.25-min intervals by linear interpolation; values are not normalized
Saha 2024,Saha_2024_Fig3b_Subject4,Fig3b_Subject4,Saha meal SBG proxy,89.5,132.79500000000002,mg/dL,0.594,1.145,5.0,10.0,https://doi.org/10.1002/advs.202405518,model input resampled to 0.25-min intervals by linear interpolation; values are not normalized
Saha 2024,Saha_2024_Fig3b_Subject4,Fig3b_Subject4,Saha meal SBG proxy,89.75,132.7225,mg/dL,0.594,1.145,5.0,10.0,https://doi.org/10.1002/advs.202405518,model input resampled to 0.25-min intervals by linear interpolation; values are not normalized
Saha 2024,Saha_2024_Fig3b_Subject4,Fig3b_Subject4,Saha meal SBG proxy,90.0,132.65,mg/dL,0.594,1.145,5.0,10.0,https://doi.org/10.1002/advs.202405518,model input resampled to 0.25-min intervals by linear interpolation; values are not normalized
Saha 2024,Saha_2024_Fig3b_Subject4,Fig3b_Subject4,Saha meal SBG proxy,90.25,132.555,mg/dL,0.594,1.145,5.0,10.0,https://doi.org/10.1002/advs.202405518,model input resampled to 0.25-min intervals by linear interpolation; values are not normalized
Saha 2024,Saha_2024_Fig3b_Subject4,Fig3b_Subject4,Saha meal SBG proxy,90.5,132.46,mg/dL,0.594,1.145,5.0,10.0,https://doi.org/10.1002/advs.202405518,model input resampled to 0.25-min intervals by linear interpolation; values are not normalized
Saha 2024,Saha_2024_Fig3b_Subject4,Fig3b_Subject4,Saha meal SBG proxy,90.75,132.365,mg/dL,0.594,1.145,5.0,10.0,https://doi.org/10.1002/advs.202405518,model input resampled to 0.25-min intervals by linear interpolation; values are not normalized
Saha 2024,Saha_2024_Fig3b_Subject4,Fig3b_Subject4,Saha meal SBG proxy,91.0,132.26999999999998,mg/dL,0.594,1.145,5.0,10.0,https://doi.org/10.1002/advs.202405518,model input resampled to 0.25-min intervals by linear interpolation; values are not normalized
Saha 2024,Saha_2024_Fig3b_Subject4,Fig3b_Subject4,Saha meal SBG proxy,91.25,132.17499999999998,mg/dL,0.594,1.145,5.0,10.0,https://doi.org/10.1002/advs.202405518,model input resampled to 0.25-min intervals by linear interpolation; values are not normalized
Saha 2024,Saha_2024_Fig3b_Subject4,Fig3b_Subject4,Saha meal SBG proxy,91.5,132.07999999999998,mg/dL,0.594,1.145,5.0,10.0,https://doi.org/10.1002/advs.202405518,model input resampled to 0.25-min intervals by linear interpolation; values are not normalized
Saha 2024,Saha_2024_Fig3b_Subject4,Fig3b_Subject4,Saha meal SBG proxy,91.75,131.98499999999999,mg/dL,0.594,1.145,5.0,10.0,https://doi.org/10.1002/advs.202405518,model input resampled to 0.25-min intervals by linear interpolation; values are not normalized
Saha 2024,Saha_2024_Fig3b_Subject4,Fig3b_Subject4,Saha meal SBG proxy,92.0,131.89,mg/dL,0.594,1.145,5.0,10.0,https://doi.org/10.1002/advs.202405518,model input resampled to 0.25-min intervals by linear interpolation; values are not normalized
Saha 2024,Saha_2024_Fig3b_Subject4,Fig3b_Subject4,Saha meal SBG proxy,92.25,131.7475,mg/dL,0.594,1.145,5.0,10.0,https://doi.org/10.1002/advs.202405518,model input resampled to 0.25-min intervals by linear interpolation; values are not normalized
Saha 2024,Saha_2024_Fig3b_Subject4,Fig3b_Subject4,Saha meal SBG proxy,92.5,131.605,mg/dL,0.594,1.145,5.0,10.0,https://doi.org/10.1002/advs.202405518,model input resampled to 0.25-min intervals by linear interpolation; values are not normalized
Saha 2024,Saha_2024_Fig3b_Subject4,Fig3b_Subject4,Saha meal SBG proxy,92.75,131.46249999999998,mg/dL,0.594,1.145,5.0,10.0,https://doi.org/10.1002/advs.202405518,model input resampled to 0.25-min intervals by linear interpolation; values are not normalized
Saha 2024,Saha_2024_Fig3b_Subject4,Fig3b_Subject4,Saha meal SBG proxy,93.0,131.32,mg/dL,0.594,1.145,5.0,10.0,https://doi.org/10.1002/advs.202405518,model input resampled to 0.25-min intervals by linear interpolation; values are not normalized
Saha 2024,Saha_2024_Fig3b_Subject4,Fig3b_Subject4,Saha meal SBG proxy,93.25,131.1775,mg/dL,0.594,1.145,5.0,10.0,https://doi.org/10.1002/advs.202405518,model input resampled to 0.25-min intervals by linear interpolation; values are not normalized
Saha 2024,Saha_2024_Fig3b_Subject4,Fig3b_Subject4,Saha meal SBG proxy,93.5,131.035,mg/dL,0.594,1.145,5.0,10.0,https://doi.org/10.1002/advs.202405518,model input resampled to 0.25-min intervals by linear interpolation; values are not normalized
Saha 2024,Saha_2024_Fig3b_Subject4,Fig3b_Subject4,Saha meal SBG proxy,93.75,130.89249999999998,mg/dL,0.594,1.145,5.0,10.0,https://doi.org/10.1002/advs.202405518,model input resampled to 0.25-min intervals by linear interpolation; values are not normalized
Saha 2024,Saha_2024_Fig3b_Subject4,Fig3b_Subject4,Saha meal SBG proxy,94.0,130.75,mg/dL,0.594,1.145,5.0,10.0,https://doi.org/10.1002/advs.202405518,model input resampled to 0.25-min intervals by linear interpolation; values are not normalized
Saha 2024,Saha_2024_Fig3b_Subject4,Fig3b_Subject4,Saha meal SBG proxy,94.25,130.65375,mg/dL,0.594,1.145,5.0,10.0,https://doi.org/10.1002/advs.202405518,model input resampled to 0.25-min intervals by linear interpolation; values are not normalized
Saha 2024,Saha_2024_Fig3b_Subject4,Fig3b_Subject4,Saha meal SBG proxy,94.5,130.5575,mg/dL,0.594,1.145,5.0,10.0,https://doi.org/10.1002/advs.202405518,model input resampled to 0.25-min intervals by linear interpolation; values are not normalized
Saha 2024,Saha_2024_Fig3b_Subject4,Fig3b_Subject4,Saha meal SBG proxy,94.75,130.46125,mg/dL,0.594,1.145,5.0,10.0,https://doi.org/10.1002/advs.202405518,model input resampled to 0.25-min intervals by linear interpolation; values are not normalized
Saha 2024,Saha_2024_Fig3b_Subject4,Fig3b_Subject4,Saha meal SBG proxy,95.0,130.365,mg/dL,0.594,1.145,5.0,10.0,https://doi.org/10.1002/advs.202405518,model input resampled to 0.25-min intervals by linear interpolation; values are not normalized
Saha 2024,Saha_2024_Fig3b_Subject4,Fig3b_Subject4,Saha meal SBG proxy,95.25,130.26874999999998,mg/dL,0.594,1.145,5.0,10.0,https://doi.org/10.1002/advs.202405518,model input resampled to 0.25-min intervals by linear interpolation; values are not normalized
Saha 2024,Saha_2024_Fig3b_Subject4,Fig3b_Subject4,Saha meal SBG proxy,95.5,130.17249999999999,mg/dL,0.594,1.145,5.0,10.0,https://doi.org/10.1002/advs.202405518,model input resampled to 0.25-min intervals by linear interpolation; values are not normalized
Saha 2024,Saha_2024_Fig3b_Subject4,Fig3b_Subject4,Saha meal SBG proxy,95.75,130.07625,mg/dL,0.594,1.145,5.0,10.0,https://doi.org/10.1002/advs.202405518,model input resampled to 0.25-min intervals by linear interpolation; values are not normalized
Saha 2024,Saha_2024_Fig3b_Subject4,Fig3b_Subject4,Saha meal SBG proxy,96.0,129.98,mg/dL,0.594,1.145,5.0,10.0,https://doi.org/10.1002/advs.202405518,model input resampled to 0.25-min intervals by linear interpolation; values are not normalized
Saha 2024,Saha_2024_Fig3b_Subject4,Fig3b_Subject4,Saha meal SBG proxy,96.25,129.83749999999998,mg/dL,0.594,1.145,5.0,10.0,https://doi.org/10.1002/advs.202405518,model input resampled to 0.25-min intervals by linear interpolation; values are not normalized
Saha 2024,Saha_2024_Fig3b_Subject4,Fig3b_Subject4,Saha meal SBG proxy,96.5,129.695,mg/dL,0.594,1.145,5.0,10.0,https://doi.org/10.1002/advs.202405518,model input resampled to 0.25-min intervals by linear interpolation; values are not normalized
Saha 2024,Saha_2024_Fig3b_Subject4,Fig3b_Subject4,Saha meal SBG proxy,96.75,129.5525,mg/dL,0.594,1.145,5.0,10.0,https://doi.org/10.1002/advs.202405518,model input resampled to 0.25-min intervals by linear interpolation; values are not normalized
Saha 2024,Saha_2024_Fig3b_Subject4,Fig3b_Subject4,Saha meal SBG proxy,97.0,129.41,mg/dL,0.594,1.145,5.0,10.0,https://doi.org/10.1002/advs.202405518,model input resampled to 0.25-min intervals by linear interpolation; values are not normalized
Saha 2024,Saha_2024_Fig3b_Subject4,Fig3b_Subject4,Saha meal SBG proxy,97.25,129.26749999999998,mg/dL,0.594,1.145,5.0,10.0,https://doi.org/10.1002/advs.202405518,model input resampled to 0.25-min intervals by linear interpolation; values are not normalized
Saha 2024,Saha_2024_Fig3b_Subject4,Fig3b_Subject4,Saha meal SBG proxy,97.5,129.125,mg/dL,0.594,1.145,5.0,10.0,https://doi.org/10.1002/advs.202405518,model input resampled to 0.25-min intervals by linear interpolation; values are not normalized
Saha 2024,Saha_2024_Fig3b_Subject4,Fig3b_Subject4,Saha meal SBG proxy,97.75,128.98250000000002,mg/dL,0.594,1.145,5.0,10.0,https://doi.org/10.1002/advs.202405518,model input resampled to 0.25-min intervals by linear interpolation; values are not normalized
Saha 2024,Saha_2024_Fig3b_Subject4,Fig3b_Subject4,Saha meal SBG proxy,98.0,128.84,mg/dL,0.594,1.145,5.0,10.0,https://doi.org/10.1002/advs.202405518,model input resampled to 0.25-min intervals by linear interpolation; values are not normalized
Saha 2024,Saha_2024_Fig3b_Subject4,Fig3b_Subject4,Saha meal SBG proxy,98.25,128.74375,mg/dL,0.594,1.145,5.0,10.0,https://doi.org/10.1002/advs.202405518,model input resampled to 0.25-min intervals by linear interpolation; values are not normalized
Saha 2024,Saha_2024_Fig3b_Subject4,Fig3b_Subject4,Saha meal SBG proxy,98.5,128.6475,mg/dL,0.594,1.145,5.0,10.0,https://doi.org/10.1002/advs.202405518,model input resampled to 0.25-min intervals by linear interpolation; values are not normalized
Saha 2024,Saha_2024_Fig3b_Subject4,Fig3b_Subject4,Saha meal SBG proxy,98.75,128.55125,mg/dL,0.594,1.145,5.0,10.0,https://doi.org/10.1002/advs.202405518,model input resampled to 0.25-min intervals by linear interpolation; values are not normalized
Saha 2024,Saha_2024_Fig3b_Subject4,Fig3b_Subject4,Saha meal SBG proxy,99.0,128.45499999999998,mg/dL,0.594,1.145,5.0,10.0,https://doi.org/10.1002/advs.202405518,model input resampled to 0.25-min intervals by linear interpolation; values are not normalized
Saha 2024,Saha_2024_Fig3b_Subject4,Fig3b_Subject4,Saha meal SBG proxy,99.25,128.35875,mg/dL,0.594,1.145,5.0,10.0,https://doi.org/10.1002/advs.202405518,model input resampled to 0.25-min intervals by linear interpolation; values are not normalized
Saha 2024,Saha_2024_Fig3b_Subject4,Fig3b_Subject4,Saha meal SBG proxy,99.5,128.2625,mg/dL,0.594,1.145,5.0,10.0,https://doi.org/10.1002/advs.202405518,model input resampled to 0.25-min intervals by linear interpolation; values are not normalized
Saha 2024,Saha_2024_Fig3b_Subject4,Fig3b_Subject4,Saha meal SBG proxy,99.75,128.16625,mg/dL,0.594,1.145,5.0,10.0,https://doi.org/10.1002/advs.202405518,model input resampled to 0.25-min intervals by linear interpolation; values are not normalized
Saha 2024,Saha_2024_Fig3b_Subject4,Fig3b_Subject4,Saha meal SBG proxy,100.0,128.07,mg/dL,0.594,1.145,5.0,10.0,https://doi.org/10.1002/advs.202405518,model input resampled to 0.25-min intervals by linear interpolation; values are not normalized
Saha 2024,Saha_2024_Fig3b_Subject4,Fig3b_Subject4,Saha meal SBG proxy,100.25,127.9275,mg/dL,0.594,1.145,5.0,10.0,https://doi.org/10.1002/advs.202405518,model input resampled to 0.25-min intervals by linear interpolation; values are not normalized
Saha 2024,Saha_2024_Fig3b_Subject4,Fig3b_Subject4,Saha meal SBG proxy,100.5,127.785,mg/dL,0.594,1.145,5.0,10.0,https://doi.org/10.1002/advs.202405518,model input resampled to 0.25-min intervals by linear interpolation; values are not normalized
Saha 2024,Saha_2024_Fig3b_Subject4,Fig3b_Subject4,Saha meal SBG proxy,100.75,127.6425,mg/dL,0.594,1.145,5.0,10.0,https://doi.org/10.1002/advs.202405518,model input resampled to 0.25-min intervals by linear interpolation; values are not normalized
Saha 2024,Saha_2024_Fig3b_Subject4,Fig3b_Subject4,Saha meal SBG proxy,101.0,127.5,mg/dL,0.594,1.145,5.0,10.0,https://doi.org/10.1002/advs.202405518,model input resampled to 0.25-min intervals by linear interpolation; values are not normalized
Saha 2024,Saha_2024_Fig3b_Subject4,Fig3b_Subject4,Saha meal SBG proxy,101.25,127.3575,mg/dL,0.594,1.145,5.0,10.0,https://doi.org/10.1002/advs.202405518,model input resampled to 0.25-min intervals by linear interpolation; values are not normalized
Saha 2024,Saha_2024_Fig3b_Subject4,Fig3b_Subject4,Saha meal SBG proxy,101.5,127.215,mg/dL,0.594,1.145,5.0,10.0,https://doi.org/10.1002/advs.202405518,model input resampled to 0.25-min intervals by linear interpolation; values are not normalized
Saha 2024,Saha_2024_Fig3b_Subject4,Fig3b_Subject4,Saha meal SBG proxy,101.75,127.0725,mg/dL,0.594,1.145,5.0,10.0,https://doi.org/10.1002/advs.202405518,model input resampled to 0.25-min intervals by linear interpolation; values are not normalized
Saha 2024,Saha_2024_Fig3b_Subject4,Fig3b_Subject4,Saha meal SBG proxy,102.0,126.93,mg/dL,0.594,1.145,5.0,10.0,https://doi.org/10.1002/advs.202405518,model input resampled to 0.25-min intervals by linear interpolation; values are not normalized
Saha 2024,Saha_2024_Fig3b_Subject4,Fig3b_Subject4,Saha meal SBG proxy,102.25,126.83375000000001,mg/dL,0.594,1.145,5.0,10.0,https://doi.org/10.1002/advs.202405518,model input resampled to 0.25-min intervals by linear interpolation; values are not normalized
Saha 2024,Saha_2024_Fig3b_Subject4,Fig3b_Subject4,Saha meal SBG proxy,102.5,126.73750000000001,mg/dL,0.594,1.145,5.0,10.0,https://doi.org/10.1002/advs.202405518,model input resampled to 0.25-min intervals by linear interpolation; values are not normalized
Saha 2024,Saha_2024_Fig3b_Subject4,Fig3b_Subject4,Saha meal SBG proxy,102.75,126.64125,mg/dL,0.594,1.145,5.0,10.0,https://doi.org/10.1002/advs.202405518,model input resampled to 0.25-min intervals by linear interpolation; values are not normalized
Saha 2024,Saha_2024_Fig3b_Subject4,Fig3b_Subject4,Saha meal SBG proxy,103.0,126.545,mg/dL,0.594,1.145,5.0,10.0,https://doi.org/10.1002/advs.202405518,model input resampled to 0.25-min intervals by linear interpolation; values are not normalized
Saha 2024,Saha_2024_Fig3b_Subject4,Fig3b_Subject4,Saha meal SBG proxy,103.25,126.44875,mg/dL,0.594,1.145,5.0,10.0,https://doi.org/10.1002/advs.202405518,model input resampled to 0.25-min intervals by linear interpolation; values are not normalized
Saha 2024,Saha_2024_Fig3b_Subject4,Fig3b_Subject4,Saha meal SBG proxy,103.5,126.35249999999999,mg/dL,0.594,1.145,5.0,10.0,https://doi.org/10.1002/advs.202405518,model input resampled to 0.25-min intervals by linear interpolation; values are not normalized
Saha 2024,Saha_2024_Fig3b_Subject4,Fig3b_Subject4,Saha meal SBG proxy,103.75,126.25625,mg/dL,0.594,1.145,5.0,10.0,https://doi.org/10.1002/advs.202405518,model input resampled to 0.25-min intervals by linear interpolation; values are not normalized
Saha 2024,Saha_2024_Fig3b_Subject4,Fig3b_Subject4,Saha meal SBG proxy,104.0,126.16,mg/dL,0.594,1.145,5.0,10.0,https://doi.org/10.1002/advs.202405518,model input resampled to 0.25-min intervals by linear interpolation; values are not normalized
Saha 2024,Saha_2024_Fig3b_Subject4,Fig3b_Subject4,Saha meal SBG proxy,104.25,126.08875,mg/dL,0.594,1.145,5.0,10.0,https://doi.org/10.1002/advs.202405518,model input resampled to 0.25-min intervals by linear interpolation; values are not normalized
Saha 2024,Saha_2024_Fig3b_Subject4,Fig3b_Subject4,Saha meal SBG proxy,104.5,126.0175,mg/dL,0.594,1.145,5.0,10.0,https://doi.org/10.1002/advs.202405518,model input resampled to 0.25-min intervals by linear interpolation; values are not normalized
Saha 2024,Saha_2024_Fig3b_Subject4,Fig3b_Subject4,Saha meal SBG proxy,104.75,125.94624999999999,mg/dL,0.594,1.145,5.0,10.0,https://doi.org/10.1002/advs.202405518,model input resampled to 0.25-min intervals by linear interpolation; values are not normalized
Saha 2024,Saha_2024_Fig3b_Subject4,Fig3b_Subject4,Saha meal SBG proxy,105.0,125.875,mg/dL,0.594,1.145,5.0,10.0,https://doi.org/10.1002/advs.202405518,model input resampled to 0.25-min intervals by linear interpolation; values are not normalized
Saha 2024,Saha_2024_Fig3b_Subject4,Fig3b_Subject4,Saha meal SBG proxy,105.25,125.80375000000001,mg/dL,0.594,1.145,5.0,10.0,https://doi.org/10.1002/advs.202405518,model input resampled to 0.25-min intervals by linear interpolation; values are not normalized
Saha 2024,Saha_2024_Fig3b_Subject4,Fig3b_Subject4,Saha meal SBG proxy,105.5,125.7325,mg/dL,0.594,1.145,5.0,10.0,https://doi.org/10.1002/advs.202405518,model input resampled to 0.25-min intervals by linear interpolation; values are not normalized
Saha 2024,Saha_2024_Fig3b_Subject4,Fig3b_Subject4,Saha meal SBG proxy,105.75,125.66125,mg/dL,0.594,1.145,5.0,10.0,https://doi.org/10.1002/advs.202405518,model input resampled to 0.25-min intervals by linear interpolation; values are not normalized
Saha 2024,Saha_2024_Fig3b_Subject4,Fig3b_Subject4,Saha meal SBG proxy,106.0,125.59,mg/dL,0.594,1.145,5.0,10.0,https://doi.org/10.1002/advs.202405518,model input resampled to 0.25-min intervals by linear interpolation; values are not normalized
Saha 2024,Saha_2024_Fig3b_Subject4,Fig3b_Subject4,Saha meal SBG proxy,106.25,125.51875,mg/dL,0.594,1.145,5.0,10.0,https://doi.org/10.1002/advs.202405518,model input resampled to 0.25-min intervals by linear interpolation; values are not normalized
Saha 2024,Saha_2024_Fig3b_Subject4,Fig3b_Subject4,Saha meal SBG proxy,106.5,125.4475,mg/dL,0.594,1.145,5.0,10.0,https://doi.org/10.1002/advs.202405518,model input resampled to 0.25-min intervals by linear interpolation; values are not normalized
Saha 2024,Saha_2024_Fig3b_Subject4,Fig3b_Subject4,Saha meal SBG proxy,106.75,125.37625,mg/dL,0.594,1.145,5.0,10.0,https://doi.org/10.1002/advs.202405518,model input resampled to 0.25-min intervals by linear interpolation; values are not normalized
Saha 2024,Saha_2024_Fig3b_Subject4,Fig3b_Subject4,Saha meal SBG proxy,107.0,125.305,mg/dL,0.594,1.145,5.0,10.0,https://doi.org/10.1002/advs.202405518,model input resampled to 0.25-min intervals by linear interpolation; values are not normalized
Saha 2024,Saha_2024_Fig3b_Subject4,Fig3b_Subject4,Saha meal SBG proxy,107.25,125.23375,mg/dL,0.594,1.145,5.0,10.0,https://doi.org/10.1002/advs.202405518,model input resampled to 0.25-min intervals by linear interpolation; values are not normalized
Saha 2024,Saha_2024_Fig3b_Subject4,Fig3b_Subject4,Saha meal SBG proxy,107.5,125.1625,mg/dL,0.594,1.145,5.0,10.0,https://doi.org/10.1002/advs.202405518,model input resampled to 0.25-min intervals by linear interpolation; values are not normalized
Saha 2024,Saha_2024_Fig3b_Subject4,Fig3b_Subject4,Saha meal SBG proxy,107.75,125.09125,mg/dL,0.594,1.145,5.0,10.0,https://doi.org/10.1002/advs.202405518,model input resampled to 0.25-min intervals by linear interpolation; values are not normalized
Saha 2024,Saha_2024_Fig3b_Subject4,Fig3b_Subject4,Saha meal SBG proxy,108.0,125.02,mg/dL,0.594,1.145,5.0,10.0,https://doi.org/10.1002/advs.202405518,model input resampled to 0.25-min intervals by linear interpolation; values are not normalized
Saha 2024,Saha_2024_Fig3b_Subject4,Fig3b_Subject4,Saha meal SBG proxy,108.25,124.94874999999999,mg/dL,0.594,1.145,5.0,10.0,https://doi.org/10.1002/advs.202405518,model input resampled to 0.25-min intervals by linear interpolation; values are not normalized
Saha 2024,Saha_2024_Fig3b_Subject4,Fig3b_Subject4,Saha meal SBG proxy,108.5,124.8775,mg/dL,0.594,1.145,5.0,10.0,https://doi.org/10.1002/advs.202405518,model input resampled to 0.25-min intervals by linear interpolation; values are not normalized
Saha 2024,Saha_2024_Fig3b_Subject4,Fig3b_Subject4,Saha meal SBG proxy,108.75,124.80625,mg/dL,0.594,1.145,5.0,10.0,https://doi.org/10.1002/advs.202405518,model input resampled to 0.25-min intervals by linear interpolation; values are not normalized
Saha 2024,Saha_2024_Fig3b_Subject4,Fig3b_Subject4,Saha meal SBG proxy,109.0,124.735,mg/dL,0.594,1.145,5.0,10.0,https://doi.org/10.1002/advs.202405518,model input resampled to 0.25-min intervals by linear interpolation; values are not normalized
Saha 2024,Saha_2024_Fig3b_Subject4,Fig3b_Subject4,Saha meal SBG proxy,109.25,124.66375,mg/dL,0.594,1.145,5.0,10.0,https://doi.org/10.1002/advs.202405518,model input resampled to 0.25-min intervals by linear interpolation; values are not normalized
Saha 2024,Saha_2024_Fig3b_Subject4,Fig3b_Subject4,Saha meal SBG proxy,109.5,124.5925,mg/dL,0.594,1.145,5.0,10.0,https://doi.org/10.1002/advs.202405518,model input resampled to 0.25-min intervals by linear interpolation; values are not normalized
Saha 2024,Saha_2024_Fig3b_Subject4,Fig3b_Subject4,Saha meal SBG proxy,109.75,124.52125000000001,mg/dL,0.594,1.145,5.0,10.0,https://doi.org/10.1002/advs.202405518,model input resampled to 0.25-min intervals by linear interpolation; values are not normalized
Saha 2024,Saha_2024_Fig3b_Subject4,Fig3b_Subject4,Saha meal SBG proxy,110.0,124.45,mg/dL,0.594,1.145,5.0,10.0,https://doi.org/10.1002/advs.202405518,model input resampled to 0.25-min intervals by linear interpolation; values are not normalized
Saha 2024,Saha_2024_Fig3b_Subject4,Fig3b_Subject4,Saha meal SBG proxy,110.25,124.425,mg/dL,0.594,1.145,5.0,10.0,https://doi.org/10.1002/advs.202405518,model input resampled to 0.25-min intervals by linear interpolation; values are not normalized
Saha 2024,Saha_2024_Fig3b_Subject4,Fig3b_Subject4,Saha meal SBG proxy,110.5,124.4,mg/dL,0.594,1.145,5.0,10.0,https://doi.org/10.1002/advs.202405518,model input resampled to 0.25-min intervals by linear interpolation; values are not normalized
Saha 2024,Saha_2024_Fig3b_Subject4,Fig3b_Subject4,Saha meal SBG proxy,110.75,124.375,mg/dL,0.594,1.145,5.0,10.0,https://doi.org/10.1002/advs.202405518,model input resampled to 0.25-min intervals by linear interpolation; values are not normalized
Saha 2024,Saha_2024_Fig3b_Subject4,Fig3b_Subject4,Saha meal SBG proxy,111.0,124.35,mg/dL,0.594,1.145,5.0,10.0,https://doi.org/10.1002/advs.202405518,model input resampled to 0.25-min intervals by linear interpolation; values are not normalized
Saha 2024,Saha_2024_Fig3b_Subject4,Fig3b_Subject4,Saha meal SBG proxy,111.25,124.325,mg/dL,0.594,1.145,5.0,10.0,https://doi.org/10.1002/advs.202405518,model input resampled to 0.25-min intervals by linear interpolation; values are not normalized
Saha 2024,Saha_2024_Fig3b_Subject4,Fig3b_Subject4,Saha meal SBG proxy,111.5,124.3,mg/dL,0.594,1.145,5.0,10.0,https://doi.org/10.1002/advs.202405518,model input resampled to 0.25-min intervals by linear interpolation; values are not normalized
Saha 2024,Saha_2024_Fig3b_Subject4,Fig3b_Subject4,Saha meal SBG proxy,111.75,124.275,mg/dL,0.594,1.145,5.0,10.0,https://doi.org/10.1002/advs.202405518,model input resampled to 0.25-min intervals by linear interpolation; values are not normalized
Saha 2024,Saha_2024_Fig3b_Subject4,Fig3b_Subject4,Saha meal SBG proxy,112.0,124.25,mg/dL,0.594,1.145,5.0,10.0,https://doi.org/10.1002/advs.202405518,model input resampled to 0.25-min intervals by linear interpolation; values are not normalized
Saha 2024,Saha_2024_Fig3b_Subject4,Fig3b_Subject4,Saha meal SBG proxy,112.25,124.2025,mg/dL,0.594,1.145,5.0,10.0,https://doi.org/10.1002/advs.202405518,model input resampled to 0.25-min intervals by linear interpolation; values are not normalized
Saha 2024,Saha_2024_Fig3b_Subject4,Fig3b_Subject4,Saha meal SBG proxy,112.5,124.155,mg/dL,0.594,1.145,5.0,10.0,https://doi.org/10.1002/advs.202405518,model input resampled to 0.25-min intervals by linear interpolation; values are not normalized
Saha 2024,Saha_2024_Fig3b_Subject4,Fig3b_Subject4,Saha meal SBG proxy,112.75,124.1075,mg/dL,0.594,1.145,5.0,10.0,https://doi.org/10.1002/advs.202405518,model input resampled to 0.25-min intervals by linear interpolation; values are not normalized
Saha 2024,Saha_2024_Fig3b_Subject4,Fig3b_Subject4,Saha meal SBG proxy,113.0,124.06,mg/dL,0.594,1.145,5.0,10.0,https://doi.org/10.1002/advs.202405518,model input resampled to 0.25-min intervals by linear interpolation; values are not normalized
Saha 2024,Saha_2024_Fig3b_Subject4,Fig3b_Subject4,Saha meal SBG proxy,113.25,124.0125,mg/dL,0.594,1.145,5.0,10.0,https://doi.org/10.1002/advs.202405518,model input resampled to 0.25-min intervals by linear interpolation; values are not normalized
Saha 2024,Saha_2024_Fig3b_Subject4,Fig3b_Subject4,Saha meal SBG proxy,113.5,123.965,mg/dL,0.594,1.145,5.0,10.0,https://doi.org/10.1002/advs.202405518,model input resampled to 0.25-min intervals by linear interpolation; values are not normalized
Saha 2024,Saha_2024_Fig3b_Subject4,Fig3b_Subject4,Saha meal SBG proxy,113.75,123.9175,mg/dL,0.594,1.145,5.0,10.0,https://doi.org/10.1002/advs.202405518,model input resampled to 0.25-min intervals by linear interpolation; values are not normalized
Saha 2024,Saha_2024_Fig3b_Subject4,Fig3b_Subject4,Saha meal SBG proxy,114.0,123.87,mg/dL,0.594,1.145,5.0,10.0,https://doi.org/10.1002/advs.202405518,model input resampled to 0.25-min intervals by linear interpolation; values are not normalized
Saha 2024,Saha_2024_Fig3b_Subject4,Fig3b_Subject4,Saha meal SBG proxy,114.25,123.84625,mg/dL,0.594,1.145,5.0,10.0,https://doi.org/10.1002/advs.202405518,model input resampled to 0.25-min intervals by linear interpolation; values are not normalized
Saha 2024,Saha_2024_Fig3b_Subject4,Fig3b_Subject4,Saha meal SBG proxy,114.5,123.8225,mg/dL,0.594,1.145,5.0,10.0,https://doi.org/10.1002/advs.202405518,model input resampled to 0.25-min intervals by linear interpolation; values are not normalized
Saha 2024,Saha_2024_Fig3b_Subject4,Fig3b_Subject4,Saha meal SBG proxy,114.75,123.79875000000001,mg/dL,0.594,1.145,5.0,10.0,https://doi.org/10.1002/advs.202405518,model input resampled to 0.25-min intervals by linear interpolation; values are not normalized
Saha 2024,Saha_2024_Fig3b_Subject4,Fig3b_Subject4,Saha meal SBG proxy,115.0,123.775,mg/dL,0.594,1.145,5.0,10.0,https://doi.org/10.1002/advs.202405518,model input resampled to 0.25-min intervals by linear interpolation; values are not normalized
Saha 2024,Saha_2024_Fig3b_Subject4,Fig3b_Subject4,Saha meal SBG proxy,115.25,123.75125,mg/dL,0.594,1.145,5.0,10.0,https://doi.org/10.1002/advs.202405518,model input resampled to 0.25-min intervals by linear interpolation; values are not normalized
Saha 2024,Saha_2024_Fig3b_Subject4,Fig3b_Subject4,Saha meal SBG proxy,115.5,123.7275,mg/dL,0.594,1.145,5.0,10.0,https://doi.org/10.1002/advs.202405518,model input resampled to 0.25-min intervals by linear interpolation; values are not normalized
Saha 2024,Saha_2024_Fig3b_Subject4,Fig3b_Subject4,Saha meal SBG proxy,115.75,123.70375000000001,mg/dL,0.594,1.145,5.0,10.0,https://doi.org/10.1002/advs.202405518,model input resampled to 0.25-min intervals by linear interpolation; values are not normalized
Saha 2024,Saha_2024_Fig3b_Subject4,Fig3b_Subject4,Saha meal SBG proxy,116.0,123.68,mg/dL,0.594,1.145,5.0,10.0,https://doi.org/10.1002/advs.202405518,model input resampled to 0.25-min intervals by linear interpolation; values are not normalized
Saha 2024,Saha_2024_Fig3b_Subject4,Fig3b_Subject4,Saha meal SBG proxy,116.25,123.63250000000001,mg/dL,0.594,1.145,5.0,10.0,https://doi.org/10.1002/advs.202405518,model input resampled to 0.25-min intervals by linear interpolation; values are not normalized
Saha 2024,Saha_2024_Fig3b_Subject4,Fig3b_Subject4,Saha meal SBG proxy,116.5,123.58500000000001,mg/dL,0.594,1.145,5.0,10.0,https://doi.org/10.1002/advs.202405518,model input resampled to 0.25-min intervals by linear interpolation; values are not normalized
Saha 2024,Saha_2024_Fig3b_Subject4,Fig3b_Subject4,Saha meal SBG proxy,116.75,123.53750000000001,mg/dL,0.594,1.145,5.0,10.0,https://doi.org/10.1002/advs.202405518,model input resampled to 0.25-min intervals by linear interpolation; values are not normalized
Saha 2024,Saha_2024_Fig3b_Subject4,Fig3b_Subject4,Saha meal SBG proxy,117.0,123.49000000000001,mg/dL,0.594,1.145,5.0,10.0,https://doi.org/10.1002/advs.202405518,model input resampled to 0.25-min intervals by linear interpolation; values are not normalized
Saha 2024,Saha_2024_Fig3b_Subject4,Fig3b_Subject4,Saha meal SBG proxy,117.25,123.4425,mg/dL,0.594,1.145,5.0,10.0,https://doi.org/10.1002/advs.202405518,model input resampled to 0.25-min intervals by linear interpolation; values are not normalized
Saha 2024,Saha_2024_Fig3b_Subject4,Fig3b_Subject4,Saha meal SBG proxy,117.5,123.395,mg/dL,0.594,1.145,5.0,10.0,https://doi.org/10.1002/advs.202405518,model input resampled to 0.25-min intervals by linear interpolation; values are not normalized
Saha 2024,Saha_2024_Fig3b_Subject4,Fig3b_Subject4,Saha meal SBG proxy,117.75,123.3475,mg/dL,0.594,1.145,5.0,10.0,https://doi.org/10.1002/advs.202405518,model input resampled to 0.25-min intervals by linear interpolation; values are not normalized
Saha 2024,Saha_2024_Fig3b_Subject4,Fig3b_Subject4,Saha meal SBG proxy,118.0,123.3,mg/dL,0.594,1.145,5.0,10.0,https://doi.org/10.1002/advs.202405518,model input resampled to 0.25-min intervals by linear interpolation; values are not normalized
Saha 2024,Saha_2024_Fig3b_Subject4,Fig3b_Subject4,Saha meal SBG proxy,118.25,123.2525,mg/dL,0.594,1.145,5.0,10.0,https://doi.org/10.1002/advs.202405518,model input resampled to 0.25-min intervals by linear interpolation; values are not normalized
Saha 2024,Saha_2024_Fig3b_Subject4,Fig3b_Subject4,Saha meal SBG proxy,118.5,123.205,mg/dL,0.594,1.145,5.0,10.0,https://doi.org/10.1002/advs.202405518,model input resampled to 0.25-min intervals by linear interpolation; values are not normalized
Saha 2024,Saha_2024_Fig3b_Subject4,Fig3b_Subject4,Saha meal SBG proxy,118.75,123.1575,mg/dL,0.594,1.145,5.0,10.0,https://doi.org/10.1002/advs.202405518,model input resampled to 0.25-min intervals by linear interpolation; values are not normalized
Saha 2024,Saha_2024_Fig3b_Subject4,Fig3b_Subject4,Saha meal SBG proxy,119.0,123.11,mg/dL,0.594,1.145,5.0,10.0,https://doi.org/10.1002/advs.202405518,model input resampled to 0.25-min intervals by linear interpolation; values are not normalized
Saha 2024,Saha_2024_Fig3b_Subject4,Fig3b_Subject4,Saha meal SBG proxy,119.25,123.0625,mg/dL,0.594,1.145,5.0,10.0,https://doi.org/10.1002/advs.202405518,model input resampled to 0.25-min intervals by linear interpolation; values are not normalized
Saha 2024,Saha_2024_Fig3b_Subject4,Fig3b_Subject4,Saha meal SBG proxy,119.5,123.015,mg/dL,0.594,1.145,5.0,10.0,https://doi.org/10.1002/advs.202405518,model input resampled to 0.25-min intervals by linear interpolation; values are not normalized
Saha 2024,Saha_2024_Fig3b_Subject4,Fig3b_Subject4,Saha meal SBG proxy,119.75,122.9675,mg/dL,0.594,1.145,5.0,10.0,https://doi.org/10.1002/advs.202405518,model input resampled to 0.25-min intervals by linear interpolation; values are not normalized
Saha 2024,Saha_2024_Fig3b_Subject4,Fig3b_Subject4,Saha meal SBG proxy,120.0,122.92,mg/dL,0.594,1.145,5.0,10.0,https://doi.org/10.1002/advs.202405518,model input resampled to 0.25-min intervals by linear interpolation; values are not normalized
Saha 2024,Saha_2024_Fig3b_Subject4,Fig3b_Subject4,Saha meal SBG proxy,120.25,122.8725,mg/dL,0.594,1.145,5.0,10.0,https://doi.org/10.1002/advs.202405518,model input resampled to 0.25-min intervals by linear interpolation; values are not normalized
Saha 2024,Saha_2024_Fig3b_Subject4,Fig3b_Subject4,Saha meal SBG proxy,120.5,122.825,mg/dL,0.594,1.145,5.0,10.0,https://doi.org/10.1002/advs.202405518,model input resampled to 0.25-min intervals by linear interpolation; values are not normalized
Saha 2024,Saha_2024_Fig3b_Subject4,Fig3b_Subject4,Saha meal SBG proxy,120.75,122.7775,mg/dL,0.594,1.145,5.0,10.0,https://doi.org/10.1002/advs.202405518,model input resampled to 0.25-min intervals by linear interpolation; values are not normalized
Saha 2024,Saha_2024_Fig3b_Subject4,Fig3b_Subject4,Saha meal SBG proxy,121.0,122.73,mg/dL,0.594,1.145,5.0,10.0,https://doi.org/10.1002/advs.202405518,model input resampled to 0.25-min intervals by linear interpolation; values are not normalized
Saha 2024,Saha_2024_Fig3b_Subject4,Fig3b_Subject4,Saha meal SBG proxy,121.25,122.6825,mg/dL,0.594,1.145,5.0,10.0,https://doi.org/10.1002/advs.202405518,model input resampled to 0.25-min intervals by linear interpolation; values are not normalized
Saha 2024,Saha_2024_Fig3b_Subject4,Fig3b_Subject4,Saha meal SBG proxy,121.5,122.635,mg/dL,0.594,1.145,5.0,10.0,https://doi.org/10.1002/advs.202405518,model input resampled to 0.25-min intervals by linear interpolation; values are not normalized
Saha 2024,Saha_2024_Fig3b_Subject4,Fig3b_Subject4,Saha meal SBG proxy,121.75,122.5875,mg/dL,0.594,1.145,5.0,10.0,https://doi.org/10.1002/advs.202405518,model input resampled to 0.25-min intervals by linear interpolation; values are not normalized
Saha 2024,Saha_2024_Fig3b_Subject4,Fig3b_Subject4,Saha meal SBG proxy,122.0,122.54,mg/dL,0.594,1.145,5.0,10.0,https://doi.org/10.1002/advs.202405518,model input resampled to 0.25-min intervals by linear interpolation; values are not normalized
Saha 2024,Saha_2024_Fig3b_Subject4,Fig3b_Subject4,Saha meal SBG proxy,122.25,122.49125000000001,mg/dL,0.594,1.145,5.0,10.0,https://doi.org/10.1002/advs.202405518,model input resampled to 0.25-min intervals by linear interpolation; values are not normalized
Saha 2024,Saha_2024_Fig3b_Subject4,Fig3b_Subject4,Saha meal SBG proxy,122.5,122.44250000000001,mg/dL,0.594,1.145,5.0,10.0,https://doi.org/10.1002/advs.202405518,model input resampled to 0.25-min intervals by linear interpolation; values are not normalized
Saha 2024,Saha_2024_Fig3b_Subject4,Fig3b_Subject4,Saha meal SBG proxy,122.75,122.39375000000001,mg/dL,0.594,1.145,5.0,10.0,https://doi.org/10.1002/advs.202405518,model input resampled to 0.25-min intervals by linear interpolation; values are not normalized
Saha 2024,Saha_2024_Fig3b_Subject4,Fig3b_Subject4,Saha meal SBG proxy,123.0,122.345,mg/dL,0.594,1.145,5.0,10.0,https://doi.org/10.1002/advs.202405518,model input resampled to 0.25-min intervals by linear interpolation; values are not normalized
Saha 2024,Saha_2024_Fig3b_Subject4,Fig3b_Subject4,Saha meal SBG proxy,123.25,122.29625,mg/dL,0.594,1.145,5.0,10.0,https://doi.org/10.1002/advs.202405518,model input resampled to 0.25-min intervals by linear interpolation; values are not normalized
Saha 2024,Saha_2024_Fig3b_Subject4,Fig3b_Subject4,Saha meal SBG proxy,123.5,122.2475,mg/dL,0.594,1.145,5.0,10.0,https://doi.org/10.1002/advs.202405518,model input resampled to 0.25-min intervals by linear interpolation; values are not normalized
Saha 2024,Saha_2024_Fig3b_Subject4,Fig3b_Subject4,Saha meal SBG proxy,123.75,122.19875,mg/dL,0.594,1.145,5.0,10.0,https://doi.org/10.1002/advs.202405518,model input resampled to 0.25-min intervals by linear interpolation; values are not normalized
Saha 2024,Saha_2024_Fig3b_Subject4,Fig3b_Subject4,Saha meal SBG proxy,124.0,122.15,mg/dL,0.594,1.145,5.0,10.0,https://doi.org/10.1002/advs.202405518,model input resampled to 0.25-min intervals by linear interpolation; values are not normalized
Saha 2024,Saha_2024_Fig3b_Subject4,Fig3b_Subject4,Saha meal SBG proxy,124.25,122.1025,mg/dL,0.594,1.145,5.0,10.0,https://doi.org/10.1002/advs.202405518,model input resampled to 0.25-min intervals by linear interpolation; values are not normalized
Saha 2024,Saha_2024_Fig3b_Subject4,Fig3b_Subject4,Saha meal SBG proxy,124.5,122.055,mg/dL,0.594,1.145,5.0,10.0,https://doi.org/10.1002/advs.202405518,model input resampled to 0.25-min intervals by linear interpolation; values are not normalized
Saha 2024,Saha_2024_Fig3b_Subject4,Fig3b_Subject4,Saha meal SBG proxy,124.75,122.00750000000001,mg/dL,0.594,1.145,5.0,10.0,https://doi.org/10.1002/advs.202405518,model input resampled to 0.25-min intervals by linear interpolation; values are not normalized
Saha 2024,Saha_2024_Fig3b_Subject4,Fig3b_Subject4,Saha meal SBG proxy,125.0,121.96000000000001,mg/dL,0.594,1.145,5.0,10.0,https://doi.org/10.1002/advs.202405518,model input resampled to 0.25-min intervals by linear interpolation; values are not normalized
Saha 2024,Saha_2024_Fig3b_Subject4,Fig3b_Subject4,Saha meal SBG proxy,125.25,121.9125,mg/dL,0.594,1.145,5.0,10.0,https://doi.org/10.1002/advs.202405518,model input resampled to 0.25-min intervals by linear interpolation; values are not normalized
Saha 2024,Saha_2024_Fig3b_Subject4,Fig3b_Subject4,Saha meal SBG proxy,125.5,121.865,mg/dL,0.594,1.145,5.0,10.0,https://doi.org/10.1002/advs.202405518,model input resampled to 0.25-min intervals by linear interpolation; values are not normalized
Saha 2024,Saha_2024_Fig3b_Subject4,Fig3b_Subject4,Saha meal SBG proxy,125.75,121.8175,mg/dL,0.594,1.145,5.0,10.0,https://doi.org/10.1002/advs.202405518,model input resampled to 0.25-min intervals by linear interpolation; values are not normalized
Saha 2024,Saha_2024_Fig3b_Subject4,Fig3b_Subject4,Saha meal SBG proxy,126.0,121.77,mg/dL,0.594,1.145,5.0,10.0,https://doi.org/10.1002/advs.202405518,model input resampled to 0.25-min intervals by linear interpolation; values are not normalized
Saha 2024,Saha_2024_Fig3b_Subject4,Fig3b_Subject4,Saha meal SBG proxy,126.25,121.7225,mg/dL,0.594,1.145,5.0,10.0,https://doi.org/10.1002/advs.202405518,model input resampled to 0.25-min intervals by linear interpolation; values are not normalized
Saha 2024,Saha_2024_Fig3b_Subject4,Fig3b_Subject4,Saha meal SBG proxy,126.5,121.675,mg/dL,0.594,1.145,5.0,10.0,https://doi.org/10.1002/advs.202405518,model input resampled to 0.25-min intervals by linear interpolation; values are not normalized
Saha 2024,Saha_2024_Fig3b_Subject4,Fig3b_Subject4,Saha meal SBG proxy,126.75,121.6275,mg/dL,0.594,1.145,5.0,10.0,https://doi.org/10.1002/advs.202405518,model input resampled to 0.25-min intervals by linear interpolation; values are not normalized
Saha 2024,Saha_2024_Fig3b_Subject4,Fig3b_Subject4,Saha meal SBG proxy,127.0,121.58,mg/dL,0.594,1.145,5.0,10.0,https://doi.org/10.1002/advs.202405518,model input resampled to 0.25-min intervals by linear interpolation; values are not normalized
Saha 2024,Saha_2024_Fig3b_Subject4,Fig3b_Subject4,Saha meal SBG proxy,127.25,121.5325,mg/dL,0.594,1.145,5.0,10.0,https://doi.org/10.1002/advs.202405518,model input resampled to 0.25-min intervals by linear interpolation; values are not normalized
Saha 2024,Saha_2024_Fig3b_Subject4,Fig3b_Subject4,Saha meal SBG proxy,127.5,121.485,mg/dL,0.594,1.145,5.0,10.0,https://doi.org/10.1002/advs.202405518,model input resampled to 0.25-min intervals by linear interpolation; values are not normalized
Saha 2024,Saha_2024_Fig3b_Subject4,Fig3b_Subject4,Saha meal SBG proxy,127.75,121.4375,mg/dL,0.594,1.145,5.0,10.0,https://doi.org/10.1002/advs.202405518,model input resampled to 0.25-min intervals by linear interpolation; values are not normalized
Saha 2024,Saha_2024_Fig3b_Subject4,Fig3b_Subject4,Saha meal SBG proxy,128.0,121.39,mg/dL,0.594,1.145,5.0,10.0,https://doi.org/10.1002/advs.202405518,model input resampled to 0.25-min intervals by linear interpolation; values are not normalized
Saha 2024,Saha_2024_Fig3b_Subject4,Fig3b_Subject4,Saha meal SBG proxy,128.25,121.39,mg/dL,0.594,1.145,5.0,10.0,https://doi.org/10.1002/advs.202405518,model input resampled to 0.25-min intervals by linear interpolation; values are not normalized
Saha 2024,Saha_2024_Fig3b_Subject4,Fig3b_Subject4,Saha meal SBG proxy,128.5,121.39,mg/dL,0.594,1.145,5.0,10.0,https://doi.org/10.1002/advs.202405518,model input resampled to 0.25-min intervals by linear interpolation; values are not normalized
Saha 2024,Saha_2024_Fig3b_Subject4,Fig3b_Subject4,Saha meal SBG proxy,128.75,121.39,mg/dL,0.594,1.145,5.0,10.0,https://doi.org/10.1002/advs.202405518,model input resampled to 0.25-min intervals by linear interpolation; values are not normalized
Saha 2024,Saha_2024_Fig3b_Subject4,Fig3b_Subject4,Saha meal SBG proxy,129.0,121.39,mg/dL,0.594,1.145,5.0,10.0,https://doi.org/10.1002/advs.202405518,model input resampled to 0.25-min intervals by linear interpolation; values are not normalized
Saha 2024,Saha_2024_Fig3b_Subject4,Fig3b_Subject4,Saha meal SBG proxy,129.25,121.39,mg/dL,0.594,1.145,5.0,10.0,https://doi.org/10.1002/advs.202405518,model input resampled to 0.25-min intervals by linear interpolation; values are not normalized
Saha 2024,Saha_2024_Fig3b_Subject4,Fig3b_Subject4,Saha meal SBG proxy,129.5,121.39,mg/dL,0.594,1.145,5.0,10.0,https://doi.org/10.1002/advs.202405518,model input resampled to 0.25-min intervals by linear interpolation; values are not normalized
Saha 2024,Saha_2024_Fig3b_Subject4,Fig3b_Subject4,Saha meal SBG proxy,129.75,121.39,mg/dL,0.594,1.145,5.0,10.0,https://doi.org/10.1002/advs.202405518,model input resampled to 0.25-min intervals by linear interpolation; values are not normalized
Saha 2024,Saha_2024_Fig3b_Subject4,Fig3b_Subject4,Saha meal SBG proxy,130.0,121.39,mg/dL,0.594,1.145,5.0,10.0,https://doi.org/10.1002/advs.202405518,model input resampled to 0.25-min intervals by linear interpolation; values are not normalized
