source,doi,figure,panel,subject,signal_type,time_min,value,unit,protocol_phase,exercise_load_W,valid_for_model,interpolated_short_gap,x_uncertainty,x_uncertainty_unit,y_uncertainty,y_uncertainty_unit,evidence_level,source_url,notes,trace_id,included_in_model_window,model_time_min
Choi 2020,10.1038/s41598-020-64406-5,Figure 1B,B,Representative subject (identity not reported),sweat_chloride,7.5,29.079,mM,55 W warm-up / sensor stabilization,55,NO_STABILIZATION,NO,0.344,min,0.5,mM,PUBLIC_FIGURE_DIGITIZED,https://doi.org/10.1038/s41598-020-64406-5,Published trace was already processed with the reported 1-min median filter; no additional smoothing applied.,Choi_2020_B,False,
Choi 2020,10.1038/s41598-020-64406-5,Figure 1B,B,Representative subject (identity not reported),sweat_chloride,8.0,28.084,mM,55 W warm-up / sensor stabilization,55,NO_STABILIZATION,NO,0.344,min,0.5,mM,PUBLIC_FIGURE_DIGITIZED,https://doi.org/10.1038/s41598-020-64406-5,Published trace was already processed with the reported 1-min median filter; no additional smoothing applied.,Choi_2020_B,False,
Choi 2020,10.1038/s41598-020-64406-5,Figure 1B,B,Representative subject (identity not reported),sweat_chloride,8.5,26.978,mM,55 W warm-up / sensor stabilization,55,NO_STABILIZATION,NO,0.344,min,0.5,mM,PUBLIC_FIGURE_DIGITIZED,https://doi.org/10.1038/s41598-020-64406-5,Published trace was already processed with the reported 1-min median filter; no additional smoothing applied.,Choi_2020_B,False,
Choi 2020,10.1038/s41598-020-64406-5,Figure 1B,B,Representative subject (identity not reported),sweat_chloride,9.0,23.108,mM,55 W warm-up / sensor stabilization,55,NO_STABILIZATION,NO,0.344,min,0.5,mM,PUBLIC_FIGURE_DIGITIZED,https://doi.org/10.1038/s41598-020-64406-5,Published trace was already processed with the reported 1-min median filter; no additional smoothing applied.,Choi_2020_B,False,
Choi 2020,10.1038/s41598-020-64406-5,Figure 1B,B,Representative subject (identity not reported),sweat_chloride,9.5,19.459,mM,55 W warm-up / sensor stabilization,55,NO_STABILIZATION,NO,0.344,min,0.5,mM,PUBLIC_FIGURE_DIGITIZED,https://doi.org/10.1038/s41598-020-64406-5,Published trace was already processed with the reported 1-min median filter; no additional smoothing applied.,Choi_2020_B,False,
Choi 2020,10.1038/s41598-020-64406-5,Figure 1B,B,Representative subject (identity not reported),sweat_chloride,10.0,16.29,mM,55 W warm-up / sensor stabilization,55,NO_STABILIZATION,NO,0.344,min,0.5,mM,PUBLIC_FIGURE_DIGITIZED,https://doi.org/10.1038/s41598-020-64406-5,Published trace was already processed with the reported 1-min median filter; no additional smoothing applied.,Choi_2020_B,False,
Choi 2020,10.1038/s41598-020-64406-5,Figure 1B,B,Representative subject (identity not reported),sweat_chloride,10.5,14.447,mM,55 W warm-up / sensor stabilization,55,NO_STABILIZATION,NO,0.344,min,0.5,mM,PUBLIC_FIGURE_DIGITIZED,https://doi.org/10.1038/s41598-020-64406-5,Published trace was already processed with the reported 1-min median filter; no additional smoothing applied.,Choi_2020_B,False,
Choi 2020,10.1038/s41598-020-64406-5,Figure 1B,B,Representative subject (identity not reported),sweat_chloride,11.0,12.088,mM,55 W warm-up / sensor stabilization,55,NO_STABILIZATION,NO,0.344,min,0.5,mM,PUBLIC_FIGURE_DIGITIZED,https://doi.org/10.1038/s41598-020-64406-5,Published trace was already processed with the reported 1-min median filter; no additional smoothing applied.,Choi_2020_B,False,
Choi 2020,10.1038/s41598-020-64406-5,Figure 1B,B,Representative subject (identity not reported),sweat_chloride,11.5,10.614,mM,55 W warm-up / sensor stabilization,55,NO_STABILIZATION,NO,0.344,min,0.5,mM,PUBLIC_FIGURE_DIGITIZED,https://doi.org/10.1038/s41598-020-64406-5,Published trace was already processed with the reported 1-min median filter; no additional smoothing applied.,Choi_2020_B,False,
Choi 2020,10.1038/s41598-020-64406-5,Figure 1B,B,Representative subject (identity not reported),sweat_chloride,12.0,10.467,mM,55 W warm-up / sensor stabilization,55,NO_STABILIZATION,NO,0.344,min,0.5,mM,PUBLIC_FIGURE_DIGITIZED,https://doi.org/10.1038/s41598-020-64406-5,Published trace was already processed with the reported 1-min median filter; no additional smoothing applied.,Choi_2020_B,False,
Choi 2020,10.1038/s41598-020-64406-5,Figure 1B,B,Representative subject (identity not reported),sweat_chloride,12.5,11.904,mM,55 W warm-up / sensor stabilization,55,NO_STABILIZATION,NO,0.344,min,0.5,mM,PUBLIC_FIGURE_DIGITIZED,https://doi.org/10.1038/s41598-020-64406-5,Published trace was already processed with the reported 1-min median filter; no additional smoothing applied.,Choi_2020_B,False,
Choi 2020,10.1038/s41598-020-64406-5,Figure 1B,B,Representative subject (identity not reported),sweat_chloride,13.0,13.084,mM,55 W warm-up / sensor stabilization,55,NO_STABILIZATION,NO,0.344,min,0.5,mM,PUBLIC_FIGURE_DIGITIZED,https://doi.org/10.1038/s41598-020-64406-5,Published trace was already processed with the reported 1-min median filter; no additional smoothing applied.,Choi_2020_B,False,
Choi 2020,10.1038/s41598-020-64406-5,Figure 1B,B,Representative subject (identity not reported),sweat_chloride,13.5,14.3,mM,55 W warm-up / sensor stabilization,55,NO_STABILIZATION,NO,0.344,min,0.5,mM,PUBLIC_FIGURE_DIGITIZED,https://doi.org/10.1038/s41598-020-64406-5,Published trace was already processed with the reported 1-min median filter; no additional smoothing applied.,Choi_2020_B,False,
Choi 2020,10.1038/s41598-020-64406-5,Figure 1B,B,Representative subject (identity not reported),sweat_chloride,14.0,13.931,mM,55 W warm-up / sensor stabilization,55,NO_STABILIZATION,NO,0.344,min,0.5,mM,PUBLIC_FIGURE_DIGITIZED,https://doi.org/10.1038/s41598-020-64406-5,Published trace was already processed with the reported 1-min median filter; no additional smoothing applied.,Choi_2020_B,False,
Choi 2020,10.1038/s41598-020-64406-5,Figure 1B,B,Representative subject (identity not reported),sweat_chloride,14.5,13.342,mM,55 W warm-up / sensor stabilization,55,NO_STABILIZATION,NO,0.344,min,0.5,mM,PUBLIC_FIGURE_DIGITIZED,https://doi.org/10.1038/s41598-020-64406-5,Published trace was already processed with the reported 1-min median filter; no additional smoothing applied.,Choi_2020_B,False,
Choi 2020,10.1038/s41598-020-64406-5,Figure 1B,B,Representative subject (identity not reported),sweat_chloride,15.0,12.899,mM,100 W plateau,100,YES,NO,0.344,min,0.5,mM,PUBLIC_FIGURE_DIGITIZED,https://doi.org/10.1038/s41598-020-64406-5,Published trace was already processed with the reported 1-min median filter; no additional smoothing applied.,Choi_2020_B,False,
Choi 2020,10.1038/s41598-020-64406-5,Figure 1B,B,Representative subject (identity not reported),sweat_chloride,15.5,12.457,mM,100 W plateau,100,YES,NO,0.344,min,0.5,mM,PUBLIC_FIGURE_DIGITIZED,https://doi.org/10.1038/s41598-020-64406-5,Published trace was already processed with the reported 1-min median filter; no additional smoothing applied.,Choi_2020_B,True,0.0
Choi 2020,10.1038/s41598-020-64406-5,Figure 1B,B,Representative subject (identity not reported),sweat_chloride,16.0,12.162,mM,100 W plateau,100,YES,NO,0.344,min,0.5,mM,PUBLIC_FIGURE_DIGITIZED,https://doi.org/10.1038/s41598-020-64406-5,Published trace was already processed with the reported 1-min median filter; no additional smoothing applied.,Choi_2020_B,True,0.5
Choi 2020,10.1038/s41598-020-64406-5,Figure 1B,B,Representative subject (identity not reported),sweat_chloride,16.5,11.757,mM,100 W plateau,100,YES,NO,0.344,min,0.5,mM,PUBLIC_FIGURE_DIGITIZED,https://doi.org/10.1038/s41598-020-64406-5,Published trace was already processed with the reported 1-min median filter; no additional smoothing applied.,Choi_2020_B,True,1.0
Choi 2020,10.1038/s41598-020-64406-5,Figure 1B,B,Representative subject (identity not reported),sweat_chloride,17.0,11.278,mM,100 W plateau,100,YES,NO,0.344,min,0.5,mM,PUBLIC_FIGURE_DIGITIZED,https://doi.org/10.1038/s41598-020-64406-5,Published trace was already processed with the reported 1-min median filter; no additional smoothing applied.,Choi_2020_B,True,1.5
Choi 2020,10.1038/s41598-020-64406-5,Figure 1B,B,Representative subject (identity not reported),sweat_chloride,17.5,10.983,mM,100 W plateau,100,YES,NO,0.344,min,0.5,mM,PUBLIC_FIGURE_DIGITIZED,https://doi.org/10.1038/s41598-020-64406-5,Published trace was already processed with the reported 1-min median filter; no additional smoothing applied.,Choi_2020_B,True,2.0
Choi 2020,10.1038/s41598-020-64406-5,Figure 1B,B,Representative subject (identity not reported),sweat_chloride,18.0,10.909,mM,100 W plateau,100,YES,NO,0.344,min,0.5,mM,PUBLIC_FIGURE_DIGITIZED,https://doi.org/10.1038/s41598-020-64406-5,Published trace was already processed with the reported 1-min median filter; no additional smoothing applied.,Choi_2020_B,True,2.5
Choi 2020,10.1038/s41598-020-64406-5,Figure 1B,B,Representative subject (identity not reported),sweat_chloride,18.5,10.909,mM,100 W plateau,100,YES,NO,0.344,min,0.5,mM,PUBLIC_FIGURE_DIGITIZED,https://doi.org/10.1038/s41598-020-64406-5,Published trace was already processed with the reported 1-min median filter; no additional smoothing applied.,Choi_2020_B,True,3.0
Choi 2020,10.1038/s41598-020-64406-5,Figure 1B,B,Representative subject (identity not reported),sweat_chloride,19.0,10.983,mM,100 W plateau,100,YES,NO,0.344,min,0.5,mM,PUBLIC_FIGURE_DIGITIZED,https://doi.org/10.1038/s41598-020-64406-5,Published trace was already processed with the reported 1-min median filter; no additional smoothing applied.,Choi_2020_B,True,3.5
Choi 2020,10.1038/s41598-020-64406-5,Figure 1B,B,Representative subject (identity not reported),sweat_chloride,19.5,10.835,mM,100 W plateau,100,YES,NO,0.344,min,0.5,mM,PUBLIC_FIGURE_DIGITIZED,https://doi.org/10.1038/s41598-020-64406-5,Published trace was already processed with the reported 1-min median filter; no additional smoothing applied.,Choi_2020_B,True,4.0
Choi 2020,10.1038/s41598-020-64406-5,Figure 1B,B,Representative subject (identity not reported),sweat_chloride,20.0,10.319,mM,100 W plateau,100,YES,NO,0.344,min,0.5,mM,PUBLIC_FIGURE_DIGITIZED,https://doi.org/10.1038/s41598-020-64406-5,Published trace was already processed with the reported 1-min median filter; no additional smoothing applied.,Choi_2020_B,True,4.5
Choi 2020,10.1038/s41598-020-64406-5,Figure 1B,B,Representative subject (identity not reported),sweat_chloride,20.5,9.73,mM,100 W plateau,100,YES,NO,0.344,min,0.5,mM,PUBLIC_FIGURE_DIGITIZED,https://doi.org/10.1038/s41598-020-64406-5,Published trace was already processed with the reported 1-min median filter; no additional smoothing applied.,Choi_2020_B,True,5.0
Choi 2020,10.1038/s41598-020-64406-5,Figure 1B,B,Representative subject (identity not reported),sweat_chloride,21.0,9.619,mM,100 W plateau,100,YES,NO,0.344,min,0.5,mM,PUBLIC_FIGURE_DIGITIZED,https://doi.org/10.1038/s41598-020-64406-5,Published trace was already processed with the reported 1-min median filter; no additional smoothing applied.,Choi_2020_B,True,5.5
Choi 2020,10.1038/s41598-020-64406-5,Figure 1B,B,Representative subject (identity not reported),sweat_chloride,21.5,9.656,mM,100 W plateau,100,YES,NO,0.344,min,0.5,mM,PUBLIC_FIGURE_DIGITIZED,https://doi.org/10.1038/s41598-020-64406-5,Published trace was already processed with the reported 1-min median filter; no additional smoothing applied.,Choi_2020_B,True,6.0
Choi 2020,10.1038/s41598-020-64406-5,Figure 1B,B,Representative subject (identity not reported),sweat_chloride,22.0,9.914,mM,100 W plateau,100,YES,NO,0.344,min,0.5,mM,PUBLIC_FIGURE_DIGITIZED,https://doi.org/10.1038/s41598-020-64406-5,Published trace was already processed with the reported 1-min median filter; no additional smoothing applied.,Choi_2020_B,True,6.5
Choi 2020,10.1038/s41598-020-64406-5,Figure 1B,B,Representative subject (identity not reported),sweat_chloride,22.5,10.246,mM,100 W plateau,100,YES,NO,0.344,min,0.5,mM,PUBLIC_FIGURE_DIGITIZED,https://doi.org/10.1038/s41598-020-64406-5,Published trace was already processed with the reported 1-min median filter; no additional smoothing applied.,Choi_2020_B,True,7.0
Choi 2020,10.1038/s41598-020-64406-5,Figure 1B,B,Representative subject (identity not reported),sweat_chloride,23.0,10.577,mM,100 W plateau,100,YES,NO,0.344,min,0.5,mM,PUBLIC_FIGURE_DIGITIZED,https://doi.org/10.1038/s41598-020-64406-5,Published trace was already processed with the reported 1-min median filter; no additional smoothing applied.,Choi_2020_B,True,7.5
Choi 2020,10.1038/s41598-020-64406-5,Figure 1B,B,Representative subject (identity not reported),sweat_chloride,23.5,10.799,mM,100 W plateau,100,YES,NO,0.344,min,0.5,mM,PUBLIC_FIGURE_DIGITIZED,https://doi.org/10.1038/s41598-020-64406-5,Published trace was already processed with the reported 1-min median filter; no additional smoothing applied.,Choi_2020_B,True,8.0
Choi 2020,10.1038/s41598-020-64406-5,Figure 1B,B,Representative subject (identity not reported),sweat_chloride,24.0,10.909,mM,100 W plateau,100,YES,NO,0.344,min,0.5,mM,PUBLIC_FIGURE_DIGITIZED,https://doi.org/10.1038/s41598-020-64406-5,Published trace was already processed with the reported 1-min median filter; no additional smoothing applied.,Choi_2020_B,True,8.5
Choi 2020,10.1038/s41598-020-64406-5,Figure 1B,B,Representative subject (identity not reported),sweat_chloride,24.5,11.057,mM,100 W plateau,100,YES,NO,0.344,min,0.5,mM,PUBLIC_FIGURE_DIGITIZED,https://doi.org/10.1038/s41598-020-64406-5,Published trace was already processed with the reported 1-min median filter; no additional smoothing applied.,Choi_2020_B,True,9.0
Choi 2020,10.1038/s41598-020-64406-5,Figure 1B,B,Representative subject (identity not reported),sweat_chloride,25.0,11.425,mM,100 W plateau,100,YES,NO,0.344,min,0.5,mM,PUBLIC_FIGURE_DIGITIZED,https://doi.org/10.1038/s41598-020-64406-5,Published trace was already processed with the reported 1-min median filter; no additional smoothing applied.,Choi_2020_B,True,9.5
Choi 2020,10.1038/s41598-020-64406-5,Figure 1B,B,Representative subject (identity not reported),sweat_chloride,25.5,11.941,mM,100 W plateau,100,YES,NO,0.344,min,0.5,mM,PUBLIC_FIGURE_DIGITIZED,https://doi.org/10.1038/s41598-020-64406-5,Published trace was already processed with the reported 1-min median filter; no additional smoothing applied.,Choi_2020_B,True,10.0
Choi 2020,10.1038/s41598-020-64406-5,Figure 1B,B,Representative subject (identity not reported),sweat_chloride,26.0,12.383,mM,100 W plateau,100,YES,NO,0.344,min,0.5,mM,PUBLIC_FIGURE_DIGITIZED,https://doi.org/10.1038/s41598-020-64406-5,Published trace was already processed with the reported 1-min median filter; no additional smoothing applied.,Choi_2020_B,True,10.5
Choi 2020,10.1038/s41598-020-64406-5,Figure 1B,B,Representative subject (identity not reported),sweat_chloride,26.5,12.826,mM,100 W plateau,100,YES,NO,0.344,min,0.5,mM,PUBLIC_FIGURE_DIGITIZED,https://doi.org/10.1038/s41598-020-64406-5,Published trace was already processed with the reported 1-min median filter; no additional smoothing applied.,Choi_2020_B,True,11.0
Choi 2020,10.1038/s41598-020-64406-5,Figure 1B,B,Representative subject (identity not reported),sweat_chloride,27.0,13.047,mM,100 W plateau,100,YES,NO,0.344,min,0.5,mM,PUBLIC_FIGURE_DIGITIZED,https://doi.org/10.1038/s41598-020-64406-5,Published trace was already processed with the reported 1-min median filter; no additional smoothing applied.,Choi_2020_B,True,11.5
Choi 2020,10.1038/s41598-020-64406-5,Figure 1B,B,Representative subject (identity not reported),sweat_chloride,27.5,13.12,mM,100 W plateau,100,YES,NO,0.344,min,0.5,mM,PUBLIC_FIGURE_DIGITIZED,https://doi.org/10.1038/s41598-020-64406-5,Published trace was already processed with the reported 1-min median filter; no additional smoothing applied.,Choi_2020_B,True,12.0
Choi 2020,10.1038/s41598-020-64406-5,Figure 1B,B,Representative subject (identity not reported),sweat_chloride,28.0,12.973,mM,100 W plateau,100,YES,NO,0.344,min,0.5,mM,PUBLIC_FIGURE_DIGITIZED,https://doi.org/10.1038/s41598-020-64406-5,Published trace was already processed with the reported 1-min median filter; no additional smoothing applied.,Choi_2020_B,True,12.5
Choi 2020,10.1038/s41598-020-64406-5,Figure 1B,B,Representative subject (identity not reported),sweat_chloride,28.5,12.752,mM,100 W plateau,100,YES,NO,0.344,min,0.5,mM,PUBLIC_FIGURE_DIGITIZED,https://doi.org/10.1038/s41598-020-64406-5,Published trace was already processed with the reported 1-min median filter; no additional smoothing applied.,Choi_2020_B,True,13.0
Choi 2020,10.1038/s41598-020-64406-5,Figure 1B,B,Representative subject (identity not reported),sweat_chloride,29.0,12.383,mM,100 W plateau,100,YES,NO,0.344,min,0.5,mM,PUBLIC_FIGURE_DIGITIZED,https://doi.org/10.1038/s41598-020-64406-5,Published trace was already processed with the reported 1-min median filter; no additional smoothing applied.,Choi_2020_B,True,13.5
Choi 2020,10.1038/s41598-020-64406-5,Figure 1B,B,Representative subject (identity not reported),sweat_chloride,29.5,12.236,mM,100 W plateau,100,YES,NO,0.344,min,0.5,mM,PUBLIC_FIGURE_DIGITIZED,https://doi.org/10.1038/s41598-020-64406-5,Published trace was already processed with the reported 1-min median filter; no additional smoothing applied.,Choi_2020_B,True,14.0
Choi 2020,10.1038/s41598-020-64406-5,Figure 1B,B,Representative subject (identity not reported),sweat_chloride,30.0,12.31,mM,100 W plateau,100,YES,NO,0.344,min,0.5,mM,PUBLIC_FIGURE_DIGITIZED,https://doi.org/10.1038/s41598-020-64406-5,Published trace was already processed with the reported 1-min median filter; no additional smoothing applied.,Choi_2020_B,True,14.5
Choi 2020,10.1038/s41598-020-64406-5,Figure 1B,B,Representative subject (identity not reported),sweat_chloride,30.5,12.531,mM,100 W plateau,100,YES,NO,0.344,min,0.5,mM,PUBLIC_FIGURE_DIGITIZED,https://doi.org/10.1038/s41598-020-64406-5,Published trace was already processed with the reported 1-min median filter; no additional smoothing applied.,Choi_2020_B,True,15.0
Choi 2020,10.1038/s41598-020-64406-5,Figure 1B,B,Representative subject (identity not reported),sweat_chloride,31.0,12.604,mM,100 W plateau,100,YES,NO,0.344,min,0.5,mM,PUBLIC_FIGURE_DIGITIZED,https://doi.org/10.1038/s41598-020-64406-5,Published trace was already processed with the reported 1-min median filter; no additional smoothing applied.,Choi_2020_B,True,15.5
Choi 2020,10.1038/s41598-020-64406-5,Figure 1B,B,Representative subject (identity not reported),sweat_chloride,31.5,12.531,mM,100 W plateau,100,YES,NO,0.344,min,0.5,mM,PUBLIC_FIGURE_DIGITIZED,https://doi.org/10.1038/s41598-020-64406-5,Published trace was already processed with the reported 1-min median filter; no additional smoothing applied.,Choi_2020_B,True,16.0
Choi 2020,10.1038/s41598-020-64406-5,Figure 1B,B,Representative subject (identity not reported),sweat_chloride,32.0,12.273,mM,100 W plateau,100,YES,NO,0.344,min,0.5,mM,PUBLIC_FIGURE_DIGITIZED,https://doi.org/10.1038/s41598-020-64406-5,Published trace was already processed with the reported 1-min median filter; no additional smoothing applied.,Choi_2020_B,True,16.5
Choi 2020,10.1038/s41598-020-64406-5,Figure 1B,B,Representative subject (identity not reported),sweat_chloride,32.5,11.941,mM,100 W plateau,100,YES,NO,0.344,min,0.5,mM,PUBLIC_FIGURE_DIGITIZED,https://doi.org/10.1038/s41598-020-64406-5,Published trace was already processed with the reported 1-min median filter; no additional smoothing applied.,Choi_2020_B,True,17.0
Choi 2020,10.1038/s41598-020-64406-5,Figure 1B,B,Representative subject (identity not reported),sweat_chloride,33.0,11.72,mM,100 W plateau,100,YES,NO,0.344,min,0.5,mM,PUBLIC_FIGURE_DIGITIZED,https://doi.org/10.1038/s41598-020-64406-5,Published trace was already processed with the reported 1-min median filter; no additional smoothing applied.,Choi_2020_B,True,17.5
Choi 2020,10.1038/s41598-020-64406-5,Figure 1B,B,Representative subject (identity not reported),sweat_chloride,33.5,11.72,mM,100 W plateau,100,YES,NO,0.344,min,0.5,mM,PUBLIC_FIGURE_DIGITIZED,https://doi.org/10.1038/s41598-020-64406-5,Published trace was already processed with the reported 1-min median filter; no additional smoothing applied.,Choi_2020_B,True,18.0
Choi 2020,10.1038/s41598-020-64406-5,Figure 1B,B,Representative subject (identity not reported),sweat_chloride,34.0,11.941,mM,100 W plateau,100,YES,NO,0.344,min,0.5,mM,PUBLIC_FIGURE_DIGITIZED,https://doi.org/10.1038/s41598-020-64406-5,Published trace was already processed with the reported 1-min median filter; no additional smoothing applied.,Choi_2020_B,True,18.5
Choi 2020,10.1038/s41598-020-64406-5,Figure 1B,B,Representative subject (identity not reported),sweat_chloride,34.5,12.31,mM,100 W plateau,100,YES,NO,0.344,min,0.5,mM,PUBLIC_FIGURE_DIGITIZED,https://doi.org/10.1038/s41598-020-64406-5,Published trace was already processed with the reported 1-min median filter; no additional smoothing applied.,Choi_2020_B,True,19.0
Choi 2020,10.1038/s41598-020-64406-5,Figure 1B,B,Representative subject (identity not reported),sweat_chloride,35.0,12.752,mM,200 W plateau,200,YES,NO,0.344,min,0.5,mM,PUBLIC_FIGURE_DIGITIZED,https://doi.org/10.1038/s41598-020-64406-5,Published trace was already processed with the reported 1-min median filter; no additional smoothing applied.,Choi_2020_B,True,19.5
Choi 2020,10.1038/s41598-020-64406-5,Figure 1B,B,Representative subject (identity not reported),sweat_chloride,35.5,12.826,mM,200 W plateau,200,YES,NO,0.344,min,0.5,mM,PUBLIC_FIGURE_DIGITIZED,https://doi.org/10.1038/s41598-020-64406-5,Published trace was already processed with the reported 1-min median filter; no additional smoothing applied.,Choi_2020_B,True,20.0
Choi 2020,10.1038/s41598-020-64406-5,Figure 1B,B,Representative subject (identity not reported),sweat_chloride,36.0,13.12,mM,200 W plateau,200,YES,NO,0.344,min,0.5,mM,PUBLIC_FIGURE_DIGITIZED,https://doi.org/10.1038/s41598-020-64406-5,Published trace was already processed with the reported 1-min median filter; no additional smoothing applied.,Choi_2020_B,True,20.5
Choi 2020,10.1038/s41598-020-64406-5,Figure 1B,B,Representative subject (identity not reported),sweat_chloride,36.5,13.268,mM,200 W plateau,200,YES,NO,0.344,min,0.5,mM,PUBLIC_FIGURE_DIGITIZED,https://doi.org/10.1038/s41598-020-64406-5,Published trace was already processed with the reported 1-min median filter; no additional smoothing applied.,Choi_2020_B,True,21.0
Choi 2020,10.1038/s41598-020-64406-5,Figure 1B,B,Representative subject (identity not reported),sweat_chloride,37.0,13.489,mM,200 W plateau,200,YES,NO,0.344,min,0.5,mM,PUBLIC_FIGURE_DIGITIZED,https://doi.org/10.1038/s41598-020-64406-5,Published trace was already processed with the reported 1-min median filter; no additional smoothing applied.,Choi_2020_B,True,21.5
Choi 2020,10.1038/s41598-020-64406-5,Figure 1B,B,Representative subject (identity not reported),sweat_chloride,37.5,14.152,mM,200 W plateau,200,YES,NO,0.344,min,0.5,mM,PUBLIC_FIGURE_DIGITIZED,https://doi.org/10.1038/s41598-020-64406-5,Published trace was already processed with the reported 1-min median filter; no additional smoothing applied.,Choi_2020_B,True,22.0
Choi 2020,10.1038/s41598-020-64406-5,Figure 1B,B,Representative subject (identity not reported),sweat_chloride,38.0,15.037,mM,200 W plateau,200,YES,NO,0.344,min,0.5,mM,PUBLIC_FIGURE_DIGITIZED,https://doi.org/10.1038/s41598-020-64406-5,Published trace was already processed with the reported 1-min median filter; no additional smoothing applied.,Choi_2020_B,True,22.5
Choi 2020,10.1038/s41598-020-64406-5,Figure 1B,B,Representative subject (identity not reported),sweat_chloride,38.5,16.216,mM,200 W plateau,200,YES,NO,0.344,min,0.5,mM,PUBLIC_FIGURE_DIGITIZED,https://doi.org/10.1038/s41598-020-64406-5,Published trace was already processed with the reported 1-min median filter; no additional smoothing applied.,Choi_2020_B,True,23.0
Choi 2020,10.1038/s41598-020-64406-5,Figure 1B,B,Representative subject (identity not reported),sweat_chloride,39.0,17.101,mM,200 W plateau,200,YES,NO,0.344,min,0.5,mM,PUBLIC_FIGURE_DIGITIZED,https://doi.org/10.1038/s41598-020-64406-5,Published trace was already processed with the reported 1-min median filter; no additional smoothing applied.,Choi_2020_B,True,23.5
Choi 2020,10.1038/s41598-020-64406-5,Figure 1B,B,Representative subject (identity not reported),sweat_chloride,39.5,18.206,mM,200 W plateau,200,YES,NO,0.344,min,0.5,mM,PUBLIC_FIGURE_DIGITIZED,https://doi.org/10.1038/s41598-020-64406-5,Published trace was already processed with the reported 1-min median filter; no additional smoothing applied.,Choi_2020_B,True,24.0
Choi 2020,10.1038/s41598-020-64406-5,Figure 1B,B,Representative subject (identity not reported),sweat_chloride,40.0,18.943,mM,200 W plateau,200,YES,NO,0.344,min,0.5,mM,PUBLIC_FIGURE_DIGITIZED,https://doi.org/10.1038/s41598-020-64406-5,Published trace was already processed with the reported 1-min median filter; no additional smoothing applied.,Choi_2020_B,True,24.5
Choi 2020,10.1038/s41598-020-64406-5,Figure 1B,B,Representative subject (identity not reported),sweat_chloride,40.5,19.349,mM,200 W plateau,200,YES,NO,0.344,min,0.5,mM,PUBLIC_FIGURE_DIGITIZED,https://doi.org/10.1038/s41598-020-64406-5,Published trace was already processed with the reported 1-min median filter; no additional smoothing applied.,Choi_2020_B,True,25.0
Choi 2020,10.1038/s41598-020-64406-5,Figure 1B,B,Representative subject (identity not reported),sweat_chloride,41.0,20.049,mM,200 W plateau,200,YES,NO,0.344,min,0.5,mM,PUBLIC_FIGURE_DIGITIZED,https://doi.org/10.1038/s41598-020-64406-5,Published trace was already processed with the reported 1-min median filter; no additional smoothing applied.,Choi_2020_B,True,25.5
Choi 2020,10.1038/s41598-020-64406-5,Figure 1B,B,Representative subject (identity not reported),sweat_chloride,41.5,20.713,mM,200 W plateau,200,YES,NO,0.344,min,0.5,mM,PUBLIC_FIGURE_DIGITIZED,https://doi.org/10.1038/s41598-020-64406-5,Published trace was already processed with the reported 1-min median filter; no additional smoothing applied.,Choi_2020_B,True,26.0
Choi 2020,10.1038/s41598-020-64406-5,Figure 1B,B,Representative subject (identity not reported),sweat_chloride,42.0,21.302,mM,200 W plateau,200,YES,NO,0.344,min,0.5,mM,PUBLIC_FIGURE_DIGITIZED,https://doi.org/10.1038/s41598-020-64406-5,Published trace was already processed with the reported 1-min median filter; no additional smoothing applied.,Choi_2020_B,True,26.5
Choi 2020,10.1038/s41598-020-64406-5,Figure 1B,B,Representative subject (identity not reported),sweat_chloride,42.5,22.113,mM,200 W plateau,200,YES,NO,0.344,min,0.5,mM,PUBLIC_FIGURE_DIGITIZED,https://doi.org/10.1038/s41598-020-64406-5,Published trace was already processed with the reported 1-min median filter; no additional smoothing applied.,Choi_2020_B,True,27.0
Choi 2020,10.1038/s41598-020-64406-5,Figure 1B,B,Representative subject (identity not reported),sweat_chloride,43.0,22.776,mM,200 W plateau,200,YES,NO,0.344,min,0.5,mM,PUBLIC_FIGURE_DIGITIZED,https://doi.org/10.1038/s41598-020-64406-5,Published trace was already processed with the reported 1-min median filter; no additional smoothing applied.,Choi_2020_B,True,27.5
Choi 2020,10.1038/s41598-020-64406-5,Figure 1B,B,Representative subject (identity not reported),sweat_chloride,43.5,23.219,mM,200 W plateau,200,YES,NO,0.344,min,0.5,mM,PUBLIC_FIGURE_DIGITIZED,https://doi.org/10.1038/s41598-020-64406-5,Published trace was already processed with the reported 1-min median filter; no additional smoothing applied.,Choi_2020_B,True,28.0
Choi 2020,10.1038/s41598-020-64406-5,Figure 1B,B,Representative subject (identity not reported),sweat_chloride,44.0,23.514,mM,200 W plateau,200,YES,NO,0.344,min,0.5,mM,PUBLIC_FIGURE_DIGITIZED,https://doi.org/10.1038/s41598-020-64406-5,Published trace was already processed with the reported 1-min median filter; no additional smoothing applied.,Choi_2020_B,True,28.5
Choi 2020,10.1038/s41598-020-64406-5,Figure 1B,B,Representative subject (identity not reported),sweat_chloride,44.5,23.808,mM,200 W plateau,200,YES,NO,0.344,min,0.5,mM,PUBLIC_FIGURE_DIGITIZED,https://doi.org/10.1038/s41598-020-64406-5,Published trace was already processed with the reported 1-min median filter; no additional smoothing applied.,Choi_2020_B,True,29.0
Choi 2020,10.1038/s41598-020-64406-5,Figure 1B,B,Representative subject (identity not reported),sweat_chloride,45.0,23.882,mM,200 W plateau,200,YES,NO,0.344,min,0.5,mM,PUBLIC_FIGURE_DIGITIZED,https://doi.org/10.1038/s41598-020-64406-5,Published trace was already processed with the reported 1-min median filter; no additional smoothing applied.,Choi_2020_B,True,29.5
Choi 2020,10.1038/s41598-020-64406-5,Figure 1B,B,Representative subject (identity not reported),sweat_chloride,45.5,23.956,mM,200 W plateau,200,YES,NO,0.344,min,0.5,mM,PUBLIC_FIGURE_DIGITIZED,https://doi.org/10.1038/s41598-020-64406-5,Published trace was already processed with the reported 1-min median filter; no additional smoothing applied.,Choi_2020_B,True,30.0
Choi 2020,10.1038/s41598-020-64406-5,Figure 1B,B,Representative subject (identity not reported),sweat_chloride,46.0,24.029,mM,200 W plateau,200,YES,NO,0.344,min,0.5,mM,PUBLIC_FIGURE_DIGITIZED,https://doi.org/10.1038/s41598-020-64406-5,Published trace was already processed with the reported 1-min median filter; no additional smoothing applied.,Choi_2020_B,True,30.5
Choi 2020,10.1038/s41598-020-64406-5,Figure 1B,B,Representative subject (identity not reported),sweat_chloride,46.5,24.103,mM,200 W plateau,200,YES,NO,0.344,min,0.5,mM,PUBLIC_FIGURE_DIGITIZED,https://doi.org/10.1038/s41598-020-64406-5,Published trace was already processed with the reported 1-min median filter; no additional smoothing applied.,Choi_2020_B,True,31.0
Choi 2020,10.1038/s41598-020-64406-5,Figure 1B,B,Representative subject (identity not reported),sweat_chloride,47.0,24.103,mM,200 W plateau,200,YES,NO,0.344,min,0.5,mM,PUBLIC_FIGURE_DIGITIZED,https://doi.org/10.1038/s41598-020-64406-5,Published trace was already processed with the reported 1-min median filter; no additional smoothing applied.,Choi_2020_B,True,31.5
Choi 2020,10.1038/s41598-020-64406-5,Figure 1B,B,Representative subject (identity not reported),sweat_chloride,47.5,24.177,mM,200 W plateau,200,YES,NO,0.344,min,0.5,mM,PUBLIC_FIGURE_DIGITIZED,https://doi.org/10.1038/s41598-020-64406-5,Published trace was already processed with the reported 1-min median filter; no additional smoothing applied.,Choi_2020_B,True,32.0
Choi 2020,10.1038/s41598-020-64406-5,Figure 1B,B,Representative subject (identity not reported),sweat_chloride,48.0,24.324,mM,200 W plateau,200,YES,NO,0.344,min,0.5,mM,PUBLIC_FIGURE_DIGITIZED,https://doi.org/10.1038/s41598-020-64406-5,Published trace was already processed with the reported 1-min median filter; no additional smoothing applied.,Choi_2020_B,True,32.5
Choi 2020,10.1038/s41598-020-64406-5,Figure 1B,B,Representative subject (identity not reported),sweat_chloride,48.5,24.398,mM,200 W plateau,200,YES,NO,0.344,min,0.5,mM,PUBLIC_FIGURE_DIGITIZED,https://doi.org/10.1038/s41598-020-64406-5,Published trace was already processed with the reported 1-min median filter; no additional smoothing applied.,Choi_2020_B,True,33.0
Choi 2020,10.1038/s41598-020-64406-5,Figure 1B,B,Representative subject (identity not reported),sweat_chloride,49.0,23.956,mM,200 W plateau,200,YES,NO,0.344,min,0.5,mM,PUBLIC_FIGURE_DIGITIZED,https://doi.org/10.1038/s41598-020-64406-5,Published trace was already processed with the reported 1-min median filter; no additional smoothing applied.,Choi_2020_B,True,33.5
Choi 2020,10.1038/s41598-020-64406-5,Figure 1B,B,Representative subject (identity not reported),sweat_chloride,49.5,23.514,mM,200 W plateau,200,YES,NO,0.344,min,0.5,mM,PUBLIC_FIGURE_DIGITIZED,https://doi.org/10.1038/s41598-020-64406-5,Published trace was already processed with the reported 1-min median filter; no additional smoothing applied.,Choi_2020_B,True,34.0
Choi 2020,10.1038/s41598-020-64406-5,Figure 1B,B,Representative subject (identity not reported),sweat_chloride,50.0,23.366,mM,200 W plateau,200,YES,NO,0.344,min,0.5,mM,PUBLIC_FIGURE_DIGITIZED,https://doi.org/10.1038/s41598-020-64406-5,Published trace was already processed with the reported 1-min median filter; no additional smoothing applied.,Choi_2020_B,True,34.5
Choi 2020,10.1038/s41598-020-64406-5,Figure 1B,B,Representative subject (identity not reported),sweat_chloride,50.5,23.587,mM,200 W plateau,200,YES,NO,0.344,min,0.5,mM,PUBLIC_FIGURE_DIGITIZED,https://doi.org/10.1038/s41598-020-64406-5,Published trace was already processed with the reported 1-min median filter; no additional smoothing applied.,Choi_2020_B,True,35.0
Choi 2020,10.1038/s41598-020-64406-5,Figure 1B,B,Representative subject (identity not reported),sweat_chloride,51.0,23.071,mM,200 W plateau,200,YES,NO,0.344,min,0.5,mM,PUBLIC_FIGURE_DIGITIZED,https://doi.org/10.1038/s41598-020-64406-5,Published trace was already processed with the reported 1-min median filter; no additional smoothing applied.,Choi_2020_B,True,35.5
Choi 2020,10.1038/s41598-020-64406-5,Figure 1B,B,Representative subject (identity not reported),sweat_chloride,51.5,22.776,mM,200 W plateau,200,YES,NO,0.344,min,0.5,mM,PUBLIC_FIGURE_DIGITIZED,https://doi.org/10.1038/s41598-020-64406-5,Published trace was already processed with the reported 1-min median filter; no additional smoothing applied.,Choi_2020_B,True,36.0
Choi 2020,10.1038/s41598-020-64406-5,Figure 1B,B,Representative subject (identity not reported),sweat_chloride,52.0,22.113,mM,200 W plateau,200,YES,NO,0.344,min,0.5,mM,PUBLIC_FIGURE_DIGITIZED,https://doi.org/10.1038/s41598-020-64406-5,Published trace was already processed with the reported 1-min median filter; no additional smoothing applied.,Choi_2020_B,True,36.5
Choi 2020,10.1038/s41598-020-64406-5,Figure 1B,B,Representative subject (identity not reported),sweat_chloride,52.5,22.002,mM,200 W plateau,200,YES,NO,0.344,min,0.5,mM,PUBLIC_FIGURE_DIGITIZED,https://doi.org/10.1038/s41598-020-64406-5,Published trace was already processed with the reported 1-min median filter; no additional smoothing applied.,Choi_2020_B,True,37.0
Choi 2020,10.1038/s41598-020-64406-5,Figure 1B,B,Representative subject (identity not reported),sweat_chloride,53.0,21.892,mM,200 W plateau,200,YES,NO,0.344,min,0.5,mM,PUBLIC_FIGURE_DIGITIZED,https://doi.org/10.1038/s41598-020-64406-5,Published trace was already processed with the reported 1-min median filter; no additional smoothing applied.,Choi_2020_B,True,37.5
Choi 2020,10.1038/s41598-020-64406-5,Figure 1B,B,Representative subject (identity not reported),sweat_chloride,53.5,21.671,mM,200 W plateau,200,YES,NO,0.344,min,0.5,mM,PUBLIC_FIGURE_DIGITIZED,https://doi.org/10.1038/s41598-020-64406-5,Published trace was already processed with the reported 1-min median filter; no additional smoothing applied.,Choi_2020_B,True,38.0
Choi 2020,10.1038/s41598-020-64406-5,Figure 1B,B,Representative subject (identity not reported),sweat_chloride,54.0,21.523,mM,200 W plateau,200,YES,NO,0.344,min,0.5,mM,PUBLIC_FIGURE_DIGITIZED,https://doi.org/10.1038/s41598-020-64406-5,Published trace was already processed with the reported 1-min median filter; no additional smoothing applied.,Choi_2020_B,True,38.5
Choi 2020,10.1038/s41598-020-64406-5,Figure 1B,B,Representative subject (identity not reported),sweat_chloride,54.5,21.376,mM,200 W plateau,200,YES,NO,0.344,min,0.5,mM,PUBLIC_FIGURE_DIGITIZED,https://doi.org/10.1038/s41598-020-64406-5,Published trace was already processed with the reported 1-min median filter; no additional smoothing applied.,Choi_2020_B,True,39.0
Choi 2020,10.1038/s41598-020-64406-5,Figure 1B,B,Representative subject (identity not reported),sweat_chloride,55.0,21.302,mM,55 W recovery,55,YES,NO,0.344,min,0.5,mM,PUBLIC_FIGURE_DIGITIZED,https://doi.org/10.1038/s41598-020-64406-5,Published trace was already processed with the reported 1-min median filter; no additional smoothing applied.,Choi_2020_B,True,39.5
Choi 2020,10.1038/s41598-020-64406-5,Figure 1B,B,Representative subject (identity not reported),sweat_chloride,55.5,21.523,mM,55 W recovery,55,YES,NO,0.344,min,0.5,mM,PUBLIC_FIGURE_DIGITIZED,https://doi.org/10.1038/s41598-020-64406-5,Published trace was already processed with the reported 1-min median filter; no additional smoothing applied.,Choi_2020_B,True,40.0
Choi 2020,10.1038/s41598-020-64406-5,Figure 1B,B,Representative subject (identity not reported),sweat_chloride,56.0,21.818,mM,55 W recovery,55,YES,NO,0.344,min,0.5,mM,PUBLIC_FIGURE_DIGITIZED,https://doi.org/10.1038/s41598-020-64406-5,Published trace was already processed with the reported 1-min median filter; no additional smoothing applied.,Choi_2020_B,True,40.5
Choi 2020,10.1038/s41598-020-64406-5,Figure 1B,B,Representative subject (identity not reported),sweat_chloride,56.5,22.334,mM,55 W recovery,55,YES,NO,0.344,min,0.5,mM,PUBLIC_FIGURE_DIGITIZED,https://doi.org/10.1038/s41598-020-64406-5,Published trace was already processed with the reported 1-min median filter; no additional smoothing applied.,Choi_2020_B,True,41.0
Choi 2020,10.1038/s41598-020-64406-5,Figure 1B,B,Representative subject (identity not reported),sweat_chloride,57.0,22.334,mM,55 W recovery,55,YES,NO,0.344,min,0.5,mM,PUBLIC_FIGURE_DIGITIZED,https://doi.org/10.1038/s41598-020-64406-5,Published trace was already processed with the reported 1-min median filter; no additional smoothing applied.,Choi_2020_B,True,41.5
Choi 2020,10.1038/s41598-020-64406-5,Figure 1B,B,Representative subject (identity not reported),sweat_chloride,57.5,21.966,mM,55 W recovery,55,YES,NO,0.344,min,0.5,mM,PUBLIC_FIGURE_DIGITIZED,https://doi.org/10.1038/s41598-020-64406-5,Published trace was already processed with the reported 1-min median filter; no additional smoothing applied.,Choi_2020_B,True,42.0
Choi 2020,10.1038/s41598-020-64406-5,Figure 1B,B,Representative subject (identity not reported),sweat_chloride,58.0,21.523,mM,55 W recovery,55,YES,NO,0.344,min,0.5,mM,PUBLIC_FIGURE_DIGITIZED,https://doi.org/10.1038/s41598-020-64406-5,Published trace was already processed with the reported 1-min median filter; no additional smoothing applied.,Choi_2020_B,True,42.5
Choi 2020,10.1038/s41598-020-64406-5,Figure 1B,B,Representative subject (identity not reported),sweat_chloride,58.5,21.007,mM,55 W recovery,55,YES,NO,0.344,min,0.5,mM,PUBLIC_FIGURE_DIGITIZED,https://doi.org/10.1038/s41598-020-64406-5,Published trace was already processed with the reported 1-min median filter; no additional smoothing applied.,Choi_2020_B,True,43.0
Choi 2020,10.1038/s41598-020-64406-5,Figure 1B,B,Representative subject (identity not reported),sweat_chloride,59.0,20.565,mM,55 W recovery,55,YES,NO,0.344,min,0.5,mM,PUBLIC_FIGURE_DIGITIZED,https://doi.org/10.1038/s41598-020-64406-5,Published trace was already processed with the reported 1-min median filter; no additional smoothing applied.,Choi_2020_B,True,43.5
Choi 2020,10.1038/s41598-020-64406-5,Figure 1B,B,Representative subject (identity not reported),sweat_chloride,59.5,20.27,mM,55 W recovery,55,YES,NO,0.344,min,0.5,mM,PUBLIC_FIGURE_DIGITIZED,https://doi.org/10.1038/s41598-020-64406-5,Published trace was already processed with the reported 1-min median filter; no additional smoothing applied.,Choi_2020_B,True,44.0
Choi 2020,10.1038/s41598-020-64406-5,Figure 1B,B,Representative subject (identity not reported),sweat_chloride,60.0,20.012,mM,55 W recovery,55,YES,NO,0.344,min,0.5,mM,PUBLIC_FIGURE_DIGITIZED,https://doi.org/10.1038/s41598-020-64406-5,Published trace was already processed with the reported 1-min median filter; no additional smoothing applied.,Choi_2020_B,True,44.5
Choi 2020,10.1038/s41598-020-64406-5,Figure 1B,B,Representative subject (identity not reported),sweat_chloride,60.5,19.607,mM,55 W recovery,55,YES,NO,0.344,min,0.5,mM,PUBLIC_FIGURE_DIGITIZED,https://doi.org/10.1038/s41598-020-64406-5,Published trace was already processed with the reported 1-min median filter; no additional smoothing applied.,Choi_2020_B,True,45.0
Choi 2020,10.1038/s41598-020-64406-5,Figure 1B,B,Representative subject (identity not reported),sweat_chloride,61.0,19.312,mM,55 W recovery,55,YES,NO,0.344,min,0.5,mM,PUBLIC_FIGURE_DIGITIZED,https://doi.org/10.1038/s41598-020-64406-5,Published trace was already processed with the reported 1-min median filter; no additional smoothing applied.,Choi_2020_B,True,45.5
Choi 2020,10.1038/s41598-020-64406-5,Figure 1B,B,Representative subject (identity not reported),sweat_chloride,61.5,18.87,mM,55 W recovery,55,YES,NO,0.344,min,0.5,mM,PUBLIC_FIGURE_DIGITIZED,https://doi.org/10.1038/s41598-020-64406-5,Published trace was already processed with the reported 1-min median filter; no additional smoothing applied.,Choi_2020_B,True,46.0
Choi 2020,10.1038/s41598-020-64406-5,Figure 1B,B,Representative subject (identity not reported),sweat_chloride,62.0,18.649,mM,55 W recovery,55,YES,NO,0.344,min,0.5,mM,PUBLIC_FIGURE_DIGITIZED,https://doi.org/10.1038/s41598-020-64406-5,Published trace was already processed with the reported 1-min median filter; no additional smoothing applied.,Choi_2020_B,True,46.5
Choi 2020,10.1038/s41598-020-64406-5,Figure 1B,B,Representative subject (identity not reported),sweat_chloride,62.5,18.206,mM,55 W recovery,55,YES,NO,0.344,min,0.5,mM,PUBLIC_FIGURE_DIGITIZED,https://doi.org/10.1038/s41598-020-64406-5,Published trace was already processed with the reported 1-min median filter; no additional smoothing applied.,Choi_2020_B,True,47.0
Choi 2020,10.1038/s41598-020-64406-5,Figure 1B,B,Representative subject (identity not reported),sweat_chloride,63.0,17.912,mM,55 W recovery,55,YES,NO,0.344,min,0.5,mM,PUBLIC_FIGURE_DIGITIZED,https://doi.org/10.1038/s41598-020-64406-5,Published trace was already processed with the reported 1-min median filter; no additional smoothing applied.,Choi_2020_B,True,47.5
Choi 2020,10.1038/s41598-020-64406-5,Figure 1B,B,Representative subject (identity not reported),sweat_chloride,63.5,17.764,mM,55 W recovery,55,YES,NO,0.344,min,0.5,mM,PUBLIC_FIGURE_DIGITIZED,https://doi.org/10.1038/s41598-020-64406-5,Published trace was already processed with the reported 1-min median filter; no additional smoothing applied.,Choi_2020_B,True,48.0
Choi 2020,10.1038/s41598-020-64406-5,Figure 1B,B,Representative subject (identity not reported),sweat_chloride,64.0,17.58,mM,55 W recovery,55,YES,NO,0.344,min,0.5,mM,PUBLIC_FIGURE_DIGITIZED,https://doi.org/10.1038/s41598-020-64406-5,Published trace was already processed with the reported 1-min median filter; no additional smoothing applied.,Choi_2020_B,True,48.5
Choi 2020,10.1038/s41598-020-64406-5,Figure 1B,B,Representative subject (identity not reported),sweat_chloride,64.5,17.506,mM,55 W recovery,55,YES,NO,0.344,min,0.5,mM,PUBLIC_FIGURE_DIGITIZED,https://doi.org/10.1038/s41598-020-64406-5,Published trace was already processed with the reported 1-min median filter; no additional smoothing applied.,Choi_2020_B,True,49.0
Choi 2020,10.1038/s41598-020-64406-5,Figure 1B,B,Representative subject (identity not reported),sweat_chloride,65.0,17.543,mM,55 W recovery,55,YES,NO,0.344,min,0.5,mM,PUBLIC_FIGURE_DIGITIZED,https://doi.org/10.1038/s41598-020-64406-5,Published trace was already processed with the reported 1-min median filter; no additional smoothing applied.,Choi_2020_B,True,49.5
Choi 2020,10.1038/s41598-020-64406-5,Figure 1B,B,Representative subject (identity not reported),sweat_chloride,65.5,17.396,mM,55 W recovery,55,YES,NO,0.344,min,0.5,mM,PUBLIC_FIGURE_DIGITIZED,https://doi.org/10.1038/s41598-020-64406-5,Published trace was already processed with the reported 1-min median filter; no additional smoothing applied.,Choi_2020_B,True,50.0
Choi 2020,10.1038/s41598-020-64406-5,Figure 1B,B,Representative subject (identity not reported),sweat_chloride,66.0,16.88,mM,55 W recovery,55,YES,NO,0.344,min,0.5,mM,PUBLIC_FIGURE_DIGITIZED,https://doi.org/10.1038/s41598-020-64406-5,Published trace was already processed with the reported 1-min median filter; no additional smoothing applied.,Choi_2020_B,True,50.5
Choi 2020,10.1038/s41598-020-64406-5,Figure 1B,B,Representative subject (identity not reported),sweat_chloride,66.5,16.106,mM,55 W recovery,55,YES,NO,0.344,min,0.5,mM,PUBLIC_FIGURE_DIGITIZED,https://doi.org/10.1038/s41598-020-64406-5,Published trace was already processed with the reported 1-min median filter; no additional smoothing applied.,Choi_2020_B,True,51.0
Choi 2020,10.1038/s41598-020-64406-5,Figure 1B,B,Representative subject (identity not reported),sweat_chloride,67.0,15.405,mM,55 W recovery,55,YES,NO,0.344,min,0.5,mM,PUBLIC_FIGURE_DIGITIZED,https://doi.org/10.1038/s41598-020-64406-5,Published trace was already processed with the reported 1-min median filter; no additional smoothing applied.,Choi_2020_B,True,51.5
Choi 2020,10.1038/s41598-020-64406-5,Figure 1B,B,Representative subject (identity not reported),sweat_chloride,67.5,15.111,mM,55 W recovery,55,YES,NO,0.344,min,0.5,mM,PUBLIC_FIGURE_DIGITIZED,https://doi.org/10.1038/s41598-020-64406-5,Published trace was already processed with the reported 1-min median filter; no additional smoothing applied.,Choi_2020_B,True,52.0
Choi 2020,10.1038/s41598-020-64406-5,Figure 1B,B,Representative subject (identity not reported),sweat_chloride,68.0,14.668,mM,55 W recovery,55,YES,NO,0.344,min,0.5,mM,PUBLIC_FIGURE_DIGITIZED,https://doi.org/10.1038/s41598-020-64406-5,Published trace was already processed with the reported 1-min median filter; no additional smoothing applied.,Choi_2020_B,True,52.5
Choi 2020,10.1038/s41598-020-64406-5,Figure 1B,B,Representative subject (identity not reported),sweat_chloride,68.5,14.226,mM,55 W recovery,55,YES,NO,0.344,min,0.5,mM,PUBLIC_FIGURE_DIGITIZED,https://doi.org/10.1038/s41598-020-64406-5,Published trace was already processed with the reported 1-min median filter; no additional smoothing applied.,Choi_2020_B,True,53.0
Choi 2020,10.1038/s41598-020-64406-5,Figure 1B,B,Representative subject (identity not reported),sweat_chloride,69.0,13.857,mM,55 W recovery,55,YES,NO,0.344,min,0.5,mM,PUBLIC_FIGURE_DIGITIZED,https://doi.org/10.1038/s41598-020-64406-5,Published trace was already processed with the reported 1-min median filter; no additional smoothing applied.,Choi_2020_B,True,53.5
Choi 2020,10.1038/s41598-020-64406-5,Figure 1B,B,Representative subject (identity not reported),sweat_chloride,69.5,13.636,mM,55 W recovery,55,YES,NO,0.344,min,0.5,mM,PUBLIC_FIGURE_DIGITIZED,https://doi.org/10.1038/s41598-020-64406-5,Published trace was already processed with the reported 1-min median filter; no additional smoothing applied.,Choi_2020_B,True,54.0
Choi 2020,10.1038/s41598-020-64406-5,Figure 1C,C,Representative subject (identity not reported),sweat_chloride,5.0,49.384,mM,55 W warm-up / sensor stabilization,55,NO_STABILIZATION,NO,0.344,min,0.8,mM,PUBLIC_FIGURE_DIGITIZED,https://doi.org/10.1038/s41598-020-64406-5,Published trace was already processed with the reported 1-min median filter; no additional smoothing applied.,Choi_2020_C,False,
Choi 2020,10.1038/s41598-020-64406-5,Figure 1C,C,Representative subject (identity not reported),sweat_chloride,5.5,47.291,mM,55 W warm-up / sensor stabilization,55,NO_STABILIZATION,NO,0.344,min,0.8,mM,PUBLIC_FIGURE_DIGITIZED,https://doi.org/10.1038/s41598-020-64406-5,Published trace was already processed with the reported 1-min median filter; no additional smoothing applied.,Choi_2020_C,False,
Choi 2020,10.1038/s41598-020-64406-5,Figure 1C,C,Representative subject (identity not reported),sweat_chloride,6.0,44.581,mM,55 W warm-up / sensor stabilization,55,NO_STABILIZATION,NO,0.344,min,0.8,mM,PUBLIC_FIGURE_DIGITIZED,https://doi.org/10.1038/s41598-020-64406-5,Published trace was already processed with the reported 1-min median filter; no additional smoothing applied.,Choi_2020_C,False,
Choi 2020,10.1038/s41598-020-64406-5,Figure 1C,C,Representative subject (identity not reported),sweat_chloride,6.5,39.039,mM,55 W warm-up / sensor stabilization,55,NO_STABILIZATION,NO,0.344,min,0.8,mM,PUBLIC_FIGURE_DIGITIZED,https://doi.org/10.1038/s41598-020-64406-5,Published trace was already processed with the reported 1-min median filter; no additional smoothing applied.,Choi_2020_C,False,
Choi 2020,10.1038/s41598-020-64406-5,Figure 1C,C,Representative subject (identity not reported),sweat_chloride,7.0,33.621,mM,55 W warm-up / sensor stabilization,55,NO_STABILIZATION,NO,0.344,min,0.8,mM,PUBLIC_FIGURE_DIGITIZED,https://doi.org/10.1038/s41598-020-64406-5,Published trace was already processed with the reported 1-min median filter; no additional smoothing applied.,Choi_2020_C,False,
Choi 2020,10.1038/s41598-020-64406-5,Figure 1C,C,Representative subject (identity not reported),sweat_chloride,7.5,30.603,mM,55 W warm-up / sensor stabilization,55,NO_STABILIZATION,NO,0.344,min,0.8,mM,PUBLIC_FIGURE_DIGITIZED,https://doi.org/10.1038/s41598-020-64406-5,Published trace was already processed with the reported 1-min median filter; no additional smoothing applied.,Choi_2020_C,False,
Choi 2020,10.1038/s41598-020-64406-5,Figure 1C,C,Representative subject (identity not reported),sweat_chloride,8.0,27.586,mM,55 W warm-up / sensor stabilization,55,NO_STABILIZATION,NO,0.344,min,0.8,mM,PUBLIC_FIGURE_DIGITIZED,https://doi.org/10.1038/s41598-020-64406-5,Published trace was already processed with the reported 1-min median filter; no additional smoothing applied.,Choi_2020_C,False,
Choi 2020,10.1038/s41598-020-64406-5,Figure 1C,C,Representative subject (identity not reported),sweat_chloride,8.5,25.616,mM,55 W warm-up / sensor stabilization,55,NO_STABILIZATION,NO,0.344,min,0.8,mM,PUBLIC_FIGURE_DIGITIZED,https://doi.org/10.1038/s41598-020-64406-5,Published trace was already processed with the reported 1-min median filter; no additional smoothing applied.,Choi_2020_C,False,
Choi 2020,10.1038/s41598-020-64406-5,Figure 1C,C,Representative subject (identity not reported),sweat_chloride,9.0,22.906,mM,55 W warm-up / sensor stabilization,55,NO_STABILIZATION,NO,0.344,min,0.8,mM,PUBLIC_FIGURE_DIGITIZED,https://doi.org/10.1038/s41598-020-64406-5,Published trace was already processed with the reported 1-min median filter; no additional smoothing applied.,Choi_2020_C,False,
Choi 2020,10.1038/s41598-020-64406-5,Figure 1C,C,Representative subject (identity not reported),sweat_chloride,9.5,21.305,mM,55 W warm-up / sensor stabilization,55,NO_STABILIZATION,NO,0.344,min,0.8,mM,PUBLIC_FIGURE_DIGITIZED,https://doi.org/10.1038/s41598-020-64406-5,Published trace was already processed with the reported 1-min median filter; no additional smoothing applied.,Choi_2020_C,False,
Choi 2020,10.1038/s41598-020-64406-5,Figure 1C,C,Representative subject (identity not reported),sweat_chloride,10.0,19.704,mM,55 W warm-up / sensor stabilization,55,NO_STABILIZATION,NO,0.344,min,0.8,mM,PUBLIC_FIGURE_DIGITIZED,https://doi.org/10.1038/s41598-020-64406-5,Published trace was already processed with the reported 1-min median filter; no additional smoothing applied.,Choi_2020_C,False,
Choi 2020,10.1038/s41598-020-64406-5,Figure 1C,C,Representative subject (identity not reported),sweat_chloride,10.5,18.719,mM,55 W warm-up / sensor stabilization,55,NO_STABILIZATION,NO,0.344,min,0.8,mM,PUBLIC_FIGURE_DIGITIZED,https://doi.org/10.1038/s41598-020-64406-5,Published trace was already processed with the reported 1-min median filter; no additional smoothing applied.,Choi_2020_C,False,
Choi 2020,10.1038/s41598-020-64406-5,Figure 1C,C,Representative subject (identity not reported),sweat_chloride,11.0,17.734,mM,55 W warm-up / sensor stabilization,55,NO_STABILIZATION,NO,0.344,min,0.8,mM,PUBLIC_FIGURE_DIGITIZED,https://doi.org/10.1038/s41598-020-64406-5,Published trace was already processed with the reported 1-min median filter; no additional smoothing applied.,Choi_2020_C,False,
Choi 2020,10.1038/s41598-020-64406-5,Figure 1C,C,Representative subject (identity not reported),sweat_chloride,11.5,16.872,mM,55 W warm-up / sensor stabilization,55,NO_STABILIZATION,NO,0.344,min,0.8,mM,PUBLIC_FIGURE_DIGITIZED,https://doi.org/10.1038/s41598-020-64406-5,Published trace was already processed with the reported 1-min median filter; no additional smoothing applied.,Choi_2020_C,False,
Choi 2020,10.1038/s41598-020-64406-5,Figure 1C,C,Representative subject (identity not reported),sweat_chloride,12.0,16.502,mM,55 W warm-up / sensor stabilization,55,NO_STABILIZATION,NO,0.344,min,0.8,mM,PUBLIC_FIGURE_DIGITIZED,https://doi.org/10.1038/s41598-020-64406-5,Published trace was already processed with the reported 1-min median filter; no additional smoothing applied.,Choi_2020_C,False,
Choi 2020,10.1038/s41598-020-64406-5,Figure 1C,C,Representative subject (identity not reported),sweat_chloride,12.5,16.256,mM,55 W warm-up / sensor stabilization,55,NO_STABILIZATION,NO,0.344,min,0.8,mM,PUBLIC_FIGURE_DIGITIZED,https://doi.org/10.1038/s41598-020-64406-5,Published trace was already processed with the reported 1-min median filter; no additional smoothing applied.,Choi_2020_C,False,
Choi 2020,10.1038/s41598-020-64406-5,Figure 1C,C,Representative subject (identity not reported),sweat_chloride,13.0,15.887,mM,55 W warm-up / sensor stabilization,55,NO_STABILIZATION,NO,0.344,min,0.8,mM,PUBLIC_FIGURE_DIGITIZED,https://doi.org/10.1038/s41598-020-64406-5,Published trace was already processed with the reported 1-min median filter; no additional smoothing applied.,Choi_2020_C,False,
Choi 2020,10.1038/s41598-020-64406-5,Figure 1C,C,Representative subject (identity not reported),sweat_chloride,13.5,15.64,mM,55 W warm-up / sensor stabilization,55,NO_STABILIZATION,NO,0.344,min,0.8,mM,PUBLIC_FIGURE_DIGITIZED,https://doi.org/10.1038/s41598-020-64406-5,Published trace was already processed with the reported 1-min median filter; no additional smoothing applied.,Choi_2020_C,False,
Choi 2020,10.1038/s41598-020-64406-5,Figure 1C,C,Representative subject (identity not reported),sweat_chloride,14.0,15.209,mM,55 W warm-up / sensor stabilization,55,NO_STABILIZATION,NO,0.344,min,0.8,mM,PUBLIC_FIGURE_DIGITIZED,https://doi.org/10.1038/s41598-020-64406-5,Published trace was already processed with the reported 1-min median filter; no additional smoothing applied.,Choi_2020_C,False,
Choi 2020,10.1038/s41598-020-64406-5,Figure 1C,C,Representative subject (identity not reported),sweat_chloride,14.5,14.901,mM,55 W warm-up / sensor stabilization,55,NO_STABILIZATION,NO,0.344,min,0.8,mM,PUBLIC_FIGURE_DIGITIZED,https://doi.org/10.1038/s41598-020-64406-5,Published trace was already processed with the reported 1-min median filter; no additional smoothing applied.,Choi_2020_C,False,
Choi 2020,10.1038/s41598-020-64406-5,Figure 1C,C,Representative subject (identity not reported),sweat_chloride,15.0,14.532,mM,200 W plateau,200,YES,NO,0.344,min,0.8,mM,PUBLIC_FIGURE_DIGITIZED,https://doi.org/10.1038/s41598-020-64406-5,Published trace was already processed with the reported 1-min median filter; no additional smoothing applied.,Choi_2020_C,False,
Choi 2020,10.1038/s41598-020-64406-5,Figure 1C,C,Representative subject (identity not reported),sweat_chloride,15.5,20.567,mM,200 W plateau,200,YES,NO,0.344,min,0.8,mM,PUBLIC_FIGURE_DIGITIZED,https://doi.org/10.1038/s41598-020-64406-5,Published trace was already processed with the reported 1-min median filter; no additional smoothing applied.,Choi_2020_C,True,0.0
Choi 2020,10.1038/s41598-020-64406-5,Figure 1C,C,Representative subject (identity not reported),sweat_chloride,16.0,21.798,mM,200 W plateau,200,YES,NO,0.344,min,0.8,mM,PUBLIC_FIGURE_DIGITIZED,https://doi.org/10.1038/s41598-020-64406-5,Published trace was already processed with the reported 1-min median filter; no additional smoothing applied.,Choi_2020_C,True,0.5
Choi 2020,10.1038/s41598-020-64406-5,Figure 1C,C,Representative subject (identity not reported),sweat_chloride,16.5,25.0,mM,200 W plateau,200,YES,NO,0.344,min,0.8,mM,PUBLIC_FIGURE_DIGITIZED,https://doi.org/10.1038/s41598-020-64406-5,Published trace was already processed with the reported 1-min median filter; no additional smoothing applied.,Choi_2020_C,True,1.0
Choi 2020,10.1038/s41598-020-64406-5,Figure 1C,C,Representative subject (identity not reported),sweat_chloride,17.0,23.768,mM,200 W plateau,200,YES,NO,0.344,min,0.8,mM,PUBLIC_FIGURE_DIGITIZED,https://doi.org/10.1038/s41598-020-64406-5,Published trace was already processed with the reported 1-min median filter; no additional smoothing applied.,Choi_2020_C,True,1.5
Choi 2020,10.1038/s41598-020-64406-5,Figure 1C,C,Representative subject (identity not reported),sweat_chloride,17.5,21.675,mM,200 W plateau,200,YES,NO,0.344,min,0.8,mM,PUBLIC_FIGURE_DIGITIZED,https://doi.org/10.1038/s41598-020-64406-5,Published trace was already processed with the reported 1-min median filter; no additional smoothing applied.,Choi_2020_C,True,2.0
Choi 2020,10.1038/s41598-020-64406-5,Figure 1C,C,Representative subject (identity not reported),sweat_chloride,18.0,21.429,mM,200 W plateau,200,YES,NO,0.344,min,0.8,mM,PUBLIC_FIGURE_DIGITIZED,https://doi.org/10.1038/s41598-020-64406-5,Published trace was already processed with the reported 1-min median filter; no additional smoothing applied.,Choi_2020_C,True,2.5
Choi 2020,10.1038/s41598-020-64406-5,Figure 1C,C,Representative subject (identity not reported),sweat_chloride,18.5,19.458,mM,200 W plateau,200,YES,NO,0.344,min,0.8,mM,PUBLIC_FIGURE_DIGITIZED,https://doi.org/10.1038/s41598-020-64406-5,Published trace was already processed with the reported 1-min median filter; no additional smoothing applied.,Choi_2020_C,True,3.0
Choi 2020,10.1038/s41598-020-64406-5,Figure 1C,C,Representative subject (identity not reported),sweat_chloride,19.0,17.796,mM,200 W plateau,200,YES,NO,0.344,min,0.8,mM,PUBLIC_FIGURE_DIGITIZED,https://doi.org/10.1038/s41598-020-64406-5,Published trace was already processed with the reported 1-min median filter; no additional smoothing applied.,Choi_2020_C,True,3.5
Choi 2020,10.1038/s41598-020-64406-5,Figure 1C,C,Representative subject (identity not reported),sweat_chloride,19.5,18.165,mM,200 W plateau,200,YES,NO,0.344,min,0.8,mM,PUBLIC_FIGURE_DIGITIZED,https://doi.org/10.1038/s41598-020-64406-5,Published trace was already processed with the reported 1-min median filter; no additional smoothing applied.,Choi_2020_C,True,4.0
Choi 2020,10.1038/s41598-020-64406-5,Figure 1C,C,Representative subject (identity not reported),sweat_chloride,20.0,19.089,mM,200 W plateau,200,YES,NO,0.344,min,0.8,mM,PUBLIC_FIGURE_DIGITIZED,https://doi.org/10.1038/s41598-020-64406-5,Published trace was already processed with the reported 1-min median filter; no additional smoothing applied.,Choi_2020_C,True,4.5
Choi 2020,10.1038/s41598-020-64406-5,Figure 1C,C,Representative subject (identity not reported),sweat_chloride,20.5,20.197,mM,200 W plateau,200,YES,NO,0.344,min,0.8,mM,PUBLIC_FIGURE_DIGITIZED,https://doi.org/10.1038/s41598-020-64406-5,Published trace was already processed with the reported 1-min median filter; no additional smoothing applied.,Choi_2020_C,True,5.0
Choi 2020,10.1038/s41598-020-64406-5,Figure 1C,C,Representative subject (identity not reported),sweat_chloride,21.0,20.751,mM,200 W plateau,200,YES,NO,0.344,min,0.8,mM,PUBLIC_FIGURE_DIGITIZED,https://doi.org/10.1038/s41598-020-64406-5,Published trace was already processed with the reported 1-min median filter; no additional smoothing applied.,Choi_2020_C,True,5.5
Choi 2020,10.1038/s41598-020-64406-5,Figure 1C,C,Representative subject (identity not reported),sweat_chloride,21.5,21.552,mM,200 W plateau,200,YES,NO,0.344,min,0.8,mM,PUBLIC_FIGURE_DIGITIZED,https://doi.org/10.1038/s41598-020-64406-5,Published trace was already processed with the reported 1-min median filter; no additional smoothing applied.,Choi_2020_C,True,6.0
Choi 2020,10.1038/s41598-020-64406-5,Figure 1C,C,Representative subject (identity not reported),sweat_chloride,22.0,24.015,mM,200 W plateau,200,YES,NO,0.344,min,0.8,mM,PUBLIC_FIGURE_DIGITIZED,https://doi.org/10.1038/s41598-020-64406-5,Published trace was already processed with the reported 1-min median filter; no additional smoothing applied.,Choi_2020_C,True,6.5
Choi 2020,10.1038/s41598-020-64406-5,Figure 1C,C,Representative subject (identity not reported),sweat_chloride,22.5,25.616,mM,200 W plateau,200,YES,NO,0.344,min,0.8,mM,PUBLIC_FIGURE_DIGITIZED,https://doi.org/10.1038/s41598-020-64406-5,Published trace was already processed with the reported 1-min median filter; no additional smoothing applied.,Choi_2020_C,True,7.0
Choi 2020,10.1038/s41598-020-64406-5,Figure 1C,C,Representative subject (identity not reported),sweat_chloride,23.0,26.108,mM,200 W plateau,200,YES,NO,0.344,min,0.8,mM,PUBLIC_FIGURE_DIGITIZED,https://doi.org/10.1038/s41598-020-64406-5,Published trace was already processed with the reported 1-min median filter; no additional smoothing applied.,Choi_2020_C,True,7.5
Choi 2020,10.1038/s41598-020-64406-5,Figure 1C,C,Representative subject (identity not reported),sweat_chloride,23.5,25.985,mM,200 W plateau,200,YES,NO,0.344,min,0.8,mM,PUBLIC_FIGURE_DIGITIZED,https://doi.org/10.1038/s41598-020-64406-5,Published trace was already processed with the reported 1-min median filter; no additional smoothing applied.,Choi_2020_C,True,8.0
Choi 2020,10.1038/s41598-020-64406-5,Figure 1C,C,Representative subject (identity not reported),sweat_chloride,24.0,27.463,mM,200 W plateau,200,YES,NO,0.344,min,0.8,mM,PUBLIC_FIGURE_DIGITIZED,https://doi.org/10.1038/s41598-020-64406-5,Published trace was already processed with the reported 1-min median filter; no additional smoothing applied.,Choi_2020_C,True,8.5
Choi 2020,10.1038/s41598-020-64406-5,Figure 1C,C,Representative subject (identity not reported),sweat_chloride,24.5,28.079,mM,200 W plateau,200,YES,NO,0.344,min,0.8,mM,PUBLIC_FIGURE_DIGITIZED,https://doi.org/10.1038/s41598-020-64406-5,Published trace was already processed with the reported 1-min median filter; no additional smoothing applied.,Choi_2020_C,True,9.0
Choi 2020,10.1038/s41598-020-64406-5,Figure 1C,C,Representative subject (identity not reported),sweat_chloride,25.0,29.68,mM,200 W plateau,200,YES,NO,0.344,min,0.8,mM,PUBLIC_FIGURE_DIGITIZED,https://doi.org/10.1038/s41598-020-64406-5,Published trace was already processed with the reported 1-min median filter; no additional smoothing applied.,Choi_2020_C,True,9.5
Choi 2020,10.1038/s41598-020-64406-5,Figure 1C,C,Representative subject (identity not reported),sweat_chloride,25.5,29.68,mM,200 W plateau,200,YES,NO,0.344,min,0.8,mM,PUBLIC_FIGURE_DIGITIZED,https://doi.org/10.1038/s41598-020-64406-5,Published trace was already processed with the reported 1-min median filter; no additional smoothing applied.,Choi_2020_C,True,10.0
Choi 2020,10.1038/s41598-020-64406-5,Figure 1C,C,Representative subject (identity not reported),sweat_chloride,26.0,32.02,mM,200 W plateau,200,YES,NO,0.344,min,0.8,mM,PUBLIC_FIGURE_DIGITIZED,https://doi.org/10.1038/s41598-020-64406-5,Published trace was already processed with the reported 1-min median filter; no additional smoothing applied.,Choi_2020_C,True,10.5
Choi 2020,10.1038/s41598-020-64406-5,Figure 1C,C,Representative subject (identity not reported),sweat_chloride,26.5,32.882,mM,200 W plateau,200,YES,NO,0.344,min,0.8,mM,PUBLIC_FIGURE_DIGITIZED,https://doi.org/10.1038/s41598-020-64406-5,Published trace was already processed with the reported 1-min median filter; no additional smoothing applied.,Choi_2020_C,True,11.0
Choi 2020,10.1038/s41598-020-64406-5,Figure 1C,C,Representative subject (identity not reported),sweat_chloride,27.0,34.36,mM,200 W plateau,200,YES,NO,0.344,min,0.8,mM,PUBLIC_FIGURE_DIGITIZED,https://doi.org/10.1038/s41598-020-64406-5,Published trace was already processed with the reported 1-min median filter; no additional smoothing applied.,Choi_2020_C,True,11.5
Choi 2020,10.1038/s41598-020-64406-5,Figure 1C,C,Representative subject (identity not reported),sweat_chloride,27.5,34.36,mM,200 W plateau,200,YES,NO,0.344,min,0.8,mM,PUBLIC_FIGURE_DIGITIZED,https://doi.org/10.1038/s41598-020-64406-5,Published trace was already processed with the reported 1-min median filter; no additional smoothing applied.,Choi_2020_C,True,12.0
Choi 2020,10.1038/s41598-020-64406-5,Figure 1C,C,Representative subject (identity not reported),sweat_chloride,28.0,34.975,mM,200 W plateau,200,YES,NO,0.344,min,0.8,mM,PUBLIC_FIGURE_DIGITIZED,https://doi.org/10.1038/s41598-020-64406-5,Published trace was already processed with the reported 1-min median filter; no additional smoothing applied.,Choi_2020_C,True,12.5
Choi 2020,10.1038/s41598-020-64406-5,Figure 1C,C,Representative subject (identity not reported),sweat_chloride,28.5,35.468,mM,200 W plateau,200,YES,NO,0.344,min,0.8,mM,PUBLIC_FIGURE_DIGITIZED,https://doi.org/10.1038/s41598-020-64406-5,Published trace was already processed with the reported 1-min median filter; no additional smoothing applied.,Choi_2020_C,True,13.0
Choi 2020,10.1038/s41598-020-64406-5,Figure 1C,C,Representative subject (identity not reported),sweat_chloride,29.0,35.714,mM,200 W plateau,200,YES,NO,0.344,min,0.8,mM,PUBLIC_FIGURE_DIGITIZED,https://doi.org/10.1038/s41598-020-64406-5,Published trace was already processed with the reported 1-min median filter; no additional smoothing applied.,Choi_2020_C,True,13.5
Choi 2020,10.1038/s41598-020-64406-5,Figure 1C,C,Representative subject (identity not reported),sweat_chloride,29.5,35.837,mM,200 W plateau,200,YES,NO,0.344,min,0.8,mM,PUBLIC_FIGURE_DIGITIZED,https://doi.org/10.1038/s41598-020-64406-5,Published trace was already processed with the reported 1-min median filter; no additional smoothing applied.,Choi_2020_C,True,14.0
Choi 2020,10.1038/s41598-020-64406-5,Figure 1C,C,Representative subject (identity not reported),sweat_chloride,30.0,35.961,mM,200 W plateau,200,YES,NO,0.344,min,0.8,mM,PUBLIC_FIGURE_DIGITIZED,https://doi.org/10.1038/s41598-020-64406-5,Published trace was already processed with the reported 1-min median filter; no additional smoothing applied.,Choi_2020_C,True,14.5
Choi 2020,10.1038/s41598-020-64406-5,Figure 1C,C,Representative subject (identity not reported),sweat_chloride,30.5,35.837,mM,200 W plateau,200,YES,NO,0.344,min,0.8,mM,PUBLIC_FIGURE_DIGITIZED,https://doi.org/10.1038/s41598-020-64406-5,Published trace was already processed with the reported 1-min median filter; no additional smoothing applied.,Choi_2020_C,True,15.0
Choi 2020,10.1038/s41598-020-64406-5,Figure 1C,C,Representative subject (identity not reported),sweat_chloride,31.0,34.975,mM,200 W plateau,200,YES,NO,0.344,min,0.8,mM,PUBLIC_FIGURE_DIGITIZED,https://doi.org/10.1038/s41598-020-64406-5,Published trace was already processed with the reported 1-min median filter; no additional smoothing applied.,Choi_2020_C,True,15.5
Choi 2020,10.1038/s41598-020-64406-5,Figure 1C,C,Representative subject (identity not reported),sweat_chloride,31.5,34.606,mM,200 W plateau,200,YES,NO,0.344,min,0.8,mM,PUBLIC_FIGURE_DIGITIZED,https://doi.org/10.1038/s41598-020-64406-5,Published trace was already processed with the reported 1-min median filter; no additional smoothing applied.,Choi_2020_C,True,16.0
Choi 2020,10.1038/s41598-020-64406-5,Figure 1C,C,Representative subject (identity not reported),sweat_chloride,32.0,31.65,mM,200 W plateau,200,YES,NO,0.344,min,0.8,mM,PUBLIC_FIGURE_DIGITIZED,https://doi.org/10.1038/s41598-020-64406-5,Published trace was already processed with the reported 1-min median filter; no additional smoothing applied.,Choi_2020_C,True,16.5
Choi 2020,10.1038/s41598-020-64406-5,Figure 1C,C,Representative subject (identity not reported),sweat_chloride,32.5,27.956,mM,200 W plateau,200,YES,NO,0.344,min,0.8,mM,PUBLIC_FIGURE_DIGITIZED,https://doi.org/10.1038/s41598-020-64406-5,Published trace was already processed with the reported 1-min median filter; no additional smoothing applied.,Choi_2020_C,True,17.0
Choi 2020,10.1038/s41598-020-64406-5,Figure 1C,C,Representative subject (identity not reported),sweat_chloride,33.0,26.97,mM,200 W plateau,200,YES,NO,0.344,min,0.8,mM,PUBLIC_FIGURE_DIGITIZED,https://doi.org/10.1038/s41598-020-64406-5,Published trace was already processed with the reported 1-min median filter; no additional smoothing applied.,Choi_2020_C,True,17.5
Choi 2020,10.1038/s41598-020-64406-5,Figure 1C,C,Representative subject (identity not reported),sweat_chloride,33.5,29.741,mM,200 W plateau,200,YES,NO,0.344,min,0.8,mM,PUBLIC_FIGURE_DIGITIZED,https://doi.org/10.1038/s41598-020-64406-5,Published trace was already processed with the reported 1-min median filter; no additional smoothing applied.,Choi_2020_C,True,18.0
Choi 2020,10.1038/s41598-020-64406-5,Figure 1C,C,Representative subject (identity not reported),sweat_chloride,34.0,33.99,mM,200 W plateau,200,YES,NO,0.344,min,0.8,mM,PUBLIC_FIGURE_DIGITIZED,https://doi.org/10.1038/s41598-020-64406-5,Published trace was already processed with the reported 1-min median filter; no additional smoothing applied.,Choi_2020_C,True,18.5
Choi 2020,10.1038/s41598-020-64406-5,Figure 1C,C,Representative subject (identity not reported),sweat_chloride,34.5,34.483,mM,200 W plateau,200,YES,NO,0.344,min,0.8,mM,PUBLIC_FIGURE_DIGITIZED,https://doi.org/10.1038/s41598-020-64406-5,Published trace was already processed with the reported 1-min median filter; no additional smoothing applied.,Choi_2020_C,True,19.0
Choi 2020,10.1038/s41598-020-64406-5,Figure 1C,C,Representative subject (identity not reported),sweat_chloride,35.0,34.852,mM,100 W plateau,100,YES,NO,0.344,min,0.8,mM,PUBLIC_FIGURE_DIGITIZED,https://doi.org/10.1038/s41598-020-64406-5,Published trace was already processed with the reported 1-min median filter; no additional smoothing applied.,Choi_2020_C,True,19.5
Choi 2020,10.1038/s41598-020-64406-5,Figure 1C,C,Representative subject (identity not reported),sweat_chloride,35.5,35.468,mM,100 W plateau,100,YES,NO,0.344,min,0.8,mM,PUBLIC_FIGURE_DIGITIZED,https://doi.org/10.1038/s41598-020-64406-5,Published trace was already processed with the reported 1-min median filter; no additional smoothing applied.,Choi_2020_C,True,20.0
Choi 2020,10.1038/s41598-020-64406-5,Figure 1C,C,Representative subject (identity not reported),sweat_chloride,36.0,36.084,mM,100 W plateau,100,YES,NO,0.344,min,0.8,mM,PUBLIC_FIGURE_DIGITIZED,https://doi.org/10.1038/s41598-020-64406-5,Published trace was already processed with the reported 1-min median filter; no additional smoothing applied.,Choi_2020_C,True,20.5
Choi 2020,10.1038/s41598-020-64406-5,Figure 1C,C,Representative subject (identity not reported),sweat_chloride,36.5,36.268,mM,100 W plateau,100,YES,NO,0.344,min,0.8,mM,PUBLIC_FIGURE_DIGITIZED,https://doi.org/10.1038/s41598-020-64406-5,Published trace was already processed with the reported 1-min median filter; no additional smoothing applied.,Choi_2020_C,True,21.0
Choi 2020,10.1038/s41598-020-64406-5,Figure 1C,C,Representative subject (identity not reported),sweat_chloride,37.0,36.33,mM,100 W plateau,100,YES,NO,0.344,min,0.8,mM,PUBLIC_FIGURE_DIGITIZED,https://doi.org/10.1038/s41598-020-64406-5,Published trace was already processed with the reported 1-min median filter; no additional smoothing applied.,Choi_2020_C,True,21.5
Choi 2020,10.1038/s41598-020-64406-5,Figure 1C,C,Representative subject (identity not reported),sweat_chloride,37.5,36.084,mM,100 W plateau,100,YES,NO,0.344,min,0.8,mM,PUBLIC_FIGURE_DIGITIZED,https://doi.org/10.1038/s41598-020-64406-5,Published trace was already processed with the reported 1-min median filter; no additional smoothing applied.,Choi_2020_C,True,22.0
Choi 2020,10.1038/s41598-020-64406-5,Figure 1C,C,Representative subject (identity not reported),sweat_chloride,38.0,35.406,mM,100 W plateau,100,YES,NO,0.344,min,0.8,mM,PUBLIC_FIGURE_DIGITIZED,https://doi.org/10.1038/s41598-020-64406-5,Published trace was already processed with the reported 1-min median filter; no additional smoothing applied.,Choi_2020_C,True,22.5
Choi 2020,10.1038/s41598-020-64406-5,Figure 1C,C,Representative subject (identity not reported),sweat_chloride,38.5,34.544,mM,100 W plateau,100,YES,NO,0.344,min,0.8,mM,PUBLIC_FIGURE_DIGITIZED,https://doi.org/10.1038/s41598-020-64406-5,Published trace was already processed with the reported 1-min median filter; no additional smoothing applied.,Choi_2020_C,True,23.0
Choi 2020,10.1038/s41598-020-64406-5,Figure 1C,C,Representative subject (identity not reported),sweat_chloride,39.0,33.621,mM,100 W plateau,100,YES,NO,0.344,min,0.8,mM,PUBLIC_FIGURE_DIGITIZED,https://doi.org/10.1038/s41598-020-64406-5,Published trace was already processed with the reported 1-min median filter; no additional smoothing applied.,Choi_2020_C,True,23.5
Choi 2020,10.1038/s41598-020-64406-5,Figure 1C,C,Representative subject (identity not reported),sweat_chloride,39.5,32.512,mM,100 W plateau,100,YES,NO,0.344,min,0.8,mM,PUBLIC_FIGURE_DIGITIZED,https://doi.org/10.1038/s41598-020-64406-5,Published trace was already processed with the reported 1-min median filter; no additional smoothing applied.,Choi_2020_C,True,24.0
Choi 2020,10.1038/s41598-020-64406-5,Figure 1C,C,Representative subject (identity not reported),sweat_chloride,40.0,31.466,mM,100 W plateau,100,YES,NO,0.344,min,0.8,mM,PUBLIC_FIGURE_DIGITIZED,https://doi.org/10.1038/s41598-020-64406-5,Published trace was already processed with the reported 1-min median filter; no additional smoothing applied.,Choi_2020_C,True,24.5
Choi 2020,10.1038/s41598-020-64406-5,Figure 1C,C,Representative subject (identity not reported),sweat_chloride,40.5,31.158,mM,100 W plateau,100,YES,NO,0.344,min,0.8,mM,PUBLIC_FIGURE_DIGITIZED,https://doi.org/10.1038/s41598-020-64406-5,Published trace was already processed with the reported 1-min median filter; no additional smoothing applied.,Choi_2020_C,True,25.0
Choi 2020,10.1038/s41598-020-64406-5,Figure 1C,C,Representative subject (identity not reported),sweat_chloride,41.0,31.281,mM,100 W plateau,100,YES,NO,0.344,min,0.8,mM,PUBLIC_FIGURE_DIGITIZED,https://doi.org/10.1038/s41598-020-64406-5,Published trace was already processed with the reported 1-min median filter; no additional smoothing applied.,Choi_2020_C,True,25.5
Choi 2020,10.1038/s41598-020-64406-5,Figure 1C,C,Representative subject (identity not reported),sweat_chloride,41.5,31.527,mM,100 W plateau,100,YES,NO,0.344,min,0.8,mM,PUBLIC_FIGURE_DIGITIZED,https://doi.org/10.1038/s41598-020-64406-5,Published trace was already processed with the reported 1-min median filter; no additional smoothing applied.,Choi_2020_C,True,26.0
Choi 2020,10.1038/s41598-020-64406-5,Figure 1C,C,Representative subject (identity not reported),sweat_chloride,42.0,31.466,mM,100 W plateau,100,YES,NO,0.344,min,0.8,mM,PUBLIC_FIGURE_DIGITIZED,https://doi.org/10.1038/s41598-020-64406-5,Published trace was already processed with the reported 1-min median filter; no additional smoothing applied.,Choi_2020_C,True,26.5
Choi 2020,10.1038/s41598-020-64406-5,Figure 1C,C,Representative subject (identity not reported),sweat_chloride,42.5,31.404,mM,100 W plateau,100,YES,NO,0.344,min,0.8,mM,PUBLIC_FIGURE_DIGITIZED,https://doi.org/10.1038/s41598-020-64406-5,Published trace was already processed with the reported 1-min median filter; no additional smoothing applied.,Choi_2020_C,True,27.0
Choi 2020,10.1038/s41598-020-64406-5,Figure 1C,C,Representative subject (identity not reported),sweat_chloride,43.0,30.419,mM,100 W plateau,100,YES,NO,0.344,min,0.8,mM,PUBLIC_FIGURE_DIGITIZED,https://doi.org/10.1038/s41598-020-64406-5,Published trace was already processed with the reported 1-min median filter; no additional smoothing applied.,Choi_2020_C,True,27.5
Choi 2020,10.1038/s41598-020-64406-5,Figure 1C,C,Representative subject (identity not reported),sweat_chloride,43.5,28.756,mM,100 W plateau,100,YES,NO,0.344,min,0.8,mM,PUBLIC_FIGURE_DIGITIZED,https://doi.org/10.1038/s41598-020-64406-5,Published trace was already processed with the reported 1-min median filter; no additional smoothing applied.,Choi_2020_C,True,28.0
Choi 2020,10.1038/s41598-020-64406-5,Figure 1C,C,Representative subject (identity not reported),sweat_chloride,44.0,27.34,mM,100 W plateau,100,YES,NO,0.344,min,0.8,mM,PUBLIC_FIGURE_DIGITIZED,https://doi.org/10.1038/s41598-020-64406-5,Published trace was already processed with the reported 1-min median filter; no additional smoothing applied.,Choi_2020_C,True,28.5
Choi 2020,10.1038/s41598-020-64406-5,Figure 1C,C,Representative subject (identity not reported),sweat_chloride,44.5,25.246,mM,100 W plateau,100,YES,NO,0.344,min,0.8,mM,PUBLIC_FIGURE_DIGITIZED,https://doi.org/10.1038/s41598-020-64406-5,Published trace was already processed with the reported 1-min median filter; no additional smoothing applied.,Choi_2020_C,True,29.0
Choi 2020,10.1038/s41598-020-64406-5,Figure 1C,C,Representative subject (identity not reported),sweat_chloride,45.0,24.261,mM,100 W plateau,100,YES,NO,0.344,min,0.8,mM,PUBLIC_FIGURE_DIGITIZED,https://doi.org/10.1038/s41598-020-64406-5,Published trace was already processed with the reported 1-min median filter; no additional smoothing applied.,Choi_2020_C,True,29.5
Choi 2020,10.1038/s41598-020-64406-5,Figure 1C,C,Representative subject (identity not reported),sweat_chloride,45.5,23.399,mM,100 W plateau,100,YES,NO,0.344,min,0.8,mM,PUBLIC_FIGURE_DIGITIZED,https://doi.org/10.1038/s41598-020-64406-5,Published trace was already processed with the reported 1-min median filter; no additional smoothing applied.,Choi_2020_C,True,30.0
Choi 2020,10.1038/s41598-020-64406-5,Figure 1C,C,Representative subject (identity not reported),sweat_chloride,46.0,23.276,mM,100 W plateau,100,YES,NO,0.344,min,0.8,mM,PUBLIC_FIGURE_DIGITIZED,https://doi.org/10.1038/s41598-020-64406-5,Published trace was already processed with the reported 1-min median filter; no additional smoothing applied.,Choi_2020_C,True,30.5
Choi 2020,10.1038/s41598-020-64406-5,Figure 1C,C,Representative subject (identity not reported),sweat_chloride,46.5,23.153,mM,100 W plateau,100,YES,NO,0.344,min,0.8,mM,PUBLIC_FIGURE_DIGITIZED,https://doi.org/10.1038/s41598-020-64406-5,Published trace was already processed with the reported 1-min median filter; no additional smoothing applied.,Choi_2020_C,True,31.0
Choi 2020,10.1038/s41598-020-64406-5,Figure 1C,C,Representative subject (identity not reported),sweat_chloride,47.0,22.537,mM,100 W plateau,100,YES,NO,0.344,min,0.8,mM,PUBLIC_FIGURE_DIGITIZED,https://doi.org/10.1038/s41598-020-64406-5,Published trace was already processed with the reported 1-min median filter; no additional smoothing applied.,Choi_2020_C,True,31.5
Choi 2020,10.1038/s41598-020-64406-5,Figure 1C,C,Representative subject (identity not reported),sweat_chloride,47.5,21.675,mM,100 W plateau,100,YES,NO,0.344,min,0.8,mM,PUBLIC_FIGURE_DIGITIZED,https://doi.org/10.1038/s41598-020-64406-5,Published trace was already processed with the reported 1-min median filter; no additional smoothing applied.,Choi_2020_C,True,32.0
Choi 2020,10.1038/s41598-020-64406-5,Figure 1C,C,Representative subject (identity not reported),sweat_chloride,48.0,20.69,mM,100 W plateau,100,YES,NO,0.344,min,0.8,mM,PUBLIC_FIGURE_DIGITIZED,https://doi.org/10.1038/s41598-020-64406-5,Published trace was already processed with the reported 1-min median filter; no additional smoothing applied.,Choi_2020_C,True,32.5
Choi 2020,10.1038/s41598-020-64406-5,Figure 1C,C,Representative subject (identity not reported),sweat_chloride,48.5,20.197,mM,100 W plateau,100,YES,NO,0.344,min,0.8,mM,PUBLIC_FIGURE_DIGITIZED,https://doi.org/10.1038/s41598-020-64406-5,Published trace was already processed with the reported 1-min median filter; no additional smoothing applied.,Choi_2020_C,True,33.0
Choi 2020,10.1038/s41598-020-64406-5,Figure 1C,C,Representative subject (identity not reported),sweat_chloride,49.0,20.074,mM,100 W plateau,100,YES,NO,0.344,min,0.8,mM,PUBLIC_FIGURE_DIGITIZED,https://doi.org/10.1038/s41598-020-64406-5,Published trace was already processed with the reported 1-min median filter; no additional smoothing applied.,Choi_2020_C,True,33.5
Choi 2020,10.1038/s41598-020-64406-5,Figure 1C,C,Representative subject (identity not reported),sweat_chloride,49.5,19.828,mM,100 W plateau,100,YES,NO,0.344,min,0.8,mM,PUBLIC_FIGURE_DIGITIZED,https://doi.org/10.1038/s41598-020-64406-5,Published trace was already processed with the reported 1-min median filter; no additional smoothing applied.,Choi_2020_C,True,34.0
Choi 2020,10.1038/s41598-020-64406-5,Figure 1C,C,Representative subject (identity not reported),sweat_chloride,50.0,19.335,mM,100 W plateau,100,YES,NO,0.344,min,0.8,mM,PUBLIC_FIGURE_DIGITIZED,https://doi.org/10.1038/s41598-020-64406-5,Published trace was already processed with the reported 1-min median filter; no additional smoothing applied.,Choi_2020_C,True,34.5
Choi 2020,10.1038/s41598-020-64406-5,Figure 1C,C,Representative subject (identity not reported),sweat_chloride,50.5,19.089,mM,100 W plateau,100,YES,NO,0.344,min,0.8,mM,PUBLIC_FIGURE_DIGITIZED,https://doi.org/10.1038/s41598-020-64406-5,Published trace was already processed with the reported 1-min median filter; no additional smoothing applied.,Choi_2020_C,True,35.0
Choi 2020,10.1038/s41598-020-64406-5,Figure 1C,C,Representative subject (identity not reported),sweat_chloride,51.0,19.212,mM,100 W plateau,100,YES,NO,0.344,min,0.8,mM,PUBLIC_FIGURE_DIGITIZED,https://doi.org/10.1038/s41598-020-64406-5,Published trace was already processed with the reported 1-min median filter; no additional smoothing applied.,Choi_2020_C,True,35.5
Choi 2020,10.1038/s41598-020-64406-5,Figure 1C,C,Representative subject (identity not reported),sweat_chloride,51.5,19.335,mM,100 W plateau,100,YES,NO,0.344,min,0.8,mM,PUBLIC_FIGURE_DIGITIZED,https://doi.org/10.1038/s41598-020-64406-5,Published trace was already processed with the reported 1-min median filter; no additional smoothing applied.,Choi_2020_C,True,36.0
Choi 2020,10.1038/s41598-020-64406-5,Figure 1C,C,Representative subject (identity not reported),sweat_chloride,52.0,18.781,mM,100 W plateau,100,YES,NO,0.344,min,0.8,mM,PUBLIC_FIGURE_DIGITIZED,https://doi.org/10.1038/s41598-020-64406-5,Published trace was already processed with the reported 1-min median filter; no additional smoothing applied.,Choi_2020_C,True,36.5
Choi 2020,10.1038/s41598-020-64406-5,Figure 1C,C,Representative subject (identity not reported),sweat_chloride,52.5,17.857,mM,100 W plateau,100,YES,NO,0.344,min,0.8,mM,PUBLIC_FIGURE_DIGITIZED,https://doi.org/10.1038/s41598-020-64406-5,Published trace was already processed with the reported 1-min median filter; no additional smoothing applied.,Choi_2020_C,True,37.0
Choi 2020,10.1038/s41598-020-64406-5,Figure 1C,C,Representative subject (identity not reported),sweat_chloride,53.0,16.626,mM,100 W plateau,100,YES,NO,0.344,min,0.8,mM,PUBLIC_FIGURE_DIGITIZED,https://doi.org/10.1038/s41598-020-64406-5,Published trace was already processed with the reported 1-min median filter; no additional smoothing applied.,Choi_2020_C,True,37.5
Choi 2020,10.1038/s41598-020-64406-5,Figure 1C,C,Representative subject (identity not reported),sweat_chloride,53.5,15.579,mM,100 W plateau,100,YES,NO,0.344,min,0.8,mM,PUBLIC_FIGURE_DIGITIZED,https://doi.org/10.1038/s41598-020-64406-5,Published trace was already processed with the reported 1-min median filter; no additional smoothing applied.,Choi_2020_C,True,38.0
Choi 2020,10.1038/s41598-020-64406-5,Figure 1C,C,Representative subject (identity not reported),sweat_chloride,54.0,14.901,mM,100 W plateau,100,YES,NO,0.344,min,0.8,mM,PUBLIC_FIGURE_DIGITIZED,https://doi.org/10.1038/s41598-020-64406-5,Published trace was already processed with the reported 1-min median filter; no additional smoothing applied.,Choi_2020_C,True,38.5
Choi 2020,10.1038/s41598-020-64406-5,Figure 1C,C,Representative subject (identity not reported),sweat_chloride,54.5,14.532,mM,100 W plateau,100,YES,NO,0.344,min,0.8,mM,PUBLIC_FIGURE_DIGITIZED,https://doi.org/10.1038/s41598-020-64406-5,Published trace was already processed with the reported 1-min median filter; no additional smoothing applied.,Choi_2020_C,True,39.0
Choi 2020,10.1038/s41598-020-64406-5,Figure 1C,C,Representative subject (identity not reported),sweat_chloride,55.0,14.286,mM,55 W recovery,55,YES,NO,0.344,min,0.8,mM,PUBLIC_FIGURE_DIGITIZED,https://doi.org/10.1038/s41598-020-64406-5,Published trace was already processed with the reported 1-min median filter; no additional smoothing applied.,Choi_2020_C,True,39.5
Choi 2020,10.1038/s41598-020-64406-5,Figure 1C,C,Representative subject (identity not reported),sweat_chloride,55.5,14.039,mM,55 W recovery,55,YES,NO,0.344,min,0.8,mM,PUBLIC_FIGURE_DIGITIZED,https://doi.org/10.1038/s41598-020-64406-5,Published trace was already processed with the reported 1-min median filter; no additional smoothing applied.,Choi_2020_C,True,40.0
Choi 2020,10.1038/s41598-020-64406-5,Figure 1C,C,Representative subject (identity not reported),sweat_chloride,56.0,13.793,mM,55 W recovery,55,YES,NO,0.344,min,0.8,mM,PUBLIC_FIGURE_DIGITIZED,https://doi.org/10.1038/s41598-020-64406-5,Published trace was already processed with the reported 1-min median filter; no additional smoothing applied.,Choi_2020_C,True,40.5
Choi 2020,10.1038/s41598-020-64406-5,Figure 1C,C,Representative subject (identity not reported),sweat_chloride,56.5,13.978,mM,55 W recovery,55,YES,NO,0.344,min,0.8,mM,PUBLIC_FIGURE_DIGITIZED,https://doi.org/10.1038/s41598-020-64406-5,Published trace was already processed with the reported 1-min median filter; no additional smoothing applied.,Choi_2020_C,True,41.0
Choi 2020,10.1038/s41598-020-64406-5,Figure 1C,C,Representative subject (identity not reported),sweat_chloride,57.0,14.286,mM,55 W recovery,55,YES,NO,0.344,min,0.8,mM,PUBLIC_FIGURE_DIGITIZED,https://doi.org/10.1038/s41598-020-64406-5,Published trace was already processed with the reported 1-min median filter; no additional smoothing applied.,Choi_2020_C,True,41.5
Choi 2020,10.1038/s41598-020-64406-5,Figure 1C,C,Representative subject (identity not reported),sweat_chloride,57.5,14.778,mM,55 W recovery,55,YES,NO,0.344,min,0.8,mM,PUBLIC_FIGURE_DIGITIZED,https://doi.org/10.1038/s41598-020-64406-5,Published trace was already processed with the reported 1-min median filter; no additional smoothing applied.,Choi_2020_C,True,42.0
Choi 2020,10.1038/s41598-020-64406-5,Figure 1C,C,Representative subject (identity not reported),sweat_chloride,58.0,14.655,mM,55 W recovery,55,YES,NO,0.344,min,0.8,mM,PUBLIC_FIGURE_DIGITIZED,https://doi.org/10.1038/s41598-020-64406-5,Published trace was already processed with the reported 1-min median filter; no additional smoothing applied.,Choi_2020_C,True,42.5
Choi 2020,10.1038/s41598-020-64406-5,Figure 1C,C,Representative subject (identity not reported),sweat_chloride,58.5,14.409,mM,55 W recovery,55,YES,NO,0.344,min,0.8,mM,PUBLIC_FIGURE_DIGITIZED,https://doi.org/10.1038/s41598-020-64406-5,Published trace was already processed with the reported 1-min median filter; no additional smoothing applied.,Choi_2020_C,True,43.0
Choi 2020,10.1038/s41598-020-64406-5,Figure 1C,C,Representative subject (identity not reported),sweat_chloride,59.0,14.286,mM,55 W recovery,55,YES,NO,0.344,min,0.8,mM,PUBLIC_FIGURE_DIGITIZED,https://doi.org/10.1038/s41598-020-64406-5,Published trace was already processed with the reported 1-min median filter; no additional smoothing applied.,Choi_2020_C,True,43.5
Choi 2020,10.1038/s41598-020-64406-5,Figure 1C,C,Representative subject (identity not reported),sweat_chloride,59.5,14.224,mM,55 W recovery,55,YES,NO,0.344,min,0.8,mM,PUBLIC_FIGURE_DIGITIZED,https://doi.org/10.1038/s41598-020-64406-5,Published trace was already processed with the reported 1-min median filter; no additional smoothing applied.,Choi_2020_C,True,44.0
Choi 2020,10.1038/s41598-020-64406-5,Figure 1C,C,Representative subject (identity not reported),sweat_chloride,60.0,14.409,mM,55 W recovery,55,YES,NO,0.344,min,0.8,mM,PUBLIC_FIGURE_DIGITIZED,https://doi.org/10.1038/s41598-020-64406-5,Published trace was already processed with the reported 1-min median filter; no additional smoothing applied.,Choi_2020_C,True,44.5
Choi 2020,10.1038/s41598-020-64406-5,Figure 1C,C,Representative subject (identity not reported),sweat_chloride,60.5,14.532,mM,55 W recovery,55,YES,NO,0.344,min,0.8,mM,PUBLIC_FIGURE_DIGITIZED,https://doi.org/10.1038/s41598-020-64406-5,Published trace was already processed with the reported 1-min median filter; no additional smoothing applied.,Choi_2020_C,True,45.0
Choi 2020,10.1038/s41598-020-64406-5,Figure 1C,C,Representative subject (identity not reported),sweat_chloride,61.0,14.101,mM,55 W recovery,55,YES,NO,0.344,min,0.8,mM,PUBLIC_FIGURE_DIGITIZED,https://doi.org/10.1038/s41598-020-64406-5,Published trace was already processed with the reported 1-min median filter; no additional smoothing applied.,Choi_2020_C,True,45.5
Choi 2020,10.1038/s41598-020-64406-5,Figure 1C,C,Representative subject (identity not reported),sweat_chloride,61.5,13.547,mM,55 W recovery,55,YES,NO,0.344,min,0.8,mM,PUBLIC_FIGURE_DIGITIZED,https://doi.org/10.1038/s41598-020-64406-5,Published trace was already processed with the reported 1-min median filter; no additional smoothing applied.,Choi_2020_C,True,46.0
Choi 2020,10.1038/s41598-020-64406-5,Figure 1C,C,Representative subject (identity not reported),sweat_chloride,62.0,13.424,mM,55 W recovery,55,YES,NO,0.344,min,0.8,mM,PUBLIC_FIGURE_DIGITIZED,https://doi.org/10.1038/s41598-020-64406-5,Published trace was already processed with the reported 1-min median filter; no additional smoothing applied.,Choi_2020_C,True,46.5
Choi 2020,10.1038/s41598-020-64406-5,Figure 1C,C,Representative subject (identity not reported),sweat_chloride,62.5,13.67,mM,55 W recovery,55,YES,NO,0.344,min,0.8,mM,PUBLIC_FIGURE_DIGITIZED,https://doi.org/10.1038/s41598-020-64406-5,Published trace was already processed with the reported 1-min median filter; no additional smoothing applied.,Choi_2020_C,True,47.0
Choi 2020,10.1038/s41598-020-64406-5,Figure 1C,C,Representative subject (identity not reported),sweat_chloride,63.0,14.039,mM,55 W recovery,55,YES,NO,0.344,min,0.8,mM,PUBLIC_FIGURE_DIGITIZED,https://doi.org/10.1038/s41598-020-64406-5,Published trace was already processed with the reported 1-min median filter; no additional smoothing applied.,Choi_2020_C,True,47.5
Choi 2020,10.1038/s41598-020-64406-5,Figure 1C,C,Representative subject (identity not reported),sweat_chloride,63.5,14.224,mM,55 W recovery,55,YES,NO,0.344,min,0.8,mM,PUBLIC_FIGURE_DIGITIZED,https://doi.org/10.1038/s41598-020-64406-5,Published trace was already processed with the reported 1-min median filter; no additional smoothing applied.,Choi_2020_C,True,48.0
Choi 2020,10.1038/s41598-020-64406-5,Figure 1C,C,Representative subject (identity not reported),sweat_chloride,64.0,14.163,mM,55 W recovery,55,YES,NO,0.344,min,0.8,mM,PUBLIC_FIGURE_DIGITIZED,https://doi.org/10.1038/s41598-020-64406-5,Published trace was already processed with the reported 1-min median filter; no additional smoothing applied.,Choi_2020_C,True,48.5
Choi 2020,10.1038/s41598-020-64406-5,Figure 1C,C,Representative subject (identity not reported),sweat_chloride,64.5,13.547,mM,55 W recovery,55,YES,NO,0.344,min,0.8,mM,PUBLIC_FIGURE_DIGITIZED,https://doi.org/10.1038/s41598-020-64406-5,Published trace was already processed with the reported 1-min median filter; no additional smoothing applied.,Choi_2020_C,True,49.0
Choi 2020,10.1038/s41598-020-64406-5,Figure 1C,C,Representative subject (identity not reported),sweat_chloride,65.0,13.054,mM,55 W recovery,55,YES,NO,0.344,min,0.8,mM,PUBLIC_FIGURE_DIGITIZED,https://doi.org/10.1038/s41598-020-64406-5,Published trace was already processed with the reported 1-min median filter; no additional smoothing applied.,Choi_2020_C,True,49.5
Choi 2020,10.1038/s41598-020-64406-5,Figure 1C,C,Representative subject (identity not reported),sweat_chloride,65.5,13.177,mM,55 W recovery,55,YES,NO,0.344,min,0.8,mM,PUBLIC_FIGURE_DIGITIZED,https://doi.org/10.1038/s41598-020-64406-5,Published trace was already processed with the reported 1-min median filter; no additional smoothing applied.,Choi_2020_C,True,50.0
Choi 2020,10.1038/s41598-020-64406-5,Figure 1C,C,Representative subject (identity not reported),sweat_chloride,66.0,13.916,mM,55 W recovery,55,YES,NO,0.344,min,0.8,mM,PUBLIC_FIGURE_DIGITIZED,https://doi.org/10.1038/s41598-020-64406-5,Published trace was already processed with the reported 1-min median filter; no additional smoothing applied.,Choi_2020_C,True,50.5
Choi 2020,10.1038/s41598-020-64406-5,Figure 1C,C,Representative subject (identity not reported),sweat_chloride,66.5,14.655,mM,55 W recovery,55,YES,NO,0.344,min,0.8,mM,PUBLIC_FIGURE_DIGITIZED,https://doi.org/10.1038/s41598-020-64406-5,Published trace was already processed with the reported 1-min median filter; no additional smoothing applied.,Choi_2020_C,True,51.0
Choi 2020,10.1038/s41598-020-64406-5,Figure 1C,C,Representative subject (identity not reported),sweat_chloride,67.0,15.456,mM,55 W recovery,55,YES,NO,0.344,min,0.8,mM,PUBLIC_FIGURE_DIGITIZED,https://doi.org/10.1038/s41598-020-64406-5,Published trace was already processed with the reported 1-min median filter; no additional smoothing applied.,Choi_2020_C,True,51.5
Choi 2020,10.1038/s41598-020-64406-5,Figure 1C,C,Representative subject (identity not reported),sweat_chloride,67.5,15.517,mM,55 W recovery,55,YES,NO,0.344,min,0.8,mM,PUBLIC_FIGURE_DIGITIZED,https://doi.org/10.1038/s41598-020-64406-5,Published trace was already processed with the reported 1-min median filter; no additional smoothing applied.,Choi_2020_C,True,52.0
Choi 2020,10.1038/s41598-020-64406-5,Figure 1C,C,Representative subject (identity not reported),sweat_chloride,68.0,15.209,mM,55 W recovery,55,YES,NO,0.344,min,0.8,mM,PUBLIC_FIGURE_DIGITIZED,https://doi.org/10.1038/s41598-020-64406-5,Published trace was already processed with the reported 1-min median filter; no additional smoothing applied.,Choi_2020_C,True,52.5
Choi 2020,10.1038/s41598-020-64406-5,Figure 1C,C,Representative subject (identity not reported),sweat_chloride,68.5,15.025,mM,55 W recovery,55,YES,NO,0.344,min,0.8,mM,PUBLIC_FIGURE_DIGITIZED,https://doi.org/10.1038/s41598-020-64406-5,Published trace was already processed with the reported 1-min median filter; no additional smoothing applied.,Choi_2020_C,True,53.0
Choi 2020,10.1038/s41598-020-64406-5,Figure 1C,C,Representative subject (identity not reported),sweat_chloride,69.0,15.025,mM,55 W recovery,55,YES,NO,0.344,min,0.8,mM,PUBLIC_FIGURE_DIGITIZED,https://doi.org/10.1038/s41598-020-64406-5,Published trace was already processed with the reported 1-min median filter; no additional smoothing applied.,Choi_2020_C,True,53.5
Choi 2020,10.1038/s41598-020-64406-5,Figure 1C,C,Representative subject (identity not reported),sweat_chloride,69.5,14.84,mM,55 W recovery,55,YES,NO,0.344,min,0.8,mM,PUBLIC_FIGURE_DIGITIZED,https://doi.org/10.1038/s41598-020-64406-5,Published trace was already processed with the reported 1-min median filter; no additional smoothing applied.,Choi_2020_C,True,54.0
Choi 2020,10.1038/s41598-020-64406-5,Figure 1D,D,Representative subject (identity not reported),sweat_chloride,15.5,59.263,mM,100 W step,100,YES,NO,0.345,min,1.0,mM,PUBLIC_FIGURE_DIGITIZED,https://doi.org/10.1038/s41598-020-64406-5,Published trace was already processed with the reported 1-min median filter; no additional smoothing applied.,Choi_2020_D,True,0.0
Choi 2020,10.1038/s41598-020-64406-5,Figure 1D,D,Representative subject (identity not reported),sweat_chloride,16.0,58.821,mM,100 W step,100,YES,NO,0.345,min,1.0,mM,PUBLIC_FIGURE_DIGITIZED,https://doi.org/10.1038/s41598-020-64406-5,Published trace was already processed with the reported 1-min median filter; no additional smoothing applied.,Choi_2020_D,True,0.5
Choi 2020,10.1038/s41598-020-64406-5,Figure 1D,D,Representative subject (identity not reported),sweat_chloride,16.5,56.462,mM,100 W step,100,YES,NO,0.345,min,1.0,mM,PUBLIC_FIGURE_DIGITIZED,https://doi.org/10.1038/s41598-020-64406-5,Published trace was already processed with the reported 1-min median filter; no additional smoothing applied.,Choi_2020_D,True,1.0
Choi 2020,10.1038/s41598-020-64406-5,Figure 1D,D,Representative subject (identity not reported),sweat_chloride,17.0,54.398,mM,100 W step,100,YES,NO,0.345,min,1.0,mM,PUBLIC_FIGURE_DIGITIZED,https://doi.org/10.1038/s41598-020-64406-5,Published trace was already processed with the reported 1-min median filter; no additional smoothing applied.,Choi_2020_D,True,1.5
Choi 2020,10.1038/s41598-020-64406-5,Figure 1D,D,Representative subject (identity not reported),sweat_chloride,17.5,52.776,mM,100 W step,100,YES,NO,0.345,min,1.0,mM,PUBLIC_FIGURE_DIGITIZED,https://doi.org/10.1038/s41598-020-64406-5,Published trace was already processed with the reported 1-min median filter; no additional smoothing applied.,Choi_2020_D,True,2.0
Choi 2020,10.1038/s41598-020-64406-5,Figure 1D,D,Representative subject (identity not reported),sweat_chloride,18.0,50.713,mM,100 W step,100,YES,NO,0.345,min,1.0,mM,PUBLIC_FIGURE_DIGITIZED,https://doi.org/10.1038/s41598-020-64406-5,Published trace was already processed with the reported 1-min median filter; no additional smoothing applied.,Choi_2020_D,True,2.5
Choi 2020,10.1038/s41598-020-64406-5,Figure 1D,D,Representative subject (identity not reported),sweat_chloride,18.5,49.828,mM,100 W step,100,YES,NO,0.345,min,1.0,mM,PUBLIC_FIGURE_DIGITIZED,https://doi.org/10.1038/s41598-020-64406-5,Published trace was already processed with the reported 1-min median filter; no additional smoothing applied.,Choi_2020_D,True,3.0
Choi 2020,10.1038/s41598-020-64406-5,Figure 1D,D,Representative subject (identity not reported),sweat_chloride,19.0,49.533,mM,100 W step,100,YES,NO,0.345,min,1.0,mM,PUBLIC_FIGURE_DIGITIZED,https://doi.org/10.1038/s41598-020-64406-5,Published trace was already processed with the reported 1-min median filter; no additional smoothing applied.,Choi_2020_D,True,3.5
Choi 2020,10.1038/s41598-020-64406-5,Figure 1D,D,Representative subject (identity not reported),sweat_chloride,19.5,49.681,mM,100 W step,100,YES,NO,0.345,min,1.0,mM,PUBLIC_FIGURE_DIGITIZED,https://doi.org/10.1038/s41598-020-64406-5,Published trace was already processed with the reported 1-min median filter; no additional smoothing applied.,Choi_2020_D,True,4.0
Choi 2020,10.1038/s41598-020-64406-5,Figure 1D,D,Representative subject (identity not reported),sweat_chloride,20.0,47.617,mM,100 W step,100,YES,NO,0.345,min,1.0,mM,PUBLIC_FIGURE_DIGITIZED,https://doi.org/10.1038/s41598-020-64406-5,Published trace was already processed with the reported 1-min median filter; no additional smoothing applied.,Choi_2020_D,True,4.5
Choi 2020,10.1038/s41598-020-64406-5,Figure 1D,D,Representative subject (identity not reported),sweat_chloride,20.5,43.636,mM,100 W step,100,YES,NO,0.345,min,1.0,mM,PUBLIC_FIGURE_DIGITIZED,https://doi.org/10.1038/s41598-020-64406-5,Published trace was already processed with the reported 1-min median filter; no additional smoothing applied.,Choi_2020_D,True,5.0
Choi 2020,10.1038/s41598-020-64406-5,Figure 1D,D,Representative subject (identity not reported),sweat_chloride,21.0,42.31,mM,100 W step,100,YES,NO,0.345,min,1.0,mM,PUBLIC_FIGURE_DIGITIZED,https://doi.org/10.1038/s41598-020-64406-5,Published trace was already processed with the reported 1-min median filter; no additional smoothing applied.,Choi_2020_D,True,5.5
Choi 2020,10.1038/s41598-020-64406-5,Figure 1D,D,Representative subject (identity not reported),sweat_chloride,21.5,41.204,mM,100 W step,100,YES,NO,0.345,min,1.0,mM,PUBLIC_FIGURE_DIGITIZED,https://doi.org/10.1038/s41598-020-64406-5,Published trace was already processed with the reported 1-min median filter; no additional smoothing applied.,Choi_2020_D,True,6.0
Choi 2020,10.1038/s41598-020-64406-5,Figure 1D,D,Representative subject (identity not reported),sweat_chloride,22.0,39.066,mM,100 W step,100,YES,NO,0.345,min,1.0,mM,PUBLIC_FIGURE_DIGITIZED,https://doi.org/10.1038/s41598-020-64406-5,Published trace was already processed with the reported 1-min median filter; no additional smoothing applied.,Choi_2020_D,True,6.5
Choi 2020,10.1038/s41598-020-64406-5,Figure 1D,D,Representative subject (identity not reported),sweat_chloride,22.5,36.265,mM,100 W step,100,YES,NO,0.345,min,1.0,mM,PUBLIC_FIGURE_DIGITIZED,https://doi.org/10.1038/s41598-020-64406-5,Published trace was already processed with the reported 1-min median filter; no additional smoothing applied.,Choi_2020_D,True,7.0
Choi 2020,10.1038/s41598-020-64406-5,Figure 1D,D,Representative subject (identity not reported),sweat_chloride,23.0,35.307,mM,100 W step,100,YES,NO,0.345,min,1.0,mM,PUBLIC_FIGURE_DIGITIZED,https://doi.org/10.1038/s41598-020-64406-5,Published trace was already processed with the reported 1-min median filter; no additional smoothing applied.,Choi_2020_D,True,7.5
Choi 2020,10.1038/s41598-020-64406-5,Figure 1D,D,Representative subject (identity not reported),sweat_chloride,23.5,34.791,mM,100 W step,100,YES,NO,0.345,min,1.0,mM,PUBLIC_FIGURE_DIGITIZED,https://doi.org/10.1038/s41598-020-64406-5,Published trace was already processed with the reported 1-min median filter; no additional smoothing applied.,Choi_2020_D,True,8.0
Choi 2020,10.1038/s41598-020-64406-5,Figure 1D,D,Representative subject (identity not reported),sweat_chloride,24.0,34.349,mM,100 W step,100,YES,NO,0.345,min,1.0,mM,PUBLIC_FIGURE_DIGITIZED,https://doi.org/10.1038/s41598-020-64406-5,Published trace was already processed with the reported 1-min median filter; no additional smoothing applied.,Choi_2020_D,True,8.5
Choi 2020,10.1038/s41598-020-64406-5,Figure 1D,D,Representative subject (identity not reported),sweat_chloride,24.5,32.58,mM,100 W step,100,YES,NO,0.345,min,1.0,mM,PUBLIC_FIGURE_DIGITIZED,https://doi.org/10.1038/s41598-020-64406-5,Published trace was already processed with the reported 1-min median filter; no additional smoothing applied.,Choi_2020_D,True,9.0
Choi 2020,10.1038/s41598-020-64406-5,Figure 1D,D,Representative subject (identity not reported),sweat_chloride,25.0,31.106,mM,125 W step,125,YES,NO,0.345,min,1.0,mM,PUBLIC_FIGURE_DIGITIZED,https://doi.org/10.1038/s41598-020-64406-5,Published trace was already processed with the reported 1-min median filter; no additional smoothing applied.,Choi_2020_D,True,9.5
Choi 2020,10.1038/s41598-020-64406-5,Figure 1D,D,Representative subject (identity not reported),sweat_chloride,25.5,29.631,mM,125 W step,125,YES,NO,0.345,min,1.0,mM,PUBLIC_FIGURE_DIGITIZED,https://doi.org/10.1038/s41598-020-64406-5,Published trace was already processed with the reported 1-min median filter; no additional smoothing applied.,Choi_2020_D,True,10.0
Choi 2020,10.1038/s41598-020-64406-5,Figure 1D,D,Representative subject (identity not reported),sweat_chloride,26.0,29.631,mM,125 W step,125,YES,NO,0.345,min,1.0,mM,PUBLIC_FIGURE_DIGITIZED,https://doi.org/10.1038/s41598-020-64406-5,Published trace was already processed with the reported 1-min median filter; no additional smoothing applied.,Choi_2020_D,True,10.5
Choi 2020,10.1038/s41598-020-64406-5,Figure 1D,D,Representative subject (identity not reported),sweat_chloride,26.5,29.484,mM,125 W step,125,YES,NO,0.345,min,1.0,mM,PUBLIC_FIGURE_DIGITIZED,https://doi.org/10.1038/s41598-020-64406-5,Published trace was already processed with the reported 1-min median filter; no additional smoothing applied.,Choi_2020_D,True,11.0
Choi 2020,10.1038/s41598-020-64406-5,Figure 1D,D,Representative subject (identity not reported),sweat_chloride,27.0,28.157,mM,125 W step,125,YES,NO,0.345,min,1.0,mM,PUBLIC_FIGURE_DIGITIZED,https://doi.org/10.1038/s41598-020-64406-5,Published trace was already processed with the reported 1-min median filter; no additional smoothing applied.,Choi_2020_D,True,11.5
Choi 2020,10.1038/s41598-020-64406-5,Figure 1D,D,Representative subject (identity not reported),sweat_chloride,27.5,27.42,mM,125 W step,125,YES,NO,0.345,min,1.0,mM,PUBLIC_FIGURE_DIGITIZED,https://doi.org/10.1038/s41598-020-64406-5,Published trace was already processed with the reported 1-min median filter; no additional smoothing applied.,Choi_2020_D,True,12.0
Choi 2020,10.1038/s41598-020-64406-5,Figure 1D,D,Representative subject (identity not reported),sweat_chloride,28.0,25.799,mM,125 W step,125,YES,NO,0.345,min,1.0,mM,PUBLIC_FIGURE_DIGITIZED,https://doi.org/10.1038/s41598-020-64406-5,Published trace was already processed with the reported 1-min median filter; no additional smoothing applied.,Choi_2020_D,True,12.5
Choi 2020,10.1038/s41598-020-64406-5,Figure 1D,D,Representative subject (identity not reported),sweat_chloride,28.5,24.914,mM,125 W step,125,YES,NO,0.345,min,1.0,mM,PUBLIC_FIGURE_DIGITIZED,https://doi.org/10.1038/s41598-020-64406-5,Published trace was already processed with the reported 1-min median filter; no additional smoothing applied.,Choi_2020_D,True,13.0
Choi 2020,10.1038/s41598-020-64406-5,Figure 1D,D,Representative subject (identity not reported),sweat_chloride,29.0,24.84,mM,125 W step,125,YES,NO,0.345,min,1.0,mM,PUBLIC_FIGURE_DIGITIZED,https://doi.org/10.1038/s41598-020-64406-5,Published trace was already processed with the reported 1-min median filter; no additional smoothing applied.,Choi_2020_D,True,13.5
Choi 2020,10.1038/s41598-020-64406-5,Figure 1D,D,Representative subject (identity not reported),sweat_chloride,29.5,24.472,mM,125 W step,125,YES,NO,0.345,min,1.0,mM,PUBLIC_FIGURE_DIGITIZED,https://doi.org/10.1038/s41598-020-64406-5,Published trace was already processed with the reported 1-min median filter; no additional smoothing applied.,Choi_2020_D,True,14.0
Choi 2020,10.1038/s41598-020-64406-5,Figure 1D,D,Representative subject (identity not reported),sweat_chloride,30.0,23.735,mM,125 W step,125,YES,NO,0.345,min,1.0,mM,PUBLIC_FIGURE_DIGITIZED,https://doi.org/10.1038/s41598-020-64406-5,Published trace was already processed with the reported 1-min median filter; no additional smoothing applied.,Choi_2020_D,True,14.5
Choi 2020,10.1038/s41598-020-64406-5,Figure 1D,D,Representative subject (identity not reported),sweat_chloride,30.5,23.292,mM,125 W step,125,YES,NO,0.345,min,1.0,mM,PUBLIC_FIGURE_DIGITIZED,https://doi.org/10.1038/s41598-020-64406-5,Published trace was already processed with the reported 1-min median filter; no additional smoothing applied.,Choi_2020_D,True,15.0
Choi 2020,10.1038/s41598-020-64406-5,Figure 1D,D,Representative subject (identity not reported),sweat_chloride,31.0,22.85,mM,125 W step,125,YES,NO,0.345,min,1.0,mM,PUBLIC_FIGURE_DIGITIZED,https://doi.org/10.1038/s41598-020-64406-5,Published trace was already processed with the reported 1-min median filter; no additional smoothing applied.,Choi_2020_D,True,15.5
Choi 2020,10.1038/s41598-020-64406-5,Figure 1D,D,Representative subject (identity not reported),sweat_chloride,31.5,22.187,mM,125 W step,125,YES,NO,0.345,min,1.0,mM,PUBLIC_FIGURE_DIGITIZED,https://doi.org/10.1038/s41598-020-64406-5,Published trace was already processed with the reported 1-min median filter; no additional smoothing applied.,Choi_2020_D,True,16.0
Choi 2020,10.1038/s41598-020-64406-5,Figure 1D,D,Representative subject (identity not reported),sweat_chloride,32.0,21.818,mM,125 W step,125,YES,NO,0.345,min,1.0,mM,PUBLIC_FIGURE_DIGITIZED,https://doi.org/10.1038/s41598-020-64406-5,Published trace was already processed with the reported 1-min median filter; no additional smoothing applied.,Choi_2020_D,True,16.5
Choi 2020,10.1038/s41598-020-64406-5,Figure 1D,D,Representative subject (identity not reported),sweat_chloride,32.5,22.113,mM,125 W step,125,YES,NO,0.345,min,1.0,mM,PUBLIC_FIGURE_DIGITIZED,https://doi.org/10.1038/s41598-020-64406-5,Published trace was already processed with the reported 1-min median filter; no additional smoothing applied.,Choi_2020_D,True,17.0
Choi 2020,10.1038/s41598-020-64406-5,Figure 1D,D,Representative subject (identity not reported),sweat_chloride,33.0,22.113,mM,125 W step,125,YES,NO,0.345,min,1.0,mM,PUBLIC_FIGURE_DIGITIZED,https://doi.org/10.1038/s41598-020-64406-5,Published trace was already processed with the reported 1-min median filter; no additional smoothing applied.,Choi_2020_D,True,17.5
Choi 2020,10.1038/s41598-020-64406-5,Figure 1D,D,Representative subject (identity not reported),sweat_chloride,33.5,21.671,mM,125 W step,125,YES,NO,0.345,min,1.0,mM,PUBLIC_FIGURE_DIGITIZED,https://doi.org/10.1038/s41598-020-64406-5,Published trace was already processed with the reported 1-min median filter; no additional smoothing applied.,Choi_2020_D,True,18.0
Choi 2020,10.1038/s41598-020-64406-5,Figure 1D,D,Representative subject (identity not reported),sweat_chloride,34.0,21.523,mM,125 W step,125,YES,NO,0.345,min,1.0,mM,PUBLIC_FIGURE_DIGITIZED,https://doi.org/10.1038/s41598-020-64406-5,Published trace was already processed with the reported 1-min median filter; no additional smoothing applied.,Choi_2020_D,True,18.5
Choi 2020,10.1038/s41598-020-64406-5,Figure 1D,D,Representative subject (identity not reported),sweat_chloride,34.5,21.818,mM,125 W step,125,YES,NO,0.345,min,1.0,mM,PUBLIC_FIGURE_DIGITIZED,https://doi.org/10.1038/s41598-020-64406-5,Published trace was already processed with the reported 1-min median filter; no additional smoothing applied.,Choi_2020_D,True,19.0
Choi 2020,10.1038/s41598-020-64406-5,Figure 1D,D,Representative subject (identity not reported),sweat_chloride,35.0,22.113,mM,150 W step,150,YES,NO,0.345,min,1.0,mM,PUBLIC_FIGURE_DIGITIZED,https://doi.org/10.1038/s41598-020-64406-5,Published trace was already processed with the reported 1-min median filter; no additional smoothing applied.,Choi_2020_D,True,19.5
Choi 2020,10.1038/s41598-020-64406-5,Figure 1D,D,Representative subject (identity not reported),sweat_chloride,35.5,22.26,mM,150 W step,150,YES,NO,0.345,min,1.0,mM,PUBLIC_FIGURE_DIGITIZED,https://doi.org/10.1038/s41598-020-64406-5,Published trace was already processed with the reported 1-min median filter; no additional smoothing applied.,Choi_2020_D,True,20.0
Choi 2020,10.1038/s41598-020-64406-5,Figure 1D,D,Representative subject (identity not reported),sweat_chloride,36.0,21.966,mM,150 W step,150,YES,NO,0.345,min,1.0,mM,PUBLIC_FIGURE_DIGITIZED,https://doi.org/10.1038/s41598-020-64406-5,Published trace was already processed with the reported 1-min median filter; no additional smoothing applied.,Choi_2020_D,True,20.5
Choi 2020,10.1038/s41598-020-64406-5,Figure 1D,D,Representative subject (identity not reported),sweat_chloride,36.5,21.818,mM,150 W step,150,YES,NO,0.345,min,1.0,mM,PUBLIC_FIGURE_DIGITIZED,https://doi.org/10.1038/s41598-020-64406-5,Published trace was already processed with the reported 1-min median filter; no additional smoothing applied.,Choi_2020_D,True,21.0
Choi 2020,10.1038/s41598-020-64406-5,Figure 1D,D,Representative subject (identity not reported),sweat_chloride,37.0,21.966,mM,150 W step,150,YES,NO,0.345,min,1.0,mM,PUBLIC_FIGURE_DIGITIZED,https://doi.org/10.1038/s41598-020-64406-5,Published trace was already processed with the reported 1-min median filter; no additional smoothing applied.,Choi_2020_D,True,21.5
Choi 2020,10.1038/s41598-020-64406-5,Figure 1D,D,Representative subject (identity not reported),sweat_chloride,37.5,22.113,mM,150 W step,150,YES,NO,0.345,min,1.0,mM,PUBLIC_FIGURE_DIGITIZED,https://doi.org/10.1038/s41598-020-64406-5,Published trace was already processed with the reported 1-min median filter; no additional smoothing applied.,Choi_2020_D,True,22.0
Choi 2020,10.1038/s41598-020-64406-5,Figure 1D,D,Representative subject (identity not reported),sweat_chloride,38.0,21.818,mM,150 W step,150,YES,NO,0.345,min,1.0,mM,PUBLIC_FIGURE_DIGITIZED,https://doi.org/10.1038/s41598-020-64406-5,Published trace was already processed with the reported 1-min median filter; no additional smoothing applied.,Choi_2020_D,True,22.5
Choi 2020,10.1038/s41598-020-64406-5,Figure 1D,D,Representative subject (identity not reported),sweat_chloride,38.5,21.376,mM,150 W step,150,YES,NO,0.345,min,1.0,mM,PUBLIC_FIGURE_DIGITIZED,https://doi.org/10.1038/s41598-020-64406-5,Published trace was already processed with the reported 1-min median filter; no additional smoothing applied.,Choi_2020_D,True,23.0
Choi 2020,10.1038/s41598-020-64406-5,Figure 1D,D,Representative subject (identity not reported),sweat_chloride,39.0,21.376,mM,150 W step,150,YES,NO,0.345,min,1.0,mM,PUBLIC_FIGURE_DIGITIZED,https://doi.org/10.1038/s41598-020-64406-5,Published trace was already processed with the reported 1-min median filter; no additional smoothing applied.,Choi_2020_D,True,23.5
Choi 2020,10.1038/s41598-020-64406-5,Figure 1D,D,Representative subject (identity not reported),sweat_chloride,39.5,21.597,mM,150 W step,150,YES,NO,0.345,min,1.0,mM,PUBLIC_FIGURE_DIGITIZED,https://doi.org/10.1038/s41598-020-64406-5,Published trace was already processed with the reported 1-min median filter; no additional smoothing applied.,Choi_2020_D,True,24.0
Choi 2020,10.1038/s41598-020-64406-5,Figure 1D,D,Representative subject (identity not reported),sweat_chloride,40.0,21.818,mM,150 W step,150,YES,NO,0.345,min,1.0,mM,PUBLIC_FIGURE_DIGITIZED,https://doi.org/10.1038/s41598-020-64406-5,Published trace was already processed with the reported 1-min median filter; no additional smoothing applied.,Choi_2020_D,True,24.5
Choi 2020,10.1038/s41598-020-64406-5,Figure 1D,D,Representative subject (identity not reported),sweat_chloride,40.5,21.966,mM,150 W step,150,YES,NO,0.345,min,1.0,mM,PUBLIC_FIGURE_DIGITIZED,https://doi.org/10.1038/s41598-020-64406-5,Published trace was already processed with the reported 1-min median filter; no additional smoothing applied.,Choi_2020_D,True,25.0
Choi 2020,10.1038/s41598-020-64406-5,Figure 1D,D,Representative subject (identity not reported),sweat_chloride,41.0,21.966,mM,150 W step,150,YES,NO,0.345,min,1.0,mM,PUBLIC_FIGURE_DIGITIZED,https://doi.org/10.1038/s41598-020-64406-5,Published trace was already processed with the reported 1-min median filter; no additional smoothing applied.,Choi_2020_D,True,25.5
Choi 2020,10.1038/s41598-020-64406-5,Figure 1D,D,Representative subject (identity not reported),sweat_chloride,41.5,21.966,mM,150 W step,150,YES,NO,0.345,min,1.0,mM,PUBLIC_FIGURE_DIGITIZED,https://doi.org/10.1038/s41598-020-64406-5,Published trace was already processed with the reported 1-min median filter; no additional smoothing applied.,Choi_2020_D,True,26.0
Choi 2020,10.1038/s41598-020-64406-5,Figure 1D,D,Representative subject (identity not reported),sweat_chloride,42.0,22.776,mM,150 W step,150,YES,NO,0.345,min,1.0,mM,PUBLIC_FIGURE_DIGITIZED,https://doi.org/10.1038/s41598-020-64406-5,Published trace was already processed with the reported 1-min median filter; no additional smoothing applied.,Choi_2020_D,True,26.5
Choi 2020,10.1038/s41598-020-64406-5,Figure 1D,D,Representative subject (identity not reported),sweat_chloride,42.5,23.145,mM,150 W step,150,YES,NO,0.345,min,1.0,mM,PUBLIC_FIGURE_DIGITIZED,https://doi.org/10.1038/s41598-020-64406-5,Published trace was already processed with the reported 1-min median filter; no additional smoothing applied.,Choi_2020_D,True,27.0
Choi 2020,10.1038/s41598-020-64406-5,Figure 1D,D,Representative subject (identity not reported),sweat_chloride,43.0,23.587,mM,150 W step,150,YES,NO,0.345,min,1.0,mM,PUBLIC_FIGURE_DIGITIZED,https://doi.org/10.1038/s41598-020-64406-5,Published trace was already processed with the reported 1-min median filter; no additional smoothing applied.,Choi_2020_D,True,27.5
Choi 2020,10.1038/s41598-020-64406-5,Figure 1D,D,Representative subject (identity not reported),sweat_chloride,43.5,23.587,mM,150 W step,150,YES,NO,0.345,min,1.0,mM,PUBLIC_FIGURE_DIGITIZED,https://doi.org/10.1038/s41598-020-64406-5,Published trace was already processed with the reported 1-min median filter; no additional smoothing applied.,Choi_2020_D,True,28.0
Choi 2020,10.1038/s41598-020-64406-5,Figure 1D,D,Representative subject (identity not reported),sweat_chloride,44.0,23.366,mM,150 W step,150,YES,NO,0.345,min,1.0,mM,PUBLIC_FIGURE_DIGITIZED,https://doi.org/10.1038/s41598-020-64406-5,Published trace was already processed with the reported 1-min median filter; no additional smoothing applied.,Choi_2020_D,True,28.5
Choi 2020,10.1038/s41598-020-64406-5,Figure 1D,D,Representative subject (identity not reported),sweat_chloride,44.5,23.292,mM,150 W step,150,YES,NO,0.345,min,1.0,mM,PUBLIC_FIGURE_DIGITIZED,https://doi.org/10.1038/s41598-020-64406-5,Published trace was already processed with the reported 1-min median filter; no additional smoothing applied.,Choi_2020_D,True,29.0
Choi 2020,10.1038/s41598-020-64406-5,Figure 1D,D,Representative subject (identity not reported),sweat_chloride,45.0,23.44,mM,175 W step,175,YES,NO,0.345,min,1.0,mM,PUBLIC_FIGURE_DIGITIZED,https://doi.org/10.1038/s41598-020-64406-5,Published trace was already processed with the reported 1-min median filter; no additional smoothing applied.,Choi_2020_D,True,29.5
Choi 2020,10.1038/s41598-020-64406-5,Figure 1D,D,Representative subject (identity not reported),sweat_chloride,45.5,23.735,mM,175 W step,175,YES,NO,0.345,min,1.0,mM,PUBLIC_FIGURE_DIGITIZED,https://doi.org/10.1038/s41598-020-64406-5,Published trace was already processed with the reported 1-min median filter; no additional smoothing applied.,Choi_2020_D,True,30.0
Choi 2020,10.1038/s41598-020-64406-5,Figure 1D,D,Representative subject (identity not reported),sweat_chloride,46.0,24.767,mM,175 W step,175,YES,NO,0.345,min,1.0,mM,PUBLIC_FIGURE_DIGITIZED,https://doi.org/10.1038/s41598-020-64406-5,Published trace was already processed with the reported 1-min median filter; no additional smoothing applied.,Choi_2020_D,True,30.5
Choi 2020,10.1038/s41598-020-64406-5,Figure 1D,D,Representative subject (identity not reported),sweat_chloride,46.5,26.167,mM,175 W step,175,YES,NO,0.345,min,1.0,mM,PUBLIC_FIGURE_DIGITIZED,https://doi.org/10.1038/s41598-020-64406-5,Published trace was already processed with the reported 1-min median filter; no additional smoothing applied.,Choi_2020_D,True,31.0
Choi 2020,10.1038/s41598-020-64406-5,Figure 1D,D,Representative subject (identity not reported),sweat_chloride,47.0,27.273,mM,175 W step,175,YES,NO,0.345,min,1.0,mM,PUBLIC_FIGURE_DIGITIZED,https://doi.org/10.1038/s41598-020-64406-5,Published trace was already processed with the reported 1-min median filter; no additional smoothing applied.,Choi_2020_D,True,31.5
Choi 2020,10.1038/s41598-020-64406-5,Figure 1D,D,Representative subject (identity not reported),sweat_chloride,47.5,27.715,mM,175 W step,175,YES,NO,0.345,min,1.0,mM,PUBLIC_FIGURE_DIGITIZED,https://doi.org/10.1038/s41598-020-64406-5,Published trace was already processed with the reported 1-min median filter; no additional smoothing applied.,Choi_2020_D,True,32.0
Choi 2020,10.1038/s41598-020-64406-5,Figure 1D,D,Representative subject (identity not reported),sweat_chloride,48.0,27.125,mM,175 W step,175,YES,NO,0.345,min,1.0,mM,PUBLIC_FIGURE_DIGITIZED,https://doi.org/10.1038/s41598-020-64406-5,Published trace was already processed with the reported 1-min median filter; no additional smoothing applied.,Choi_2020_D,True,32.5
Choi 2020,10.1038/s41598-020-64406-5,Figure 1D,D,Representative subject (identity not reported),sweat_chloride,48.5,26.609,mM,175 W step,175,YES,NO,0.345,min,1.0,mM,PUBLIC_FIGURE_DIGITIZED,https://doi.org/10.1038/s41598-020-64406-5,Published trace was already processed with the reported 1-min median filter; no additional smoothing applied.,Choi_2020_D,True,33.0
Choi 2020,10.1038/s41598-020-64406-5,Figure 1D,D,Representative subject (identity not reported),sweat_chloride,49.0,26.536,mM,175 W step,175,YES,NO,0.345,min,1.0,mM,PUBLIC_FIGURE_DIGITIZED,https://doi.org/10.1038/s41598-020-64406-5,Published trace was already processed with the reported 1-min median filter; no additional smoothing applied.,Choi_2020_D,True,33.5
Choi 2020,10.1038/s41598-020-64406-5,Figure 1D,D,Representative subject (identity not reported),sweat_chloride,49.5,26.978,mM,175 W step,175,YES,NO,0.345,min,1.0,mM,PUBLIC_FIGURE_DIGITIZED,https://doi.org/10.1038/s41598-020-64406-5,Published trace was already processed with the reported 1-min median filter; no additional smoothing applied.,Choi_2020_D,True,34.0
Choi 2020,10.1038/s41598-020-64406-5,Figure 1D,D,Representative subject (identity not reported),sweat_chloride,50.0,27.42,mM,175 W step,175,YES,NO,0.345,min,1.0,mM,PUBLIC_FIGURE_DIGITIZED,https://doi.org/10.1038/s41598-020-64406-5,Published trace was already processed with the reported 1-min median filter; no additional smoothing applied.,Choi_2020_D,True,34.5
Choi 2020,10.1038/s41598-020-64406-5,Figure 1D,D,Representative subject (identity not reported),sweat_chloride,50.5,27.273,mM,175 W step,175,YES,NO,0.345,min,1.0,mM,PUBLIC_FIGURE_DIGITIZED,https://doi.org/10.1038/s41598-020-64406-5,Published trace was already processed with the reported 1-min median filter; no additional smoothing applied.,Choi_2020_D,True,35.0
Choi 2020,10.1038/s41598-020-64406-5,Figure 1D,D,Representative subject (identity not reported),sweat_chloride,51.0,27.125,mM,175 W step,175,YES,NO,0.345,min,1.0,mM,PUBLIC_FIGURE_DIGITIZED,https://doi.org/10.1038/s41598-020-64406-5,Published trace was already processed with the reported 1-min median filter; no additional smoothing applied.,Choi_2020_D,True,35.5
Choi 2020,10.1038/s41598-020-64406-5,Figure 1D,D,Representative subject (identity not reported),sweat_chloride,51.5,26.83,mM,175 W step,175,YES,NO,0.345,min,1.0,mM,PUBLIC_FIGURE_DIGITIZED,https://doi.org/10.1038/s41598-020-64406-5,Published trace was already processed with the reported 1-min median filter; no additional smoothing applied.,Choi_2020_D,True,36.0
Choi 2020,10.1038/s41598-020-64406-5,Figure 1D,D,Representative subject (identity not reported),sweat_chloride,52.0,26.609,mM,175 W step,175,YES,NO,0.345,min,1.0,mM,PUBLIC_FIGURE_DIGITIZED,https://doi.org/10.1038/s41598-020-64406-5,Published trace was already processed with the reported 1-min median filter; no additional smoothing applied.,Choi_2020_D,True,36.5
Choi 2020,10.1038/s41598-020-64406-5,Figure 1D,D,Representative subject (identity not reported),sweat_chloride,52.5,26.683,mM,175 W step,175,YES,NO,0.345,min,1.0,mM,PUBLIC_FIGURE_DIGITIZED,https://doi.org/10.1038/s41598-020-64406-5,Published trace was already processed with the reported 1-min median filter; no additional smoothing applied.,Choi_2020_D,True,37.0
Choi 2020,10.1038/s41598-020-64406-5,Figure 1D,D,Representative subject (identity not reported),sweat_chloride,53.0,26.83,mM,175 W step,175,YES,NO,0.345,min,1.0,mM,PUBLIC_FIGURE_DIGITIZED,https://doi.org/10.1038/s41598-020-64406-5,Published trace was already processed with the reported 1-min median filter; no additional smoothing applied.,Choi_2020_D,True,37.5
Choi 2020,10.1038/s41598-020-64406-5,Figure 1D,D,Representative subject (identity not reported),sweat_chloride,53.5,26.978,mM,175 W step,175,YES,NO,0.345,min,1.0,mM,PUBLIC_FIGURE_DIGITIZED,https://doi.org/10.1038/s41598-020-64406-5,Published trace was already processed with the reported 1-min median filter; no additional smoothing applied.,Choi_2020_D,True,38.0
Choi 2020,10.1038/s41598-020-64406-5,Figure 1D,D,Representative subject (identity not reported),sweat_chloride,54.0,26.978,mM,175 W step,175,YES,NO,0.345,min,1.0,mM,PUBLIC_FIGURE_DIGITIZED,https://doi.org/10.1038/s41598-020-64406-5,Published trace was already processed with the reported 1-min median filter; no additional smoothing applied.,Choi_2020_D,True,38.5
Choi 2020,10.1038/s41598-020-64406-5,Figure 1D,D,Representative subject (identity not reported),sweat_chloride,54.5,27.42,mM,175 W step,175,YES,NO,0.345,min,1.0,mM,PUBLIC_FIGURE_DIGITIZED,https://doi.org/10.1038/s41598-020-64406-5,Published trace was already processed with the reported 1-min median filter; no additional smoothing applied.,Choi_2020_D,True,39.0
Choi 2020,10.1038/s41598-020-64406-5,Figure 1D,D,Representative subject (identity not reported),sweat_chloride,55.0,27.936,mM,200 W step,200,YES,NO,0.345,min,1.0,mM,PUBLIC_FIGURE_DIGITIZED,https://doi.org/10.1038/s41598-020-64406-5,Published trace was already processed with the reported 1-min median filter; no additional smoothing applied.,Choi_2020_D,True,39.5
Choi 2020,10.1038/s41598-020-64406-5,Figure 1D,D,Representative subject (identity not reported),sweat_chloride,55.5,29.337,mM,200 W step,200,YES,NO,0.345,min,1.0,mM,PUBLIC_FIGURE_DIGITIZED,https://doi.org/10.1038/s41598-020-64406-5,Published trace was already processed with the reported 1-min median filter; no additional smoothing applied.,Choi_2020_D,True,40.0
Choi 2020,10.1038/s41598-020-64406-5,Figure 1D,D,Representative subject (identity not reported),sweat_chloride,56.0,30.074,mM,200 W step,200,YES,NO,0.345,min,1.0,mM,PUBLIC_FIGURE_DIGITIZED,https://doi.org/10.1038/s41598-020-64406-5,Published trace was already processed with the reported 1-min median filter; no additional smoothing applied.,Choi_2020_D,True,40.5
Choi 2020,10.1038/s41598-020-64406-5,Figure 1D,D,Representative subject (identity not reported),sweat_chloride,56.5,31.548,mM,200 W step,200,YES,NO,0.345,min,1.0,mM,PUBLIC_FIGURE_DIGITIZED,https://doi.org/10.1038/s41598-020-64406-5,Published trace was already processed with the reported 1-min median filter; no additional smoothing applied.,Choi_2020_D,True,41.0
Choi 2020,10.1038/s41598-020-64406-5,Figure 1D,D,Representative subject (identity not reported),sweat_chloride,57.0,32.138,mM,200 W step,200,YES,NO,0.345,min,1.0,mM,PUBLIC_FIGURE_DIGITIZED,https://doi.org/10.1038/s41598-020-64406-5,Published trace was already processed with the reported 1-min median filter; no additional smoothing applied.,Choi_2020_D,True,41.5
Choi 2020,10.1038/s41598-020-64406-5,Figure 1D,D,Representative subject (identity not reported),sweat_chloride,57.5,32.432,mM,200 W step,200,YES,NO,0.345,min,1.0,mM,PUBLIC_FIGURE_DIGITIZED,https://doi.org/10.1038/s41598-020-64406-5,Published trace was already processed with the reported 1-min median filter; no additional smoothing applied.,Choi_2020_D,True,42.0
Choi 2020,10.1038/s41598-020-64406-5,Figure 1D,D,Representative subject (identity not reported),sweat_chloride,58.0,32.285,mM,200 W step,200,YES,NO,0.345,min,1.0,mM,PUBLIC_FIGURE_DIGITIZED,https://doi.org/10.1038/s41598-020-64406-5,Published trace was already processed with the reported 1-min median filter; no additional smoothing applied.,Choi_2020_D,True,42.5
Choi 2020,10.1038/s41598-020-64406-5,Figure 1D,D,Representative subject (identity not reported),sweat_chloride,58.5,31.548,mM,200 W step,200,YES,NO,0.345,min,1.0,mM,PUBLIC_FIGURE_DIGITIZED,https://doi.org/10.1038/s41598-020-64406-5,Published trace was already processed with the reported 1-min median filter; no additional smoothing applied.,Choi_2020_D,True,43.0
Choi 2020,10.1038/s41598-020-64406-5,Figure 1D,D,Representative subject (identity not reported),sweat_chloride,59.0,31.179,mM,200 W step,200,YES,NO,0.345,min,1.0,mM,PUBLIC_FIGURE_DIGITIZED,https://doi.org/10.1038/s41598-020-64406-5,Published trace was already processed with the reported 1-min median filter; no additional smoothing applied.,Choi_2020_D,True,43.5
Choi 2020,10.1038/s41598-020-64406-5,Figure 1D,D,Representative subject (identity not reported),sweat_chloride,59.5,31.548,mM,200 W step,200,YES,NO,0.345,min,1.0,mM,PUBLIC_FIGURE_DIGITIZED,https://doi.org/10.1038/s41598-020-64406-5,Published trace was already processed with the reported 1-min median filter; no additional smoothing applied.,Choi_2020_D,True,44.0
Choi 2020,10.1038/s41598-020-64406-5,Figure 1D,D,Representative subject (identity not reported),sweat_chloride,60.0,31.548,mM,200 W step,200,YES,NO,0.345,min,1.0,mM,PUBLIC_FIGURE_DIGITIZED,https://doi.org/10.1038/s41598-020-64406-5,Published trace was already processed with the reported 1-min median filter; no additional smoothing applied.,Choi_2020_D,True,44.5
Choi 2020,10.1038/s41598-020-64406-5,Figure 1D,D,Representative subject (identity not reported),sweat_chloride,60.5,31.769,mM,200 W step,200,YES,NO,0.345,min,1.0,mM,PUBLIC_FIGURE_DIGITIZED,https://doi.org/10.1038/s41598-020-64406-5,Published trace was already processed with the reported 1-min median filter; no additional smoothing applied.,Choi_2020_D,True,45.0
Choi 2020,10.1038/s41598-020-64406-5,Figure 1D,D,Representative subject (identity not reported),sweat_chloride,61.0,32.58,mM,200 W step,200,YES,NO,0.345,min,1.0,mM,PUBLIC_FIGURE_DIGITIZED,https://doi.org/10.1038/s41598-020-64406-5,Published trace was already processed with the reported 1-min median filter; no additional smoothing applied.,Choi_2020_D,True,45.5
Choi 2020,10.1038/s41598-020-64406-5,Figure 1D,D,Representative subject (identity not reported),sweat_chloride,61.5,33.17,mM,200 W step,200,YES,NO,0.345,min,1.0,mM,PUBLIC_FIGURE_DIGITIZED,https://doi.org/10.1038/s41598-020-64406-5,Published trace was already processed with the reported 1-min median filter; no additional smoothing applied.,Choi_2020_D,True,46.0
Choi 2020,10.1038/s41598-020-64406-5,Figure 1D,D,Representative subject (identity not reported),sweat_chloride,62.0,33.17,mM,200 W step,200,YES,NO,0.345,min,1.0,mM,PUBLIC_FIGURE_DIGITIZED,https://doi.org/10.1038/s41598-020-64406-5,Published trace was already processed with the reported 1-min median filter; no additional smoothing applied.,Choi_2020_D,True,46.5
Choi 2020,10.1038/s41598-020-64406-5,Figure 1D,D,Representative subject (identity not reported),sweat_chloride,62.5,33.907,mM,200 W step,200,YES,NO,0.345,min,1.0,mM,PUBLIC_FIGURE_DIGITIZED,https://doi.org/10.1038/s41598-020-64406-5,Published trace was already processed with the reported 1-min median filter; no additional smoothing applied.,Choi_2020_D,True,47.0
Choi 2020,10.1038/s41598-020-64406-5,Figure 1D,D,Representative subject (identity not reported),sweat_chloride,63.0,34.496,mM,200 W step,200,YES,NO,0.345,min,1.0,mM,PUBLIC_FIGURE_DIGITIZED,https://doi.org/10.1038/s41598-020-64406-5,Published trace was already processed with the reported 1-min median filter; no additional smoothing applied.,Choi_2020_D,True,47.5
Choi 2020,10.1038/s41598-020-64406-5,Figure 1D,D,Representative subject (identity not reported),sweat_chloride,63.5,35.528,mM,200 W step,200,YES,NO,0.345,min,1.0,mM,PUBLIC_FIGURE_DIGITIZED,https://doi.org/10.1038/s41598-020-64406-5,Published trace was already processed with the reported 1-min median filter; no additional smoothing applied.,Choi_2020_D,True,48.0
Choi 2020,10.1038/s41598-020-64406-5,Figure 1D,D,Representative subject (identity not reported),sweat_chloride,64.0,36.413,mM,200 W step,200,YES,NO,0.345,min,1.0,mM,PUBLIC_FIGURE_DIGITIZED,https://doi.org/10.1038/s41598-020-64406-5,Published trace was already processed with the reported 1-min median filter; no additional smoothing applied.,Choi_2020_D,True,48.5
Choi 2020,10.1038/s41598-020-64406-5,Figure 1D,D,Representative subject (identity not reported),sweat_chloride,64.5,37.371,mM,200 W step,200,YES,NO,0.345,min,1.0,mM,PUBLIC_FIGURE_DIGITIZED,https://doi.org/10.1038/s41598-020-64406-5,Published trace was already processed with the reported 1-min median filter; no additional smoothing applied.,Choi_2020_D,True,49.0
Choi 2020,10.1038/s41598-020-64406-5,Figure 1D,D,Representative subject (identity not reported),sweat_chloride,65.0,38.182,mM,200 W late step,200,YES,NO,0.345,min,1.0,mM,PUBLIC_FIGURE_DIGITIZED,https://doi.org/10.1038/s41598-020-64406-5,Published trace was already processed with the reported 1-min median filter; no additional smoothing applied.,Choi_2020_D,True,49.5
Choi 2020,10.1038/s41598-020-64406-5,Figure 1D,D,Representative subject (identity not reported),sweat_chloride,65.5,37.74,mM,200 W late step,200,YES,NO,0.345,min,1.0,mM,PUBLIC_FIGURE_DIGITIZED,https://doi.org/10.1038/s41598-020-64406-5,Published trace was already processed with the reported 1-min median filter; no additional smoothing applied.,Choi_2020_D,True,50.0
Choi 2020,10.1038/s41598-020-64406-5,Figure 1D,D,Representative subject (identity not reported),sweat_chloride,66.0,37.15,mM,200 W late step,200,YES,NO,0.345,min,1.0,mM,PUBLIC_FIGURE_DIGITIZED,https://doi.org/10.1038/s41598-020-64406-5,Published trace was already processed with the reported 1-min median filter; no additional smoothing applied.,Choi_2020_D,True,50.5
Choi 2020,10.1038/s41598-020-64406-5,Figure 1D,D,Representative subject (identity not reported),sweat_chloride,66.5,37.297,mM,200 W late step,200,YES,NO,0.345,min,1.0,mM,PUBLIC_FIGURE_DIGITIZED,https://doi.org/10.1038/s41598-020-64406-5,Published trace was already processed with the reported 1-min median filter; no additional smoothing applied.,Choi_2020_D,True,51.0
Choi 2020,10.1038/s41598-020-64406-5,Figure 1D,D,Representative subject (identity not reported),sweat_chloride,67.0,37.961,mM,200 W late step,200,YES,NO,0.345,min,1.0,mM,PUBLIC_FIGURE_DIGITIZED,https://doi.org/10.1038/s41598-020-64406-5,Published trace was already processed with the reported 1-min median filter; no additional smoothing applied.,Choi_2020_D,True,51.5
Choi 2020,10.1038/s41598-020-64406-5,Figure 1D,D,Representative subject (identity not reported),sweat_chloride,67.5,37.887,mM,200 W late step,200,YES,NO,0.345,min,1.0,mM,PUBLIC_FIGURE_DIGITIZED,https://doi.org/10.1038/s41598-020-64406-5,Published trace was already processed with the reported 1-min median filter; no additional smoothing applied.,Choi_2020_D,True,52.0
Choi 2020,10.1038/s41598-020-64406-5,Figure 1D,D,Representative subject (identity not reported),sweat_chloride,68.0,37.445,mM,200 W late step,200,YES,NO,0.345,min,1.0,mM,PUBLIC_FIGURE_DIGITIZED,https://doi.org/10.1038/s41598-020-64406-5,Published trace was already processed with the reported 1-min median filter; no additional smoothing applied.,Choi_2020_D,True,52.5
Choi 2020,10.1038/s41598-020-64406-5,Figure 1D,D,Representative subject (identity not reported),sweat_chloride,68.5,37.445,mM,200 W late step,200,YES,NO,0.345,min,1.0,mM,PUBLIC_FIGURE_DIGITIZED,https://doi.org/10.1038/s41598-020-64406-5,Published trace was already processed with the reported 1-min median filter; no additional smoothing applied.,Choi_2020_D,True,53.0
Choi 2020,10.1038/s41598-020-64406-5,Figure 1D,D,Representative subject (identity not reported),sweat_chloride,69.0,38.034,mM,200 W late step,200,YES,NO,0.345,min,1.0,mM,PUBLIC_FIGURE_DIGITIZED,https://doi.org/10.1038/s41598-020-64406-5,Published trace was already processed with the reported 1-min median filter; no additional smoothing applied.,Choi_2020_D,True,53.5
Choi 2020,10.1038/s41598-020-64406-5,Figure 1D,D,Representative subject (identity not reported),sweat_chloride,69.5,38.182,mM,200 W late step,200,YES,NO,0.345,min,1.0,mM,PUBLIC_FIGURE_DIGITIZED,https://doi.org/10.1038/s41598-020-64406-5,Published trace was already processed with the reported 1-min median filter; no additional smoothing applied.,Choi_2020_D,True,54.0
Saha 2024,10.1002/advs.202405518,Figure 3b(i),Fig3b_Subject1,Subject 1,SBG,-14.0,97.58,mg/dL,fasting baseline,,BASELINE_ONLY,NO,0.612,min,0.641,mg/dL,PUBLIC_FIGURE_DIGITIZED,https://doi.org/10.1002/advs.202405518,No smoothing; black SBG line sampled every 2 min from the 300-dpi PDF rendering.,Saha_2024_Fig3b_Subject1,False,
Saha 2024,10.1002/advs.202405518,Figure 3b(i),Fig3b_Subject1,Subject 1,SBG,-12.0,97.58,mg/dL,fasting baseline,,BASELINE_ONLY,NO,0.612,min,0.641,mg/dL,PUBLIC_FIGURE_DIGITIZED,https://doi.org/10.1002/advs.202405518,No smoothing; black SBG line sampled every 2 min from the 300-dpi PDF rendering.,Saha_2024_Fig3b_Subject1,False,
Saha 2024,10.1002/advs.202405518,Figure 3b(i),Fig3b_Subject1,Subject 1,SBG,-10.0,97.47,mg/dL,fasting baseline,,BASELINE_ONLY,NO,0.612,min,0.641,mg/dL,PUBLIC_FIGURE_DIGITIZED,https://doi.org/10.1002/advs.202405518,No smoothing; black SBG line sampled every 2 min from the 300-dpi PDF rendering.,Saha_2024_Fig3b_Subject1,False,
Saha 2024,10.1002/advs.202405518,Figure 3b(i),Fig3b_Subject1,Subject 1,SBG,-8.0,97.37,mg/dL,fasting baseline,,BASELINE_ONLY,NO,0.612,min,0.641,mg/dL,PUBLIC_FIGURE_DIGITIZED,https://doi.org/10.1002/advs.202405518,No smoothing; black SBG line sampled every 2 min from the 300-dpi PDF rendering.,Saha_2024_Fig3b_Subject1,False,
Saha 2024,10.1002/advs.202405518,Figure 3b(i),Fig3b_Subject1,Subject 1,SBG,-6.0,97.47,mg/dL,fasting baseline,,BASELINE_ONLY,NO,0.612,min,0.641,mg/dL,PUBLIC_FIGURE_DIGITIZED,https://doi.org/10.1002/advs.202405518,No smoothing; black SBG line sampled every 2 min from the 300-dpi PDF rendering.,Saha_2024_Fig3b_Subject1,False,
Saha 2024,10.1002/advs.202405518,Figure 3b(i),Fig3b_Subject1,Subject 1,SBG,-4.0,97.69,mg/dL,fasting baseline,,BASELINE_ONLY,NO,0.612,min,0.641,mg/dL,PUBLIC_FIGURE_DIGITIZED,https://doi.org/10.1002/advs.202405518,No smoothing; black SBG line sampled every 2 min from the 300-dpi PDF rendering.,Saha_2024_Fig3b_Subject1,False,
Saha 2024,10.1002/advs.202405518,Figure 3b(i),Fig3b_Subject1,Subject 1,SBG,-2.0,97.69,mg/dL,fasting baseline,,BASELINE_ONLY,NO,0.612,min,0.641,mg/dL,PUBLIC_FIGURE_DIGITIZED,https://doi.org/10.1002/advs.202405518,No smoothing; black SBG line sampled every 2 min from the 300-dpi PDF rendering.,Saha_2024_Fig3b_Subject1,False,
Saha 2024,10.1002/advs.202405518,Figure 3b(i),Fig3b_Subject1,Subject 1,SBG,0.0,100.36,mg/dL,post-meal,,YES,NO,0.612,min,0.641,mg/dL,PUBLIC_FIGURE_DIGITIZED,https://doi.org/10.1002/advs.202405518,No smoothing; black SBG line sampled every 2 min from the 300-dpi PDF rendering.,Saha_2024_Fig3b_Subject1,True,0.0
Saha 2024,10.1002/advs.202405518,Figure 3b(i),Fig3b_Subject1,Subject 1,SBG,2.0,100.57,mg/dL,post-meal,,YES,NO,0.612,min,0.641,mg/dL,PUBLIC_FIGURE_DIGITIZED,https://doi.org/10.1002/advs.202405518,No smoothing; black SBG line sampled every 2 min from the 300-dpi PDF rendering.,Saha_2024_Fig3b_Subject1,True,2.0
Saha 2024,10.1002/advs.202405518,Figure 3b(i),Fig3b_Subject1,Subject 1,SBG,4.0,102.6,mg/dL,post-meal,,YES,NO,0.612,min,0.641,mg/dL,PUBLIC_FIGURE_DIGITIZED,https://doi.org/10.1002/advs.202405518,No smoothing; black SBG line sampled every 2 min from the 300-dpi PDF rendering.,Saha_2024_Fig3b_Subject1,True,4.0
Saha 2024,10.1002/advs.202405518,Figure 3b(i),Fig3b_Subject1,Subject 1,SBG,6.0,105.37,mg/dL,post-meal,,YES,NO,0.612,min,0.641,mg/dL,PUBLIC_FIGURE_DIGITIZED,https://doi.org/10.1002/advs.202405518,No smoothing; black SBG line sampled every 2 min from the 300-dpi PDF rendering.,Saha_2024_Fig3b_Subject1,True,6.0
Saha 2024,10.1002/advs.202405518,Figure 3b(i),Fig3b_Subject1,Subject 1,SBG,8.0,107.51,mg/dL,post-meal,,YES,NO,0.612,min,0.641,mg/dL,PUBLIC_FIGURE_DIGITIZED,https://doi.org/10.1002/advs.202405518,No smoothing; black SBG line sampled every 2 min from the 300-dpi PDF rendering.,Saha_2024_Fig3b_Subject1,True,8.0
Saha 2024,10.1002/advs.202405518,Figure 3b(i),Fig3b_Subject1,Subject 1,SBG,10.0,110.28,mg/dL,post-meal,,YES,NO,0.612,min,0.641,mg/dL,PUBLIC_FIGURE_DIGITIZED,https://doi.org/10.1002/advs.202405518,No smoothing; black SBG line sampled every 2 min from the 300-dpi PDF rendering.,Saha_2024_Fig3b_Subject1,True,10.0
Saha 2024,10.1002/advs.202405518,Figure 3b(i),Fig3b_Subject1,Subject 1,SBG,12.0,112.63,mg/dL,post-meal,,YES,NO,0.612,min,0.641,mg/dL,PUBLIC_FIGURE_DIGITIZED,https://doi.org/10.1002/advs.202405518,No smoothing; black SBG line sampled every 2 min from the 300-dpi PDF rendering.,Saha_2024_Fig3b_Subject1,True,12.0
Saha 2024,10.1002/advs.202405518,Figure 3b(i),Fig3b_Subject1,Subject 1,SBG,14.0,115.2,mg/dL,post-meal,,YES,NO,0.612,min,0.641,mg/dL,PUBLIC_FIGURE_DIGITIZED,https://doi.org/10.1002/advs.202405518,No smoothing; black SBG line sampled every 2 min from the 300-dpi PDF rendering.,Saha_2024_Fig3b_Subject1,True,14.0
Saha 2024,10.1002/advs.202405518,Figure 3b(i),Fig3b_Subject1,Subject 1,SBG,16.0,117.65,mg/dL,post-meal,,YES,NO,0.612,min,0.641,mg/dL,PUBLIC_FIGURE_DIGITIZED,https://doi.org/10.1002/advs.202405518,No smoothing; black SBG line sampled every 2 min from the 300-dpi PDF rendering.,Saha_2024_Fig3b_Subject1,True,16.0
Saha 2024,10.1002/advs.202405518,Figure 3b(i),Fig3b_Subject1,Subject 1,SBG,18.0,120.75,mg/dL,post-meal,,YES,NO,0.612,min,0.641,mg/dL,PUBLIC_FIGURE_DIGITIZED,https://doi.org/10.1002/advs.202405518,No smoothing; black SBG line sampled every 2 min from the 300-dpi PDF rendering.,Saha_2024_Fig3b_Subject1,True,18.0
Saha 2024,10.1002/advs.202405518,Figure 3b(i),Fig3b_Subject1,Subject 1,SBG,20.0,123.52,mg/dL,post-meal,,YES,NO,0.612,min,0.641,mg/dL,PUBLIC_FIGURE_DIGITIZED,https://doi.org/10.1002/advs.202405518,No smoothing; black SBG line sampled every 2 min from the 300-dpi PDF rendering.,Saha_2024_Fig3b_Subject1,True,20.0
Saha 2024,10.1002/advs.202405518,Figure 3b(i),Fig3b_Subject1,Subject 1,SBG,22.0,126.73,mg/dL,post-meal,,YES,NO,0.612,min,0.641,mg/dL,PUBLIC_FIGURE_DIGITIZED,https://doi.org/10.1002/advs.202405518,No smoothing; black SBG line sampled every 2 min from the 300-dpi PDF rendering.,Saha_2024_Fig3b_Subject1,True,22.0
Saha 2024,10.1002/advs.202405518,Figure 3b(i),Fig3b_Subject1,Subject 1,SBG,24.0,129.5,mg/dL,post-meal,,YES,NO,0.612,min,0.641,mg/dL,PUBLIC_FIGURE_DIGITIZED,https://doi.org/10.1002/advs.202405518,No smoothing; black SBG line sampled every 2 min from the 300-dpi PDF rendering.,Saha_2024_Fig3b_Subject1,True,24.0
Saha 2024,10.1002/advs.202405518,Figure 3b(i),Fig3b_Subject1,Subject 1,SBG,26.0,132.7,mg/dL,post-meal,,YES,NO,0.612,min,0.641,mg/dL,PUBLIC_FIGURE_DIGITIZED,https://doi.org/10.1002/advs.202405518,No smoothing; black SBG line sampled every 2 min from the 300-dpi PDF rendering.,Saha_2024_Fig3b_Subject1,True,26.0
Saha 2024,10.1002/advs.202405518,Figure 3b(i),Fig3b_Subject1,Subject 1,SBG,28.0,135.91,mg/dL,post-meal,,YES,NO,0.612,min,0.641,mg/dL,PUBLIC_FIGURE_DIGITIZED,https://doi.org/10.1002/advs.202405518,No smoothing; black SBG line sampled every 2 min from the 300-dpi PDF rendering.,Saha_2024_Fig3b_Subject1,True,28.0
Saha 2024,10.1002/advs.202405518,Figure 3b(i),Fig3b_Subject1,Subject 1,SBG,30.0,137.94,mg/dL,post-meal,,YES,NO,0.612,min,0.641,mg/dL,PUBLIC_FIGURE_DIGITIZED,https://doi.org/10.1002/advs.202405518,No smoothing; black SBG line sampled every 2 min from the 300-dpi PDF rendering.,Saha_2024_Fig3b_Subject1,True,30.0
Saha 2024,10.1002/advs.202405518,Figure 3b(i),Fig3b_Subject1,Subject 1,SBG,32.0,137.83,mg/dL,post-meal,,YES,NO,0.612,min,0.641,mg/dL,PUBLIC_FIGURE_DIGITIZED,https://doi.org/10.1002/advs.202405518,No smoothing; black SBG line sampled every 2 min from the 300-dpi PDF rendering.,Saha_2024_Fig3b_Subject1,True,32.0
Saha 2024,10.1002/advs.202405518,Figure 3b(i),Fig3b_Subject1,Subject 1,SBG,34.0,136.01,mg/dL,post-meal,,YES,NO,0.612,min,0.641,mg/dL,PUBLIC_FIGURE_DIGITIZED,https://doi.org/10.1002/advs.202405518,No smoothing; black SBG line sampled every 2 min from the 300-dpi PDF rendering.,Saha_2024_Fig3b_Subject1,True,34.0
Saha 2024,10.1002/advs.202405518,Figure 3b(i),Fig3b_Subject1,Subject 1,SBG,36.0,133.35,mg/dL,post-meal,,YES,NO,0.612,min,0.641,mg/dL,PUBLIC_FIGURE_DIGITIZED,https://doi.org/10.1002/advs.202405518,No smoothing; black SBG line sampled every 2 min from the 300-dpi PDF rendering.,Saha_2024_Fig3b_Subject1,True,36.0
Saha 2024,10.1002/advs.202405518,Figure 3b(i),Fig3b_Subject1,Subject 1,SBG,38.0,131.1,mg/dL,post-meal,,YES,NO,0.612,min,0.641,mg/dL,PUBLIC_FIGURE_DIGITIZED,https://doi.org/10.1002/advs.202405518,No smoothing; black SBG line sampled every 2 min from the 300-dpi PDF rendering.,Saha_2024_Fig3b_Subject1,True,38.0
Saha 2024,10.1002/advs.202405518,Figure 3b(i),Fig3b_Subject1,Subject 1,SBG,40.0,128.43,mg/dL,post-meal,,YES,NO,0.612,min,0.641,mg/dL,PUBLIC_FIGURE_DIGITIZED,https://doi.org/10.1002/advs.202405518,No smoothing; black SBG line sampled every 2 min from the 300-dpi PDF rendering.,Saha_2024_Fig3b_Subject1,True,40.0
Saha 2024,10.1002/advs.202405518,Figure 3b(i),Fig3b_Subject1,Subject 1,SBG,42.0,126.09,mg/dL,post-meal,,YES,NO,0.612,min,0.641,mg/dL,PUBLIC_FIGURE_DIGITIZED,https://doi.org/10.1002/advs.202405518,No smoothing; black SBG line sampled every 2 min from the 300-dpi PDF rendering.,Saha_2024_Fig3b_Subject1,True,42.0
Saha 2024,10.1002/advs.202405518,Figure 3b(i),Fig3b_Subject1,Subject 1,SBG,44.0,123.42,mg/dL,post-meal,,YES,NO,0.612,min,0.641,mg/dL,PUBLIC_FIGURE_DIGITIZED,https://doi.org/10.1002/advs.202405518,No smoothing; black SBG line sampled every 2 min from the 300-dpi PDF rendering.,Saha_2024_Fig3b_Subject1,True,44.0
Saha 2024,10.1002/advs.202405518,Figure 3b(i),Fig3b_Subject1,Subject 1,SBG,46.0,121.71,mg/dL,post-meal,,YES,NO,0.612,min,0.641,mg/dL,PUBLIC_FIGURE_DIGITIZED,https://doi.org/10.1002/advs.202405518,No smoothing; black SBG line sampled every 2 min from the 300-dpi PDF rendering.,Saha_2024_Fig3b_Subject1,True,46.0
Saha 2024,10.1002/advs.202405518,Figure 3b(i),Fig3b_Subject1,Subject 1,SBG,48.0,120.53,mg/dL,post-meal,,YES,NO,0.612,min,0.641,mg/dL,PUBLIC_FIGURE_DIGITIZED,https://doi.org/10.1002/advs.202405518,No smoothing; black SBG line sampled every 2 min from the 300-dpi PDF rendering.,Saha_2024_Fig3b_Subject1,True,48.0
Saha 2024,10.1002/advs.202405518,Figure 3b(i),Fig3b_Subject1,Subject 1,SBG,50.0,120.0,mg/dL,post-meal,,YES,NO,0.612,min,0.641,mg/dL,PUBLIC_FIGURE_DIGITIZED,https://doi.org/10.1002/advs.202405518,No smoothing; black SBG line sampled every 2 min from the 300-dpi PDF rendering.,Saha_2024_Fig3b_Subject1,True,50.0
Saha 2024,10.1002/advs.202405518,Figure 3b(i),Fig3b_Subject1,Subject 1,SBG,52.0,119.15,mg/dL,post-meal,,YES,NO,0.612,min,0.641,mg/dL,PUBLIC_FIGURE_DIGITIZED,https://doi.org/10.1002/advs.202405518,No smoothing; black SBG line sampled every 2 min from the 300-dpi PDF rendering.,Saha_2024_Fig3b_Subject1,True,52.0
Saha 2024,10.1002/advs.202405518,Figure 3b(i),Fig3b_Subject1,Subject 1,SBG,54.0,118.51,mg/dL,post-meal,,YES,NO,0.612,min,0.641,mg/dL,PUBLIC_FIGURE_DIGITIZED,https://doi.org/10.1002/advs.202405518,No smoothing; black SBG line sampled every 2 min from the 300-dpi PDF rendering.,Saha_2024_Fig3b_Subject1,True,54.0
Saha 2024,10.1002/advs.202405518,Figure 3b(i),Fig3b_Subject1,Subject 1,SBG,56.0,117.76,mg/dL,post-meal,,YES,NO,0.612,min,0.641,mg/dL,PUBLIC_FIGURE_DIGITIZED,https://doi.org/10.1002/advs.202405518,No smoothing; black SBG line sampled every 2 min from the 300-dpi PDF rendering.,Saha_2024_Fig3b_Subject1,True,56.0
Saha 2024,10.1002/advs.202405518,Figure 3b(i),Fig3b_Subject1,Subject 1,SBG,58.0,117.12,mg/dL,post-meal,,YES,NO,0.612,min,0.641,mg/dL,PUBLIC_FIGURE_DIGITIZED,https://doi.org/10.1002/advs.202405518,No smoothing; black SBG line sampled every 2 min from the 300-dpi PDF rendering.,Saha_2024_Fig3b_Subject1,True,58.0
Saha 2024,10.1002/advs.202405518,Figure 3b(i),Fig3b_Subject1,Subject 1,SBG,60.0,116.37,mg/dL,post-meal,,YES,NO,0.612,min,0.641,mg/dL,PUBLIC_FIGURE_DIGITIZED,https://doi.org/10.1002/advs.202405518,No smoothing; black SBG line sampled every 2 min from the 300-dpi PDF rendering.,Saha_2024_Fig3b_Subject1,True,60.0
Saha 2024,10.1002/advs.202405518,Figure 3b(i),Fig3b_Subject1,Subject 1,SBG,62.0,116.16,mg/dL,post-meal,,YES,NO,0.612,min,0.641,mg/dL,PUBLIC_FIGURE_DIGITIZED,https://doi.org/10.1002/advs.202405518,No smoothing; black SBG line sampled every 2 min from the 300-dpi PDF rendering.,Saha_2024_Fig3b_Subject1,True,62.0
Saha 2024,10.1002/advs.202405518,Figure 3b(i),Fig3b_Subject1,Subject 1,SBG,64.0,116.16,mg/dL,post-meal,,YES,NO,0.612,min,0.641,mg/dL,PUBLIC_FIGURE_DIGITIZED,https://doi.org/10.1002/advs.202405518,No smoothing; black SBG line sampled every 2 min from the 300-dpi PDF rendering.,Saha_2024_Fig3b_Subject1,True,64.0
Saha 2024,10.1002/advs.202405518,Figure 3b(i),Fig3b_Subject1,Subject 1,SBG,66.0,116.37,mg/dL,post-meal,,YES,NO,0.612,min,0.641,mg/dL,PUBLIC_FIGURE_DIGITIZED,https://doi.org/10.1002/advs.202405518,No smoothing; black SBG line sampled every 2 min from the 300-dpi PDF rendering.,Saha_2024_Fig3b_Subject1,True,66.0
Saha 2024,10.1002/advs.202405518,Figure 3b(i),Fig3b_Subject1,Subject 1,SBG,68.0,116.37,mg/dL,post-meal,,YES,NO,0.612,min,0.641,mg/dL,PUBLIC_FIGURE_DIGITIZED,https://doi.org/10.1002/advs.202405518,No smoothing; black SBG line sampled every 2 min from the 300-dpi PDF rendering.,Saha_2024_Fig3b_Subject1,True,68.0
Saha 2024,10.1002/advs.202405518,Figure 3b(i),Fig3b_Subject1,Subject 1,SBG,70.0,116.37,mg/dL,post-meal,,YES,NO,0.612,min,0.641,mg/dL,PUBLIC_FIGURE_DIGITIZED,https://doi.org/10.1002/advs.202405518,No smoothing; black SBG line sampled every 2 min from the 300-dpi PDF rendering.,Saha_2024_Fig3b_Subject1,True,70.0
Saha 2024,10.1002/advs.202405518,Figure 3b(i),Fig3b_Subject1,Subject 1,SBG,72.0,116.58,mg/dL,post-meal,,YES,NO,0.612,min,0.641,mg/dL,PUBLIC_FIGURE_DIGITIZED,https://doi.org/10.1002/advs.202405518,No smoothing; black SBG line sampled every 2 min from the 300-dpi PDF rendering.,Saha_2024_Fig3b_Subject1,True,72.0
Saha 2024,10.1002/advs.202405518,Figure 3b(i),Fig3b_Subject1,Subject 1,SBG,74.0,116.58,mg/dL,post-meal,,YES,NO,0.612,min,0.641,mg/dL,PUBLIC_FIGURE_DIGITIZED,https://doi.org/10.1002/advs.202405518,No smoothing; black SBG line sampled every 2 min from the 300-dpi PDF rendering.,Saha_2024_Fig3b_Subject1,True,74.0
Saha 2024,10.1002/advs.202405518,Figure 3b(i),Fig3b_Subject1,Subject 1,SBG,76.0,116.26,mg/dL,post-meal,,YES,NO,0.612,min,0.641,mg/dL,PUBLIC_FIGURE_DIGITIZED,https://doi.org/10.1002/advs.202405518,No smoothing; black SBG line sampled every 2 min from the 300-dpi PDF rendering.,Saha_2024_Fig3b_Subject1,True,76.0
Saha 2024,10.1002/advs.202405518,Figure 3b(i),Fig3b_Subject1,Subject 1,SBG,78.0,114.88,mg/dL,post-meal,,YES,NO,0.612,min,0.641,mg/dL,PUBLIC_FIGURE_DIGITIZED,https://doi.org/10.1002/advs.202405518,No smoothing; black SBG line sampled every 2 min from the 300-dpi PDF rendering.,Saha_2024_Fig3b_Subject1,True,78.0
Saha 2024,10.1002/advs.202405518,Figure 3b(i),Fig3b_Subject1,Subject 1,SBG,80.0,113.59,mg/dL,post-meal,,YES,NO,0.612,min,0.641,mg/dL,PUBLIC_FIGURE_DIGITIZED,https://doi.org/10.1002/advs.202405518,No smoothing; black SBG line sampled every 2 min from the 300-dpi PDF rendering.,Saha_2024_Fig3b_Subject1,True,80.0
Saha 2024,10.1002/advs.202405518,Figure 3b(i),Fig3b_Subject1,Subject 1,SBG,82.0,112.31,mg/dL,post-meal,,YES,NO,0.612,min,0.641,mg/dL,PUBLIC_FIGURE_DIGITIZED,https://doi.org/10.1002/advs.202405518,No smoothing; black SBG line sampled every 2 min from the 300-dpi PDF rendering.,Saha_2024_Fig3b_Subject1,True,82.0
Saha 2024,10.1002/advs.202405518,Figure 3b(i),Fig3b_Subject1,Subject 1,SBG,84.0,110.82,mg/dL,post-meal,,YES,NO,0.612,min,0.641,mg/dL,PUBLIC_FIGURE_DIGITIZED,https://doi.org/10.1002/advs.202405518,No smoothing; black SBG line sampled every 2 min from the 300-dpi PDF rendering.,Saha_2024_Fig3b_Subject1,True,84.0
Saha 2024,10.1002/advs.202405518,Figure 3b(i),Fig3b_Subject1,Subject 1,SBG,86.0,109.54,mg/dL,post-meal,,YES,NO,0.612,min,0.641,mg/dL,PUBLIC_FIGURE_DIGITIZED,https://doi.org/10.1002/advs.202405518,No smoothing; black SBG line sampled every 2 min from the 300-dpi PDF rendering.,Saha_2024_Fig3b_Subject1,True,86.0
Saha 2024,10.1002/advs.202405518,Figure 3b(i),Fig3b_Subject1,Subject 1,SBG,88.0,108.04,mg/dL,post-meal,,YES,NO,0.612,min,0.641,mg/dL,PUBLIC_FIGURE_DIGITIZED,https://doi.org/10.1002/advs.202405518,No smoothing; black SBG line sampled every 2 min from the 300-dpi PDF rendering.,Saha_2024_Fig3b_Subject1,True,88.0
Saha 2024,10.1002/advs.202405518,Figure 3b(i),Fig3b_Subject1,Subject 1,SBG,90.0,106.76,mg/dL,post-meal,,YES,NO,0.612,min,0.641,mg/dL,PUBLIC_FIGURE_DIGITIZED,https://doi.org/10.1002/advs.202405518,No smoothing; black SBG line sampled every 2 min from the 300-dpi PDF rendering.,Saha_2024_Fig3b_Subject1,True,90.0
Saha 2024,10.1002/advs.202405518,Figure 3b(i),Fig3b_Subject1,Subject 1,SBG,92.0,105.16,mg/dL,post-meal,,YES,NO,0.612,min,0.641,mg/dL,PUBLIC_FIGURE_DIGITIZED,https://doi.org/10.1002/advs.202405518,No smoothing; black SBG line sampled every 2 min from the 300-dpi PDF rendering.,Saha_2024_Fig3b_Subject1,True,92.0
Saha 2024,10.1002/advs.202405518,Figure 3b(i),Fig3b_Subject1,Subject 1,SBG,94.0,103.99,mg/dL,post-meal,,YES,NO,0.612,min,0.641,mg/dL,PUBLIC_FIGURE_DIGITIZED,https://doi.org/10.1002/advs.202405518,No smoothing; black SBG line sampled every 2 min from the 300-dpi PDF rendering.,Saha_2024_Fig3b_Subject1,True,94.0
Saha 2024,10.1002/advs.202405518,Figure 3b(i),Fig3b_Subject1,Subject 1,SBG,96.0,103.02,mg/dL,post-meal,,YES,NO,0.612,min,0.641,mg/dL,PUBLIC_FIGURE_DIGITIZED,https://doi.org/10.1002/advs.202405518,No smoothing; black SBG line sampled every 2 min from the 300-dpi PDF rendering.,Saha_2024_Fig3b_Subject1,True,96.0
Saha 2024,10.1002/advs.202405518,Figure 3b(i),Fig3b_Subject1,Subject 1,SBG,98.0,102.49,mg/dL,post-meal,,YES,NO,0.612,min,0.641,mg/dL,PUBLIC_FIGURE_DIGITIZED,https://doi.org/10.1002/advs.202405518,No smoothing; black SBG line sampled every 2 min from the 300-dpi PDF rendering.,Saha_2024_Fig3b_Subject1,True,98.0
Saha 2024,10.1002/advs.202405518,Figure 3b(i),Fig3b_Subject1,Subject 1,SBG,100.0,102.17,mg/dL,post-meal,,YES,NO,0.612,min,0.641,mg/dL,PUBLIC_FIGURE_DIGITIZED,https://doi.org/10.1002/advs.202405518,No smoothing; black SBG line sampled every 2 min from the 300-dpi PDF rendering.,Saha_2024_Fig3b_Subject1,True,100.0
Saha 2024,10.1002/advs.202405518,Figure 3b(i),Fig3b_Subject1,Subject 1,SBG,102.0,101.74,mg/dL,post-meal,,YES,NO,0.612,min,0.641,mg/dL,PUBLIC_FIGURE_DIGITIZED,https://doi.org/10.1002/advs.202405518,No smoothing; black SBG line sampled every 2 min from the 300-dpi PDF rendering.,Saha_2024_Fig3b_Subject1,True,102.0
Saha 2024,10.1002/advs.202405518,Figure 3b(i),Fig3b_Subject1,Subject 1,SBG,104.0,101.32,mg/dL,post-meal,,YES,NO,0.612,min,0.641,mg/dL,PUBLIC_FIGURE_DIGITIZED,https://doi.org/10.1002/advs.202405518,No smoothing; black SBG line sampled every 2 min from the 300-dpi PDF rendering.,Saha_2024_Fig3b_Subject1,True,104.0
Saha 2024,10.1002/advs.202405518,Figure 3b(i),Fig3b_Subject1,Subject 1,SBG,106.0,100.89,mg/dL,post-meal,,YES,NO,0.612,min,0.641,mg/dL,PUBLIC_FIGURE_DIGITIZED,https://doi.org/10.1002/advs.202405518,No smoothing; black SBG line sampled every 2 min from the 300-dpi PDF rendering.,Saha_2024_Fig3b_Subject1,True,106.0
Saha 2024,10.1002/advs.202405518,Figure 3b(i),Fig3b_Subject1,Subject 1,SBG,108.0,100.57,mg/dL,post-meal,,YES,NO,0.612,min,0.641,mg/dL,PUBLIC_FIGURE_DIGITIZED,https://doi.org/10.1002/advs.202405518,No smoothing; black SBG line sampled every 2 min from the 300-dpi PDF rendering.,Saha_2024_Fig3b_Subject1,True,108.0
Saha 2024,10.1002/advs.202405518,Figure 3b(i),Fig3b_Subject1,Subject 1,SBG,110.0,100.14,mg/dL,post-meal,,YES,NO,0.612,min,0.641,mg/dL,PUBLIC_FIGURE_DIGITIZED,https://doi.org/10.1002/advs.202405518,No smoothing; black SBG line sampled every 2 min from the 300-dpi PDF rendering.,Saha_2024_Fig3b_Subject1,True,110.0
Saha 2024,10.1002/advs.202405518,Figure 3b(i),Fig3b_Subject1,Subject 1,SBG,112.0,99.72,mg/dL,post-meal,,YES,NO,0.612,min,0.641,mg/dL,PUBLIC_FIGURE_DIGITIZED,https://doi.org/10.1002/advs.202405518,No smoothing; black SBG line sampled every 2 min from the 300-dpi PDF rendering.,Saha_2024_Fig3b_Subject1,True,112.0
Saha 2024,10.1002/advs.202405518,Figure 3b(i),Fig3b_Subject1,Subject 1,SBG,114.0,99.4,mg/dL,post-meal,,YES,NO,0.612,min,0.641,mg/dL,PUBLIC_FIGURE_DIGITIZED,https://doi.org/10.1002/advs.202405518,No smoothing; black SBG line sampled every 2 min from the 300-dpi PDF rendering.,Saha_2024_Fig3b_Subject1,True,114.0
Saha 2024,10.1002/advs.202405518,Figure 3b(i),Fig3b_Subject1,Subject 1,SBG,116.0,98.97,mg/dL,post-meal,,YES,NO,0.612,min,0.641,mg/dL,PUBLIC_FIGURE_DIGITIZED,https://doi.org/10.1002/advs.202405518,No smoothing; black SBG line sampled every 2 min from the 300-dpi PDF rendering.,Saha_2024_Fig3b_Subject1,True,116.0
Saha 2024,10.1002/advs.202405518,Figure 3b(i),Fig3b_Subject1,Subject 1,SBG,118.0,98.54,mg/dL,post-meal,,YES,NO,0.612,min,0.641,mg/dL,PUBLIC_FIGURE_DIGITIZED,https://doi.org/10.1002/advs.202405518,No smoothing; black SBG line sampled every 2 min from the 300-dpi PDF rendering.,Saha_2024_Fig3b_Subject1,True,118.0
Saha 2024,10.1002/advs.202405518,Figure 3b(i),Fig3b_Subject1,Subject 1,SBG,120.0,98.22,mg/dL,post-meal,,YES,NO,0.612,min,0.641,mg/dL,PUBLIC_FIGURE_DIGITIZED,https://doi.org/10.1002/advs.202405518,No smoothing; black SBG line sampled every 2 min from the 300-dpi PDF rendering.,Saha_2024_Fig3b_Subject1,True,120.0
Saha 2024,10.1002/advs.202405518,Figure 3b(i),Fig3b_Subject1,Subject 1,SBG,122.0,98.22,mg/dL,post-meal,,YES,NO,0.612,min,0.641,mg/dL,PUBLIC_FIGURE_DIGITIZED,https://doi.org/10.1002/advs.202405518,No smoothing; black SBG line sampled every 2 min from the 300-dpi PDF rendering.,Saha_2024_Fig3b_Subject1,True,122.0
Saha 2024,10.1002/advs.202405518,Figure 3b(i),Fig3b_Subject2,Subject 2,SBG,-14.0,97.98,mg/dL,fasting baseline,,BASELINE_ONLY,NO,0.599,min,0.606,mg/dL,PUBLIC_FIGURE_DIGITIZED,https://doi.org/10.1002/advs.202405518,No smoothing; black SBG line sampled every 2 min from the 300-dpi PDF rendering.,Saha_2024_Fig3b_Subject2,False,
Saha 2024,10.1002/advs.202405518,Figure 3b(i),Fig3b_Subject2,Subject 2,SBG,-12.0,97.98,mg/dL,fasting baseline,,BASELINE_ONLY,NO,0.599,min,0.606,mg/dL,PUBLIC_FIGURE_DIGITIZED,https://doi.org/10.1002/advs.202405518,No smoothing; black SBG line sampled every 2 min from the 300-dpi PDF rendering.,Saha_2024_Fig3b_Subject2,False,
Saha 2024,10.1002/advs.202405518,Figure 3b(i),Fig3b_Subject2,Subject 2,SBG,-10.0,97.98,mg/dL,fasting baseline,,BASELINE_ONLY,NO,0.599,min,0.606,mg/dL,PUBLIC_FIGURE_DIGITIZED,https://doi.org/10.1002/advs.202405518,No smoothing; black SBG line sampled every 2 min from the 300-dpi PDF rendering.,Saha_2024_Fig3b_Subject2,False,
Saha 2024,10.1002/advs.202405518,Figure 3b(i),Fig3b_Subject2,Subject 2,SBG,-8.0,98.08,mg/dL,fasting baseline,,BASELINE_ONLY,NO,0.599,min,0.606,mg/dL,PUBLIC_FIGURE_DIGITIZED,https://doi.org/10.1002/advs.202405518,No smoothing; black SBG line sampled every 2 min from the 300-dpi PDF rendering.,Saha_2024_Fig3b_Subject2,False,
Saha 2024,10.1002/advs.202405518,Figure 3b(i),Fig3b_Subject2,Subject 2,SBG,-6.0,98.08,mg/dL,fasting baseline,,BASELINE_ONLY,NO,0.599,min,0.606,mg/dL,PUBLIC_FIGURE_DIGITIZED,https://doi.org/10.1002/advs.202405518,No smoothing; black SBG line sampled every 2 min from the 300-dpi PDF rendering.,Saha_2024_Fig3b_Subject2,False,
Saha 2024,10.1002/advs.202405518,Figure 3b(i),Fig3b_Subject2,Subject 2,SBG,-4.0,98.28,mg/dL,fasting baseline,,BASELINE_ONLY,NO,0.599,min,0.606,mg/dL,PUBLIC_FIGURE_DIGITIZED,https://doi.org/10.1002/advs.202405518,No smoothing; black SBG line sampled every 2 min from the 300-dpi PDF rendering.,Saha_2024_Fig3b_Subject2,False,
Saha 2024,10.1002/advs.202405518,Figure 3b(i),Fig3b_Subject2,Subject 2,SBG,-2.0,98.59,mg/dL,fasting baseline,,BASELINE_ONLY,NO,0.599,min,0.606,mg/dL,PUBLIC_FIGURE_DIGITIZED,https://doi.org/10.1002/advs.202405518,No smoothing; black SBG line sampled every 2 min from the 300-dpi PDF rendering.,Saha_2024_Fig3b_Subject2,False,
Saha 2024,10.1002/advs.202405518,Figure 3b(i),Fig3b_Subject2,Subject 2,SBG,0.0,98.89,mg/dL,post-meal,,YES,NO,0.599,min,0.606,mg/dL,PUBLIC_FIGURE_DIGITIZED,https://doi.org/10.1002/advs.202405518,No smoothing; black SBG line sampled every 2 min from the 300-dpi PDF rendering.,Saha_2024_Fig3b_Subject2,True,0.0
Saha 2024,10.1002/advs.202405518,Figure 3b(i),Fig3b_Subject2,Subject 2,SBG,2.0,98.99,mg/dL,post-meal,,YES,NO,0.599,min,0.606,mg/dL,PUBLIC_FIGURE_DIGITIZED,https://doi.org/10.1002/advs.202405518,No smoothing; black SBG line sampled every 2 min from the 300-dpi PDF rendering.,Saha_2024_Fig3b_Subject2,True,2.0
Saha 2024,10.1002/advs.202405518,Figure 3b(i),Fig3b_Subject2,Subject 2,SBG,4.0,98.99,mg/dL,post-meal,,YES,NO,0.599,min,0.606,mg/dL,PUBLIC_FIGURE_DIGITIZED,https://doi.org/10.1002/advs.202405518,No smoothing; black SBG line sampled every 2 min from the 300-dpi PDF rendering.,Saha_2024_Fig3b_Subject2,True,4.0
Saha 2024,10.1002/advs.202405518,Figure 3b(i),Fig3b_Subject2,Subject 2,SBG,6.0,99.09,mg/dL,post-meal,,YES,NO,0.599,min,0.606,mg/dL,PUBLIC_FIGURE_DIGITIZED,https://doi.org/10.1002/advs.202405518,No smoothing; black SBG line sampled every 2 min from the 300-dpi PDF rendering.,Saha_2024_Fig3b_Subject2,True,6.0
Saha 2024,10.1002/advs.202405518,Figure 3b(i),Fig3b_Subject2,Subject 2,SBG,8.0,99.19,mg/dL,post-meal,,YES,NO,0.599,min,0.606,mg/dL,PUBLIC_FIGURE_DIGITIZED,https://doi.org/10.1002/advs.202405518,No smoothing; black SBG line sampled every 2 min from the 300-dpi PDF rendering.,Saha_2024_Fig3b_Subject2,True,8.0
Saha 2024,10.1002/advs.202405518,Figure 3b(i),Fig3b_Subject2,Subject 2,SBG,10.0,99.19,mg/dL,post-meal,,YES,NO,0.599,min,0.606,mg/dL,PUBLIC_FIGURE_DIGITIZED,https://doi.org/10.1002/advs.202405518,No smoothing; black SBG line sampled every 2 min from the 300-dpi PDF rendering.,Saha_2024_Fig3b_Subject2,True,10.0
Saha 2024,10.1002/advs.202405518,Figure 3b(i),Fig3b_Subject2,Subject 2,SBG,12.0,99.19,mg/dL,post-meal,,YES,NO,0.599,min,0.606,mg/dL,PUBLIC_FIGURE_DIGITIZED,https://doi.org/10.1002/advs.202405518,No smoothing; black SBG line sampled every 2 min from the 300-dpi PDF rendering.,Saha_2024_Fig3b_Subject2,True,12.0
Saha 2024,10.1002/advs.202405518,Figure 3b(i),Fig3b_Subject2,Subject 2,SBG,14.0,99.19,mg/dL,post-meal,,YES,NO,0.599,min,0.606,mg/dL,PUBLIC_FIGURE_DIGITIZED,https://doi.org/10.1002/advs.202405518,No smoothing; black SBG line sampled every 2 min from the 300-dpi PDF rendering.,Saha_2024_Fig3b_Subject2,True,14.0
Saha 2024,10.1002/advs.202405518,Figure 3b(i),Fig3b_Subject2,Subject 2,SBG,16.0,99.19,mg/dL,post-meal,,YES,NO,0.599,min,0.606,mg/dL,PUBLIC_FIGURE_DIGITIZED,https://doi.org/10.1002/advs.202405518,No smoothing; black SBG line sampled every 2 min from the 300-dpi PDF rendering.,Saha_2024_Fig3b_Subject2,True,16.0
Saha 2024,10.1002/advs.202405518,Figure 3b(i),Fig3b_Subject2,Subject 2,SBG,18.0,99.39,mg/dL,post-meal,,YES,NO,0.599,min,0.606,mg/dL,PUBLIC_FIGURE_DIGITIZED,https://doi.org/10.1002/advs.202405518,No smoothing; black SBG line sampled every 2 min from the 300-dpi PDF rendering.,Saha_2024_Fig3b_Subject2,True,18.0
Saha 2024,10.1002/advs.202405518,Figure 3b(i),Fig3b_Subject2,Subject 2,SBG,20.0,99.7,mg/dL,post-meal,,YES,NO,0.599,min,0.606,mg/dL,PUBLIC_FIGURE_DIGITIZED,https://doi.org/10.1002/advs.202405518,No smoothing; black SBG line sampled every 2 min from the 300-dpi PDF rendering.,Saha_2024_Fig3b_Subject2,True,20.0
Saha 2024,10.1002/advs.202405518,Figure 3b(i),Fig3b_Subject2,Subject 2,SBG,22.0,100.0,mg/dL,post-meal,,YES,NO,0.599,min,0.606,mg/dL,PUBLIC_FIGURE_DIGITIZED,https://doi.org/10.1002/advs.202405518,No smoothing; black SBG line sampled every 2 min from the 300-dpi PDF rendering.,Saha_2024_Fig3b_Subject2,True,22.0
Saha 2024,10.1002/advs.202405518,Figure 3b(i),Fig3b_Subject2,Subject 2,SBG,24.0,100.1,mg/dL,post-meal,,YES,NO,0.599,min,0.606,mg/dL,PUBLIC_FIGURE_DIGITIZED,https://doi.org/10.1002/advs.202405518,No smoothing; black SBG line sampled every 2 min from the 300-dpi PDF rendering.,Saha_2024_Fig3b_Subject2,True,24.0
Saha 2024,10.1002/advs.202405518,Figure 3b(i),Fig3b_Subject2,Subject 2,SBG,26.0,100.3,mg/dL,post-meal,,YES,NO,0.599,min,0.606,mg/dL,PUBLIC_FIGURE_DIGITIZED,https://doi.org/10.1002/advs.202405518,No smoothing; black SBG line sampled every 2 min from the 300-dpi PDF rendering.,Saha_2024_Fig3b_Subject2,True,26.0
Saha 2024,10.1002/advs.202405518,Figure 3b(i),Fig3b_Subject2,Subject 2,SBG,28.0,100.61,mg/dL,post-meal,,YES,NO,0.599,min,0.606,mg/dL,PUBLIC_FIGURE_DIGITIZED,https://doi.org/10.1002/advs.202405518,No smoothing; black SBG line sampled every 2 min from the 300-dpi PDF rendering.,Saha_2024_Fig3b_Subject2,True,28.0
Saha 2024,10.1002/advs.202405518,Figure 3b(i),Fig3b_Subject2,Subject 2,SBG,30.0,100.81,mg/dL,post-meal,,YES,NO,0.599,min,0.606,mg/dL,PUBLIC_FIGURE_DIGITIZED,https://doi.org/10.1002/advs.202405518,No smoothing; black SBG line sampled every 2 min from the 300-dpi PDF rendering.,Saha_2024_Fig3b_Subject2,True,30.0
Saha 2024,10.1002/advs.202405518,Figure 3b(i),Fig3b_Subject2,Subject 2,SBG,32.0,101.31,mg/dL,post-meal,,YES,NO,0.599,min,0.606,mg/dL,PUBLIC_FIGURE_DIGITIZED,https://doi.org/10.1002/advs.202405518,No smoothing; black SBG line sampled every 2 min from the 300-dpi PDF rendering.,Saha_2024_Fig3b_Subject2,True,32.0
Saha 2024,10.1002/advs.202405518,Figure 3b(i),Fig3b_Subject2,Subject 2,SBG,34.0,101.72,mg/dL,post-meal,,YES,NO,0.599,min,0.606,mg/dL,PUBLIC_FIGURE_DIGITIZED,https://doi.org/10.1002/advs.202405518,No smoothing; black SBG line sampled every 2 min from the 300-dpi PDF rendering.,Saha_2024_Fig3b_Subject2,True,34.0
Saha 2024,10.1002/advs.202405518,Figure 3b(i),Fig3b_Subject2,Subject 2,SBG,36.0,102.32,mg/dL,post-meal,,YES,NO,0.599,min,0.606,mg/dL,PUBLIC_FIGURE_DIGITIZED,https://doi.org/10.1002/advs.202405518,No smoothing; black SBG line sampled every 2 min from the 300-dpi PDF rendering.,Saha_2024_Fig3b_Subject2,True,36.0
Saha 2024,10.1002/advs.202405518,Figure 3b(i),Fig3b_Subject2,Subject 2,SBG,38.0,102.73,mg/dL,post-meal,,YES,NO,0.599,min,0.606,mg/dL,PUBLIC_FIGURE_DIGITIZED,https://doi.org/10.1002/advs.202405518,No smoothing; black SBG line sampled every 2 min from the 300-dpi PDF rendering.,Saha_2024_Fig3b_Subject2,True,38.0
Saha 2024,10.1002/advs.202405518,Figure 3b(i),Fig3b_Subject2,Subject 2,SBG,40.0,103.33,mg/dL,post-meal,,YES,NO,0.599,min,0.606,mg/dL,PUBLIC_FIGURE_DIGITIZED,https://doi.org/10.1002/advs.202405518,No smoothing; black SBG line sampled every 2 min from the 300-dpi PDF rendering.,Saha_2024_Fig3b_Subject2,True,40.0
Saha 2024,10.1002/advs.202405518,Figure 3b(i),Fig3b_Subject2,Subject 2,SBG,42.0,103.84,mg/dL,post-meal,,YES,NO,0.599,min,0.606,mg/dL,PUBLIC_FIGURE_DIGITIZED,https://doi.org/10.1002/advs.202405518,No smoothing; black SBG line sampled every 2 min from the 300-dpi PDF rendering.,Saha_2024_Fig3b_Subject2,True,42.0
Saha 2024,10.1002/advs.202405518,Figure 3b(i),Fig3b_Subject2,Subject 2,SBG,44.0,104.55,mg/dL,post-meal,,YES,NO,0.599,min,0.606,mg/dL,PUBLIC_FIGURE_DIGITIZED,https://doi.org/10.1002/advs.202405518,No smoothing; black SBG line sampled every 2 min from the 300-dpi PDF rendering.,Saha_2024_Fig3b_Subject2,True,44.0
Saha 2024,10.1002/advs.202405518,Figure 3b(i),Fig3b_Subject2,Subject 2,SBG,46.0,105.66,mg/dL,post-meal,,YES,NO,0.599,min,0.606,mg/dL,PUBLIC_FIGURE_DIGITIZED,https://doi.org/10.1002/advs.202405518,No smoothing; black SBG line sampled every 2 min from the 300-dpi PDF rendering.,Saha_2024_Fig3b_Subject2,True,46.0
Saha 2024,10.1002/advs.202405518,Figure 3b(i),Fig3b_Subject2,Subject 2,SBG,48.0,107.98,mg/dL,post-meal,,YES,NO,0.599,min,0.606,mg/dL,PUBLIC_FIGURE_DIGITIZED,https://doi.org/10.1002/advs.202405518,No smoothing; black SBG line sampled every 2 min from the 300-dpi PDF rendering.,Saha_2024_Fig3b_Subject2,True,48.0
Saha 2024,10.1002/advs.202405518,Figure 3b(i),Fig3b_Subject2,Subject 2,SBG,50.0,110.71,mg/dL,post-meal,,YES,NO,0.599,min,0.606,mg/dL,PUBLIC_FIGURE_DIGITIZED,https://doi.org/10.1002/advs.202405518,No smoothing; black SBG line sampled every 2 min from the 300-dpi PDF rendering.,Saha_2024_Fig3b_Subject2,True,50.0
Saha 2024,10.1002/advs.202405518,Figure 3b(i),Fig3b_Subject2,Subject 2,SBG,52.0,113.64,mg/dL,post-meal,,YES,NO,0.599,min,0.606,mg/dL,PUBLIC_FIGURE_DIGITIZED,https://doi.org/10.1002/advs.202405518,No smoothing; black SBG line sampled every 2 min from the 300-dpi PDF rendering.,Saha_2024_Fig3b_Subject2,True,52.0
Saha 2024,10.1002/advs.202405518,Figure 3b(i),Fig3b_Subject2,Subject 2,SBG,54.0,116.06,mg/dL,post-meal,,YES,NO,0.599,min,0.606,mg/dL,PUBLIC_FIGURE_DIGITIZED,https://doi.org/10.1002/advs.202405518,No smoothing; black SBG line sampled every 2 min from the 300-dpi PDF rendering.,Saha_2024_Fig3b_Subject2,True,54.0
Saha 2024,10.1002/advs.202405518,Figure 3b(i),Fig3b_Subject2,Subject 2,SBG,56.0,118.89,mg/dL,post-meal,,YES,NO,0.599,min,0.606,mg/dL,PUBLIC_FIGURE_DIGITIZED,https://doi.org/10.1002/advs.202405518,No smoothing; black SBG line sampled every 2 min from the 300-dpi PDF rendering.,Saha_2024_Fig3b_Subject2,True,56.0
Saha 2024,10.1002/advs.202405518,Figure 3b(i),Fig3b_Subject2,Subject 2,SBG,58.0,121.62,mg/dL,post-meal,,YES,NO,0.599,min,0.606,mg/dL,PUBLIC_FIGURE_DIGITIZED,https://doi.org/10.1002/advs.202405518,No smoothing; black SBG line sampled every 2 min from the 300-dpi PDF rendering.,Saha_2024_Fig3b_Subject2,True,58.0
Saha 2024,10.1002/advs.202405518,Figure 3b(i),Fig3b_Subject2,Subject 2,SBG,60.0,123.94,mg/dL,post-meal,,YES,NO,0.599,min,0.606,mg/dL,PUBLIC_FIGURE_DIGITIZED,https://doi.org/10.1002/advs.202405518,No smoothing; black SBG line sampled every 2 min from the 300-dpi PDF rendering.,Saha_2024_Fig3b_Subject2,True,60.0
Saha 2024,10.1002/advs.202405518,Figure 3b(i),Fig3b_Subject2,Subject 2,SBG,62.0,125.56,mg/dL,post-meal,,YES,NO,0.599,min,0.606,mg/dL,PUBLIC_FIGURE_DIGITIZED,https://doi.org/10.1002/advs.202405518,No smoothing; black SBG line sampled every 2 min from the 300-dpi PDF rendering.,Saha_2024_Fig3b_Subject2,True,62.0
Saha 2024,10.1002/advs.202405518,Figure 3b(i),Fig3b_Subject2,Subject 2,SBG,64.0,126.26,mg/dL,post-meal,,YES,NO,0.599,min,0.606,mg/dL,PUBLIC_FIGURE_DIGITIZED,https://doi.org/10.1002/advs.202405518,No smoothing; black SBG line sampled every 2 min from the 300-dpi PDF rendering.,Saha_2024_Fig3b_Subject2,True,64.0
Saha 2024,10.1002/advs.202405518,Figure 3b(i),Fig3b_Subject2,Subject 2,SBG,66.0,126.87,mg/dL,post-meal,,YES,NO,0.599,min,0.606,mg/dL,PUBLIC_FIGURE_DIGITIZED,https://doi.org/10.1002/advs.202405518,No smoothing; black SBG line sampled every 2 min from the 300-dpi PDF rendering.,Saha_2024_Fig3b_Subject2,True,66.0
Saha 2024,10.1002/advs.202405518,Figure 3b(i),Fig3b_Subject2,Subject 2,SBG,68.0,127.58,mg/dL,post-meal,,YES,NO,0.599,min,0.606,mg/dL,PUBLIC_FIGURE_DIGITIZED,https://doi.org/10.1002/advs.202405518,No smoothing; black SBG line sampled every 2 min from the 300-dpi PDF rendering.,Saha_2024_Fig3b_Subject2,True,68.0
Saha 2024,10.1002/advs.202405518,Figure 3b(i),Fig3b_Subject2,Subject 2,SBG,70.0,128.18,mg/dL,post-meal,,YES,NO,0.599,min,0.606,mg/dL,PUBLIC_FIGURE_DIGITIZED,https://doi.org/10.1002/advs.202405518,No smoothing; black SBG line sampled every 2 min from the 300-dpi PDF rendering.,Saha_2024_Fig3b_Subject2,True,70.0
Saha 2024,10.1002/advs.202405518,Figure 3b(i),Fig3b_Subject2,Subject 2,SBG,72.0,128.89,mg/dL,post-meal,,YES,NO,0.599,min,0.606,mg/dL,PUBLIC_FIGURE_DIGITIZED,https://doi.org/10.1002/advs.202405518,No smoothing; black SBG line sampled every 2 min from the 300-dpi PDF rendering.,Saha_2024_Fig3b_Subject2,True,72.0
Saha 2024,10.1002/advs.202405518,Figure 3b(i),Fig3b_Subject2,Subject 2,SBG,74.0,129.49,mg/dL,post-meal,,YES,NO,0.599,min,0.606,mg/dL,PUBLIC_FIGURE_DIGITIZED,https://doi.org/10.1002/advs.202405518,No smoothing; black SBG line sampled every 2 min from the 300-dpi PDF rendering.,Saha_2024_Fig3b_Subject2,True,74.0
Saha 2024,10.1002/advs.202405518,Figure 3b(i),Fig3b_Subject2,Subject 2,SBG,76.0,129.7,mg/dL,post-meal,,YES,NO,0.599,min,0.606,mg/dL,PUBLIC_FIGURE_DIGITIZED,https://doi.org/10.1002/advs.202405518,No smoothing; black SBG line sampled every 2 min from the 300-dpi PDF rendering.,Saha_2024_Fig3b_Subject2,True,76.0
Saha 2024,10.1002/advs.202405518,Figure 3b(i),Fig3b_Subject2,Subject 2,SBG,78.0,129.39,mg/dL,post-meal,,YES,NO,0.599,min,0.606,mg/dL,PUBLIC_FIGURE_DIGITIZED,https://doi.org/10.1002/advs.202405518,No smoothing; black SBG line sampled every 2 min from the 300-dpi PDF rendering.,Saha_2024_Fig3b_Subject2,True,78.0
Saha 2024,10.1002/advs.202405518,Figure 3b(i),Fig3b_Subject2,Subject 2,SBG,80.0,129.09,mg/dL,post-meal,,YES,NO,0.599,min,0.606,mg/dL,PUBLIC_FIGURE_DIGITIZED,https://doi.org/10.1002/advs.202405518,No smoothing; black SBG line sampled every 2 min from the 300-dpi PDF rendering.,Saha_2024_Fig3b_Subject2,True,80.0
Saha 2024,10.1002/advs.202405518,Figure 3b(i),Fig3b_Subject2,Subject 2,SBG,82.0,128.59,mg/dL,post-meal,,YES,NO,0.599,min,0.606,mg/dL,PUBLIC_FIGURE_DIGITIZED,https://doi.org/10.1002/advs.202405518,No smoothing; black SBG line sampled every 2 min from the 300-dpi PDF rendering.,Saha_2024_Fig3b_Subject2,True,82.0
Saha 2024,10.1002/advs.202405518,Figure 3b(i),Fig3b_Subject2,Subject 2,SBG,84.0,128.28,mg/dL,post-meal,,YES,NO,0.599,min,0.606,mg/dL,PUBLIC_FIGURE_DIGITIZED,https://doi.org/10.1002/advs.202405518,No smoothing; black SBG line sampled every 2 min from the 300-dpi PDF rendering.,Saha_2024_Fig3b_Subject2,True,84.0
Saha 2024,10.1002/advs.202405518,Figure 3b(i),Fig3b_Subject2,Subject 2,SBG,86.0,127.88,mg/dL,post-meal,,YES,NO,0.599,min,0.606,mg/dL,PUBLIC_FIGURE_DIGITIZED,https://doi.org/10.1002/advs.202405518,No smoothing; black SBG line sampled every 2 min from the 300-dpi PDF rendering.,Saha_2024_Fig3b_Subject2,True,86.0
Saha 2024,10.1002/advs.202405518,Figure 3b(i),Fig3b_Subject2,Subject 2,SBG,88.0,127.47,mg/dL,post-meal,,YES,NO,0.599,min,0.606,mg/dL,PUBLIC_FIGURE_DIGITIZED,https://doi.org/10.1002/advs.202405518,No smoothing; black SBG line sampled every 2 min from the 300-dpi PDF rendering.,Saha_2024_Fig3b_Subject2,True,88.0
Saha 2024,10.1002/advs.202405518,Figure 3b(i),Fig3b_Subject2,Subject 2,SBG,90.0,127.07,mg/dL,post-meal,,YES,NO,0.599,min,0.606,mg/dL,PUBLIC_FIGURE_DIGITIZED,https://doi.org/10.1002/advs.202405518,No smoothing; black SBG line sampled every 2 min from the 300-dpi PDF rendering.,Saha_2024_Fig3b_Subject2,True,90.0
Saha 2024,10.1002/advs.202405518,Figure 3b(i),Fig3b_Subject2,Subject 2,SBG,92.0,126.77,mg/dL,post-meal,,YES,NO,0.599,min,0.606,mg/dL,PUBLIC_FIGURE_DIGITIZED,https://doi.org/10.1002/advs.202405518,No smoothing; black SBG line sampled every 2 min from the 300-dpi PDF rendering.,Saha_2024_Fig3b_Subject2,True,92.0
Saha 2024,10.1002/advs.202405518,Figure 3b(i),Fig3b_Subject2,Subject 2,SBG,94.0,126.36,mg/dL,post-meal,,YES,NO,0.599,min,0.606,mg/dL,PUBLIC_FIGURE_DIGITIZED,https://doi.org/10.1002/advs.202405518,No smoothing; black SBG line sampled every 2 min from the 300-dpi PDF rendering.,Saha_2024_Fig3b_Subject2,True,94.0
Saha 2024,10.1002/advs.202405518,Figure 3b(i),Fig3b_Subject2,Subject 2,SBG,96.0,125.86,mg/dL,post-meal,,YES,NO,0.599,min,0.606,mg/dL,PUBLIC_FIGURE_DIGITIZED,https://doi.org/10.1002/advs.202405518,No smoothing; black SBG line sampled every 2 min from the 300-dpi PDF rendering.,Saha_2024_Fig3b_Subject2,True,96.0
Saha 2024,10.1002/advs.202405518,Figure 3b(i),Fig3b_Subject2,Subject 2,SBG,98.0,125.35,mg/dL,post-meal,,YES,NO,0.599,min,0.606,mg/dL,PUBLIC_FIGURE_DIGITIZED,https://doi.org/10.1002/advs.202405518,No smoothing; black SBG line sampled every 2 min from the 300-dpi PDF rendering.,Saha_2024_Fig3b_Subject2,True,98.0
Saha 2024,10.1002/advs.202405518,Figure 3b(i),Fig3b_Subject2,Subject 2,SBG,100.0,125.25,mg/dL,post-meal,,YES,NO,0.599,min,0.606,mg/dL,PUBLIC_FIGURE_DIGITIZED,https://doi.org/10.1002/advs.202405518,No smoothing; black SBG line sampled every 2 min from the 300-dpi PDF rendering.,Saha_2024_Fig3b_Subject2,True,100.0
Saha 2024,10.1002/advs.202405518,Figure 3b(i),Fig3b_Subject2,Subject 2,SBG,102.0,124.85,mg/dL,post-meal,,YES,NO,0.599,min,0.606,mg/dL,PUBLIC_FIGURE_DIGITIZED,https://doi.org/10.1002/advs.202405518,No smoothing; black SBG line sampled every 2 min from the 300-dpi PDF rendering.,Saha_2024_Fig3b_Subject2,True,102.0
Saha 2024,10.1002/advs.202405518,Figure 3b(i),Fig3b_Subject2,Subject 2,SBG,104.0,124.55,mg/dL,post-meal,,YES,NO,0.599,min,0.606,mg/dL,PUBLIC_FIGURE_DIGITIZED,https://doi.org/10.1002/advs.202405518,No smoothing; black SBG line sampled every 2 min from the 300-dpi PDF rendering.,Saha_2024_Fig3b_Subject2,True,104.0
Saha 2024,10.1002/advs.202405518,Figure 3b(i),Fig3b_Subject2,Subject 2,SBG,106.0,124.24,mg/dL,post-meal,,YES,NO,0.599,min,0.606,mg/dL,PUBLIC_FIGURE_DIGITIZED,https://doi.org/10.1002/advs.202405518,No smoothing; black SBG line sampled every 2 min from the 300-dpi PDF rendering.,Saha_2024_Fig3b_Subject2,True,106.0
Saha 2024,10.1002/advs.202405518,Figure 3b(i),Fig3b_Subject2,Subject 2,SBG,108.0,123.84,mg/dL,post-meal,,YES,NO,0.599,min,0.606,mg/dL,PUBLIC_FIGURE_DIGITIZED,https://doi.org/10.1002/advs.202405518,No smoothing; black SBG line sampled every 2 min from the 300-dpi PDF rendering.,Saha_2024_Fig3b_Subject2,True,108.0
Saha 2024,10.1002/advs.202405518,Figure 3b(i),Fig3b_Subject2,Subject 2,SBG,110.0,123.43,mg/dL,post-meal,,YES,NO,0.599,min,0.606,mg/dL,PUBLIC_FIGURE_DIGITIZED,https://doi.org/10.1002/advs.202405518,No smoothing; black SBG line sampled every 2 min from the 300-dpi PDF rendering.,Saha_2024_Fig3b_Subject2,True,110.0
Saha 2024,10.1002/advs.202405518,Figure 3b(i),Fig3b_Subject2,Subject 2,SBG,112.0,123.13,mg/dL,post-meal,,YES,NO,0.599,min,0.606,mg/dL,PUBLIC_FIGURE_DIGITIZED,https://doi.org/10.1002/advs.202405518,No smoothing; black SBG line sampled every 2 min from the 300-dpi PDF rendering.,Saha_2024_Fig3b_Subject2,True,112.0
Saha 2024,10.1002/advs.202405518,Figure 3b(i),Fig3b_Subject2,Subject 2,SBG,114.0,122.83,mg/dL,post-meal,,YES,NO,0.599,min,0.606,mg/dL,PUBLIC_FIGURE_DIGITIZED,https://doi.org/10.1002/advs.202405518,No smoothing; black SBG line sampled every 2 min from the 300-dpi PDF rendering.,Saha_2024_Fig3b_Subject2,True,114.0
Saha 2024,10.1002/advs.202405518,Figure 3b(i),Fig3b_Subject2,Subject 2,SBG,116.0,122.42,mg/dL,post-meal,,YES,NO,0.599,min,0.606,mg/dL,PUBLIC_FIGURE_DIGITIZED,https://doi.org/10.1002/advs.202405518,No smoothing; black SBG line sampled every 2 min from the 300-dpi PDF rendering.,Saha_2024_Fig3b_Subject2,True,116.0
Saha 2024,10.1002/advs.202405518,Figure 3b(i),Fig3b_Subject2,Subject 2,SBG,118.0,122.12,mg/dL,post-meal,,YES,NO,0.599,min,0.606,mg/dL,PUBLIC_FIGURE_DIGITIZED,https://doi.org/10.1002/advs.202405518,No smoothing; black SBG line sampled every 2 min from the 300-dpi PDF rendering.,Saha_2024_Fig3b_Subject2,True,118.0
Saha 2024,10.1002/advs.202405518,Figure 3b(i),Fig3b_Subject2,Subject 2,SBG,120.0,121.82,mg/dL,post-meal,,YES,NO,0.599,min,0.606,mg/dL,PUBLIC_FIGURE_DIGITIZED,https://doi.org/10.1002/advs.202405518,No smoothing; black SBG line sampled every 2 min from the 300-dpi PDF rendering.,Saha_2024_Fig3b_Subject2,True,120.0
Saha 2024,10.1002/advs.202405518,Figure 3b(i),Fig3b_Subject2,Subject 2,SBG,122.0,121.62,mg/dL,post-meal,,YES,NO,0.599,min,0.606,mg/dL,PUBLIC_FIGURE_DIGITIZED,https://doi.org/10.1002/advs.202405518,No smoothing; black SBG line sampled every 2 min from the 300-dpi PDF rendering.,Saha_2024_Fig3b_Subject2,True,122.0
Saha 2024,10.1002/advs.202405518,Figure 3b(i),Fig3b_Subject2,Subject 2,SBG,124.0,121.41,mg/dL,post-meal,,YES,NO,0.599,min,0.606,mg/dL,PUBLIC_FIGURE_DIGITIZED,https://doi.org/10.1002/advs.202405518,No smoothing; black SBG line sampled every 2 min from the 300-dpi PDF rendering.,Saha_2024_Fig3b_Subject2,True,124.0
Saha 2024,10.1002/advs.202405518,Figure 3b(i),Fig3b_Subject2,Subject 2,SBG,126.0,121.21,mg/dL,post-meal,,YES,NO,0.599,min,0.606,mg/dL,PUBLIC_FIGURE_DIGITIZED,https://doi.org/10.1002/advs.202405518,No smoothing; black SBG line sampled every 2 min from the 300-dpi PDF rendering.,Saha_2024_Fig3b_Subject2,True,126.0
Saha 2024,10.1002/advs.202405518,Figure 3b(i),Fig3b_Subject2,Subject 2,SBG,128.0,121.11,mg/dL,post-meal,,YES,NO,0.599,min,0.606,mg/dL,PUBLIC_FIGURE_DIGITIZED,https://doi.org/10.1002/advs.202405518,No smoothing; black SBG line sampled every 2 min from the 300-dpi PDF rendering.,Saha_2024_Fig3b_Subject2,True,128.0
Saha 2024,10.1002/advs.202405518,Figure 3b(i),Fig3b_Subject2,Subject 2,SBG,130.0,121.11,mg/dL,post-meal,,YES,NO,0.599,min,0.606,mg/dL,PUBLIC_FIGURE_DIGITIZED,https://doi.org/10.1002/advs.202405518,No smoothing; black SBG line sampled every 2 min from the 300-dpi PDF rendering.,Saha_2024_Fig3b_Subject2,True,130.0
Saha 2024,10.1002/advs.202405518,Figure 3b(i),Fig3b_Subject3,Subject 3,SBG,-14.0,96.95,mg/dL,fasting baseline,,BASELINE_ONLY,NO,0.589,min,0.784,mg/dL,PUBLIC_FIGURE_DIGITIZED,https://doi.org/10.1002/advs.202405518,No smoothing; black SBG line sampled every 2 min from the 300-dpi PDF rendering.,Saha_2024_Fig3b_Subject3,False,
Saha 2024,10.1002/advs.202405518,Figure 3b(i),Fig3b_Subject3,Subject 3,SBG,-12.0,97.08,mg/dL,fasting baseline,,BASELINE_ONLY,NO,0.589,min,0.784,mg/dL,PUBLIC_FIGURE_DIGITIZED,https://doi.org/10.1002/advs.202405518,No smoothing; black SBG line sampled every 2 min from the 300-dpi PDF rendering.,Saha_2024_Fig3b_Subject3,False,
Saha 2024,10.1002/advs.202405518,Figure 3b(i),Fig3b_Subject3,Subject 3,SBG,-10.0,97.21,mg/dL,fasting baseline,,BASELINE_ONLY,NO,0.589,min,0.784,mg/dL,PUBLIC_FIGURE_DIGITIZED,https://doi.org/10.1002/advs.202405518,No smoothing; black SBG line sampled every 2 min from the 300-dpi PDF rendering.,Saha_2024_Fig3b_Subject3,False,
Saha 2024,10.1002/advs.202405518,Figure 3b(i),Fig3b_Subject3,Subject 3,SBG,-8.0,97.34,mg/dL,fasting baseline,,BASELINE_ONLY,NO,0.589,min,0.784,mg/dL,PUBLIC_FIGURE_DIGITIZED,https://doi.org/10.1002/advs.202405518,No smoothing; black SBG line sampled every 2 min from the 300-dpi PDF rendering.,Saha_2024_Fig3b_Subject3,False,
Saha 2024,10.1002/advs.202405518,Figure 3b(i),Fig3b_Subject3,Subject 3,SBG,-6.0,97.6,mg/dL,fasting baseline,,BASELINE_ONLY,NO,0.589,min,0.784,mg/dL,PUBLIC_FIGURE_DIGITIZED,https://doi.org/10.1002/advs.202405518,No smoothing; black SBG line sampled every 2 min from the 300-dpi PDF rendering.,Saha_2024_Fig3b_Subject3,False,
Saha 2024,10.1002/advs.202405518,Figure 3b(i),Fig3b_Subject3,Subject 3,SBG,-4.0,97.6,mg/dL,fasting baseline,,BASELINE_ONLY,NO,0.589,min,0.784,mg/dL,PUBLIC_FIGURE_DIGITIZED,https://doi.org/10.1002/advs.202405518,No smoothing; black SBG line sampled every 2 min from the 300-dpi PDF rendering.,Saha_2024_Fig3b_Subject3,False,
Saha 2024,10.1002/advs.202405518,Figure 3b(i),Fig3b_Subject3,Subject 3,SBG,-2.0,97.6,mg/dL,fasting baseline,,BASELINE_ONLY,NO,0.589,min,0.784,mg/dL,PUBLIC_FIGURE_DIGITIZED,https://doi.org/10.1002/advs.202405518,No smoothing; black SBG line sampled every 2 min from the 300-dpi PDF rendering.,Saha_2024_Fig3b_Subject3,False,
Saha 2024,10.1002/advs.202405518,Figure 3b(i),Fig3b_Subject3,Subject 3,SBG,0.0,97.6,mg/dL,post-meal,,YES,NO,0.589,min,0.784,mg/dL,PUBLIC_FIGURE_DIGITIZED,https://doi.org/10.1002/advs.202405518,No smoothing; black SBG line sampled every 2 min from the 300-dpi PDF rendering.,Saha_2024_Fig3b_Subject3,True,0.0
Saha 2024,10.1002/advs.202405518,Figure 3b(i),Fig3b_Subject3,Subject 3,SBG,2.0,97.47,mg/dL,post-meal,,YES,NO,0.589,min,0.784,mg/dL,PUBLIC_FIGURE_DIGITIZED,https://doi.org/10.1002/advs.202405518,No smoothing; black SBG line sampled every 2 min from the 300-dpi PDF rendering.,Saha_2024_Fig3b_Subject3,True,2.0
Saha 2024,10.1002/advs.202405518,Figure 3b(i),Fig3b_Subject3,Subject 3,SBG,4.0,97.08,mg/dL,post-meal,,YES,NO,0.589,min,0.784,mg/dL,PUBLIC_FIGURE_DIGITIZED,https://doi.org/10.1002/advs.202405518,No smoothing; black SBG line sampled every 2 min from the 300-dpi PDF rendering.,Saha_2024_Fig3b_Subject3,True,4.0
Saha 2024,10.1002/advs.202405518,Figure 3b(i),Fig3b_Subject3,Subject 3,SBG,6.0,96.82,mg/dL,post-meal,,YES,NO,0.589,min,0.784,mg/dL,PUBLIC_FIGURE_DIGITIZED,https://doi.org/10.1002/advs.202405518,No smoothing; black SBG line sampled every 2 min from the 300-dpi PDF rendering.,Saha_2024_Fig3b_Subject3,True,6.0
Saha 2024,10.1002/advs.202405518,Figure 3b(i),Fig3b_Subject3,Subject 3,SBG,8.0,96.56,mg/dL,post-meal,,YES,NO,0.589,min,0.784,mg/dL,PUBLIC_FIGURE_DIGITIZED,https://doi.org/10.1002/advs.202405518,No smoothing; black SBG line sampled every 2 min from the 300-dpi PDF rendering.,Saha_2024_Fig3b_Subject3,True,8.0
Saha 2024,10.1002/advs.202405518,Figure 3b(i),Fig3b_Subject3,Subject 3,SBG,10.0,96.17,mg/dL,post-meal,,YES,NO,0.589,min,0.784,mg/dL,PUBLIC_FIGURE_DIGITIZED,https://doi.org/10.1002/advs.202405518,No smoothing; black SBG line sampled every 2 min from the 300-dpi PDF rendering.,Saha_2024_Fig3b_Subject3,True,10.0
Saha 2024,10.1002/advs.202405518,Figure 3b(i),Fig3b_Subject3,Subject 3,SBG,12.0,95.91,mg/dL,post-meal,,YES,NO,0.589,min,0.784,mg/dL,PUBLIC_FIGURE_DIGITIZED,https://doi.org/10.1002/advs.202405518,No smoothing; black SBG line sampled every 2 min from the 300-dpi PDF rendering.,Saha_2024_Fig3b_Subject3,True,12.0
Saha 2024,10.1002/advs.202405518,Figure 3b(i),Fig3b_Subject3,Subject 3,SBG,14.0,95.64,mg/dL,post-meal,,YES,NO,0.589,min,0.784,mg/dL,PUBLIC_FIGURE_DIGITIZED,https://doi.org/10.1002/advs.202405518,No smoothing; black SBG line sampled every 2 min from the 300-dpi PDF rendering.,Saha_2024_Fig3b_Subject3,True,14.0
Saha 2024,10.1002/advs.202405518,Figure 3b(i),Fig3b_Subject3,Subject 3,SBG,16.0,95.25,mg/dL,post-meal,,YES,NO,0.589,min,0.784,mg/dL,PUBLIC_FIGURE_DIGITIZED,https://doi.org/10.1002/advs.202405518,No smoothing; black SBG line sampled every 2 min from the 300-dpi PDF rendering.,Saha_2024_Fig3b_Subject3,True,16.0
Saha 2024,10.1002/advs.202405518,Figure 3b(i),Fig3b_Subject3,Subject 3,SBG,18.0,96.17,mg/dL,post-meal,,YES,NO,0.589,min,0.784,mg/dL,PUBLIC_FIGURE_DIGITIZED,https://doi.org/10.1002/advs.202405518,No smoothing; black SBG line sampled every 2 min from the 300-dpi PDF rendering.,Saha_2024_Fig3b_Subject3,True,18.0
Saha 2024,10.1002/advs.202405518,Figure 3b(i),Fig3b_Subject3,Subject 3,SBG,20.0,97.6,mg/dL,post-meal,,YES,NO,0.589,min,0.784,mg/dL,PUBLIC_FIGURE_DIGITIZED,https://doi.org/10.1002/advs.202405518,No smoothing; black SBG line sampled every 2 min from the 300-dpi PDF rendering.,Saha_2024_Fig3b_Subject3,True,20.0
Saha 2024,10.1002/advs.202405518,Figure 3b(i),Fig3b_Subject3,Subject 3,SBG,22.0,99.04,mg/dL,post-meal,,YES,NO,0.589,min,0.784,mg/dL,PUBLIC_FIGURE_DIGITIZED,https://doi.org/10.1002/advs.202405518,No smoothing; black SBG line sampled every 2 min from the 300-dpi PDF rendering.,Saha_2024_Fig3b_Subject3,True,22.0
Saha 2024,10.1002/advs.202405518,Figure 3b(i),Fig3b_Subject3,Subject 3,SBG,24.0,100.22,mg/dL,post-meal,,YES,NO,0.589,min,0.784,mg/dL,PUBLIC_FIGURE_DIGITIZED,https://doi.org/10.1002/advs.202405518,No smoothing; black SBG line sampled every 2 min from the 300-dpi PDF rendering.,Saha_2024_Fig3b_Subject3,True,24.0
Saha 2024,10.1002/advs.202405518,Figure 3b(i),Fig3b_Subject3,Subject 3,SBG,26.0,101.52,mg/dL,post-meal,,YES,NO,0.589,min,0.784,mg/dL,PUBLIC_FIGURE_DIGITIZED,https://doi.org/10.1002/advs.202405518,No smoothing; black SBG line sampled every 2 min from the 300-dpi PDF rendering.,Saha_2024_Fig3b_Subject3,True,26.0
Saha 2024,10.1002/advs.202405518,Figure 3b(i),Fig3b_Subject3,Subject 3,SBG,28.0,102.96,mg/dL,post-meal,,YES,NO,0.589,min,0.784,mg/dL,PUBLIC_FIGURE_DIGITIZED,https://doi.org/10.1002/advs.202405518,No smoothing; black SBG line sampled every 2 min from the 300-dpi PDF rendering.,Saha_2024_Fig3b_Subject3,True,28.0
Saha 2024,10.1002/advs.202405518,Figure 3b(i),Fig3b_Subject3,Subject 3,SBG,30.0,104.4,mg/dL,post-meal,,YES,NO,0.589,min,0.784,mg/dL,PUBLIC_FIGURE_DIGITIZED,https://doi.org/10.1002/advs.202405518,No smoothing; black SBG line sampled every 2 min from the 300-dpi PDF rendering.,Saha_2024_Fig3b_Subject3,True,30.0
Saha 2024,10.1002/advs.202405518,Figure 3b(i),Fig3b_Subject3,Subject 3,SBG,32.0,105.44,mg/dL,post-meal,,YES,NO,0.589,min,0.784,mg/dL,PUBLIC_FIGURE_DIGITIZED,https://doi.org/10.1002/advs.202405518,No smoothing; black SBG line sampled every 2 min from the 300-dpi PDF rendering.,Saha_2024_Fig3b_Subject3,True,32.0
Saha 2024,10.1002/advs.202405518,Figure 3b(i),Fig3b_Subject3,Subject 3,SBG,34.0,106.49,mg/dL,post-meal,,YES,NO,0.589,min,0.784,mg/dL,PUBLIC_FIGURE_DIGITIZED,https://doi.org/10.1002/advs.202405518,No smoothing; black SBG line sampled every 2 min from the 300-dpi PDF rendering.,Saha_2024_Fig3b_Subject3,True,34.0
Saha 2024,10.1002/advs.202405518,Figure 3b(i),Fig3b_Subject3,Subject 3,SBG,36.0,107.27,mg/dL,post-meal,,YES,NO,0.589,min,0.784,mg/dL,PUBLIC_FIGURE_DIGITIZED,https://doi.org/10.1002/advs.202405518,No smoothing; black SBG line sampled every 2 min from the 300-dpi PDF rendering.,Saha_2024_Fig3b_Subject3,True,36.0
Saha 2024,10.1002/advs.202405518,Figure 3b(i),Fig3b_Subject3,Subject 3,SBG,38.0,108.45,mg/dL,post-meal,,YES,NO,0.589,min,0.784,mg/dL,PUBLIC_FIGURE_DIGITIZED,https://doi.org/10.1002/advs.202405518,No smoothing; black SBG line sampled every 2 min from the 300-dpi PDF rendering.,Saha_2024_Fig3b_Subject3,True,38.0
Saha 2024,10.1002/advs.202405518,Figure 3b(i),Fig3b_Subject3,Subject 3,SBG,40.0,109.36,mg/dL,post-meal,,YES,NO,0.589,min,0.784,mg/dL,PUBLIC_FIGURE_DIGITIZED,https://doi.org/10.1002/advs.202405518,No smoothing; black SBG line sampled every 2 min from the 300-dpi PDF rendering.,Saha_2024_Fig3b_Subject3,True,40.0
Saha 2024,10.1002/advs.202405518,Figure 3b(i),Fig3b_Subject3,Subject 3,SBG,42.0,110.15,mg/dL,post-meal,,YES,NO,0.589,min,0.784,mg/dL,PUBLIC_FIGURE_DIGITIZED,https://doi.org/10.1002/advs.202405518,No smoothing; black SBG line sampled every 2 min from the 300-dpi PDF rendering.,Saha_2024_Fig3b_Subject3,True,42.0
Saha 2024,10.1002/advs.202405518,Figure 3b(i),Fig3b_Subject3,Subject 3,SBG,44.0,111.19,mg/dL,post-meal,,YES,NO,0.589,min,0.784,mg/dL,PUBLIC_FIGURE_DIGITIZED,https://doi.org/10.1002/advs.202405518,No smoothing; black SBG line sampled every 2 min from the 300-dpi PDF rendering.,Saha_2024_Fig3b_Subject3,True,44.0
Saha 2024,10.1002/advs.202405518,Figure 3b(i),Fig3b_Subject3,Subject 3,SBG,46.0,112.24,mg/dL,post-meal,,YES,NO,0.589,min,0.784,mg/dL,PUBLIC_FIGURE_DIGITIZED,https://doi.org/10.1002/advs.202405518,No smoothing; black SBG line sampled every 2 min from the 300-dpi PDF rendering.,Saha_2024_Fig3b_Subject3,True,46.0
Saha 2024,10.1002/advs.202405518,Figure 3b(i),Fig3b_Subject3,Subject 3,SBG,48.0,113.94,mg/dL,post-meal,,YES,NO,0.589,min,0.784,mg/dL,PUBLIC_FIGURE_DIGITIZED,https://doi.org/10.1002/advs.202405518,No smoothing; black SBG line sampled every 2 min from the 300-dpi PDF rendering.,Saha_2024_Fig3b_Subject3,True,48.0
Saha 2024,10.1002/advs.202405518,Figure 3b(i),Fig3b_Subject3,Subject 3,SBG,50.0,115.77,mg/dL,post-meal,,YES,NO,0.589,min,0.784,mg/dL,PUBLIC_FIGURE_DIGITIZED,https://doi.org/10.1002/advs.202405518,No smoothing; black SBG line sampled every 2 min from the 300-dpi PDF rendering.,Saha_2024_Fig3b_Subject3,True,50.0
Saha 2024,10.1002/advs.202405518,Figure 3b(i),Fig3b_Subject3,Subject 3,SBG,52.0,117.33,mg/dL,post-meal,,YES,NO,0.589,min,0.784,mg/dL,PUBLIC_FIGURE_DIGITIZED,https://doi.org/10.1002/advs.202405518,No smoothing; black SBG line sampled every 2 min from the 300-dpi PDF rendering.,Saha_2024_Fig3b_Subject3,True,52.0
Saha 2024,10.1002/advs.202405518,Figure 3b(i),Fig3b_Subject3,Subject 3,SBG,54.0,119.16,mg/dL,post-meal,,YES,NO,0.589,min,0.784,mg/dL,PUBLIC_FIGURE_DIGITIZED,https://doi.org/10.1002/advs.202405518,No smoothing; black SBG line sampled every 2 min from the 300-dpi PDF rendering.,Saha_2024_Fig3b_Subject3,True,54.0
Saha 2024,10.1002/advs.202405518,Figure 3b(i),Fig3b_Subject3,Subject 3,SBG,56.0,120.99,mg/dL,post-meal,,YES,NO,0.589,min,0.784,mg/dL,PUBLIC_FIGURE_DIGITIZED,https://doi.org/10.1002/advs.202405518,No smoothing; black SBG line sampled every 2 min from the 300-dpi PDF rendering.,Saha_2024_Fig3b_Subject3,True,56.0
Saha 2024,10.1002/advs.202405518,Figure 3b(i),Fig3b_Subject3,Subject 3,SBG,58.0,122.82,mg/dL,post-meal,,YES,NO,0.589,min,0.784,mg/dL,PUBLIC_FIGURE_DIGITIZED,https://doi.org/10.1002/advs.202405518,No smoothing; black SBG line sampled every 2 min from the 300-dpi PDF rendering.,Saha_2024_Fig3b_Subject3,True,58.0
Saha 2024,10.1002/advs.202405518,Figure 3b(i),Fig3b_Subject3,Subject 3,SBG,60.0,124.39,mg/dL,post-meal,,YES,NO,0.589,min,0.784,mg/dL,PUBLIC_FIGURE_DIGITIZED,https://doi.org/10.1002/advs.202405518,No smoothing; black SBG line sampled every 2 min from the 300-dpi PDF rendering.,Saha_2024_Fig3b_Subject3,True,60.0
Saha 2024,10.1002/advs.202405518,Figure 3b(i),Fig3b_Subject3,Subject 3,SBG,62.0,125.44,mg/dL,post-meal,,YES,NO,0.589,min,0.784,mg/dL,PUBLIC_FIGURE_DIGITIZED,https://doi.org/10.1002/advs.202405518,No smoothing; black SBG line sampled every 2 min from the 300-dpi PDF rendering.,Saha_2024_Fig3b_Subject3,True,62.0
Saha 2024,10.1002/advs.202405518,Figure 3b(i),Fig3b_Subject3,Subject 3,SBG,64.0,125.7,mg/dL,post-meal,,YES,NO,0.589,min,0.784,mg/dL,PUBLIC_FIGURE_DIGITIZED,https://doi.org/10.1002/advs.202405518,No smoothing; black SBG line sampled every 2 min from the 300-dpi PDF rendering.,Saha_2024_Fig3b_Subject3,True,64.0
Saha 2024,10.1002/advs.202405518,Figure 3b(i),Fig3b_Subject3,Subject 3,SBG,66.0,125.7,mg/dL,post-meal,,YES,NO,0.589,min,0.784,mg/dL,PUBLIC_FIGURE_DIGITIZED,https://doi.org/10.1002/advs.202405518,No smoothing; black SBG line sampled every 2 min from the 300-dpi PDF rendering.,Saha_2024_Fig3b_Subject3,True,66.0
Saha 2024,10.1002/advs.202405518,Figure 3b(i),Fig3b_Subject3,Subject 3,SBG,68.0,125.83,mg/dL,post-meal,,YES,NO,0.589,min,0.784,mg/dL,PUBLIC_FIGURE_DIGITIZED,https://doi.org/10.1002/advs.202405518,No smoothing; black SBG line sampled every 2 min from the 300-dpi PDF rendering.,Saha_2024_Fig3b_Subject3,True,68.0
Saha 2024,10.1002/advs.202405518,Figure 3b(i),Fig3b_Subject3,Subject 3,SBG,70.0,125.83,mg/dL,post-meal,,YES,NO,0.589,min,0.784,mg/dL,PUBLIC_FIGURE_DIGITIZED,https://doi.org/10.1002/advs.202405518,No smoothing; black SBG line sampled every 2 min from the 300-dpi PDF rendering.,Saha_2024_Fig3b_Subject3,True,70.0
Saha 2024,10.1002/advs.202405518,Figure 3b(i),Fig3b_Subject3,Subject 3,SBG,72.0,126.09,mg/dL,post-meal,,YES,NO,0.589,min,0.784,mg/dL,PUBLIC_FIGURE_DIGITIZED,https://doi.org/10.1002/advs.202405518,No smoothing; black SBG line sampled every 2 min from the 300-dpi PDF rendering.,Saha_2024_Fig3b_Subject3,True,72.0
Saha 2024,10.1002/advs.202405518,Figure 3b(i),Fig3b_Subject3,Subject 3,SBG,74.0,126.09,mg/dL,post-meal,,YES,NO,0.589,min,0.784,mg/dL,PUBLIC_FIGURE_DIGITIZED,https://doi.org/10.1002/advs.202405518,No smoothing; black SBG line sampled every 2 min from the 300-dpi PDF rendering.,Saha_2024_Fig3b_Subject3,True,74.0
Saha 2024,10.1002/advs.202405518,Figure 3b(i),Fig3b_Subject3,Subject 3,SBG,76.0,126.09,mg/dL,post-meal,,YES,NO,0.589,min,0.784,mg/dL,PUBLIC_FIGURE_DIGITIZED,https://doi.org/10.1002/advs.202405518,No smoothing; black SBG line sampled every 2 min from the 300-dpi PDF rendering.,Saha_2024_Fig3b_Subject3,True,76.0
Saha 2024,10.1002/advs.202405518,Figure 3b(i),Fig3b_Subject3,Subject 3,SBG,78.0,125.7,mg/dL,post-meal,,YES,NO,0.589,min,0.784,mg/dL,PUBLIC_FIGURE_DIGITIZED,https://doi.org/10.1002/advs.202405518,No smoothing; black SBG line sampled every 2 min from the 300-dpi PDF rendering.,Saha_2024_Fig3b_Subject3,True,78.0
Saha 2024,10.1002/advs.202405518,Figure 3b(i),Fig3b_Subject3,Subject 3,SBG,80.0,125.3,mg/dL,post-meal,,YES,NO,0.589,min,0.784,mg/dL,PUBLIC_FIGURE_DIGITIZED,https://doi.org/10.1002/advs.202405518,No smoothing; black SBG line sampled every 2 min from the 300-dpi PDF rendering.,Saha_2024_Fig3b_Subject3,True,80.0
Saha 2024,10.1002/advs.202405518,Figure 3b(i),Fig3b_Subject3,Subject 3,SBG,82.0,124.65,mg/dL,post-meal,,YES,NO,0.589,min,0.784,mg/dL,PUBLIC_FIGURE_DIGITIZED,https://doi.org/10.1002/advs.202405518,No smoothing; black SBG line sampled every 2 min from the 300-dpi PDF rendering.,Saha_2024_Fig3b_Subject3,True,82.0
Saha 2024,10.1002/advs.202405518,Figure 3b(i),Fig3b_Subject3,Subject 3,SBG,84.0,124.39,mg/dL,post-meal,,YES,NO,0.589,min,0.784,mg/dL,PUBLIC_FIGURE_DIGITIZED,https://doi.org/10.1002/advs.202405518,No smoothing; black SBG line sampled every 2 min from the 300-dpi PDF rendering.,Saha_2024_Fig3b_Subject3,True,84.0
Saha 2024,10.1002/advs.202405518,Figure 3b(i),Fig3b_Subject3,Subject 3,SBG,86.0,123.87,mg/dL,post-meal,,YES,NO,0.589,min,0.784,mg/dL,PUBLIC_FIGURE_DIGITIZED,https://doi.org/10.1002/advs.202405518,No smoothing; black SBG line sampled every 2 min from the 300-dpi PDF rendering.,Saha_2024_Fig3b_Subject3,True,86.0
Saha 2024,10.1002/advs.202405518,Figure 3b(i),Fig3b_Subject3,Subject 3,SBG,88.0,123.34,mg/dL,post-meal,,YES,NO,0.589,min,0.784,mg/dL,PUBLIC_FIGURE_DIGITIZED,https://doi.org/10.1002/advs.202405518,No smoothing; black SBG line sampled every 2 min from the 300-dpi PDF rendering.,Saha_2024_Fig3b_Subject3,True,88.0
Saha 2024,10.1002/advs.202405518,Figure 3b(i),Fig3b_Subject3,Subject 3,SBG,90.0,122.82,mg/dL,post-meal,,YES,NO,0.589,min,0.784,mg/dL,PUBLIC_FIGURE_DIGITIZED,https://doi.org/10.1002/advs.202405518,No smoothing; black SBG line sampled every 2 min from the 300-dpi PDF rendering.,Saha_2024_Fig3b_Subject3,True,90.0
Saha 2024,10.1002/advs.202405518,Figure 3b(i),Fig3b_Subject3,Subject 3,SBG,92.0,122.43,mg/dL,post-meal,,YES,NO,0.589,min,0.784,mg/dL,PUBLIC_FIGURE_DIGITIZED,https://doi.org/10.1002/advs.202405518,No smoothing; black SBG line sampled every 2 min from the 300-dpi PDF rendering.,Saha_2024_Fig3b_Subject3,True,92.0
Saha 2024,10.1002/advs.202405518,Figure 3b(i),Fig3b_Subject3,Subject 3,SBG,94.0,121.91,mg/dL,post-meal,,YES,NO,0.589,min,0.784,mg/dL,PUBLIC_FIGURE_DIGITIZED,https://doi.org/10.1002/advs.202405518,No smoothing; black SBG line sampled every 2 min from the 300-dpi PDF rendering.,Saha_2024_Fig3b_Subject3,True,94.0
Saha 2024,10.1002/advs.202405518,Figure 3b(i),Fig3b_Subject3,Subject 3,SBG,96.0,121.52,mg/dL,post-meal,,YES,NO,0.589,min,0.784,mg/dL,PUBLIC_FIGURE_DIGITIZED,https://doi.org/10.1002/advs.202405518,No smoothing; black SBG line sampled every 2 min from the 300-dpi PDF rendering.,Saha_2024_Fig3b_Subject3,True,96.0
Saha 2024,10.1002/advs.202405518,Figure 3b(i),Fig3b_Subject3,Subject 3,SBG,98.0,121.39,mg/dL,post-meal,,YES,NO,0.589,min,0.784,mg/dL,PUBLIC_FIGURE_DIGITIZED,https://doi.org/10.1002/advs.202405518,No smoothing; black SBG line sampled every 2 min from the 300-dpi PDF rendering.,Saha_2024_Fig3b_Subject3,True,98.0
Saha 2024,10.1002/advs.202405518,Figure 3b(i),Fig3b_Subject3,Subject 3,SBG,100.0,121.39,mg/dL,post-meal,,YES,NO,0.589,min,0.784,mg/dL,PUBLIC_FIGURE_DIGITIZED,https://doi.org/10.1002/advs.202405518,No smoothing; black SBG line sampled every 2 min from the 300-dpi PDF rendering.,Saha_2024_Fig3b_Subject3,True,100.0
Saha 2024,10.1002/advs.202405518,Figure 3b(i),Fig3b_Subject3,Subject 3,SBG,102.0,121.39,mg/dL,post-meal,,YES,NO,0.589,min,0.784,mg/dL,PUBLIC_FIGURE_DIGITIZED,https://doi.org/10.1002/advs.202405518,No smoothing; black SBG line sampled every 2 min from the 300-dpi PDF rendering.,Saha_2024_Fig3b_Subject3,True,102.0
Saha 2024,10.1002/advs.202405518,Figure 3b(i),Fig3b_Subject3,Subject 3,SBG,104.0,121.39,mg/dL,post-meal,,YES,NO,0.589,min,0.784,mg/dL,PUBLIC_FIGURE_DIGITIZED,https://doi.org/10.1002/advs.202405518,No smoothing; black SBG line sampled every 2 min from the 300-dpi PDF rendering.,Saha_2024_Fig3b_Subject3,True,104.0
Saha 2024,10.1002/advs.202405518,Figure 3b(i),Fig3b_Subject3,Subject 3,SBG,106.0,121.12,mg/dL,post-meal,,YES,NO,0.589,min,0.784,mg/dL,PUBLIC_FIGURE_DIGITIZED,https://doi.org/10.1002/advs.202405518,No smoothing; black SBG line sampled every 2 min from the 300-dpi PDF rendering.,Saha_2024_Fig3b_Subject3,True,106.0
Saha 2024,10.1002/advs.202405518,Figure 3b(i),Fig3b_Subject3,Subject 3,SBG,108.0,121.52,mg/dL,post-meal,,YES,NO,0.589,min,0.784,mg/dL,PUBLIC_FIGURE_DIGITIZED,https://doi.org/10.1002/advs.202405518,No smoothing; black SBG line sampled every 2 min from the 300-dpi PDF rendering.,Saha_2024_Fig3b_Subject3,True,108.0
Saha 2024,10.1002/advs.202405518,Figure 3b(i),Fig3b_Subject3,Subject 3,SBG,110.0,121.12,mg/dL,post-meal,,YES,NO,0.589,min,0.784,mg/dL,PUBLIC_FIGURE_DIGITIZED,https://doi.org/10.1002/advs.202405518,No smoothing; black SBG line sampled every 2 min from the 300-dpi PDF rendering.,Saha_2024_Fig3b_Subject3,True,110.0
Saha 2024,10.1002/advs.202405518,Figure 3b(i),Fig3b_Subject3,Subject 3,SBG,112.0,121.12,mg/dL,post-meal,,YES,NO,0.589,min,0.784,mg/dL,PUBLIC_FIGURE_DIGITIZED,https://doi.org/10.1002/advs.202405518,No smoothing; black SBG line sampled every 2 min from the 300-dpi PDF rendering.,Saha_2024_Fig3b_Subject3,True,112.0
Saha 2024,10.1002/advs.202405518,Figure 3b(i),Fig3b_Subject3,Subject 3,SBG,114.0,121.12,mg/dL,post-meal,,YES,NO,0.589,min,0.784,mg/dL,PUBLIC_FIGURE_DIGITIZED,https://doi.org/10.1002/advs.202405518,No smoothing; black SBG line sampled every 2 min from the 300-dpi PDF rendering.,Saha_2024_Fig3b_Subject3,True,114.0
Saha 2024,10.1002/advs.202405518,Figure 3b(i),Fig3b_Subject3,Subject 3,SBG,116.0,121.12,mg/dL,post-meal,,YES,NO,0.589,min,0.784,mg/dL,PUBLIC_FIGURE_DIGITIZED,https://doi.org/10.1002/advs.202405518,No smoothing; black SBG line sampled every 2 min from the 300-dpi PDF rendering.,Saha_2024_Fig3b_Subject3,True,116.0
Saha 2024,10.1002/advs.202405518,Figure 3b(i),Fig3b_Subject3,Subject 3,SBG,118.0,121.12,mg/dL,post-meal,,YES,NO,0.589,min,0.784,mg/dL,PUBLIC_FIGURE_DIGITIZED,https://doi.org/10.1002/advs.202405518,No smoothing; black SBG line sampled every 2 min from the 300-dpi PDF rendering.,Saha_2024_Fig3b_Subject3,True,118.0
Saha 2024,10.1002/advs.202405518,Figure 3b(i),Fig3b_Subject3,Subject 3,SBG,120.0,121.12,mg/dL,post-meal,,YES,NO,0.589,min,0.784,mg/dL,PUBLIC_FIGURE_DIGITIZED,https://doi.org/10.1002/advs.202405518,No smoothing; black SBG line sampled every 2 min from the 300-dpi PDF rendering.,Saha_2024_Fig3b_Subject3,True,120.0
Saha 2024,10.1002/advs.202405518,Figure 3b(i),Fig3b_Subject3,Subject 3,SBG,122.0,120.86,mg/dL,post-meal,,YES,NO,0.589,min,0.784,mg/dL,PUBLIC_FIGURE_DIGITIZED,https://doi.org/10.1002/advs.202405518,No smoothing; black SBG line sampled every 2 min from the 300-dpi PDF rendering.,Saha_2024_Fig3b_Subject3,True,122.0
Saha 2024,10.1002/advs.202405518,Figure 3b(i),Fig3b_Subject3,Subject 3,SBG,124.0,120.34,mg/dL,post-meal,,YES,NO,0.589,min,0.784,mg/dL,PUBLIC_FIGURE_DIGITIZED,https://doi.org/10.1002/advs.202405518,No smoothing; black SBG line sampled every 2 min from the 300-dpi PDF rendering.,Saha_2024_Fig3b_Subject3,True,124.0
Saha 2024,10.1002/advs.202405518,Figure 3b(i),Fig3b_Subject3,Subject 3,SBG,126.0,120.08,mg/dL,post-meal,,YES,NO,0.589,min,0.784,mg/dL,PUBLIC_FIGURE_DIGITIZED,https://doi.org/10.1002/advs.202405518,No smoothing; black SBG line sampled every 2 min from the 300-dpi PDF rendering.,Saha_2024_Fig3b_Subject3,True,126.0
Saha 2024,10.1002/advs.202405518,Figure 3b(i),Fig3b_Subject3,Subject 3,SBG,128.0,119.82,mg/dL,post-meal,,YES,NO,0.589,min,0.784,mg/dL,PUBLIC_FIGURE_DIGITIZED,https://doi.org/10.1002/advs.202405518,No smoothing; black SBG line sampled every 2 min from the 300-dpi PDF rendering.,Saha_2024_Fig3b_Subject3,True,128.0
Saha 2024,10.1002/advs.202405518,Figure 3b(i),Fig3b_Subject3,Subject 3,SBG,130.0,119.82,mg/dL,post-meal,,YES,NO,0.589,min,0.784,mg/dL,PUBLIC_FIGURE_DIGITIZED,https://doi.org/10.1002/advs.202405518,No smoothing; black SBG line sampled every 2 min from the 300-dpi PDF rendering.,Saha_2024_Fig3b_Subject3,True,130.0
Saha 2024,10.1002/advs.202405518,Figure 3b(i),Fig3b_Subject4,Subject 4,SBG,-14.0,105.93,mg/dL,fasting baseline,,BASELINE_ONLY,NO,0.594,min,1.145,mg/dL,PUBLIC_FIGURE_DIGITIZED,https://doi.org/10.1002/advs.202405518,No smoothing; black SBG line sampled every 2 min from the 300-dpi PDF rendering.,Saha_2024_Fig3b_Subject4,False,
Saha 2024,10.1002/advs.202405518,Figure 3b(i),Fig3b_Subject4,Subject 4,SBG,-12.0,105.93,mg/dL,fasting baseline,,BASELINE_ONLY,NO,0.594,min,1.145,mg/dL,PUBLIC_FIGURE_DIGITIZED,https://doi.org/10.1002/advs.202405518,No smoothing; black SBG line sampled every 2 min from the 300-dpi PDF rendering.,Saha_2024_Fig3b_Subject4,False,
Saha 2024,10.1002/advs.202405518,Figure 3b(i),Fig3b_Subject4,Subject 4,SBG,-10.0,105.74,mg/dL,fasting baseline,,BASELINE_ONLY,NO,0.594,min,1.145,mg/dL,PUBLIC_FIGURE_DIGITIZED,https://doi.org/10.1002/advs.202405518,No smoothing; black SBG line sampled every 2 min from the 300-dpi PDF rendering.,Saha_2024_Fig3b_Subject4,False,
Saha 2024,10.1002/advs.202405518,Figure 3b(i),Fig3b_Subject4,Subject 4,SBG,-8.0,105.55,mg/dL,fasting baseline,,BASELINE_ONLY,NO,0.594,min,1.145,mg/dL,PUBLIC_FIGURE_DIGITIZED,https://doi.org/10.1002/advs.202405518,No smoothing; black SBG line sampled every 2 min from the 300-dpi PDF rendering.,Saha_2024_Fig3b_Subject4,False,
Saha 2024,10.1002/advs.202405518,Figure 3b(i),Fig3b_Subject4,Subject 4,SBG,-6.0,105.35,mg/dL,fasting baseline,,BASELINE_ONLY,NO,0.594,min,1.145,mg/dL,PUBLIC_FIGURE_DIGITIZED,https://doi.org/10.1002/advs.202405518,No smoothing; black SBG line sampled every 2 min from the 300-dpi PDF rendering.,Saha_2024_Fig3b_Subject4,False,
Saha 2024,10.1002/advs.202405518,Figure 3b(i),Fig3b_Subject4,Subject 4,SBG,-4.0,105.16,mg/dL,fasting baseline,,BASELINE_ONLY,NO,0.594,min,1.145,mg/dL,PUBLIC_FIGURE_DIGITIZED,https://doi.org/10.1002/advs.202405518,No smoothing; black SBG line sampled every 2 min from the 300-dpi PDF rendering.,Saha_2024_Fig3b_Subject4,False,
Saha 2024,10.1002/advs.202405518,Figure 3b(i),Fig3b_Subject4,Subject 4,SBG,-2.0,105.16,mg/dL,fasting baseline,,BASELINE_ONLY,NO,0.594,min,1.145,mg/dL,PUBLIC_FIGURE_DIGITIZED,https://doi.org/10.1002/advs.202405518,No smoothing; black SBG line sampled every 2 min from the 300-dpi PDF rendering.,Saha_2024_Fig3b_Subject4,False,
Saha 2024,10.1002/advs.202405518,Figure 3b(i),Fig3b_Subject4,Subject 4,SBG,0.0,105.55,mg/dL,post-meal,,YES,NO,0.594,min,1.145,mg/dL,PUBLIC_FIGURE_DIGITIZED,https://doi.org/10.1002/advs.202405518,No smoothing; black SBG line sampled every 2 min from the 300-dpi PDF rendering.,Saha_2024_Fig3b_Subject4,True,0.0
Saha 2024,10.1002/advs.202405518,Figure 3b(i),Fig3b_Subject4,Subject 4,SBG,2.0,105.74,mg/dL,post-meal,,YES,NO,0.594,min,1.145,mg/dL,PUBLIC_FIGURE_DIGITIZED,https://doi.org/10.1002/advs.202405518,No smoothing; black SBG line sampled every 2 min from the 300-dpi PDF rendering.,Saha_2024_Fig3b_Subject4,True,2.0
Saha 2024,10.1002/advs.202405518,Figure 3b(i),Fig3b_Subject4,Subject 4,SBG,4.0,105.93,mg/dL,post-meal,,YES,NO,0.594,min,1.145,mg/dL,PUBLIC_FIGURE_DIGITIZED,https://doi.org/10.1002/advs.202405518,No smoothing; black SBG line sampled every 2 min from the 300-dpi PDF rendering.,Saha_2024_Fig3b_Subject4,True,4.0
Saha 2024,10.1002/advs.202405518,Figure 3b(i),Fig3b_Subject4,Subject 4,SBG,6.0,106.31,mg/dL,post-meal,,YES,NO,0.594,min,1.145,mg/dL,PUBLIC_FIGURE_DIGITIZED,https://doi.org/10.1002/advs.202405518,No smoothing; black SBG line sampled every 2 min from the 300-dpi PDF rendering.,Saha_2024_Fig3b_Subject4,True,6.0
Saha 2024,10.1002/advs.202405518,Figure 3b(i),Fig3b_Subject4,Subject 4,SBG,8.0,106.69,mg/dL,post-meal,,YES,NO,0.594,min,1.145,mg/dL,PUBLIC_FIGURE_DIGITIZED,https://doi.org/10.1002/advs.202405518,No smoothing; black SBG line sampled every 2 min from the 300-dpi PDF rendering.,Saha_2024_Fig3b_Subject4,True,8.0
Saha 2024,10.1002/advs.202405518,Figure 3b(i),Fig3b_Subject4,Subject 4,SBG,10.0,107.07,mg/dL,post-meal,,YES,NO,0.594,min,1.145,mg/dL,PUBLIC_FIGURE_DIGITIZED,https://doi.org/10.1002/advs.202405518,No smoothing; black SBG line sampled every 2 min from the 300-dpi PDF rendering.,Saha_2024_Fig3b_Subject4,True,10.0
Saha 2024,10.1002/advs.202405518,Figure 3b(i),Fig3b_Subject4,Subject 4,SBG,12.0,107.26,mg/dL,post-meal,,YES,NO,0.594,min,1.145,mg/dL,PUBLIC_FIGURE_DIGITIZED,https://doi.org/10.1002/advs.202405518,No smoothing; black SBG line sampled every 2 min from the 300-dpi PDF rendering.,Saha_2024_Fig3b_Subject4,True,12.0
Saha 2024,10.1002/advs.202405518,Figure 3b(i),Fig3b_Subject4,Subject 4,SBG,14.0,107.65,mg/dL,post-meal,,YES,NO,0.594,min,1.145,mg/dL,PUBLIC_FIGURE_DIGITIZED,https://doi.org/10.1002/advs.202405518,No smoothing; black SBG line sampled every 2 min from the 300-dpi PDF rendering.,Saha_2024_Fig3b_Subject4,True,14.0
Saha 2024,10.1002/advs.202405518,Figure 3b(i),Fig3b_Subject4,Subject 4,SBG,16.0,108.03,mg/dL,post-meal,,YES,NO,0.594,min,1.145,mg/dL,PUBLIC_FIGURE_DIGITIZED,https://doi.org/10.1002/advs.202405518,No smoothing; black SBG line sampled every 2 min from the 300-dpi PDF rendering.,Saha_2024_Fig3b_Subject4,True,16.0
Saha 2024,10.1002/advs.202405518,Figure 3b(i),Fig3b_Subject4,Subject 4,SBG,18.0,108.41,mg/dL,post-meal,,YES,NO,0.594,min,1.145,mg/dL,PUBLIC_FIGURE_DIGITIZED,https://doi.org/10.1002/advs.202405518,No smoothing; black SBG line sampled every 2 min from the 300-dpi PDF rendering.,Saha_2024_Fig3b_Subject4,True,18.0
Saha 2024,10.1002/advs.202405518,Figure 3b(i),Fig3b_Subject4,Subject 4,SBG,20.0,109.36,mg/dL,post-meal,,YES,NO,0.594,min,1.145,mg/dL,PUBLIC_FIGURE_DIGITIZED,https://doi.org/10.1002/advs.202405518,No smoothing; black SBG line sampled every 2 min from the 300-dpi PDF rendering.,Saha_2024_Fig3b_Subject4,True,20.0
Saha 2024,10.1002/advs.202405518,Figure 3b(i),Fig3b_Subject4,Subject 4,SBG,22.0,110.13,mg/dL,post-meal,,YES,NO,0.594,min,1.145,mg/dL,PUBLIC_FIGURE_DIGITIZED,https://doi.org/10.1002/advs.202405518,No smoothing; black SBG line sampled every 2 min from the 300-dpi PDF rendering.,Saha_2024_Fig3b_Subject4,True,22.0
Saha 2024,10.1002/advs.202405518,Figure 3b(i),Fig3b_Subject4,Subject 4,SBG,24.0,110.7,mg/dL,post-meal,,YES,NO,0.594,min,1.145,mg/dL,PUBLIC_FIGURE_DIGITIZED,https://doi.org/10.1002/advs.202405518,No smoothing; black SBG line sampled every 2 min from the 300-dpi PDF rendering.,Saha_2024_Fig3b_Subject4,True,24.0
Saha 2024,10.1002/advs.202405518,Figure 3b(i),Fig3b_Subject4,Subject 4,SBG,26.0,111.65,mg/dL,post-meal,,YES,NO,0.594,min,1.145,mg/dL,PUBLIC_FIGURE_DIGITIZED,https://doi.org/10.1002/advs.202405518,No smoothing; black SBG line sampled every 2 min from the 300-dpi PDF rendering.,Saha_2024_Fig3b_Subject4,True,26.0
Saha 2024,10.1002/advs.202405518,Figure 3b(i),Fig3b_Subject4,Subject 4,SBG,28.0,112.42,mg/dL,post-meal,,YES,NO,0.594,min,1.145,mg/dL,PUBLIC_FIGURE_DIGITIZED,https://doi.org/10.1002/advs.202405518,No smoothing; black SBG line sampled every 2 min from the 300-dpi PDF rendering.,Saha_2024_Fig3b_Subject4,True,28.0
Saha 2024,10.1002/advs.202405518,Figure 3b(i),Fig3b_Subject4,Subject 4,SBG,30.0,113.18,mg/dL,post-meal,,YES,NO,0.594,min,1.145,mg/dL,PUBLIC_FIGURE_DIGITIZED,https://doi.org/10.1002/advs.202405518,No smoothing; black SBG line sampled every 2 min from the 300-dpi PDF rendering.,Saha_2024_Fig3b_Subject4,True,30.0
Saha 2024,10.1002/advs.202405518,Figure 3b(i),Fig3b_Subject4,Subject 4,SBG,32.0,114.33,mg/dL,post-meal,,YES,NO,0.594,min,1.145,mg/dL,PUBLIC_FIGURE_DIGITIZED,https://doi.org/10.1002/advs.202405518,No smoothing; black SBG line sampled every 2 min from the 300-dpi PDF rendering.,Saha_2024_Fig3b_Subject4,True,32.0
Saha 2024,10.1002/advs.202405518,Figure 3b(i),Fig3b_Subject4,Subject 4,SBG,34.0,115.09,mg/dL,post-meal,,YES,NO,0.594,min,1.145,mg/dL,PUBLIC_FIGURE_DIGITIZED,https://doi.org/10.1002/advs.202405518,No smoothing; black SBG line sampled every 2 min from the 300-dpi PDF rendering.,Saha_2024_Fig3b_Subject4,True,34.0
Saha 2024,10.1002/advs.202405518,Figure 3b(i),Fig3b_Subject4,Subject 4,SBG,36.0,116.43,mg/dL,post-meal,,YES,NO,0.594,min,1.145,mg/dL,PUBLIC_FIGURE_DIGITIZED,https://doi.org/10.1002/advs.202405518,No smoothing; black SBG line sampled every 2 min from the 300-dpi PDF rendering.,Saha_2024_Fig3b_Subject4,True,36.0
Saha 2024,10.1002/advs.202405518,Figure 3b(i),Fig3b_Subject4,Subject 4,SBG,38.0,117.38,mg/dL,post-meal,,YES,NO,0.594,min,1.145,mg/dL,PUBLIC_FIGURE_DIGITIZED,https://doi.org/10.1002/advs.202405518,No smoothing; black SBG line sampled every 2 min from the 300-dpi PDF rendering.,Saha_2024_Fig3b_Subject4,True,38.0
Saha 2024,10.1002/advs.202405518,Figure 3b(i),Fig3b_Subject4,Subject 4,SBG,40.0,118.72,mg/dL,post-meal,,YES,NO,0.594,min,1.145,mg/dL,PUBLIC_FIGURE_DIGITIZED,https://doi.org/10.1002/advs.202405518,No smoothing; black SBG line sampled every 2 min from the 300-dpi PDF rendering.,Saha_2024_Fig3b_Subject4,True,40.0
Saha 2024,10.1002/advs.202405518,Figure 3b(i),Fig3b_Subject4,Subject 4,SBG,42.0,119.67,mg/dL,post-meal,,YES,NO,0.594,min,1.145,mg/dL,PUBLIC_FIGURE_DIGITIZED,https://doi.org/10.1002/advs.202405518,No smoothing; black SBG line sampled every 2 min from the 300-dpi PDF rendering.,Saha_2024_Fig3b_Subject4,True,42.0
Saha 2024,10.1002/advs.202405518,Figure 3b(i),Fig3b_Subject4,Subject 4,SBG,44.0,121.2,mg/dL,post-meal,,YES,NO,0.594,min,1.145,mg/dL,PUBLIC_FIGURE_DIGITIZED,https://doi.org/10.1002/advs.202405518,No smoothing; black SBG line sampled every 2 min from the 300-dpi PDF rendering.,Saha_2024_Fig3b_Subject4,True,44.0
Saha 2024,10.1002/advs.202405518,Figure 3b(i),Fig3b_Subject4,Subject 4,SBG,46.0,122.15,mg/dL,post-meal,,YES,NO,0.594,min,1.145,mg/dL,PUBLIC_FIGURE_DIGITIZED,https://doi.org/10.1002/advs.202405518,No smoothing; black SBG line sampled every 2 min from the 300-dpi PDF rendering.,Saha_2024_Fig3b_Subject4,True,46.0
Saha 2024,10.1002/advs.202405518,Figure 3b(i),Fig3b_Subject4,Subject 4,SBG,48.0,123.68,mg/dL,post-meal,,YES,NO,0.594,min,1.145,mg/dL,PUBLIC_FIGURE_DIGITIZED,https://doi.org/10.1002/advs.202405518,No smoothing; black SBG line sampled every 2 min from the 300-dpi PDF rendering.,Saha_2024_Fig3b_Subject4,True,48.0
Saha 2024,10.1002/advs.202405518,Figure 3b(i),Fig3b_Subject4,Subject 4,SBG,50.0,125.4,mg/dL,post-meal,,YES,NO,0.594,min,1.145,mg/dL,PUBLIC_FIGURE_DIGITIZED,https://doi.org/10.1002/advs.202405518,No smoothing; black SBG line sampled every 2 min from the 300-dpi PDF rendering.,Saha_2024_Fig3b_Subject4,True,50.0
Saha 2024,10.1002/advs.202405518,Figure 3b(i),Fig3b_Subject4,Subject 4,SBG,52.0,126.55,mg/dL,post-meal,,YES,NO,0.594,min,1.145,mg/dL,PUBLIC_FIGURE_DIGITIZED,https://doi.org/10.1002/advs.202405518,No smoothing; black SBG line sampled every 2 min from the 300-dpi PDF rendering.,Saha_2024_Fig3b_Subject4,True,52.0
Saha 2024,10.1002/advs.202405518,Figure 3b(i),Fig3b_Subject4,Subject 4,SBG,54.0,128.45,mg/dL,post-meal,,YES,NO,0.594,min,1.145,mg/dL,PUBLIC_FIGURE_DIGITIZED,https://doi.org/10.1002/advs.202405518,No smoothing; black SBG line sampled every 2 min from the 300-dpi PDF rendering.,Saha_2024_Fig3b_Subject4,True,54.0
Saha 2024,10.1002/advs.202405518,Figure 3b(i),Fig3b_Subject4,Subject 4,SBG,56.0,130.36,mg/dL,post-meal,,YES,NO,0.594,min,1.145,mg/dL,PUBLIC_FIGURE_DIGITIZED,https://doi.org/10.1002/advs.202405518,No smoothing; black SBG line sampled every 2 min from the 300-dpi PDF rendering.,Saha_2024_Fig3b_Subject4,True,56.0
Saha 2024,10.1002/advs.202405518,Figure 3b(i),Fig3b_Subject4,Subject 4,SBG,58.0,131.89,mg/dL,post-meal,,YES,NO,0.594,min,1.145,mg/dL,PUBLIC_FIGURE_DIGITIZED,https://doi.org/10.1002/advs.202405518,No smoothing; black SBG line sampled every 2 min from the 300-dpi PDF rendering.,Saha_2024_Fig3b_Subject4,True,58.0
Saha 2024,10.1002/advs.202405518,Figure 3b(i),Fig3b_Subject4,Subject 4,SBG,60.0,133.23,mg/dL,post-meal,,YES,NO,0.594,min,1.145,mg/dL,PUBLIC_FIGURE_DIGITIZED,https://doi.org/10.1002/advs.202405518,No smoothing; black SBG line sampled every 2 min from the 300-dpi PDF rendering.,Saha_2024_Fig3b_Subject4,True,60.0
Saha 2024,10.1002/advs.202405518,Figure 3b(i),Fig3b_Subject4,Subject 4,SBG,62.0,134.56,mg/dL,post-meal,,YES,NO,0.594,min,1.145,mg/dL,PUBLIC_FIGURE_DIGITIZED,https://doi.org/10.1002/advs.202405518,No smoothing; black SBG line sampled every 2 min from the 300-dpi PDF rendering.,Saha_2024_Fig3b_Subject4,True,62.0
Saha 2024,10.1002/advs.202405518,Figure 3b(i),Fig3b_Subject4,Subject 4,SBG,64.0,135.14,mg/dL,post-meal,,YES,NO,0.594,min,1.145,mg/dL,PUBLIC_FIGURE_DIGITIZED,https://doi.org/10.1002/advs.202405518,No smoothing; black SBG line sampled every 2 min from the 300-dpi PDF rendering.,Saha_2024_Fig3b_Subject4,True,64.0
Saha 2024,10.1002/advs.202405518,Figure 3b(i),Fig3b_Subject4,Subject 4,SBG,66.0,135.14,mg/dL,post-meal,,YES,NO,0.594,min,1.145,mg/dL,PUBLIC_FIGURE_DIGITIZED,https://doi.org/10.1002/advs.202405518,No smoothing; black SBG line sampled every 2 min from the 300-dpi PDF rendering.,Saha_2024_Fig3b_Subject4,True,66.0
Saha 2024,10.1002/advs.202405518,Figure 3b(i),Fig3b_Subject4,Subject 4,SBG,68.0,135.52,mg/dL,post-meal,,YES,NO,0.594,min,1.145,mg/dL,PUBLIC_FIGURE_DIGITIZED,https://doi.org/10.1002/advs.202405518,No smoothing; black SBG line sampled every 2 min from the 300-dpi PDF rendering.,Saha_2024_Fig3b_Subject4,True,68.0
Saha 2024,10.1002/advs.202405518,Figure 3b(i),Fig3b_Subject4,Subject 4,SBG,70.0,135.71,mg/dL,post-meal,,YES,NO,0.594,min,1.145,mg/dL,PUBLIC_FIGURE_DIGITIZED,https://doi.org/10.1002/advs.202405518,No smoothing; black SBG line sampled every 2 min from the 300-dpi PDF rendering.,Saha_2024_Fig3b_Subject4,True,70.0
Saha 2024,10.1002/advs.202405518,Figure 3b(i),Fig3b_Subject4,Subject 4,SBG,72.0,136.09,mg/dL,post-meal,,YES,NO,0.594,min,1.145,mg/dL,PUBLIC_FIGURE_DIGITIZED,https://doi.org/10.1002/advs.202405518,No smoothing; black SBG line sampled every 2 min from the 300-dpi PDF rendering.,Saha_2024_Fig3b_Subject4,True,72.0
Saha 2024,10.1002/advs.202405518,Figure 3b(i),Fig3b_Subject4,Subject 4,SBG,74.0,136.47,mg/dL,post-meal,,YES,NO,0.594,min,1.145,mg/dL,PUBLIC_FIGURE_DIGITIZED,https://doi.org/10.1002/advs.202405518,No smoothing; black SBG line sampled every 2 min from the 300-dpi PDF rendering.,Saha_2024_Fig3b_Subject4,True,74.0
Saha 2024,10.1002/advs.202405518,Figure 3b(i),Fig3b_Subject4,Subject 4,SBG,76.0,136.66,mg/dL,post-meal,,YES,NO,0.594,min,1.145,mg/dL,PUBLIC_FIGURE_DIGITIZED,https://doi.org/10.1002/advs.202405518,No smoothing; black SBG line sampled every 2 min from the 300-dpi PDF rendering.,Saha_2024_Fig3b_Subject4,True,76.0
Saha 2024,10.1002/advs.202405518,Figure 3b(i),Fig3b_Subject4,Subject 4,SBG,78.0,136.28,mg/dL,post-meal,,YES,NO,0.594,min,1.145,mg/dL,PUBLIC_FIGURE_DIGITIZED,https://doi.org/10.1002/advs.202405518,No smoothing; black SBG line sampled every 2 min from the 300-dpi PDF rendering.,Saha_2024_Fig3b_Subject4,True,78.0
Saha 2024,10.1002/advs.202405518,Figure 3b(i),Fig3b_Subject4,Subject 4,SBG,80.0,135.52,mg/dL,post-meal,,YES,NO,0.594,min,1.145,mg/dL,PUBLIC_FIGURE_DIGITIZED,https://doi.org/10.1002/advs.202405518,No smoothing; black SBG line sampled every 2 min from the 300-dpi PDF rendering.,Saha_2024_Fig3b_Subject4,True,80.0
Saha 2024,10.1002/advs.202405518,Figure 3b(i),Fig3b_Subject4,Subject 4,SBG,82.0,135.14,mg/dL,post-meal,,YES,NO,0.594,min,1.145,mg/dL,PUBLIC_FIGURE_DIGITIZED,https://doi.org/10.1002/advs.202405518,No smoothing; black SBG line sampled every 2 min from the 300-dpi PDF rendering.,Saha_2024_Fig3b_Subject4,True,82.0
Saha 2024,10.1002/advs.202405518,Figure 3b(i),Fig3b_Subject4,Subject 4,SBG,84.0,134.37,mg/dL,post-meal,,YES,NO,0.594,min,1.145,mg/dL,PUBLIC_FIGURE_DIGITIZED,https://doi.org/10.1002/advs.202405518,No smoothing; black SBG line sampled every 2 min from the 300-dpi PDF rendering.,Saha_2024_Fig3b_Subject4,True,84.0
Saha 2024,10.1002/advs.202405518,Figure 3b(i),Fig3b_Subject4,Subject 4,SBG,86.0,133.8,mg/dL,post-meal,,YES,NO,0.594,min,1.145,mg/dL,PUBLIC_FIGURE_DIGITIZED,https://doi.org/10.1002/advs.202405518,No smoothing; black SBG line sampled every 2 min from the 300-dpi PDF rendering.,Saha_2024_Fig3b_Subject4,True,86.0
Saha 2024,10.1002/advs.202405518,Figure 3b(i),Fig3b_Subject4,Subject 4,SBG,88.0,133.23,mg/dL,post-meal,,YES,NO,0.594,min,1.145,mg/dL,PUBLIC_FIGURE_DIGITIZED,https://doi.org/10.1002/advs.202405518,No smoothing; black SBG line sampled every 2 min from the 300-dpi PDF rendering.,Saha_2024_Fig3b_Subject4,True,88.0
Saha 2024,10.1002/advs.202405518,Figure 3b(i),Fig3b_Subject4,Subject 4,SBG,90.0,132.65,mg/dL,post-meal,,YES,NO,0.594,min,1.145,mg/dL,PUBLIC_FIGURE_DIGITIZED,https://doi.org/10.1002/advs.202405518,No smoothing; black SBG line sampled every 2 min from the 300-dpi PDF rendering.,Saha_2024_Fig3b_Subject4,True,90.0
Saha 2024,10.1002/advs.202405518,Figure 3b(i),Fig3b_Subject4,Subject 4,SBG,92.0,131.89,mg/dL,post-meal,,YES,NO,0.594,min,1.145,mg/dL,PUBLIC_FIGURE_DIGITIZED,https://doi.org/10.1002/advs.202405518,No smoothing; black SBG line sampled every 2 min from the 300-dpi PDF rendering.,Saha_2024_Fig3b_Subject4,True,92.0
Saha 2024,10.1002/advs.202405518,Figure 3b(i),Fig3b_Subject4,Subject 4,SBG,94.0,130.75,mg/dL,post-meal,,YES,NO,0.594,min,1.145,mg/dL,PUBLIC_FIGURE_DIGITIZED,https://doi.org/10.1002/advs.202405518,No smoothing; black SBG line sampled every 2 min from the 300-dpi PDF rendering.,Saha_2024_Fig3b_Subject4,True,94.0
Saha 2024,10.1002/advs.202405518,Figure 3b(i),Fig3b_Subject4,Subject 4,SBG,96.0,129.98,mg/dL,post-meal,,YES,NO,0.594,min,1.145,mg/dL,PUBLIC_FIGURE_DIGITIZED,https://doi.org/10.1002/advs.202405518,No smoothing; black SBG line sampled every 2 min from the 300-dpi PDF rendering.,Saha_2024_Fig3b_Subject4,True,96.0
Saha 2024,10.1002/advs.202405518,Figure 3b(i),Fig3b_Subject4,Subject 4,SBG,98.0,128.84,mg/dL,post-meal,,YES,NO,0.594,min,1.145,mg/dL,PUBLIC_FIGURE_DIGITIZED,https://doi.org/10.1002/advs.202405518,No smoothing; black SBG line sampled every 2 min from the 300-dpi PDF rendering.,Saha_2024_Fig3b_Subject4,True,98.0
Saha 2024,10.1002/advs.202405518,Figure 3b(i),Fig3b_Subject4,Subject 4,SBG,100.0,128.07,mg/dL,post-meal,,YES,NO,0.594,min,1.145,mg/dL,PUBLIC_FIGURE_DIGITIZED,https://doi.org/10.1002/advs.202405518,No smoothing; black SBG line sampled every 2 min from the 300-dpi PDF rendering.,Saha_2024_Fig3b_Subject4,True,100.0
Saha 2024,10.1002/advs.202405518,Figure 3b(i),Fig3b_Subject4,Subject 4,SBG,102.0,126.93,mg/dL,post-meal,,YES,NO,0.594,min,1.145,mg/dL,PUBLIC_FIGURE_DIGITIZED,https://doi.org/10.1002/advs.202405518,No smoothing; black SBG line sampled every 2 min from the 300-dpi PDF rendering.,Saha_2024_Fig3b_Subject4,True,102.0
Saha 2024,10.1002/advs.202405518,Figure 3b(i),Fig3b_Subject4,Subject 4,SBG,104.0,126.16,mg/dL,post-meal,,YES,NO,0.594,min,1.145,mg/dL,PUBLIC_FIGURE_DIGITIZED,https://doi.org/10.1002/advs.202405518,No smoothing; black SBG line sampled every 2 min from the 300-dpi PDF rendering.,Saha_2024_Fig3b_Subject4,True,104.0
Saha 2024,10.1002/advs.202405518,Figure 3b(i),Fig3b_Subject4,Subject 4,SBG,106.0,125.59,mg/dL,post-meal,,YES,NO,0.594,min,1.145,mg/dL,PUBLIC_FIGURE_DIGITIZED,https://doi.org/10.1002/advs.202405518,No smoothing; black SBG line sampled every 2 min from the 300-dpi PDF rendering.,Saha_2024_Fig3b_Subject4,True,106.0
Saha 2024,10.1002/advs.202405518,Figure 3b(i),Fig3b_Subject4,Subject 4,SBG,108.0,125.02,mg/dL,post-meal,,YES,NO,0.594,min,1.145,mg/dL,PUBLIC_FIGURE_DIGITIZED,https://doi.org/10.1002/advs.202405518,No smoothing; black SBG line sampled every 2 min from the 300-dpi PDF rendering.,Saha_2024_Fig3b_Subject4,True,108.0
Saha 2024,10.1002/advs.202405518,Figure 3b(i),Fig3b_Subject4,Subject 4,SBG,110.0,124.45,mg/dL,post-meal,,YES,NO,0.594,min,1.145,mg/dL,PUBLIC_FIGURE_DIGITIZED,https://doi.org/10.1002/advs.202405518,No smoothing; black SBG line sampled every 2 min from the 300-dpi PDF rendering.,Saha_2024_Fig3b_Subject4,True,110.0
Saha 2024,10.1002/advs.202405518,Figure 3b(i),Fig3b_Subject4,Subject 4,SBG,112.0,124.25,mg/dL,post-meal,,YES,NO,0.594,min,1.145,mg/dL,PUBLIC_FIGURE_DIGITIZED,https://doi.org/10.1002/advs.202405518,No smoothing; black SBG line sampled every 2 min from the 300-dpi PDF rendering.,Saha_2024_Fig3b_Subject4,True,112.0
Saha 2024,10.1002/advs.202405518,Figure 3b(i),Fig3b_Subject4,Subject 4,SBG,114.0,123.87,mg/dL,post-meal,,YES,NO,0.594,min,1.145,mg/dL,PUBLIC_FIGURE_DIGITIZED,https://doi.org/10.1002/advs.202405518,No smoothing; black SBG line sampled every 2 min from the 300-dpi PDF rendering.,Saha_2024_Fig3b_Subject4,True,114.0
Saha 2024,10.1002/advs.202405518,Figure 3b(i),Fig3b_Subject4,Subject 4,SBG,116.0,123.68,mg/dL,post-meal,,YES,NO,0.594,min,1.145,mg/dL,PUBLIC_FIGURE_DIGITIZED,https://doi.org/10.1002/advs.202405518,No smoothing; black SBG line sampled every 2 min from the 300-dpi PDF rendering.,Saha_2024_Fig3b_Subject4,True,116.0
Saha 2024,10.1002/advs.202405518,Figure 3b(i),Fig3b_Subject4,Subject 4,SBG,118.0,123.3,mg/dL,post-meal,,YES,NO,0.594,min,1.145,mg/dL,PUBLIC_FIGURE_DIGITIZED,https://doi.org/10.1002/advs.202405518,No smoothing; black SBG line sampled every 2 min from the 300-dpi PDF rendering.,Saha_2024_Fig3b_Subject4,True,118.0
Saha 2024,10.1002/advs.202405518,Figure 3b(i),Fig3b_Subject4,Subject 4,SBG,120.0,122.92,mg/dL,post-meal,,YES,NO,0.594,min,1.145,mg/dL,PUBLIC_FIGURE_DIGITIZED,https://doi.org/10.1002/advs.202405518,No smoothing; black SBG line sampled every 2 min from the 300-dpi PDF rendering.,Saha_2024_Fig3b_Subject4,True,120.0
Saha 2024,10.1002/advs.202405518,Figure 3b(i),Fig3b_Subject4,Subject 4,SBG,122.0,122.54,mg/dL,post-meal,,YES,NO,0.594,min,1.145,mg/dL,PUBLIC_FIGURE_DIGITIZED,https://doi.org/10.1002/advs.202405518,No smoothing; black SBG line sampled every 2 min from the 300-dpi PDF rendering.,Saha_2024_Fig3b_Subject4,True,122.0
Saha 2024,10.1002/advs.202405518,Figure 3b(i),Fig3b_Subject4,Subject 4,SBG,124.0,122.15,mg/dL,post-meal,,YES,NO,0.594,min,1.145,mg/dL,PUBLIC_FIGURE_DIGITIZED,https://doi.org/10.1002/advs.202405518,No smoothing; black SBG line sampled every 2 min from the 300-dpi PDF rendering.,Saha_2024_Fig3b_Subject4,True,124.0
Saha 2024,10.1002/advs.202405518,Figure 3b(i),Fig3b_Subject4,Subject 4,SBG,126.0,121.77,mg/dL,post-meal,,YES,NO,0.594,min,1.145,mg/dL,PUBLIC_FIGURE_DIGITIZED,https://doi.org/10.1002/advs.202405518,No smoothing; black SBG line sampled every 2 min from the 300-dpi PDF rendering.,Saha_2024_Fig3b_Subject4,True,126.0
Saha 2024,10.1002/advs.202405518,Figure 3b(i),Fig3b_Subject4,Subject 4,SBG,128.0,121.39,mg/dL,post-meal,,YES,NO,0.594,min,1.145,mg/dL,PUBLIC_FIGURE_DIGITIZED,https://doi.org/10.1002/advs.202405518,No smoothing; black SBG line sampled every 2 min from the 300-dpi PDF rendering.,Saha_2024_Fig3b_Subject4,True,128.0
Saha 2024,10.1002/advs.202405518,Figure 3b(i),Fig3b_Subject4,Subject 4,SBG,130.0,121.39,mg/dL,post-meal,,YES,NO,0.594,min,1.145,mg/dL,PUBLIC_FIGURE_DIGITIZED,https://doi.org/10.1002/advs.202405518,No smoothing; black SBG line sampled every 2 min from the 300-dpi PDF rendering.,Saha_2024_Fig3b_Subject4,True,130.0
