trace_id,time_min,tau_transport_min,modeled_signal,modeled_normalized_to_source,pass_strict
Saha_2024_Fig3b_Subject1,0.000000,0.5,100.36,0.05387713998,PASS
Saha_2024_Fig3b_Subject1,0.250000,0.5,100.36,0.05387713998,PASS
Saha_2024_Fig3b_Subject1,0.500000,0.5,100.3703286,0.05413717448,PASS
Saha_2024_Fig3b_Subject1,0.750000,0.5,100.3869217,0.05455492787,PASS
Saha_2024_Fig3b_Subject1,1.000000,0.5,100.4073146,0.0550683426,PASS
Saha_2024_Fig3b_Subject1,1.250000,0.5,100.430012,0.05563977888,PASS
Saha_2024_Fig3b_Subject1,1.500000,0.5,100.4541073,0.05624640699,PASS
Saha_2024_Fig3b_Subject1,1.750000,0.5,100.4790504,0.05687438004,PASS
Saha_2024_Fig3b_Subject1,2.000000,0.5,100.5045077,0.05751529944,PASS
Saha_2024_Fig3b_Subject1,2.250000,0.5,100.5302769,0.05816407121,PASS
Saha_2024_Fig3b_Subject1,2.500000,0.5,100.6457496,0.06107123797,PASS
Saha_2024_Fig3b_Subject1,2.750000,0.5,100.8156301,0.06534819054,PASS
Saha_2024_Fig3b_Subject1,3.000000,0.5,101.0185107,0.0704559602,PASS
Saha_2024_Fig3b_Subject1,3.250000,0.5,101.2414069,0.07606764589,PASS
Saha_2024_Fig3b_Subject1,3.500000,0.5,101.4764431,0.08198497211,PASS
Saha_2024_Fig3b_Subject1,3.750000,0.5,101.7188426,0.08808767868,PASS
Saha_2024_Fig3b_Subject1,4.000000,0.5,101.9657082,0.09430282412,PASS
Saha_2024_Fig3b_Subject1,4.250000,0.5,102.2152826,0.1005861672,PASS
Saha_2024_Fig3b_Subject1,4.500000,0.5,102.5028958,0.1078271862,PASS
Saha_2024_Fig3b_Subject1,4.750000,0.5,102.8135809,0.1156490651,PASS
Saha_2024_Fig3b_Subject1,5.000000,0.5,103.1382596,0.1238232533,PASS
Saha_2024_Fig3b_Subject1,5.250000,0.5,103.471426,0.1322111279,PASS
Saha_2024_Fig3b_Subject1,5.500000,0.5,103.8097404,0.1407286098,PASS
Saha_2024_Fig3b_Subject1,5.750000,0.5,104.1511772,0.1493247026,PASS
Saha_2024_Fig3b_Subject1,6.000000,0.5,104.4945078,0.1579684752,PASS
Saha_2024_Fig3b_Subject1,6.250000,0.5,104.8389872,0.1666411672,PASS
Saha_2024_Fig3b_Subject1,6.500000,0.5,105.1531775,0.1745512961,PASS
Saha_2024_Fig3b_Subject1,6.750000,0.5,105.4489966,0.1819989071,PASS
Saha_2024_Fig3b_Subject1,7.000000,0.5,105.733673,0.1891659869,PASS
Saha_2024_Fig3b_Subject1,7.250000,0.5,106.011591,0.1961629159,PASS
Saha_2024_Fig3b_Subject1,7.500000,0.5,106.2854099,0.2030566432,PASS
Saha_2024_Fig3b_Subject1,7.750000,0.5,106.5567424,0.2098877755,PASS
Saha_2024_Fig3b_Subject1,8.000000,0.5,106.826567,0.216680942,PASS
Saha_2024_Fig3b_Subject1,8.250000,0.5,107.0954769,0.2234510811,PASS
Saha_2024_Fig3b_Subject1,8.500000,0.5,107.3948178,0.2309873569,PASS
Saha_2024_Fig3b_Subject1,8.750000,0.5,107.712616,0.238988318,PASS
Saha_2024_Fig3b_Subject1,9.000000,0.5,108.0416091,0.2472711251,PASS
Saha_2024_Fig3b_Subject1,9.250000,0.5,108.3773922,0.2557248803,PASS
Saha_2024_Fig3b_Subject1,9.500000,0.5,108.7172938,0.2642823209,PASS
Saha_2024_Fig3b_Subject1,9.750000,0.5,109.0596933,0.2729026498,PASS
Saha_2024_Fig3b_Subject1,10.000000,0.5,109.4036078,0.2815611225,PASS
Saha_2024_Fig3b_Subject1,10.250000,0.5,109.7484413,0.2902427304,PASS
Saha_2024_Fig3b_Subject1,10.500000,0.5,110.0731749,0.2984183016,PASS
Saha_2024_Fig3b_Subject1,10.750000,0.5,110.3857175,0.3062869461,PASS
Saha_2024_Fig3b_Subject1,11.000000,0.5,110.6908658,0.31396943,PASS
Saha_2024_Fig3b_Subject1,11.250000,0.5,110.9915292,0.3215390019,PASS
Saha_2024_Fig3b_Subject1,11.500000,0.5,111.2894723,0.3290400892,PASS
Saha_2024_Fig3b_Subject1,11.750000,0.5,111.5857656,0.3364996384,PASS
Saha_2024_Fig3b_Subject1,12.000000,0.5,111.8810582,0.3439339936,PASS
Saha_2024_Fig3b_Subject1,12.250000,0.5,112.1757439,0.3513530677,PASS
Saha_2024_Fig3b_Subject1,12.500000,0.5,112.4808817,0.3590352906,PASS
Saha_2024_Fig3b_Subject1,12.750000,0.5,112.7923593,0.3668771213,PASS
Saha_2024_Fig3b_Subject1,13.000000,0.5,113.1076819,0.3748157589,PASS
Saha_2024_Fig3b_Subject1,13.250000,0.5,113.4253368,0.382813113,PASS
Saha_2024_Fig3b_Subject1,13.500000,0.5,113.7444063,0.3908460803,PASS
Saha_2024_Fig3b_Subject1,13.750000,0.5,114.0643337,0.3989006482,PASS
Saha_2024_Fig3b_Subject1,14.000000,0.5,114.3847816,0.4069683176,PASS
Saha_2024_Fig3b_Subject1,14.250000,0.5,114.705545,0.4150439333,PASS
Saha_2024_Fig3b_Subject1,14.500000,0.5,115.0205979,0.4229757776,PASS
Saha_2024_Fig3b_Subject1,14.750000,0.5,115.3321871,0.4308204202,PASS
Saha_2024_Fig3b_Subject1,15.000000,0.5,115.6416755,0.4386121722,PASS
Saha_2024_Fig3b_Subject1,15.250000,0.5,115.9498897,0.4463718444,PASS
Saha_2024_Fig3b_Subject1,15.500000,0.5,116.257331,0.4541120594,PASS
Saha_2024_Fig3b_Subject1,15.750000,0.5,116.5643036,0.4618404728,PASS
Saha_2024_Fig3b_Subject1,16.000000,0.5,116.8709918,0.4695617283,PASS
Saha_2024_Fig3b_Subject1,16.250000,0.5,117.1775077,0.4772786423,PASS
Saha_2024_Fig3b_Subject1,16.500000,0.5,117.5158883,0.4857977917,PASS
Saha_2024_Fig3b_Subject1,16.750000,0.5,117.8735959,0.4948035215,PASS
Saha_2024_Fig3b_Subject1,17.000000,0.5,118.2430259,0.5041043771,PASS
Saha_2024_Fig3b_Subject1,17.250000,0.5,118.6195658,0.5135842357,PASS
Saha_2024_Fig3b_Subject1,17.500000,0.5,119.0004183,0.5231726651,PASS
Saha_2024_Fig3b_Subject1,17.750000,0.5,119.3838863,0.5328269459,PASS
Saha_2024_Fig3b_Subject1,18.000000,0.5,119.7689408,0.5425211677,PASS
Saha_2024_Fig3b_Subject1,18.250000,0.5,120.1549575,0.5522396149,PASS
Saha_2024_Fig3b_Subject1,18.500000,0.5,120.5253272,0.56156413,PASS
Saha_2024_Fig3b_Subject1,18.750000,0.5,120.8862066,0.570649713,PASS
Saha_2024_Fig3b_Subject1,19.000000,0.5,121.2413298,0.5795903766,PASS
Saha_2024_Fig3b_Subject1,19.250000,0.5,121.5929616,0.588443142,PASS
Saha_2024_Fig3b_Subject1,19.500000,0.5,121.9424758,0.5972425944,PASS
Saha_2024_Fig3b_Subject1,19.750000,0.5,122.2907057,0.6060097109,PASS
Saha_2024_Fig3b_Subject1,20.000000,0.5,122.6381566,0.6147572147,PASS
Saha_2024_Fig3b_Subject1,20.250000,0.5,122.9851349,0.6234928228,PASS
Saha_2024_Fig3b_Subject1,20.500000,0.5,123.3534675,0.63276605,PASS
Saha_2024_Fig3b_Subject1,20.750000,0.5,123.7347521,0.6423653595,PASS
Saha_2024_Fig3b_Subject1,21.000000,0.5,124.1238924,0.6521624481,PASS
Saha_2024_Fig3b_Subject1,21.250000,0.5,124.5177976,0.6620794957,PASS
Saha_2024_Fig3b_Subject1,21.500000,0.5,124.9145927,0.6720693022,PASS
Saha_2024_Fig3b_Subject1,21.750000,0.5,125.3131407,0.6821032391,PASS
Saha_2024_Fig3b_Subject1,22.000000,0.5,125.7127518,0.6921639425,PASS
Saha_2024_Fig3b_Subject1,22.250000,0.5,126.1130078,0.7022408805,PASS
Saha_2024_Fig3b_Subject1,22.500000,0.5,126.4920141,0.7117828313,PASS
Saha_2024_Fig3b_Subject1,22.750000,0.5,126.8581317,0.7210002958,PASS
Saha_2024_Fig3b_Subject1,23.000000,0.5,127.2164321,0.7300209494,PASS
Saha_2024_Fig3b_Subject1,23.250000,0.5,127.569991,0.7389222313,PASS
Saha_2024_Fig3b_Subject1,23.500000,0.5,127.9206741,0.7477511104,PASS
Saha_2024_Fig3b_Subject1,23.750000,0.5,128.2696129,0.7565360752,PASS
Saha_2024_Fig3b_Subject1,24.000000,0.5,128.6174937,0.7652944045,PASS
Saha_2024_Fig3b_Subject1,24.250000,0.5,128.9647329,0.7740365785,PASS
Saha_2024_Fig3b_Subject1,24.500000,0.5,129.3327318,0.7833014055,PASS
Saha_2024_Fig3b_Subject1,24.750000,0.5,129.7133222,0.7928832376,PASS
Saha_2024_Fig3b_Subject1,25.000000,0.5,130.1015497,0.8026573429,PASS
Saha_2024_Fig3b_Subject1,25.250000,0.5,130.4944093,0.8125480679,PASS
Saha_2024_Fig3b_Subject1,25.500000,0.5,130.8900784,0.8225095263,PASS
Saha_2024_Fig3b_Subject1,25.750000,0.5,131.2874516,0.8325138866,PASS
Saha_2024_Fig3b_Subject1,26.000000,0.5,131.6858583,0.8425442683,PASS
Saha_2024_Fig3b_Subject1,26.250000,0.5,132.084892,0.8525904327,PASS
Saha_2024_Fig3b_Subject1,26.500000,0.5,132.4847977,0.8626585525,PASS
Saha_2024_Fig3b_Subject1,26.750000,0.5,132.8852324,0.8727399888,PASS
Saha_2024_Fig3b_Subject1,27.000000,0.5,133.2859878,0.882829502,PASS
Saha_2024_Fig3b_Subject1,27.250000,0.5,133.6869379,0.8929239142,PASS
Saha_2024_Fig3b_Subject1,27.500000,0.5,134.0880059,0.9030212976,PASS
Saha_2024_Fig3b_Subject1,27.750000,0.5,134.4891456,0.9131204833,PASS
Saha_2024_Fig3b_Subject1,28.000000,0.5,134.8903287,0.923220762,PASS
Saha_2024_Fig3b_Subject1,28.250000,0.5,135.2915381,0.9333217038,PASS
Saha_2024_Fig3b_Subject1,28.500000,0.5,135.6347267,0.9419619014,PASS
Saha_2024_Fig3b_Subject1,28.750000,0.5,135.942724,0.949716113,PASS
Saha_2024_Fig3b_Subject1,29.000000,0.5,136.2293767,0.9569329469,PASS
Saha_2024_Fig3b_Subject1,29.250000,0.5,136.5030831,0.9638238447,PASS
Saha_2024_Fig3b_Subject1,29.500000,0.5,136.7689373,0.9705170523,PASS
Saha_2024_Fig3b_Subject1,29.750000,0.5,137.0300289,0.9770903547,PASS
Saha_2024_Fig3b_Subject1,30.000000,0.5,137.2882318,0.9835909309,PASS
Saha_2024_Fig3b_Subject1,30.250000,0.5,137.5446826,0.9900473965,PASS
Saha_2024_Fig3b_Subject1,30.500000,0.5,137.6948177,0.9938272323,PASS
Saha_2024_Fig3b_Subject1,30.750000,0.5,137.780469,0.99598361,PASS
Saha_2024_Fig3b_Subject1,31.000000,0.5,137.8270089,0.9971553107,PASS
Saha_2024_Fig3b_Subject1,31.250000,0.5,137.8498266,0.9977297745,PASS
Saha_2024_Fig3b_Subject1,31.500000,0.5,137.8582561,0.9979419959,PASS
Saha_2024_Fig3b_Subject1,31.750000,0.5,137.8579586,0.9979345062,PASS
Saha_2024_Fig3b_Subject1,32.000000,0.5,137.8523679,0.9977937548,PASS
Saha_2024_Fig3b_Subject1,32.250000,0.5,137.8435668,0.9975721763,PASS
Saha_2024_Fig3b_Subject1,32.500000,0.5,137.7487144,0.9951841498,PASS
Saha_2024_Fig3b_Subject1,32.750000,0.5,137.6016693,0.9914821063,PASS
Saha_2024_Fig3b_Subject1,33.000000,0.5,137.4229676,0.986983071,PASS
Saha_2024_Fig3b_Subject1,33.250000,0.5,137.2250653,0.9820006359,PASS
Saha_2024_Fig3b_Subject1,33.500000,0.5,137.0155172,0.976725004,PASS
Saha_2024_Fig3b_Subject1,33.750000,0.5,136.7989055,0.9712715391,PASS
Saha_2024_Fig3b_Subject1,34.000000,0.5,136.5780097,0.9657102132,PASS
Saha_2024_Fig3b_Subject1,34.250000,0.5,136.3545153,0.9600834663,PASS
Saha_2024_Fig3b_Subject1,34.500000,0.5,136.0881305,0.9533769014,PASS
Saha_2024_Fig3b_Subject1,34.750000,0.5,135.7957314,0.9460153939,PASS
Saha_2024_Fig3b_Subject1,35.000000,0.5,135.4875539,0.9382566437,PASS
Saha_2024_Fig3b_Subject1,35.250000,0.5,135.1698062,0.9302569535,PASS
Saha_2024_Fig3b_Subject1,35.500000,0.5,134.8462539,0.9221111258,PASS
Saha_2024_Fig3b_Subject1,35.750000,0.5,134.519181,0.9138766613,PASS
Saha_2024_Fig3b_Subject1,36.000000,0.5,134.1899727,0.9055884358,PASS
Saha_2024_Fig3b_Subject1,36.250000,0.5,133.8594692,0.8972676027,PASS
Saha_2024_Fig3b_Subject1,36.500000,0.5,133.5483454,0.8894346784,PASS
Saha_2024_Fig3b_Subject1,36.750000,0.5,133.2489761,0.8818976857,PASS
Saha_2024_Fig3b_Subject1,37.000000,0.5,132.9567361,0.8745401847,PASS
Saha_2024_Fig3b_Subject1,37.250000,0.5,132.6688204,0.8672915509,PASS
Saha_2024_Fig3b_Subject1,37.500000,0.5,132.3835274,0.8601089484,PASS
Saha_2024_Fig3b_Subject1,37.750000,0.5,132.0998252,0.8529663958,PASS
Saha_2024_Fig3b_Subject1,38.000000,0.5,131.8170879,0.8458481348,PASS
Saha_2024_Fig3b_Subject1,38.250000,0.5,131.5349358,0.8387446074,PASS
Saha_2024_Fig3b_Subject1,38.500000,0.5,131.2324815,0.8311299474,PASS
Saha_2024_Fig3b_Subject1,38.750000,0.5,130.9177133,0.8232052697,PASS
Saha_2024_Fig3b_Subject1,39.000000,0.5,130.5954764,0.8150925569,PASS
Saha_2024_Fig3b_Subject1,39.250000,0.5,130.2687094,0.8068657949,PASS
Saha_2024_Fig3b_Subject1,39.500000,0.5,129.9391948,0.7985698587,PASS
Saha_2024_Fig3b_Subject1,39.750000,0.5,129.6080137,0.7902319661,PASS
Saha_2024_Fig3b_Subject1,40.000000,0.5,129.2758218,0.7818686258,PASS
Saha_2024_Fig3b_Subject1,40.250000,0.5,128.9430169,0.7734898505,PASS
Saha_2024_Fig3b_Subject1,40.500000,0.5,128.6260707,0.7655103392,PASS
Saha_2024_Fig3b_Subject1,40.750000,0.5,128.3187433,0.7577729937,PASS
Saha_2024_Fig3b_Subject1,41.000000,0.5,128.0172501,0.7501825292,PASS
Saha_2024_Fig3b_Subject1,41.250000,0.5,127.7192954,0.7426811525,PASS
Saha_2024_Fig3b_Subject1,41.500000,0.5,127.4234869,0.7352338104,PASS
Saha_2024_Fig3b_Subject1,41.750000,0.5,127.1289803,0.7278192417,PASS
Saha_2024_Fig3b_Subject1,42.000000,0.5,126.8352632,0.7204245513,PASS
Saha_2024_Fig3b_Subject1,42.250000,0.5,126.542025,0.7130419176,PASS
Saha_2024_Fig3b_Subject1,42.500000,0.5,126.2328466,0.705257971,PASS
Saha_2024_Fig3b_Subject1,42.750000,0.5,125.9140001,0.6972306159,PASS
Saha_2024_Fig3b_Subject1,43.000000,0.5,125.5892895,0.689055626,PASS
Saha_2024_Fig3b_Subject1,43.250000,0.5,125.2610221,0.6807910911,PASS
Saha_2024_Fig3b_Subject1,43.500000,0.5,124.9305975,0.6724722445,PASS
Saha_2024_Fig3b_Subject1,43.750000,0.5,124.5988645,0.664120456,PASS
Saha_2024_Fig3b_Subject1,44.000000,0.5,124.2663379,0.6557486874,PASS
Saha_2024_Fig3b_Subject1,44.250000,0.5,123.9333299,0.6473648002,PASS
Saha_2024_Fig3b_Subject1,44.500000,0.5,123.6472462,0.6401622918,PASS
Saha_2024_Fig3b_Subject1,44.750000,0.5,123.3896237,0.6336763258,PASS
Saha_2024_Fig3b_Subject1,45.000000,0.5,123.1492636,0.6276249649,PASS
Saha_2024_Fig3b_Subject1,45.250000,0.5,122.9193738,0.6218372052,PASS
Saha_2024_Fig3b_Subject1,45.500000,0.5,122.6958345,0.6162093277,PASS
Saha_2024_Fig3b_Subject1,45.750000,0.5,122.476147,0.6106784237,PASS
Saha_2024_Fig3b_Subject1,46.000000,0.5,122.2587957,0.6052063371,PASS
Saha_2024_Fig3b_Subject1,46.250000,0.5,122.0428614,0.5997699251,PASS
Saha_2024_Fig3b_Subject1,46.500000,0.5,121.8538539,0.5950114283,PASS
Saha_2024_Fig3b_Subject1,46.750000,0.5,121.6811784,0.5906641079,PASS
Saha_2024_Fig3b_Subject1,47.000000,0.5,121.5184086,0.5865661785,PASS
Saha_2024_Fig3b_Subject1,47.250000,0.5,121.361647,0.5826195125,PASS
Saha_2024_Fig3b_Subject1,47.500000,0.5,121.2085296,0.5787645924,PASS
Saha_2024_Fig3b_Subject1,47.750000,0.5,121.0576225,0.5749653189,PASS
Saha_2024_Fig3b_Subject1,48.000000,0.5,120.9080559,0.5711997968,PASS
Saha_2024_Fig3b_Subject1,48.250000,0.5,120.7593025,0.5674547461,PASS
Saha_2024_Fig3b_Subject1,48.500000,0.5,120.6430117,0.5645269804,PASS
Saha_2024_Fig3b_Subject1,48.750000,0.5,120.5464103,0.5620949232,PASS
Saha_2024_Fig3b_Subject1,49.000000,0.5,120.4617513,0.5599635284,PASS
Saha_2024_Fig3b_Subject1,49.250000,0.5,120.3843357,0.5580144946,PASS
Saha_2024_Fig3b_Subject1,49.500000,0.5,120.3113134,0.5561760683,PASS
Saha_2024_Fig3b_Subject1,49.750000,0.5,120.2409558,0.5544047288,PASS
Saha_2024_Fig3b_Subject1,50.000000,0.5,120.1722144,0.5526740796,PASS
Saha_2024_Fig3b_Subject1,50.250000,0.5,120.1044533,0.5509681102,PASS
Saha_2024_Fig3b_Subject1,50.500000,0.5,120.021548,0.5488808669,PASS
Saha_2024_Fig3b_Subject1,50.750000,0.5,119.9294573,0.5465623693,PASS
Saha_2024_Fig3b_Subject1,51.000000,0.5,119.8317953,0.5441036088,PASS
Saha_2024_Fig3b_Subject1,51.250000,0.5,119.7307542,0.5415597746,PASS
Saha_2024_Fig3b_Subject1,51.500000,0.5,119.6276636,0.5389643406,PASS
Saha_2024_Fig3b_Subject1,51.750000,0.5,119.5233299,0.5363376097,PASS
Saha_2024_Fig3b_Subject1,52.000000,0.5,119.4182421,0.5336918964,PASS
Saha_2024_Fig3b_Subject1,52.250000,0.5,119.3126971,0.5310346695,PASS
Saha_2024_Fig3b_Subject1,52.500000,0.5,119.2172032,0.5286304938,PASS
Saha_2024_Fig3b_Subject1,52.750000,0.5,119.1278057,0.5263798015,PASS
Saha_2024_Fig3b_Subject1,53.000000,0.5,119.0421058,0.5242222015,PASS
Saha_2024_Fig3b_Subject1,53.250000,0.5,118.9586487,0.5221210649,PASS
Saha_2024_Fig3b_Subject1,53.500000,0.5,118.8765518,0.520054175,PASS
Saha_2024_Fig3b_Subject1,53.750000,0.5,118.79528,0.5180080569,PASS
Saha_2024_Fig3b_Subject1,54.000000,0.5,118.7145086,0.5159745374,PASS
Saha_2024_Fig3b_Subject1,54.250000,0.5,118.6340408,0.5139486594,PASS
Saha_2024_Fig3b_Subject1,54.500000,0.5,118.5483468,0.5117912077,PASS
Saha_2024_Fig3b_Subject1,54.750000,0.5,118.459483,0.5095539524,PASS
Saha_2024_Fig3b_Subject1,55.000000,0.5,118.3686966,0.5072682939,PASS
Saha_2024_Fig3b_Subject1,55.250000,0.5,118.2767442,0.5049532773,PASS
Saha_2024_Fig3b_Subject1,55.500000,0.5,118.1840844,0.5026204541,PASS
Saha_2024_Fig3b_Subject1,55.750000,0.5,118.0909957,0.5002768307,PASS
Saha_2024_Fig3b_Subject1,56.000000,0.5,117.9976468,0.4979266566,PASS
Saha_2024_Fig3b_Subject1,56.250000,0.5,117.9041401,0.4955725093,PASS
Saha_2024_Fig3b_Subject1,56.500000,0.5,117.8159478,0.4933521607,PASS
Saha_2024_Fig3b_Subject1,56.750000,0.5,117.730979,0.4912129652,PASS
Saha_2024_Fig3b_Subject1,57.000000,0.5,117.6479652,0.4891229914,PASS
Saha_2024_Fig3b_Subject1,57.250000,0.5,117.5661373,0.4870628721,PASS
Saha_2024_Fig3b_Subject1,57.500000,0.5,117.4850286,0.4850208605,PASS
Saha_2024_Fig3b_Subject1,57.750000,0.5,117.4043561,0.4829898318,PASS
Saha_2024_Fig3b_Subject1,58.000000,0.5,117.3239483,0.4809654646,PASS
Saha_2024_Fig3b_Subject1,58.250000,0.5,117.2437009,0.4789451377,PASS
Saha_2024_Fig3b_Subject1,58.500000,0.5,117.1581406,0.4767910528,PASS
Saha_2024_Fig3b_Subject1,58.750000,0.5,117.069358,0.4745558397,PASS
Saha_2024_Fig3b_Subject1,59.000000,0.5,116.9786208,0.4722714198,PASS
Saha_2024_Fig3b_Subject1,59.250000,0.5,116.8866982,0.4699571544,PASS
Saha_2024_Fig3b_Subject1,59.500000,0.5,116.7940565,0.4676247869,PASS
Saha_2024_Fig3b_Subject1,59.750000,0.5,116.7009788,0.4652814399,PASS
Saha_2024_Fig3b_Subject1,60.000000,0.5,116.6076365,0.4629314334,PASS
Saha_2024_Fig3b_Subject1,60.250000,0.5,116.5141338,0.4605773878,PASS
Saha_2024_Fig3b_Subject1,60.500000,0.5,116.447093,0.4588895525,PASS
Saha_2024_Fig3b_Subject1,60.750000,0.5,116.3961021,0.4576057941,PASS
Saha_2024_Fig3b_Subject1,61.000000,0.5,116.354846,0.4565671208,PASS
Saha_2024_Fig3b_Subject1,61.250000,0.5,116.3194944,0.4556770991,PASS
Saha_2024_Fig3b_Subject1,61.500000,0.5,116.2877239,0.4548772392,PASS
Saha_2024_Fig3b_Subject1,61.750000,0.5,116.2581256,0.4541320651,PASS
Saha_2024_Fig3b_Subject1,62.000000,0.5,116.2298448,0.4534200597,PASS
Saha_2024_Fig3b_Subject1,62.250000,0.5,116.202363,0.4527281721,PASS
Saha_2024_Fig3b_Subject1,62.500000,0.5,116.1856945,0.452308521,PASS
Saha_2024_Fig3b_Subject1,62.750000,0.5,116.1755845,0.4520539898,PASS
Saha_2024_Fig3b_Subject1,63.000000,0.5,116.1694525,0.4518996088,PASS
Saha_2024_Fig3b_Subject1,63.250000,0.5,116.1657332,0.451805972,PASS
Saha_2024_Fig3b_Subject1,63.500000,0.5,116.1634774,0.4517491784,PASS
Saha_2024_Fig3b_Subject1,63.750000,0.5,116.1621091,0.4517147314,PASS
Saha_2024_Fig3b_Subject1,64.000000,0.5,116.1612793,0.4516938382,PASS
Saha_2024_Fig3b_Subject1,64.250000,0.5,116.1607759,0.4516811658,PASS
Saha_2024_Fig3b_Subject1,64.500000,0.5,116.1707992,0.4519335141,PASS
Saha_2024_Fig3b_Subject1,64.750000,0.5,116.1872072,0.4523466056,PASS
Saha_2024_Fig3b_Subject1,65.000000,0.5,116.2074877,0.4528571927,PASS
Saha_2024_Fig3b_Subject1,65.250000,0.5,116.230117,0.453426914,PASS
Saha_2024_Fig3b_Subject1,65.500000,0.5,116.254171,0.4540325019,PASS
Saha_2024_Fig3b_Subject1,65.750000,0.5,116.279089,0.454659844,PASS
Saha_2024_Fig3b_Subject1,66.000000,0.5,116.3045311,0.4553003808,PASS
Saha_2024_Fig3b_Subject1,66.250000,0.5,116.3302911,0.4559489204,PASS
Saha_2024_Fig3b_Subject1,66.500000,0.5,116.3459153,0.4563422796,PASS
Saha_2024_Fig3b_Subject1,66.750000,0.5,116.3553919,0.456580864,PASS
Saha_2024_Fig3b_Subject1,67.000000,0.5,116.3611398,0.4567255728,PASS
Saha_2024_Fig3b_Subject1,67.250000,0.5,116.364626,0.4568133431,PASS
Saha_2024_Fig3b_Subject1,67.500000,0.5,116.3667405,0.4568665785,PASS
Saha_2024_Fig3b_Subject1,67.750000,0.5,116.368023,0.4568988674,PASS
Saha_2024_Fig3b_Subject1,68.000000,0.5,116.3688009,0.4569184516,PASS
Saha_2024_Fig3b_Subject1,68.250000,0.5,116.3692727,0.45693033,PASS
Saha_2024_Fig3b_Subject1,68.500000,0.5,116.3695589,0.4569375346,PASS
Saha_2024_Fig3b_Subject1,68.750000,0.5,116.3697324,0.4569419044,PASS
Saha_2024_Fig3b_Subject1,69.000000,0.5,116.3698377,0.4569445549,PASS
Saha_2024_Fig3b_Subject1,69.250000,0.5,116.3699016,0.4569461624,PASS
Saha_2024_Fig3b_Subject1,69.500000,0.5,116.3699403,0.4569471375,PASS
Saha_2024_Fig3b_Subject1,69.750000,0.5,116.3699638,0.4569477289,PASS
Saha_2024_Fig3b_Subject1,70.000000,0.5,116.369978,0.4569480876,PASS
Saha_2024_Fig3b_Subject1,70.250000,0.5,116.3699867,0.4569483051,PASS
Saha_2024_Fig3b_Subject1,70.500000,0.5,116.3803205,0.4572084716,PASS
Saha_2024_Fig3b_Subject1,70.750000,0.5,116.3969168,0.457626305,PASS
Saha_2024_Fig3b_Subject1,71.000000,0.5,116.4173116,0.4581397683,PASS
Saha_2024_Fig3b_Subject1,71.250000,0.5,116.4400102,0.458711234,PASS
Saha_2024_Fig3b_Subject1,71.500000,0.5,116.4641062,0.45931788,PASS
Saha_2024_Fig3b_Subject1,71.750000,0.5,116.4890497,0.4599458638,PASS
Saha_2024_Fig3b_Subject1,72.000000,0.5,116.5145073,0.4605867898,PASS
Saha_2024_Fig3b_Subject1,72.250000,0.5,116.5402767,0.4612355656,PASS
Saha_2024_Fig3b_Subject1,72.500000,0.5,116.5559066,0.461629068,PASS
Saha_2024_Fig3b_Subject1,72.750000,0.5,116.5653866,0.4618677392,PASS
Saha_2024_Fig3b_Subject1,73.000000,0.5,116.5711365,0.4620125006,PASS
Saha_2024_Fig3b_Subject1,73.250000,0.5,116.574624,0.4621003029,PASS
Saha_2024_Fig3b_Subject1,73.500000,0.5,116.5767393,0.4621535577,PASS
Saha_2024_Fig3b_Subject1,73.750000,0.5,116.5780223,0.4621858583,PASS
Saha_2024_Fig3b_Subject1,74.000000,0.5,116.5788005,0.4622054496,PASS
Saha_2024_Fig3b_Subject1,74.250000,0.5,116.5792724,0.4622173324,PASS
Saha_2024_Fig3b_Subject1,74.500000,0.5,116.5638199,0.4618282966,PASS
Saha_2024_Fig3b_Subject1,74.750000,0.5,116.5387088,0.4611960914,PASS
Saha_2024_Fig3b_Subject1,75.000000,0.5,116.5077393,0.4604163965,PASS
Saha_2024_Fig3b_Subject1,75.250000,0.5,116.4732166,0.4595472446,PASS
Saha_2024_Fig3b_Subject1,75.500000,0.5,116.4365387,0.4586238343,PASS
Saha_2024_Fig3b_Subject1,75.750000,0.5,116.3985537,0.4576675146,PASS
Saha_2024_Fig3b_Subject1,76.000000,0.5,116.3597758,0.4566912344,PASS
Saha_2024_Fig3b_Subject1,76.250000,0.5,116.3205171,0.4557028474,PASS
Saha_2024_Fig3b_Subject1,76.500000,0.5,116.228832,0.4533945623,PASS
Saha_2024_Fig3b_Subject1,76.750000,0.5,116.1053487,0.4502857185,PASS
Saha_2024_Fig3b_Subject1,77.000000,0.5,115.9625789,0.4466913113,PASS
Saha_2024_Fig3b_Subject1,77.250000,0.5,115.8081111,0.442802395,PASS
Saha_2024_Fig3b_Subject1,77.500000,0.5,115.6465482,0.4387348499,PASS
Saha_2024_Fig3b_Subject1,77.750000,0.5,115.4806819,0.434558961,PASS
Saha_2024_Fig3b_Subject1,78.000000,0.5,115.3122055,0.4303173582,PASS
Saha_2024_Fig3b_Subject1,78.250000,0.5,115.1421459,0.426035898,PASS
Saha_2024_Fig3b_Subject1,78.500000,0.5,114.9755526,0.4218417063,PASS
Saha_2024_Fig3b_Subject1,78.750000,0.5,114.8110617,0.4177004457,PASS
Saha_2024_Fig3b_Subject1,79.000000,0.5,114.647846,0.4135912894,PASS
Saha_2024_Fig3b_Subject1,79.250000,0.5,114.4854038,0.4095016054,PASS
Saha_2024_Fig3b_Subject1,79.500000,0.5,114.3234306,0.4054237319,PASS
Saha_2024_Fig3b_Subject1,79.750000,0.5,114.161742,0.4013530218,PASS
Saha_2024_Fig3b_Subject1,80.000000,0.5,114.000226,0.3972866566,PASS
Saha_2024_Fig3b_Subject1,80.250000,0.5,113.8388146,0.3932229266,PASS
Saha_2024_Fig3b_Subject1,80.500000,0.5,113.6779586,0.3891731777,PASS
Saha_2024_Fig3b_Subject1,80.750000,0.5,113.5174394,0.3851319086,PASS
Saha_2024_Fig3b_Subject1,81.000000,0.5,113.3571245,0.3810957828,PASS
Saha_2024_Fig3b_Subject1,81.250000,0.5,113.1969335,0.3770627766,PASS
Saha_2024_Fig3b_Subject1,81.500000,0.5,113.0368176,0.3730316626,PASS
Saha_2024_Fig3b_Subject1,81.750000,0.5,112.8767474,0.3690016961,PASS
Saha_2024_Fig3b_Subject1,82.000000,0.5,112.7167048,0.3649724257,PASS
Saha_2024_Fig3b_Subject1,82.250000,0.5,112.5566789,0.3609435776,PASS
Saha_2024_Fig3b_Subject1,82.500000,0.5,112.3863347,0.3566549509,PASS
Saha_2024_Fig3b_Subject1,82.750000,0.5,112.209732,0.3522087608,PASS
Saha_2024_Fig3b_Subject1,83.000000,0.5,112.0293334,0.3476670034,PASS
Saha_2024_Fig3b_Subject1,83.250000,0.5,111.8466324,0.3430672817,PASS
Saha_2024_Fig3b_Subject1,83.500000,0.5,111.662535,0.3384324028,PASS
Saha_2024_Fig3b_Subject1,83.750000,0.5,111.4775907,0.3337761999,PASS
Saha_2024_Fig3b_Subject1,84.000000,0.5,111.2921326,0.3291070635,PASS
Saha_2024_Fig3b_Subject1,84.250000,0.5,111.1063629,0.3244300824,PASS
Saha_2024_Fig3b_Subject1,84.500000,0.5,110.9307328,0.3200083779,PASS
Saha_2024_Fig3b_Subject1,84.750000,0.5,110.7612526,0.3157415063,PASS
Saha_2024_Fig3b_Subject1,85.000000,0.5,110.5955026,0.3115685457,PASS
Saha_2024_Fig3b_Subject1,85.250000,0.5,110.4320151,0.307452545,PASS
Saha_2024_Fig3b_Subject1,85.500000,0.5,110.2698998,0.3033710922,PASS
Saha_2024_Fig3b_Subject1,85.750000,0.5,110.1086168,0.2993105938,PASS
Saha_2024_Fig3b_Subject1,86.000000,0.5,109.9478386,0.2952628049,PASS
Saha_2024_Fig3b_Subject1,86.250000,0.5,109.7873666,0.2912227246,PASS
Saha_2024_Fig3b_Subject1,86.500000,0.5,109.6162599,0.2869149028,PASS
Saha_2024_Fig3b_Subject1,86.750000,0.5,109.438703,0.2824446875,PASS
Saha_2024_Fig3b_Subject1,87.000000,0.5,109.2572338,0.2778759756,PASS
Saha_2024_Fig3b_Subject1,87.250000,0.5,109.0733916,0.2732475226,PASS
Saha_2024_Fig3b_Subject1,87.500000,0.5,108.8881102,0.2685828346,PASS
Saha_2024_Fig3b_Subject1,87.750000,0.5,108.7019558,0.2638961691,PASS
Saha_2024_Fig3b_Subject1,88.000000,0.5,108.515272,0.2591961735,PASS
Saha_2024_Fig3b_Subject1,88.250000,0.5,108.328267,0.2544880928,PASS
Saha_2024_Fig3b_Subject1,88.500000,0.5,108.1518877,0.2500475254,PASS
Saha_2024_Fig3b_Subject1,88.750000,0.5,107.9819531,0.2457692129,PASS
Saha_2024_Fig3b_Subject1,89.000000,0.5,107.8159275,0.241589313,PASS
Saha_2024_Fig3b_Subject1,89.250000,0.5,107.6522728,0.2374691035,PASS
Saha_2024_Fig3b_Subject1,89.500000,0.5,107.4900561,0.2333850979,PASS
Saha_2024_Fig3b_Subject1,89.750000,0.5,107.3287116,0.2293230511,PASS
Saha_2024_Fig3b_Subject1,90.000000,0.5,107.1678961,0.225274323,PASS
Saha_2024_Fig3b_Subject1,90.250000,0.5,107.0074015,0.2212336731,PASS
Saha_2024_Fig3b_Subject1,90.500000,0.5,106.8313627,0.2168016799,PASS
Saha_2024_Fig3b_Subject1,90.750000,0.5,106.6458959,0.2121323249,PASS
Saha_2024_Fig3b_Subject1,91.000000,0.5,106.4547108,0.2073190027,PASS
Saha_2024_Fig3b_Subject1,91.250000,0.5,106.2600573,0.20241836,PASS
Saha_2024_Fig3b_Subject1,91.500000,0.5,106.0633001,0.1974647548,PASS
Saha_2024_Fig3b_Subject1,91.750000,0.5,105.8652669,0.1924790261,PASS
Saha_2024_Fig3b_Subject1,92.000000,0.5,105.6664599,0.1874738136,PASS
Saha_2024_Fig3b_Subject1,92.250000,0.5,105.4671834,0.1824567836,PASS
Saha_2024_Fig3b_Subject1,92.500000,0.5,105.2887713,0.1779650374,PASS
Saha_2024_Fig3b_Subject1,92.750000,0.5,105.123014,0.173791892,PASS
Saha_2024_Fig3b_Subject1,93.000000,0.5,104.9649322,0.1698119878,PASS
Saha_2024_Fig3b_Subject1,93.250000,0.5,104.8115058,0.1659492902,PASS
Saha_2024_Fig3b_Subject1,93.500000,0.5,104.6609031,0.1621576821,PASS
Saha_2024_Fig3b_Subject1,93.750000,0.5,104.5120131,0.1584091919,PASS
Saha_2024_Fig3b_Subject1,94.000000,0.5,104.3641618,0.154686854,PASS
Saha_2024_Fig3b_Subject1,94.250000,0.5,104.2169406,0.1509803784,PASS
Saha_2024_Fig3b_Subject1,94.500000,0.5,104.0799383,0.1475311755,PASS
Saha_2024_Fig3b_Subject1,94.750000,0.5,103.949134,0.1442380165,PASS
Saha_2024_Fig3b_Subject1,95.000000,0.5,103.8220891,0.1410395029,PASS
Saha_2024_Fig3b_Subject1,95.250000,0.5,103.6973242,0.1378983946,PASS
Saha_2024_Fig3b_Subject1,95.500000,0.5,103.5739424,0.1347921044,PASS
Saha_2024_Fig3b_Subject1,95.750000,0.5,103.4513994,0.1317069324,PASS
Saha_2024_Fig3b_Subject1,96.000000,0.5,103.3293651,0.1286345693,PASS
Saha_2024_Fig3b_Subject1,96.250000,0.5,103.2076394,0.1255699752,PASS
Saha_2024_Fig3b_Subject1,96.500000,0.5,103.1077417,0.1230549273,PASS
Saha_2024_Fig3b_Subject1,96.750000,0.5,103.0210834,0.1208731962,PASS
Saha_2024_Fig3b_Subject1,97.000000,0.5,102.9424551,0.1188936318,PASS
Saha_2024_Fig3b_Subject1,97.250000,0.5,102.8686972,0.1170366878,PASS
Saha_2024_Fig3b_Subject1,97.500000,0.5,102.7978935,0.1152541167,PASS
Saha_2024_Fig3b_Subject1,97.750000,0.5,102.7288815,0.1135166552,PASS
Saha_2024_Fig3b_Subject1,98.000000,0.5,102.6609563,0.111806554,PASS
Saha_2024_Fig3b_Subject1,98.250000,0.5,102.5936903,0.1101130477,PASS
Saha_2024_Fig3b_Subject1,98.500000,0.5,102.5371525,0.1086896411,PASS
Saha_2024_Fig3b_Subject1,98.750000,0.5,102.4871219,0.1074300583,PASS
Saha_2024_Fig3b_Subject1,99.000000,0.5,102.441038,0.1062698397,PASS
Saha_2024_Fig3b_Subject1,99.250000,0.5,102.397348,0.1051698885,PASS
Saha_2024_Fig3b_Subject1,99.500000,0.5,102.3551098,0.1041064913,PASS
Saha_2024_Fig3b_Subject1,99.750000,0.5,102.3137523,0.1030652653,PASS
Saha_2024_Fig3b_Subject1,100.000000,0.5,102.272929,0.1020374868,PASS
Saha_2024_Fig3b_Subject1,100.250000,0.5,102.2324296,0.1010178645,PASS
Saha_2024_Fig3b_Subject1,100.500000,0.5,102.1867165,0.09986698078,PASS
Saha_2024_Fig3b_Subject1,100.750000,0.5,102.1378411,0.09863648292,PASS
Saha_2024_Fig3b_Subject1,101.000000,0.5,102.0870477,0.09735769665,PASS
Saha_2024_Fig3b_Subject1,101.250000,0.5,102.035091,0.09604962198,PASS
Saha_2024_Fig3b_Subject1,101.500000,0.5,101.9824287,0.09472378301,PASS
Saha_2024_Fig3b_Subject1,101.750000,0.5,101.9293384,0.09338716943,PASS
Saha_2024_Fig3b_Subject1,102.000000,0.5,101.8759885,0.09204402073,PASS
Saha_2024_Fig3b_Subject1,102.250000,0.5,101.8224812,0.09069690827,PASS
Saha_2024_Fig3b_Subject1,102.500000,0.5,101.7693702,0.08935977428,PASS
Saha_2024_Fig3b_Subject1,102.750000,0.5,101.7164997,0.08802869252,PASS
Saha_2024_Fig3b_Subject1,103.000000,0.5,101.6637749,0.08670128163,PASS
Saha_2024_Fig3b_Subject1,103.250000,0.5,101.6111386,0.08537609724,PASS
Saha_2024_Fig3b_Subject1,103.500000,0.5,101.5585559,0.08405226328,PASS
Saha_2024_Fig3b_Subject1,103.750000,0.5,101.5060057,0.0827292484,PASS
Saha_2024_Fig3b_Subject1,104.000000,0.5,101.4534753,0.08140673033,PASS
Saha_2024_Fig3b_Subject1,104.250000,0.5,101.4009569,0.08008451357,PASS
Saha_2024_Fig3b_Subject1,104.500000,0.5,101.3479539,0.07875009698,PASS
Saha_2024_Fig3b_Subject1,104.750000,0.5,101.2946569,0.07740828082,PASS
Saha_2024_Fig3b_Subject1,105.000000,0.5,101.2411817,0.0760619766,PASS
Saha_2024_Fig3b_Subject1,105.250000,0.5,101.1875984,0.07471295022,PASS
Saha_2024_Fig3b_Subject1,105.500000,0.5,101.1339495,0.07336227277,PASS
Saha_2024_Fig3b_Subject1,105.750000,0.5,101.0802608,0.0720105939,PASS
Saha_2024_Fig3b_Subject1,106.000000,0.5,101.026548,0.07065830764,PASS
Saha_2024_Fig3b_Subject1,106.250000,0.5,100.9728205,0.06930565297,PASS
Saha_2024_Fig3b_Subject1,106.500000,0.5,100.9244944,0.0680889834,PASS
Saha_2024_Fig3b_Subject1,106.750000,0.5,100.8794444,0.06695479296,PASS
Saha_2024_Fig3b_Subject1,107.000000,0.5,100.8363814,0.06587062865,PASS
Saha_2024_Fig3b_Subject1,107.250000,0.5,100.7945236,0.06481680671,PASS
Saha_2024_Fig3b_Subject1,107.500000,0.5,100.7533967,0.06378138835,PASS
Saha_2024_Fig3b_Subject1,107.750000,0.5,100.7127133,0.06275713233,PASS
Saha_2024_Fig3b_Subject1,108.000000,0.5,100.6722988,0.06173964661,PASS
Saha_2024_Fig3b_Subject1,108.250000,0.5,100.6320473,0.06072626728,PASS
Saha_2024_Fig3b_Subject1,108.500000,0.5,100.5864846,0.05957917006,PASS
Saha_2024_Fig3b_Subject1,108.750000,0.5,100.5377005,0.05835096884,PASS
Saha_2024_Fig3b_Subject1,109.000000,0.5,100.4869624,0.05707357556,PASS
Saha_2024_Fig3b_Subject1,109.250000,0.5,100.4350393,0.05576634578,PASS
Saha_2024_Fig3b_Subject1,109.500000,0.5,100.3823973,0.05444101925,PASS
Saha_2024_Fig3b_Subject1,109.750000,0.5,100.3293193,0.05310471649,PASS
Saha_2024_Fig3b_Subject1,110.000000,0.5,100.275977,0.05176175631,PASS
Saha_2024_Fig3b_Subject1,110.250000,0.5,100.2224742,0.0504147582,PASS
Saha_2024_Fig3b_Subject1,110.500000,0.5,100.169366,0.04907769355,PASS
Saha_2024_Fig3b_Subject1,110.750000,0.5,100.1164971,0.04774665386,PASS
Saha_2024_Fig3b_Subject1,111.000000,0.5,100.0637733,0.04641926848,PASS
Saha_2024_Fig3b_Subject1,111.250000,0.5,100.0111376,0.04509409956,PASS
Saha_2024_Fig3b_Subject1,111.500000,0.5,99.95855532,0.04377027499,PASS
Saha_2024_Fig3b_Subject1,111.750000,0.5,99.9060054,0.04244726581,PASS
Saha_2024_Fig3b_Subject1,112.000000,0.5,99.85347512,0.04112475119,PASS
Saha_2024_Fig3b_Subject1,112.250000,0.5,99.80095675,0.03980253653,PASS
Saha_2024_Fig3b_Subject1,112.500000,0.5,99.75336398,0.03860432976,PASS
Saha_2024_Fig3b_Subject1,112.750000,0.5,99.70875873,0.03748133757,PASS
Saha_2024_Fig3b_Subject1,113.000000,0.5,99.6659655,0.03640396534,PASS
Saha_2024_Fig3b_Subject1,113.250000,0.5,99.62427133,0.03535426301,PASS
Saha_2024_Fig3b_Subject1,113.500000,0.5,99.58324376,0.03432134332,PASS
Saha_2024_Fig3b_Subject1,113.750000,0.5,99.5426205,0.03329860281,PASS
Saha_2024_Fig3b_Subject1,114.000000,0.5,99.50224248,0.0322820363,PASS
Saha_2024_Fig3b_Subject1,114.250000,0.5,99.4620132,0.0312692145,PASS
Saha_2024_Fig3b_Subject1,114.500000,0.5,99.41646393,0.03012245544,PASS
Saha_2024_Fig3b_Subject1,114.750000,0.5,99.36768792,0.02889445932,PASS
Saha_2024_Fig3b_Subject1,115.000000,0.5,99.3169548,0.02761719044,PASS
Saha_2024_Fig3b_Subject1,115.250000,0.5,99.26503463,0.02631003611,PASS
Saha_2024_Fig3b_Subject1,115.500000,0.5,99.21239448,0.02498475535,PASS
Saha_2024_Fig3b_Subject1,115.750000,0.5,99.15931764,0.02364848035,PASS
Saha_2024_Fig3b_Subject1,116.000000,0.5,99.10597593,0.02230553701,PASS
Saha_2024_Fig3b_Subject1,116.250000,0.5,99.05247357,0.0209585491,PASS
Saha_2024_Fig3b_Subject1,116.500000,0.5,98.99887377,0.01960910806,PASS
Saha_2024_Fig3b_Subject1,116.750000,0.5,98.94521487,0.0182581791,PASS
Saha_2024_Fig3b_Subject1,117.000000,0.5,98.89152013,0.01690634768,PASS
Saha_2024_Fig3b_Subject1,117.250000,0.5,98.83780364,0.0155539689,PASS
Saha_2024_Fig3b_Subject1,117.500000,0.5,98.78407397,0.01420125811,PASS
Saha_2024_Fig3b_Subject1,117.750000,0.5,98.7303363,0.01284834596,PASS
Saha_2024_Fig3b_Subject1,118.000000,0.5,98.67659378,0.01149531167,PASS
Saha_2024_Fig3b_Subject1,118.250000,0.5,98.62284832,0.0101422033,PASS
Saha_2024_Fig3b_Subject1,118.500000,0.5,98.57451127,0.008925258551,PASS
Saha_2024_Fig3b_Subject1,118.750000,0.5,98.5294546,0.007790901207,PASS
Saha_2024_Fig3b_Subject1,119.000000,0.5,98.48638757,0.006706635657,PASS
Saha_2024_Fig3b_Subject1,119.250000,0.5,98.44452732,0.005652752316,PASS
Saha_2024_Fig3b_Subject1,119.500000,0.5,98.40339903,0.004617296716,PASS
Saha_2024_Fig3b_Subject1,119.750000,0.5,98.36271468,0.003593018106,PASS
Saha_2024_Fig3b_Subject1,120.000000,0.5,98.3222996,0.002575518684,PASS
Saha_2024_Fig3b_Subject1,120.250000,0.5,98.28204785,0.001562131046,PASS
Saha_2024_Fig3b_Subject1,120.500000,0.5,98.25763392,0.0009474803742,PASS
Saha_2024_Fig3b_Subject1,120.750000,0.5,98.24282613,0.0005746758964,PASS
Saha_2024_Fig3b_Subject1,121.000000,0.5,98.23384475,0.0003485585506,PASS
Saha_2024_Fig3b_Subject1,121.250000,0.5,98.22839726,0.0002114114476,PASS
Saha_2024_Fig3b_Subject1,121.500000,0.5,98.2250932,0.0001282275248,PASS
Saha_2024_Fig3b_Subject1,121.750000,0.5,98.22308918,7.777392521e-05,PASS
Saha_2024_Fig3b_Subject1,122.000000,0.5,98.22187368,4.717227017e-05,PASS
Saha_2024_Fig3b_Subject1,0.000000,3.7,100.36,0.05387713998,PASS
Saha_2024_Fig3b_Subject1,0.250000,3.7,100.36,0.05387713998,PASS
Saha_2024_Fig3b_Subject1,0.500000,3.7,100.3617151,0.05392031861,PASS
Saha_2024_Fig3b_Subject1,0.750000,3.7,100.3650331,0.05400385477,PASS
Saha_2024_Fig3b_Subject1,1.000000,3.7,100.3698494,0.0541251117,PASS
Saha_2024_Fig3b_Subject1,1.250000,3.7,100.3760661,0.05428162487,PASS
Saha_2024_Fig3b_Subject1,1.500000,3.7,100.3835917,0.05447109082,PASS
Saha_2024_Fig3b_Subject1,1.750000,3.7,100.3923407,0.05469135656,PASS
Saha_2024_Fig3b_Subject1,2.000000,3.7,100.4022331,0.05494040977,PASS
Saha_2024_Fig3b_Subject1,2.250000,3.7,100.4131942,0.05521636961,PASS
Saha_2024_Fig3b_Subject1,2.500000,3.7,100.440018,0.05589169292,PASS
Saha_2024_Fig3b_Subject1,2.750000,3.7,100.4816682,0.05694028709,PASS
Saha_2024_Fig3b_Subject1,3.000000,3.7,100.537176,0.05833776433,PASS
Saha_2024_Fig3b_Subject1,3.250000,3.7,100.605636,0.0600613302,PASS
Saha_2024_Fig3b_Subject1,3.500000,3.7,100.6862021,0.06208967956,PASS
Saha_2024_Fig3b_Subject1,3.750000,3.7,100.7780832,0.06440289926,PASS
Saha_2024_Fig3b_Subject1,4.000000,3.7,100.88054,0.06698237715,PASS
Saha_2024_Fig3b_Subject1,4.250000,3.7,100.9928817,0.06981071715,PASS
Saha_2024_Fig3b_Subject1,4.500000,3.7,101.1205059,0.07302381302,PASS
Saha_2024_Fig3b_Subject1,4.750000,3.7,101.262414,0.07659652655,PASS
Saha_2024_Fig3b_Subject1,5.000000,3.7,101.417673,0.08050536197,PASS
Saha_2024_Fig3b_Subject1,5.250000,3.7,101.5854104,0.08472835861,PASS
Saha_2024_Fig3b_Subject1,5.500000,3.7,101.764811,0.08924499061,PASS
Saha_2024_Fig3b_Subject1,5.750000,3.7,101.9551128,0.09403607318,PASS
Saha_2024_Fig3b_Subject1,6.000000,3.7,102.1556036,0.09908367497,PASS
Saha_2024_Fig3b_Subject1,6.250000,3.7,102.3656176,0.1043710362,PASS
Saha_2024_Fig3b_Subject1,6.500000,3.7,102.5793874,0.1097529562,PASS
Saha_2024_Fig3b_Subject1,6.750000,3.7,102.7966678,0.1152232568,PASS
Saha_2024_Fig3b_Subject1,7.000000,3.7,103.0172292,0.1207761638,PASS
Saha_2024_Fig3b_Subject1,7.250000,3.7,103.2408574,0.12640628,PASS
Saha_2024_Fig3b_Subject1,7.500000,3.7,103.467352,0.132108561,PASS
Saha_2024_Fig3b_Subject1,7.750000,3.7,103.6965257,0.1378782917,PASS
Saha_2024_Fig3b_Subject1,8.000000,3.7,103.9282035,0.1437110653,PASS
Saha_2024_Fig3b_Subject1,8.250000,3.7,104.1622217,0.1496027629,PASS
Saha_2024_Fig3b_Subject1,8.500000,3.7,104.4035727,0.1556790706,PASS
Saha_2024_Fig3b_Subject1,8.750000,3.7,104.6517773,0.1619279268,PASS
Saha_2024_Fig3b_Subject1,9.000000,3.7,104.9063877,0.1683380579,PASS
Saha_2024_Fig3b_Subject1,9.250000,3.7,105.1669854,0.174898927,PASS
Saha_2024_Fig3b_Subject1,9.500000,3.7,105.4331792,0.1816006855,PASS
Saha_2024_Fig3b_Subject1,9.750000,3.7,105.7046036,0.1884341284,PASS
Saha_2024_Fig3b_Subject1,10.000000,3.7,105.9809167,0.1953906521,PASS
Saha_2024_Fig3b_Subject1,10.250000,3.7,106.2617992,0.2024622149,PASS
Saha_2024_Fig3b_Subject1,10.500000,3.7,106.5435224,0.2095549435,PASS
Saha_2024_Fig3b_Subject1,10.750000,3.7,106.8260313,0.2166674551,PASS
Saha_2024_Fig3b_Subject1,11.000000,3.7,107.1092747,0.223798457,PASS
Saha_2024_Fig3b_Subject1,11.250000,3.7,107.3932046,0.2309467412,PASS
Saha_2024_Fig3b_Subject1,11.500000,3.7,107.677776,0.2381111786,PASS
Saha_2024_Fig3b_Subject1,11.750000,3.7,107.9629472,0.2452907138,PASS
Saha_2024_Fig3b_Subject1,12.000000,3.7,108.2486788,0.2524843604,PASS
Saha_2024_Fig3b_Subject1,12.250000,3.7,108.5349343,0.2596911964,PASS
Saha_2024_Fig3b_Subject1,12.500000,3.7,108.8234762,0.2669555948,PASS
Saha_2024_Fig3b_Subject1,12.750000,3.7,109.1141551,0.2742737947,PASS
Saha_2024_Fig3b_Subject1,13.000000,3.7,109.4068314,0.2816422811,PASS
Saha_2024_Fig3b_Subject1,13.250000,3.7,109.7013746,0.2890577683,PASS
Saha_2024_Fig3b_Subject1,13.500000,3.7,109.9976626,0.2965171857,PASS
Saha_2024_Fig3b_Subject1,13.750000,3.7,110.2955816,0.3040176629,PASS
Saha_2024_Fig3b_Subject1,14.000000,3.7,110.5950249,0.3115565174,PASS
Saha_2024_Fig3b_Subject1,14.250000,3.7,110.8958929,0.3191312418,PASS
Saha_2024_Fig3b_Subject1,14.500000,3.7,111.1971126,0.3267148189,PASS
Saha_2024_Fig3b_Subject1,14.750000,3.7,111.4986609,0.3343066704,PASS
Saha_2024_Fig3b_Subject1,15.000000,3.7,111.8005165,0.3419062556,PASS
Saha_2024_Fig3b_Subject1,15.250000,3.7,112.1026591,0.3495130693,PASS
Saha_2024_Fig3b_Subject1,15.500000,3.7,112.4050701,0.3571266392,PASS
Saha_2024_Fig3b_Subject1,15.750000,3.7,112.7077319,0.3647465239,PASS
Saha_2024_Fig3b_Subject1,16.000000,3.7,113.0106282,0.3723723108,PASS
Saha_2024_Fig3b_Subject1,16.250000,3.7,113.3137436,0.3800036143,PASS
Saha_2024_Fig3b_Subject1,16.500000,3.7,113.6223722,0.387773722,PASS
Saha_2024_Fig3b_Subject1,16.750000,3.7,113.936154,0.3956735652,PASS
Saha_2024_Fig3b_Subject1,17.000000,3.7,114.2547522,0.4036946675,PASS
Saha_2024_Fig3b_Subject1,17.250000,3.7,114.5778521,0.4118291065,PASS
Saha_2024_Fig3b_Subject1,17.500000,3.7,114.9051596,0.4200694771,PASS
Saha_2024_Fig3b_Subject1,17.750000,3.7,115.2363999,0.4284088584,PASS
Saha_2024_Fig3b_Subject1,18.000000,3.7,115.5713158,0.4368407813,PASS
Saha_2024_Fig3b_Subject1,18.250000,3.7,115.9096674,0.4453591998,PASS
Saha_2024_Fig3b_Subject1,18.500000,3.7,116.248535,0.4538906103,PASS
Saha_2024_Fig3b_Subject1,18.750000,3.7,116.587885,0.4624341641,PASS
Saha_2024_Fig3b_Subject1,19.000000,3.7,116.9276858,0.4709890678,PASS
Saha_2024_Fig3b_Subject1,19.250000,3.7,117.2679079,0.4795545798,PASS
Saha_2024_Fig3b_Subject1,19.500000,3.7,117.6085239,0.4881300071,PASS
Saha_2024_Fig3b_Subject1,19.750000,3.7,117.949508,0.4967147018,PASS
Saha_2024_Fig3b_Subject1,20.000000,3.7,118.2908361,0.5053080584,PASS
Saha_2024_Fig3b_Subject1,20.250000,3.7,118.6324858,0.513909511,PASS
Saha_2024_Fig3b_Subject1,20.500000,3.7,118.9780295,0.5226090001,PASS
Saha_2024_Fig3b_Subject1,20.750000,3.7,119.3272128,0.5314001205,PASS
Saha_2024_Fig3b_Subject1,21.000000,3.7,119.6797979,0.5402768855,PASS
Saha_2024_Fig3b_Subject1,21.250000,3.7,120.0355625,0.5492336993,PASS
Saha_2024_Fig3b_Subject1,21.500000,3.7,120.394299,0.558265332,PASS
Saha_2024_Fig3b_Subject1,21.750000,3.7,120.7558131,0.5673668953,PASS
Saha_2024_Fig3b_Subject1,22.000000,3.7,121.1199233,0.5765338202,PASS
Saha_2024_Fig3b_Subject1,22.250000,3.7,121.4864601,0.5857618362,PASS
Saha_2024_Fig3b_Subject1,22.500000,3.7,121.8516715,0.5949564824,PASS
Saha_2024_Fig3b_Subject1,22.750000,3.7,122.215644,0.6041199392,PASS
Saha_2024_Fig3b_Subject1,23.000000,3.7,122.5784586,0.6132542442,PASS
Saha_2024_Fig3b_Subject1,23.250000,3.7,122.9401909,0.6223613021,PASS
Saha_2024_Fig3b_Subject1,23.500000,3.7,123.3009117,0.6314428931,PASS
Saha_2024_Fig3b_Subject1,23.750000,3.7,123.6606871,0.6405006811,PASS
Saha_2024_Fig3b_Subject1,24.000000,3.7,124.0195787,0.6495362212,PASS
Saha_2024_Fig3b_Subject1,24.250000,3.7,124.3776444,0.6585509671,PASS
Saha_2024_Fig3b_Subject1,24.500000,3.7,124.7384499,0.6676346907,PASS
Saha_2024_Fig3b_Subject1,24.750000,3.7,125.1018162,0.6767828853,PASS
Saha_2024_Fig3b_Subject1,25.000000,3.7,125.467576,0.6859913388,PASS
Saha_2024_Fig3b_Subject1,25.250000,3.7,125.8355728,0.695256114,PASS
Saha_2024_Fig3b_Subject1,25.500000,3.7,126.2056607,0.7045735311,PASS
Saha_2024_Fig3b_Subject1,25.750000,3.7,126.5777028,0.7139401509,PASS
Saha_2024_Fig3b_Subject1,26.000000,3.7,126.9515716,0.7233527585,PASS
Saha_2024_Fig3b_Subject1,26.250000,3.7,127.3271476,0.7328083494,PASS
Saha_2024_Fig3b_Subject1,26.500000,3.7,127.7044011,0.7423061713,PASS
Saha_2024_Fig3b_Subject1,26.750000,3.7,128.0832224,0.7518434651,PASS
Saha_2024_Fig3b_Subject1,27.000000,3.7,128.4635091,0.7614176518,PASS
Saha_2024_Fig3b_Subject1,27.250000,3.7,128.8451655,0.7710263211,PASS
Saha_2024_Fig3b_Subject1,27.500000,3.7,129.228102,0.78066722,PASS
Saha_2024_Fig3b_Subject1,27.750000,3.7,129.612235,0.7903382428,PASS
Saha_2024_Fig3b_Subject1,28.000000,3.7,129.9974864,0.8000374213,PASS
Saha_2024_Fig3b_Subject1,28.250000,3.7,130.383783,0.8097629159,PASS
Saha_2024_Fig3b_Subject1,28.500000,3.7,130.7614197,0.8192703846,PASS
Saha_2024_Fig3b_Subject1,28.750000,3.7,131.1309621,0.828574072,PASS
Saha_2024_Fig3b_Subject1,29.000000,3.7,131.4929393,0.8376872924,PASS
Saha_2024_Fig3b_Subject1,29.250000,3.7,131.8478453,0.84662249,PASS
Saha_2024_Fig3b_Subject1,29.500000,3.7,132.1961423,0.855391296,PASS
Saha_2024_Fig3b_Subject1,29.750000,3.7,132.538262,0.8640045817,PASS
Saha_2024_Fig3b_Subject1,30.000000,3.7,132.874608,0.872472508,PASS
Saha_2024_Fig3b_Subject1,30.250000,3.7,133.2055576,0.8808045722,PASS
Saha_2024_Fig3b_Subject1,30.500000,3.7,133.5139861,0.8885696398,PASS
Saha_2024_Fig3b_Subject1,30.750000,3.7,133.8013649,0.8958047561,PASS
Saha_2024_Fig3b_Subject1,31.000000,3.7,134.0690693,0.9025445455,PASS
Saha_2024_Fig3b_Subject1,31.250000,3.7,134.3183848,0.9088213705,PASS
Saha_2024_Fig3b_Subject1,31.500000,3.7,134.5505128,0.9146654789,PASS
Saha_2024_Fig3b_Subject1,31.750000,3.7,134.7665763,0.9201051427,PASS
Saha_2024_Fig3b_Subject1,32.000000,3.7,134.9676248,0.9251667863,PASS
Saha_2024_Fig3b_Subject1,32.250000,3.7,135.1546393,0.9298751078,PASS
Saha_2024_Fig3b_Subject1,32.500000,3.7,135.3145713,0.9339015943,PASS
Saha_2024_Fig3b_Subject1,32.750000,3.7,135.4491903,0.9372907938,PASS
Saha_2024_Fig3b_Subject1,33.000000,3.7,135.5601501,0.9400843436,PASS
Saha_2024_Fig3b_Subject1,33.250000,3.7,135.6489965,0.9423211609,PASS
Saha_2024_Fig3b_Subject1,33.500000,3.7,135.7171743,0.94403762,PASS
Saha_2024_Fig3b_Subject1,33.750000,3.7,135.7660338,0.9452677186,PASS
Saha_2024_Fig3b_Subject1,34.000000,3.7,135.7968372,0.9460432335,PASS
Saha_2024_Fig3b_Subject1,34.250000,3.7,135.8107643,0.946393865,PASS
Saha_2024_Fig3b_Subject1,34.500000,3.7,135.8020574,0.9461746585,PASS
Saha_2024_Fig3b_Subject1,34.750000,3.7,135.7721954,0.9454228446,PASS
Saha_2024_Fig3b_Subject1,35.000000,3.7,135.7225604,0.9441732215,PASS
Saha_2024_Fig3b_Subject1,35.250000,3.7,135.6544442,0.9424583138,PASS
Saha_2024_Fig3b_Subject1,35.500000,3.7,135.5690545,0.9403085211,PASS
Saha_2024_Fig3b_Subject1,35.750000,3.7,135.4675196,0.9377522566,PASS
Saha_2024_Fig3b_Subject1,36.000000,3.7,135.3508946,0.9348160775,PASS
Saha_2024_Fig3b_Subject1,36.250000,3.7,135.2201653,0.9315248057,PASS
Saha_2024_Fig3b_Subject1,36.500000,3.7,135.0796016,0.9279859423,PASS
Saha_2024_Fig3b_Subject1,36.750000,3.7,134.9298462,0.924215664,PASS
Saha_2024_Fig3b_Subject1,37.000000,3.7,134.7714995,0.9202290902,PASS
Saha_2024_Fig3b_Subject1,37.250000,3.7,134.6051228,0.9160403529,PASS
Saha_2024_Fig3b_Subject1,37.500000,3.7,134.4312409,0.9116626603,PASS
Saha_2024_Fig3b_Subject1,37.750000,3.7,134.250344,0.907108358,PASS
Saha_2024_Fig3b_Subject1,38.000000,3.7,134.0628905,0.9023889848,PASS
Saha_2024_Fig3b_Subject1,38.250000,3.7,133.8693087,0.8975153258,PASS
Saha_2024_Fig3b_Subject1,38.500000,3.7,133.666569,0.8924111039,PASS
Saha_2024_Fig3b_Subject1,38.750000,3.7,133.4552697,0.8870913832,PASS
Saha_2024_Fig3b_Subject1,39.000000,3.7,133.2359701,0.8815702434,PASS
Saha_2024_Fig3b_Subject1,39.250000,3.7,133.0091927,0.8758608441,PASS
Saha_2024_Fig3b_Subject1,39.500000,3.7,132.7754263,0.8699754855,PASS
Saha_2024_Fig3b_Subject1,39.750000,3.7,132.5351274,0.863925664,PASS
Saha_2024_Fig3b_Subject1,40.000000,3.7,132.2887228,0.8577221247,PASS
Saha_2024_Fig3b_Subject1,40.250000,3.7,132.0366115,0.851374911,PASS
Saha_2024_Fig3b_Subject1,40.500000,3.7,131.7818613,0.8449612619,PASS
Saha_2024_Fig3b_Subject1,40.750000,3.7,131.5246448,0.8384855181,PASS
Saha_2024_Fig3b_Subject1,41.000000,3.7,131.265123,0.8319517365,PASS
Saha_2024_Fig3b_Subject1,41.250000,3.7,131.0034465,0.825363709,PASS
Saha_2024_Fig3b_Subject1,41.500000,3.7,130.7397562,0.8187249799,PASS
Saha_2024_Fig3b_Subject1,41.750000,3.7,130.4741836,0.8120388618,PASS
Saha_2024_Fig3b_Subject1,42.000000,3.7,130.2068517,0.8053084508,PASS
Saha_2024_Fig3b_Subject1,42.250000,3.7,129.9378754,0.7985366408,PASS
Saha_2024_Fig3b_Subject1,42.500000,3.7,129.6646671,0.7916582845,PASS
Saha_2024_Fig3b_Subject1,42.750000,3.7,129.3875032,0.7846803432,PASS
Saha_2024_Fig3b_Subject1,43.000000,3.7,129.1066423,0.7776093233,PASS
Saha_2024_Fig3b_Subject1,43.250000,3.7,128.8223259,0.7704513062,PASS
Saha_2024_Fig3b_Subject1,43.500000,3.7,128.5347797,0.7632119757,PASS
Saha_2024_Fig3b_Subject1,43.750000,3.7,128.2442147,0.7558966446,PASS
Saha_2024_Fig3b_Subject1,44.000000,3.7,127.9508283,0.7485102785,PASS
Saha_2024_Fig3b_Subject1,44.250000,3.7,127.6548046,0.7410575183,PASS
Saha_2024_Fig3b_Subject1,44.500000,3.7,127.3641564,0.7337400901,PASS
Saha_2024_Fig3b_Subject1,44.750000,3.7,127.0785323,0.7265491518,PASS
Saha_2024_Fig3b_Subject1,45.000000,3.7,126.7976042,0.7194764392,PASS
Saha_2024_Fig3b_Subject1,45.250000,3.7,126.5210651,0.7125142279,PASS
Saha_2024_Fig3b_Subject1,45.500000,3.7,126.2486284,0.7056552983,PASS
Saha_2024_Fig3b_Subject1,45.750000,3.7,125.9800261,0.6988929024,PASS
Saha_2024_Fig3b_Subject1,46.000000,3.7,125.7150075,0.6922207332,PASS
Saha_2024_Fig3b_Subject1,46.250000,3.7,125.4533386,0.6856328957,PASS
Saha_2024_Fig3b_Subject1,46.500000,3.7,125.199129,0.6792328546,PASS
Saha_2024_Fig3b_Subject1,46.750000,3.7,124.9518913,0.6730083402,PASS
Saha_2024_Fig3b_Subject1,47.000000,3.7,124.71117,0.6669478844,PASS
Saha_2024_Fig3b_Subject1,47.250000,3.7,124.4765393,0.6610407683,PASS
Saha_2024_Fig3b_Subject1,47.500000,3.7,124.2476014,0.6552769735,PASS
Saha_2024_Fig3b_Subject1,47.750000,3.7,124.0239842,0.6496471359,PASS
Saha_2024_Fig3b_Subject1,48.000000,3.7,123.8053402,0.6441425034,PASS
Saha_2024_Fig3b_Subject1,48.250000,3.7,123.5913445,0.6387548957,PASS
Saha_2024_Fig3b_Subject1,48.500000,3.7,123.3870017,0.6336103151,PASS
Saha_2024_Fig3b_Subject1,48.750000,3.7,123.1916813,0.6286928832,PASS
Saha_2024_Fig3b_Subject1,49.000000,3.7,123.0047938,0.6239877593,PASS
Saha_2024_Fig3b_Subject1,49.250000,3.7,122.8257882,0.619481072,PASS
Saha_2024_Fig3b_Subject1,49.500000,3.7,122.6541495,0.6151598565,PASS
Saha_2024_Fig3b_Subject1,49.750000,3.7,122.4893964,0.6110119948,PASS
Saha_2024_Fig3b_Subject1,50.000000,3.7,122.3310791,0.6070261608,PASS
Saha_2024_Fig3b_Subject1,50.250000,3.7,122.178777,0.6031917684,PASS
Saha_2024_Fig3b_Subject1,50.500000,3.7,122.0294838,0.5994331271,PASS
Saha_2024_Fig3b_Subject1,50.750000,3.7,121.8830028,0.5957452875,PASS
Saha_2024_Fig3b_Subject1,51.000000,3.7,121.7391503,0.592123624,PASS
Saha_2024_Fig3b_Subject1,51.250000,3.7,121.5977546,0.5885638127,PASS
Saha_2024_Fig3b_Subject1,51.500000,3.7,121.4586552,0.5850618126,PASS
Saha_2024_Fig3b_Subject1,51.750000,3.7,121.321702,0.5816138466,PASS
Saha_2024_Fig3b_Subject1,52.000000,3.7,121.1867548,0.5782163843,PASS
Saha_2024_Fig3b_Subject1,52.250000,3.7,121.0536825,0.574866126,PASS
Saha_2024_Fig3b_Subject1,52.500000,3.7,120.9240778,0.5716031663,PASS
Saha_2024_Fig3b_Subject1,52.750000,3.7,120.797714,0.5684218015,PASS
Saha_2024_Fig3b_Subject1,53.000000,3.7,120.6743793,0.5653167005,PASS
Saha_2024_Fig3b_Subject1,53.250000,3.7,120.553876,0.5622828806,PASS
Saha_2024_Fig3b_Subject1,53.500000,3.7,120.436019,0.5593156846,PASS
Saha_2024_Fig3b_Subject1,53.750000,3.7,120.3206354,0.5564107597,PASS
Saha_2024_Fig3b_Subject1,54.000000,3.7,120.2075636,0.5535640373,PASS
Saha_2024_Fig3b_Subject1,54.250000,3.7,120.0966525,0.5507717147,PASS
Saha_2024_Fig3b_Subject1,54.500000,3.7,119.9868627,0.5480076203,PASS
Saha_2024_Fig3b_Subject1,54.750000,3.7,119.8781208,0.5452699099,PASS
Saha_2024_Fig3b_Subject1,55.000000,3.7,119.7703585,0.5425568596,PASS
Saha_2024_Fig3b_Subject1,55.250000,3.7,119.6635116,0.5398668582,PASS
Saha_2024_Fig3b_Subject1,55.500000,3.7,119.5575204,0.5371983998,PASS
Saha_2024_Fig3b_Subject1,55.750000,3.7,119.4523291,0.5345500769,PASS
Saha_2024_Fig3b_Subject1,56.000000,3.7,119.3478852,0.5319205739,PASS
Saha_2024_Fig3b_Subject1,56.250000,3.7,119.24414,0.5293086613,PASS
Saha_2024_Fig3b_Subject1,56.500000,3.7,119.1419463,0.5267358071,PASS
Saha_2024_Fig3b_Subject1,56.750000,3.7,119.0412025,0.5241994595,PASS
Saha_2024_Fig3b_Subject1,57.000000,3.7,118.9418141,0.5216972332,PASS
Saha_2024_Fig3b_Subject1,57.250000,3.7,118.8436924,0.5192268989,PASS
Saha_2024_Fig3b_Subject1,57.500000,3.7,118.7467547,0.516786373,PASS
Saha_2024_Fig3b_Subject1,57.750000,3.7,118.6509237,0.5143737079,PASS
Saha_2024_Fig3b_Subject1,58.000000,3.7,118.5561269,0.5119870833,PASS
Saha_2024_Fig3b_Subject1,58.250000,3.7,118.462297,0.5096247978,PASS
Saha_2024_Fig3b_Subject1,58.500000,3.7,118.3684722,0.507262644,PASS
Saha_2024_Fig3b_Subject1,58.750000,3.7,118.2746523,0.504900613,PASS
Saha_2024_Fig3b_Subject1,59.000000,3.7,118.180837,0.502538697,PASS
Saha_2024_Fig3b_Subject1,59.250000,3.7,118.087026,0.5001768884,PASS
Saha_2024_Fig3b_Subject1,59.500000,3.7,117.993219,0.4978151802,PASS
Saha_2024_Fig3b_Subject1,59.750000,3.7,117.8994156,0.4954535659,PASS
Saha_2024_Fig3b_Subject1,60.000000,3.7,117.8056158,0.4930920392,PASS
Saha_2024_Fig3b_Subject1,60.250000,3.7,117.7118192,0.4907305946,PASS
Saha_2024_Fig3b_Subject1,60.500000,3.7,117.6224358,0.4884802573,PASS
Saha_2024_Fig3b_Subject1,60.750000,3.7,117.5371773,0.4863337681,PASS
Saha_2024_Fig3b_Subject1,61.000000,3.7,117.4557741,0.4842843422,PASS
Saha_2024_Fig3b_Subject1,61.250000,3.7,117.3779743,0.4823256377,PASS
Saha_2024_Fig3b_Subject1,61.500000,3.7,117.3035426,0.4804517274,PASS
Saha_2024_Fig3b_Subject1,61.750000,3.7,117.2322589,0.4786570712,PASS
Saha_2024_Fig3b_Subject1,62.000000,3.7,117.1639174,0.4769364911,PASS
Saha_2024_Fig3b_Subject1,62.250000,3.7,117.098326,0.4752851471,PASS
Saha_2024_Fig3b_Subject1,62.500000,3.7,117.0370201,0.4737416945,PASS
Saha_2024_Fig3b_Subject1,62.750000,3.7,116.9797196,0.472299084,PASS
Saha_2024_Fig3b_Subject1,63.000000,3.7,116.9261629,0.470950727,PASS
Saha_2024_Fig3b_Subject1,63.250000,3.7,116.8761053,0.4696904656,PASS
Saha_2024_Fig3b_Subject1,63.500000,3.7,116.8293182,0.4685125439,PASS
Saha_2024_Fig3b_Subject1,63.750000,3.7,116.785588,0.4674115822,PASS
Saha_2024_Fig3b_Subject1,64.000000,3.7,116.744715,0.4663825523,PASS
Saha_2024_Fig3b_Subject1,64.250000,3.7,116.7065124,0.4654207545,PASS
Saha_2024_Fig3b_Subject1,64.500000,3.7,116.6725208,0.4645649749,PASS
Saha_2024_Fig3b_Subject1,64.750000,3.7,116.6424651,0.4638082866,PASS
Saha_2024_Fig3b_Subject1,65.000000,3.7,116.6160882,0.4631442155,PASS
Saha_2024_Fig3b_Subject1,65.250000,3.7,116.5931497,0.4625667104,PASS
Saha_2024_Fig3b_Subject1,65.500000,3.7,116.573425,0.4620701155,PASS
Saha_2024_Fig3b_Subject1,65.750000,3.7,116.556704,0.4616491444,PASS
Saha_2024_Fig3b_Subject1,66.000000,3.7,116.5427906,0.4612988563,PASS
Saha_2024_Fig3b_Subject1,66.250000,3.7,116.5315012,0.4610146331,PASS
Saha_2024_Fig3b_Subject1,66.500000,3.7,116.5209495,0.4607489797,PASS
Saha_2024_Fig3b_Subject1,66.750000,3.7,116.5110871,0.4605006829,PASS
Saha_2024_Fig3b_Subject1,67.000000,3.7,116.5018691,0.4602686086,PASS
Saha_2024_Fig3b_Subject1,67.250000,3.7,116.4932534,0.4600516971,PASS
Saha_2024_Fig3b_Subject1,67.500000,3.7,116.4852006,0.4598489575,PASS
Saha_2024_Fig3b_Subject1,67.750000,3.7,116.4776739,0.459659464,PASS
Saha_2024_Fig3b_Subject1,68.000000,3.7,116.470639,0.4594823512,PASS
Saha_2024_Fig3b_Subject1,68.250000,3.7,116.4640637,0.4593168101,PASS
Saha_2024_Fig3b_Subject1,68.500000,3.7,116.457918,0.4591620847,PASS
Saha_2024_Fig3b_Subject1,68.750000,3.7,116.4521738,0.4590174684,PASS
Saha_2024_Fig3b_Subject1,69.000000,3.7,116.446805,0.4588823006,PASS
Saha_2024_Fig3b_Subject1,69.250000,3.7,116.4417869,0.4587559641,PASS
Saha_2024_Fig3b_Subject1,69.500000,3.7,116.4370967,0.4586378818,PASS
Saha_2024_Fig3b_Subject1,69.750000,3.7,116.4327129,0.4585275145,PASS
Saha_2024_Fig3b_Subject1,70.000000,3.7,116.4286155,0.4584243581,PASS
Saha_2024_Fig3b_Subject1,70.250000,3.7,116.4247858,0.4583279414,PASS
Saha_2024_Fig3b_Subject1,70.500000,3.7,116.4229214,0.4582810028,PASS
Saha_2024_Fig3b_Subject1,70.750000,3.7,116.4228939,0.4582803096,PASS
Saha_2024_Fig3b_Subject1,71.000000,3.7,116.4245832,0.4583228403,PASS
Saha_2024_Fig3b_Subject1,71.250000,3.7,116.4278772,0.4584057709,PASS
Saha_2024_Fig3b_Subject1,71.500000,3.7,116.4326711,0.4585264618,PASS
Saha_2024_Fig3b_Subject1,71.750000,3.7,116.4388668,0.4586824459,PASS
Saha_2024_Fig3b_Subject1,72.000000,3.7,116.4463727,0.4588714174,PASS
Saha_2024_Fig3b_Subject1,72.250000,3.7,116.4551033,0.459091221,PASS
Saha_2024_Fig3b_Subject1,72.500000,3.7,116.4632635,0.4592966636,PASS
Saha_2024_Fig3b_Subject1,72.750000,3.7,116.4708905,0.4594886835,PASS
Saha_2024_Fig3b_Subject1,73.000000,3.7,116.4780192,0.4596681577,PASS
Saha_2024_Fig3b_Subject1,73.250000,3.7,116.4846822,0.4598359059,PASS
Saha_2024_Fig3b_Subject1,73.500000,3.7,116.4909098,0.4599926942,PASS
Saha_2024_Fig3b_Subject1,73.750000,3.7,116.4967306,0.4601392387,PASS
Saha_2024_Fig3b_Subject1,74.000000,3.7,116.502171,0.4602762086,PASS
Saha_2024_Fig3b_Subject1,74.250000,3.7,116.507256,0.4604042295,PASS
Saha_2024_Fig3b_Subject1,74.500000,3.7,116.5093953,0.4604580901,PASS
Saha_2024_Fig3b_Subject1,74.750000,3.7,116.5087815,0.4604426357,PASS
Saha_2024_Fig3b_Subject1,75.000000,3.7,116.5055943,0.4603623951,PASS
Saha_2024_Fig3b_Subject1,75.250000,3.7,116.500002,0.4602216009,PASS
Saha_2024_Fig3b_Subject1,75.500000,3.7,116.4921616,0.4600242096,PASS
Saha_2024_Fig3b_Subject1,75.750000,3.7,116.4822201,0.459773919,PASS
Saha_2024_Fig3b_Subject1,76.000000,3.7,116.4703146,0.4594741852,PASS
Saha_2024_Fig3b_Subject1,76.250000,3.7,116.4565736,0.4591282386,PASS
Saha_2024_Fig3b_Subject1,76.500000,3.7,116.4324601,0.4585211493,PASS
Saha_2024_Fig3b_Subject1,76.750000,3.7,116.3986516,0.4576699792,PASS
Saha_2024_Fig3b_Subject1,77.000000,3.7,116.3557816,0.4565906754,PASS
Saha_2024_Fig3b_Subject1,77.250000,3.7,116.3044422,0.455298143,PASS
Saha_2024_Fig3b_Subject1,77.500000,3.7,116.2451868,0.4538063136,PASS
Saha_2024_Fig3b_Subject1,77.750000,3.7,116.1785324,0.4521282082,PASS
Saha_2024_Fig3b_Subject1,78.000000,3.7,116.1049626,0.4502759973,PASS
Saha_2024_Fig3b_Subject1,78.250000,3.7,116.0249291,0.4482610561,PASS
Saha_2024_Fig3b_Subject1,78.500000,3.7,115.9395894,0.4461125218,PASS
Saha_2024_Fig3b_Subject1,78.750000,3.7,115.84929,0.4438391227,PASS
Saha_2024_Fig3b_Subject1,79.000000,3.7,115.754355,0.4414490171,PASS
Saha_2024_Fig3b_Subject1,79.250000,3.7,115.6550872,0.4389498299,PASS
Saha_2024_Fig3b_Subject1,79.500000,3.7,115.5517699,0.436348688,PASS
Saha_2024_Fig3b_Subject1,79.750000,3.7,115.4446675,0.4336522527,PASS
Saha_2024_Fig3b_Subject1,80.000000,3.7,115.3340273,0.43086675,PASS
Saha_2024_Fig3b_Subject1,80.250000,3.7,115.2200805,0.4279979992,PASS
Saha_2024_Fig3b_Subject1,80.500000,3.7,115.1031248,0.4250534954,PASS
Saha_2024_Fig3b_Subject1,80.750000,3.7,114.9833568,0.4220381881,PASS
Saha_2024_Fig3b_Subject1,81.000000,3.7,114.8609602,0.4189567031,PASS
Saha_2024_Fig3b_Subject1,81.250000,3.7,114.7361068,0.4158133643,PASS
Saha_2024_Fig3b_Subject1,81.500000,3.7,114.6089571,0.4126122128,PASS
Saha_2024_Fig3b_Subject1,81.750000,3.7,114.4796611,0.409357026,PASS
Saha_2024_Fig3b_Subject1,82.000000,3.7,114.348359,0.4060513342,PASS
Saha_2024_Fig3b_Subject1,82.250000,3.7,114.2151819,0.4026984371,PASS
Saha_2024_Fig3b_Subject1,82.500000,3.7,114.0785373,0.3992582404,PASS
Saha_2024_Fig3b_Subject1,82.750000,3.7,113.9386517,0.3957364478,PASS
Saha_2024_Fig3b_Subject1,83.000000,3.7,113.7957369,0.3921383904,PASS
Saha_2024_Fig3b_Subject1,83.250000,3.7,113.6499907,0.3884690509,PASS
Saha_2024_Fig3b_Subject1,83.500000,3.7,113.5015982,0.3847330867,PASS
Saha_2024_Fig3b_Subject1,83.750000,3.7,113.3507323,0.3809348507,PASS
Saha_2024_Fig3b_Subject1,84.000000,3.7,113.1975545,0.3770784114,PASS
Saha_2024_Fig3b_Subject1,84.250000,3.7,113.0422159,0.3731675716,PASS
Saha_2024_Fig3b_Subject1,84.500000,3.7,112.8865728,0.3692490642,PASS
Saha_2024_Fig3b_Subject1,84.750000,3.7,112.7306451,0.3653233902,PASS
Saha_2024_Fig3b_Subject1,85.000000,3.7,112.5744512,0.3613910177,PASS
Saha_2024_Fig3b_Subject1,85.250000,3.7,112.4180087,0.3574523845,PASS
Saha_2024_Fig3b_Subject1,85.500000,3.7,112.2613338,0.3535078996,PASS
Saha_2024_Fig3b_Subject1,85.750000,3.7,112.1044416,0.3495579453,PASS
Saha_2024_Fig3b_Subject1,86.000000,3.7,111.9473464,0.3456028789,PASS
Saha_2024_Fig3b_Subject1,86.250000,3.7,111.7900613,0.3416430345,PASS
Saha_2024_Fig3b_Subject1,86.500000,3.7,111.6308022,0.3376334895,PASS
Saha_2024_Fig3b_Subject1,86.750000,3.7,111.4696979,0.333577491,PASS
Saha_2024_Fig3b_Subject1,87.000000,3.7,111.3068691,0.3294780742,PASS
Saha_2024_Fig3b_Subject1,87.250000,3.7,111.1424284,0.3253380758,PASS
Saha_2024_Fig3b_Subject1,87.500000,3.7,110.976481,0.3211601472,PASS
Saha_2024_Fig3b_Subject1,87.750000,3.7,110.8091256,0.3169467666,PASS
Saha_2024_Fig3b_Subject1,88.000000,3.7,110.6404539,0.3127002503,PASS
Saha_2024_Fig3b_Subject1,88.250000,3.7,110.4705522,0.3084227632,PASS
Saha_2024_Fig3b_Subject1,88.500000,3.7,110.3012973,0.3041615635,PASS
Saha_2024_Fig3b_Subject1,88.750000,3.7,110.1326471,0.2999155872,PASS
Saha_2024_Fig3b_Subject1,89.000000,3.7,109.9645621,0.2956838395,PASS
Saha_2024_Fig3b_Subject1,89.250000,3.7,109.7970053,0.2914653909,PASS
Saha_2024_Fig3b_Subject1,89.500000,3.7,109.6299423,0.2872593724,PASS
Saha_2024_Fig3b_Subject1,89.750000,3.7,109.4633407,0.2830649719,PASS
Saha_2024_Fig3b_Subject1,90.000000,3.7,109.2971704,0.2788814304,PASS
Saha_2024_Fig3b_Subject1,90.250000,3.7,109.1314033,0.2747080384,PASS
Saha_2024_Fig3b_Subject1,90.500000,3.7,108.9633995,0.2704783367,PASS
Saha_2024_Fig3b_Subject1,90.750000,3.7,108.7933053,0.2661960044,PASS
Saha_2024_Fig3b_Subject1,91.000000,3.7,108.6212571,0.2618644801,PASS
Saha_2024_Fig3b_Subject1,91.250000,3.7,108.4473828,0.2574869777,PASS
Saha_2024_Fig3b_Subject1,91.500000,3.7,108.2718014,0.2530665014,PASS
Saha_2024_Fig3b_Subject1,91.750000,3.7,108.0946247,0.2486058588,PASS
Saha_2024_Fig3b_Subject1,92.000000,3.7,107.9159568,0.2441076741,PASS
Saha_2024_Fig3b_Subject1,92.250000,3.7,107.7358952,0.2395744003,PASS
Saha_2024_Fig3b_Subject1,92.500000,3.7,107.5580426,0.2350967433,PASS
Saha_2024_Fig3b_Subject1,92.750000,3.7,107.3822549,0.2306710692,PASS
Saha_2024_Fig3b_Subject1,93.000000,3.7,107.208397,0.2262939819,PASS
Saha_2024_Fig3b_Subject1,93.250000,3.7,107.0363428,0.2219623068,PASS
Saha_2024_Fig3b_Subject1,93.500000,3.7,106.8659746,0.2176730769,PASS
Saha_2024_Fig3b_Subject1,93.750000,3.7,106.6971822,0.2134235191,PASS
Saha_2024_Fig3b_Subject1,94.000000,3.7,106.5298626,0.2092110413,PASS
Saha_2024_Fig3b_Subject1,94.250000,3.7,106.3639195,0.205033221,PASS
Saha_2024_Fig3b_Subject1,94.500000,3.7,106.2008966,0.2009289162,PASS
Saha_2024_Fig3b_Subject1,94.750000,3.7,106.0406028,0.1968933238,PASS
Saha_2024_Fig3b_Subject1,95.000000,3.7,105.88286,0.1929219545,PASS
Saha_2024_Fig3b_Subject1,95.250000,3.7,105.7275015,0.1890106121,PASS
Saha_2024_Fig3b_Subject1,95.500000,3.7,105.5743715,0.1851553749,PASS
Saha_2024_Fig3b_Subject1,95.750000,3.7,105.4233244,0.1813525771,PASS
Saha_2024_Fig3b_Subject1,96.000000,3.7,105.274224,0.1775987926,PASS
Saha_2024_Fig3b_Subject1,96.250000,3.7,105.1269433,0.1738908191,PASS
Saha_2024_Fig3b_Subject1,96.500000,3.7,104.9849568,0.170316133,PASS
Saha_2024_Fig3b_Subject1,96.750000,3.7,104.8479186,0.166866026,PASS
Saha_2024_Fig3b_Subject1,97.000000,3.7,104.7155053,0.1635323585,PASS
Saha_2024_Fig3b_Subject1,97.250000,3.7,104.5874148,0.1603075231,PASS
Saha_2024_Fig3b_Subject1,97.500000,3.7,104.4633647,0.157184409,PASS
Saha_2024_Fig3b_Subject1,97.750000,3.7,104.343091,0.1541563703,PASS
Saha_2024_Fig3b_Subject1,98.000000,3.7,104.226347,0.1512171952,PASS
Saha_2024_Fig3b_Subject1,98.250000,3.7,104.112902,0.1483610778,PASS
Saha_2024_Fig3b_Subject1,98.500000,3.7,104.0042556,0.14562577,PASS
Saha_2024_Fig3b_Subject1,98.750000,3.7,103.9000942,0.1430033787,PASS
Saha_2024_Fig3b_Subject1,99.000000,3.7,103.8001248,0.1404865265,PASS
Saha_2024_Fig3b_Subject1,99.250000,3.7,103.7040736,0.1380683179,PASS
Saha_2024_Fig3b_Subject1,99.500000,3.7,103.6116845,0.135742308,PASS
Saha_2024_Fig3b_Subject1,99.750000,3.7,103.5227182,0.133502473,PASS
Saha_2024_Fig3b_Subject1,100.000000,3.7,103.4369512,0.1313431826,PASS
Saha_2024_Fig3b_Subject1,100.250000,3.7,103.3541744,0.1292591743,PASS
Saha_2024_Fig3b_Subject1,100.500000,3.7,103.2732941,0.1272229123,PASS
Saha_2024_Fig3b_Subject1,100.750000,3.7,103.1941863,0.1252312769,PASS
Saha_2024_Fig3b_Subject1,101.000000,3.7,103.1167353,0.1232813525,PASS
Saha_2024_Fig3b_Subject1,101.250000,3.7,103.0408328,0.1213704139,PASS
Saha_2024_Fig3b_Subject1,101.500000,3.7,102.9663777,0.1194959139,PASS
Saha_2024_Fig3b_Subject1,101.750000,3.7,102.8932753,0.1176554718,PASS
Saha_2024_Fig3b_Subject1,102.000000,3.7,102.8214374,0.1158468624,PASS
Saha_2024_Fig3b_Subject1,102.250000,3.7,102.7507812,0.1140680059,PASS
Saha_2024_Fig3b_Subject1,102.500000,3.7,102.6813113,0.1123190144,PASS
Saha_2024_Fig3b_Subject1,102.750000,3.7,102.6129501,0.1105979369,PASS
Saha_2024_Fig3b_Subject1,103.000000,3.7,102.5456252,0.1089029494,PASS
Saha_2024_Fig3b_Subject1,103.250000,3.7,102.4792688,0.1072323475,PASS
Saha_2024_Fig3b_Subject1,103.500000,3.7,102.4138178,0.1055845377,PASS
Saha_2024_Fig3b_Subject1,103.750000,3.7,102.349213,0.1039580311,PASS
Saha_2024_Fig3b_Subject1,104.000000,3.7,102.285399,0.1023514357,PASS
Saha_2024_Fig3b_Subject1,104.250000,3.7,102.2223243,0.1007634507,PASS
Saha_2024_Fig3b_Subject1,104.500000,3.7,102.1598587,0.099190804,PASS
Saha_2024_Fig3b_Subject1,104.750000,3.7,102.0979626,0.09763249346,PASS
Saha_2024_Fig3b_Subject1,105.000000,3.7,102.0365988,0.09608758243,PASS
Saha_2024_Fig3b_Subject1,105.250000,3.7,101.9757324,0.09455519546,PASS
Saha_2024_Fig3b_Subject1,105.500000,3.7,101.9153309,0.09303451427,PASS
Saha_2024_Fig3b_Subject1,105.750000,3.7,101.855364,0.09152477406,PASS
Saha_2024_Fig3b_Subject1,106.000000,3.7,101.7958033,0.09002526,PASS
Saha_2024_Fig3b_Subject1,106.250000,3.7,101.7366223,0.08853530395,PASS
Saha_2024_Fig3b_Subject1,106.500000,3.7,101.6786944,0.08707689883,PASS
Saha_2024_Fig3b_Subject1,106.750000,3.7,101.6219379,0.08564798323,PASS
Saha_2024_Fig3b_Subject1,107.000000,3.7,101.5662762,0.08424663045,PASS
Saha_2024_Fig3b_Subject1,107.250000,3.7,101.5116377,0.08287103966,PASS
Saha_2024_Fig3b_Subject1,107.500000,3.7,101.4579556,0.08151952768,PASS
Saha_2024_Fig3b_Subject1,107.750000,3.7,101.4051675,0.08019052131,PASS
Saha_2024_Fig3b_Subject1,108.000000,3.7,101.3532149,0.07888255015,PASS
Saha_2024_Fig3b_Subject1,108.250000,3.7,101.3020432,0.07759423985,PASS
Saha_2024_Fig3b_Subject1,108.500000,3.7,101.2507031,0.07630168847,PASS
Saha_2024_Fig3b_Subject1,108.750000,3.7,101.1992055,0.07500517312,PASS
Saha_2024_Fig3b_Subject1,109.000000,3.7,101.1475607,0.07370495278,PASS
Saha_2024_Fig3b_Subject1,109.250000,3.7,101.0957784,0.07240126951,PASS
Saha_2024_Fig3b_Subject1,109.500000,3.7,101.0438676,0.07109434957,PASS
Saha_2024_Fig3b_Subject1,109.750000,3.7,100.9918365,0.06978440443,PASS
Saha_2024_Fig3b_Subject1,110.000000,3.7,100.9396932,0.06847163175,PASS
Saha_2024_Fig3b_Subject1,110.250000,3.7,100.8874449,0.06715621625,PASS
Saha_2024_Fig3b_Subject1,110.500000,3.7,100.8351802,0.06584038674,PASS
Saha_2024_Fig3b_Subject1,110.750000,3.7,100.7829,0.06452417026,PASS
Saha_2024_Fig3b_Subject1,111.000000,3.7,100.7306056,0.0632075921,PASS
Saha_2024_Fig3b_Subject1,111.250000,3.7,100.6782976,0.06189067588,PASS
Saha_2024_Fig3b_Subject1,111.500000,3.7,100.6259772,0.0605734437,PASS
Saha_2024_Fig3b_Subject1,111.750000,3.7,100.573645,0.0592559162,PASS
Saha_2024_Fig3b_Subject1,112.000000,3.7,100.5213018,0.05793811267,PASS
Saha_2024_Fig3b_Subject1,112.250000,3.7,100.4689484,0.05662005115,PASS
Saha_2024_Fig3b_Subject1,112.500000,3.7,100.4174021,0.05532230975,PASS
Saha_2024_Fig3b_Subject1,112.750000,3.7,100.3666102,0.05404356083,PASS
Saha_2024_Fig3b_Subject1,113.000000,3.7,100.3165234,0.05278256353,PASS
Saha_2024_Fig3b_Subject1,113.250000,3.7,100.2670956,0.05153815803,PASS
Saha_2024_Fig3b_Subject1,113.500000,3.7,100.2182838,0.05030926029,PASS
Saha_2024_Fig3b_Subject1,113.750000,3.7,100.1700477,0.04909485712,PASS
Saha_2024_Fig3b_Subject1,114.000000,3.7,100.1223497,0.04789400149,PASS
Saha_2024_Fig3b_Subject1,114.250000,3.7,100.0751547,0.04670580829,PASS
Saha_2024_Fig3b_Subject1,114.500000,3.7,100.0275314,0.04550683282,PASS
Saha_2024_Fig3b_Subject1,114.750000,3.7,99.9795078,0.04429777955,PASS
Saha_2024_Fig3b_Subject1,115.000000,3.7,99.93111007,0.04307930692,PASS
Saha_2024_Fig3b_Subject1,115.250000,3.7,99.88236265,0.04185203034,PASS
Saha_2024_Fig3b_Subject1,115.500000,3.7,99.83328837,0.04061652503,PASS
Saha_2024_Fig3b_Subject1,115.750000,3.7,99.78390861,0.0393733286,PASS
Saha_2024_Fig3b_Subject1,116.000000,3.7,99.73424332,0.03812294358,PASS
Saha_2024_Fig3b_Subject1,116.250000,3.7,99.68431115,0.03686583962,PASS
Saha_2024_Fig3b_Subject1,116.500000,3.7,99.63412954,0.03560245571,PASS
Saha_2024_Fig3b_Subject1,116.750000,3.7,99.58371479,0.03433320215,PASS
Saha_2024_Fig3b_Subject1,117.000000,3.7,99.53308213,0.03305846244,PASS
Saha_2024_Fig3b_Subject1,117.250000,3.7,99.48224579,0.03177859502,PASS
Saha_2024_Fig3b_Subject1,117.500000,3.7,99.43121909,0.03049393491,PASS
Saha_2024_Fig3b_Subject1,117.750000,3.7,99.38001447,0.02920479524,PASS
Saha_2024_Fig3b_Subject1,118.000000,3.7,99.32864354,0.02791146869,PASS
Saha_2024_Fig3b_Subject1,118.250000,3.7,99.27711717,0.02661422881,PASS
Saha_2024_Fig3b_Subject1,118.500000,3.7,99.22634388,0.02533594865,PASS
Saha_2024_Fig3b_Subject1,118.750000,3.7,99.17627447,0.02407538947,PASS
Saha_2024_Fig3b_Subject1,119.000000,3.7,99.12686295,0.02283139347,PASS
Saha_2024_Fig3b_Subject1,119.250000,3.7,99.07806633,0.02160287849,PASS
Saha_2024_Fig3b_Subject1,119.500000,3.7,99.02984445,0.02038883305,PASS
Saha_2024_Fig3b_Subject1,119.750000,3.7,98.98215974,0.0191883118,PASS
Saha_2024_Fig3b_Subject1,120.000000,3.7,98.93497712,0.01800043112,PASS
Saha_2024_Fig3b_Subject1,120.250000,3.7,98.88826378,0.01682436513,PASS
Saha_2024_Fig3b_Subject1,120.500000,3.7,98.84460248,0.01572513792,PASS
Saha_2024_Fig3b_Subject1,120.750000,3.7,98.8037938,0.0146977292,PASS
Saha_2024_Fig3b_Subject1,121.000000,3.7,98.76565138,0.01373744668,PASS
Saha_2024_Fig3b_Subject1,121.250000,3.7,98.73000101,0.01283990463,PASS
Saha_2024_Fig3b_Subject1,121.500000,3.7,98.69667987,0.01200100388,PASS
Saha_2024_Fig3b_Subject1,121.750000,3.7,98.66553579,0.01121691308,PASS
Saha_2024_Fig3b_Subject1,122.000000,3.7,98.63642651,0.01048405119,PASS
Saha_2024_Fig3b_Subject1,0.000000,5,100.36,0.05387713998,FAIL
Saha_2024_Fig3b_Subject1,0.250000,5,100.36,0.05387713998,FAIL
Saha_2024_Fig3b_Subject1,0.500000,5,100.3612802,0.05390937129,FAIL
Saha_2024_Fig3b_Subject1,0.750000,5,100.3637782,0.05397226197,FAIL
Saha_2024_Fig3b_Subject1,1.000000,5,100.3674347,0.05406431674,FAIL
Saha_2024_Fig3b_Subject1,1.250000,5,100.372193,0.05418411326,FAIL
Saha_2024_Fig3b_Subject1,1.500000,5,100.3779995,0.05433029854,FAIL
Saha_2024_Fig3b_Subject1,1.750000,5,100.384803,0.0545015856,FAIL
Saha_2024_Fig3b_Subject1,2.000000,5,100.3925549,0.05469675019,FAIL
Saha_2024_Fig3b_Subject1,2.250000,5,100.401209,0.0549146278,FAIL
Saha_2024_Fig3b_Subject1,2.500000,5,100.4218166,0.05543344872,FAIL
Saha_2024_Fig3b_Subject1,2.750000,5,100.4537946,0.05623853577,FAIL
Saha_2024_Fig3b_Subject1,3.000000,5,100.4965886,0.05731592759,FAIL
Saha_2024_Fig3b_Subject1,3.250000,5,100.5496711,0.0586523437,FAIL
Saha_2024_Fig3b_Subject1,3.500000,5,100.6125402,0.06023515136,FAIL
Saha_2024_Fig3b_Subject1,3.750000,5,100.6847187,0.0620523339,FAIL
Saha_2024_Fig3b_Subject1,4.000000,5,100.7657525,0.06409246073,FAIL
Saha_2024_Fig3b_Subject1,4.250000,5,100.8552098,0.06634465872,FAIL
Saha_2024_Fig3b_Subject1,4.500000,5,100.9571911,0.06891216204,FAIL
Saha_2024_Fig3b_Subject1,4.750000,5,101.0710854,0.07177959306,FAIL
Saha_2024_Fig3b_Subject1,5.000000,5,101.1963119,0.07493232414,FAIL
Saha_2024_Fig3b_Subject1,5.250000,5,101.3323178,0.07835644103,FAIL
Saha_2024_Fig3b_Subject1,5.500000,5,101.4785775,0.08203870809,FAIL
Saha_2024_Fig3b_Subject1,5.750000,5,101.6345908,0.08596653518,FAIL
Saha_2024_Fig3b_Subject1,6.000000,5,101.799882,0.0901279462,FAIL
Saha_2024_Fig3b_Subject1,6.250000,5,101.9739987,0.09451154913,FAIL
Saha_2024_Fig3b_Subject1,6.500000,5,102.1526698,0.09900981361,FAIL
Saha_2024_Fig3b_Subject1,6.750000,5,102.3356731,0.1036171475,FAIL
Saha_2024_Fig3b_Subject1,7.000000,5,102.5227974,0.1083282315,FAIL
Saha_2024_Fig3b_Subject1,7.250000,5,102.7138416,0.1131380056,FAIL
Saha_2024_Fig3b_Subject1,7.500000,5,102.9086146,0.1180416567,FAIL
Saha_2024_Fig3b_Subject1,7.750000,5,103.1069346,0.1230346062,FAIL
Saha_2024_Fig3b_Subject1,8.000000,5,103.3086285,0.1281124991,FAIL
Saha_2024_Fig3b_Subject1,8.250000,5,103.5135318,0.1332711927,FAIL
Saha_2024_Fig3b_Subject1,8.500000,5,103.7253286,0.1386034401,FAIL
Saha_2024_Fig3b_Subject1,8.750000,5,103.9436829,0.144100777,FAIL
Saha_2024_Fig3b_Subject1,9.000000,5,104.1682746,0.149755152,FAIL
Saha_2024_Fig3b_Subject1,9.250000,5,104.3987998,0.1555589062,FAIL
Saha_2024_Fig3b_Subject1,9.500000,5,104.6349688,0.1615047543,FAIL
Saha_2024_Fig3b_Subject1,9.750000,5,104.8765066,0.1675857662,FAIL
Saha_2024_Fig3b_Subject1,10.000000,5,105.1231513,0.17379535,FAIL
Saha_2024_Fig3b_Subject1,10.250000,5,105.3746538,0.1801272352,FAIL
Saha_2024_Fig3b_Subject1,10.500000,5,105.6282167,0.1865109944,FAIL
Saha_2024_Fig3b_Subject1,10.750000,5,105.8837396,0.1929440977,FAIL
Saha_2024_Fig3b_Subject1,11.000000,5,106.1411268,0.1994241385,FAIL
Saha_2024_Fig3b_Subject1,11.250000,5,106.4002874,0.2059488277,FAIL
Saha_2024_Fig3b_Subject1,11.500000,5,106.661135,0.2125159877,FAIL
Saha_2024_Fig3b_Subject1,11.750000,5,106.9235873,0.2191235473,FAIL
Saha_2024_Fig3b_Subject1,12.000000,5,107.187566,0.2257695361,FAIL
Saha_2024_Fig3b_Subject1,12.250000,5,107.4529966,0.2324520799,FAIL
Saha_2024_Fig3b_Subject1,12.500000,5,107.7211496,0.239203162,FAIL
Saha_2024_Fig3b_Subject1,12.750000,5,107.9918921,0.2460194398,FAIL
Saha_2024_Fig3b_Subject1,13.000000,5,108.265098,0.2528977337,FAIL
Saha_2024_Fig3b_Subject1,13.250000,5,108.540647,0.259835019,FAIL
Saha_2024_Fig3b_Subject1,13.500000,5,108.8184248,0.2668284187,FAIL
Saha_2024_Fig3b_Subject1,13.750000,5,109.0983228,0.2738751962,FAIL
Saha_2024_Fig3b_Subject1,14.000000,5,109.3802376,0.2809727481,FAIL
Saha_2024_Fig3b_Subject1,14.250000,5,109.6640707,0.2881185981,FAIL
Saha_2024_Fig3b_Subject1,14.500000,5,109.9489972,0.2952919729,FAIL
Saha_2024_Fig3b_Subject1,14.750000,5,110.2349636,0.30249153,FAIL
Saha_2024_Fig3b_Subject1,15.000000,5,110.5219192,0.3097159925,FAIL
Saha_2024_Fig3b_Subject1,15.250000,5,110.8098159,0.3169641457,FAIL
Saha_2024_Fig3b_Subject1,15.500000,5,111.0986076,0.3242348343,FAIL
Saha_2024_Fig3b_Subject1,15.750000,5,111.3882508,0.3315269592,FAIL
Saha_2024_Fig3b_Subject1,16.000000,5,111.6787039,0.3388394748,FAIL
Saha_2024_Fig3b_Subject1,16.250000,5,111.9699275,0.3461713869,FAIL
Saha_2024_Fig3b_Subject1,16.500000,5,112.2658465,0.3536215128,FAIL
Saha_2024_Fig3b_Subject1,16.750000,5,112.566232,0.3611840874,FAIL
Saha_2024_Fig3b_Subject1,17.000000,5,112.870866,0.3688536263,FAIL
Saha_2024_Fig3b_Subject1,17.250000,5,113.1795415,0.376624913,FAIL
Saha_2024_Fig3b_Subject1,17.500000,5,113.4920614,0.384492985,FAIL
Saha_2024_Fig3b_Subject1,17.750000,5,113.808238,0.3924531222,FAIL
Saha_2024_Fig3b_Subject1,18.000000,5,114.1278931,0.4005008344,FAIL
Saha_2024_Fig3b_Subject1,18.250000,5,114.4508571,0.4086318506,FAIL
Saha_2024_Fig3b_Subject1,18.500000,5,114.7749567,0.4167914587,FAIL
Saha_2024_Fig3b_Subject1,18.750000,5,115.1001367,0.4249782644,FAIL
Saha_2024_Fig3b_Subject1,19.000000,5,115.4263442,0.4331909412,FAIL
Saha_2024_Fig3b_Subject1,19.250000,5,115.7535292,0.4414282273,FAIL
Saha_2024_Fig3b_Subject1,19.500000,5,116.081644,0.4496889226,FAIL
Saha_2024_Fig3b_Subject1,19.750000,5,116.4106433,0.4579718853,FAIL
Saha_2024_Fig3b_Subject1,20.000000,5,116.7404839,0.4662760295,FAIL
Saha_2024_Fig3b_Subject1,20.250000,5,117.0711248,0.4746003221,FAIL
Saha_2024_Fig3b_Subject1,20.500000,5,117.4052093,0.4830113127,FAIL
Saha_2024_Fig3b_Subject1,20.750000,5,117.7425696,0.4915047731,FAIL
Saha_2024_Fig3b_Subject1,21.000000,5,118.0830458,0.5000766811,FAIL
Saha_2024_Fig3b_Subject1,21.250000,5,118.4264859,0.5087232108,FAIL
Saha_2024_Fig3b_Subject1,21.500000,5,118.7727455,0.5174407229,FAIL
Saha_2024_Fig3b_Subject1,21.750000,5,119.121687,0.5262257555,FAIL
Saha_2024_Fig3b_Subject1,22.000000,5,119.4731796,0.5350750156,FAIL
Saha_2024_Fig3b_Subject1,22.250000,5,119.8270989,0.5439853707,FAIL
Saha_2024_Fig3b_Subject1,22.500000,5,120.1806442,0.552886309,FAIL
Saha_2024_Fig3b_Subject1,22.750000,5,120.5338337,0.5617782898,FAIL
Saha_2024_Fig3b_Subject1,23.000000,5,120.8866847,0.5706617498,FAIL
Saha_2024_Fig3b_Subject1,23.250000,5,121.2392138,0.5795371047,FAIL
Saha_2024_Fig3b_Subject1,23.500000,5,121.5914367,0.5884047498,FAIL
Saha_2024_Fig3b_Subject1,23.750000,5,121.9433682,0.597265061,FAIL
Saha_2024_Fig3b_Subject1,24.000000,5,122.2950227,0.6061183961,FAIL
Saha_2024_Fig3b_Subject1,24.250000,5,122.6464136,0.6149650952,FAIL
Saha_2024_Fig3b_Subject1,24.500000,5,123.0001752,0.6238714795,FAIL
Saha_2024_Fig3b_Subject1,24.750000,5,123.3561918,0.6328346381,FAIL
Saha_2024_Fig3b_Subject1,25.000000,5,123.7143536,0.641851802,FAIL
Saha_2024_Fig3b_Subject1,25.250000,5,124.0745558,0.6509203374,FAIL
Saha_2024_Fig3b_Subject1,25.500000,5,124.436699,0.6600377389,FAIL
Saha_2024_Fig3b_Subject1,25.750000,5,124.8006885,0.6692016232,FAIL
Saha_2024_Fig3b_Subject1,26.000000,5,125.1664342,0.6784097234,FAIL
Saha_2024_Fig3b_Subject1,26.250000,5,125.5338506,0.687659883,FAIL
Saha_2024_Fig3b_Subject1,26.500000,5,125.902917,0.6969515856,FAIL
Saha_2024_Fig3b_Subject1,26.750000,5,126.273553,0.706282805,FAIL
Saha_2024_Fig3b_Subject1,27.000000,5,126.6456821,0.7156516141,FAIL
Saha_2024_Fig3b_Subject1,27.250000,5,127.0192315,0.7250561796,FAIL
Saha_2024_Fig3b_Subject1,27.500000,5,127.3941318,0.7344947576,FAIL
Saha_2024_Fig3b_Subject1,27.750000,5,127.7703172,0.7439656893,FAIL
Saha_2024_Fig3b_Subject1,28.000000,5,128.147725,0.7534673968,FAIL
Saha_2024_Fig3b_Subject1,28.250000,5,128.5262956,0.7629983792,FAIL
Saha_2024_Fig3b_Subject1,28.500000,5,128.8987787,0.7723760994,FAIL
Saha_2024_Fig3b_Subject1,28.750000,5,129.265471,0.7816080321,FAIL
Saha_2024_Fig3b_Subject1,29.000000,5,129.6266551,0.7907012874,FAIL
Saha_2024_Fig3b_Subject1,29.250000,5,129.9825996,0.7996626288,FAIL
Saha_2024_Fig3b_Subject1,29.500000,5,130.33356,0.8084984897,FAIL
Saha_2024_Fig3b_Subject1,29.750000,5,130.6797794,0.8172149899,FAIL
Saha_2024_Fig3b_Subject1,30.000000,5,131.021489,0.8258179507,FAIL
Saha_2024_Fig3b_Subject1,30.250000,5,131.3589088,0.8343129095,FAIL
Saha_2024_Fig3b_Subject1,30.500000,5,131.6792018,0.8423766812,FAIL
Saha_2024_Fig3b_Subject1,30.750000,5,131.9832033,0.850030295,FAIL
Saha_2024_Fig3b_Subject1,31.000000,5,132.2717079,0.8572937547,FAIL
Saha_2024_Fig3b_Subject1,31.250000,5,132.5454714,0.8641860881,FAIL
Saha_2024_Fig3b_Subject1,31.500000,5,132.8052127,0.8707253954,FAIL
Saha_2024_Fig3b_Subject1,31.750000,5,133.0516157,0.8769288939,FAIL
Saha_2024_Fig3b_Subject1,32.000000,5,133.2853308,0.8828129611,FAIL
Saha_2024_Fig3b_Subject1,32.250000,5,133.5069769,0.8883931759,FAIL
Saha_2024_Fig3b_Subject1,32.500000,5,133.706718,0.8934219024,FAIL
Saha_2024_Fig3b_Subject1,32.750000,5,133.8856222,0.897926037,FAIL
Saha_2024_Fig3b_Subject1,33.000000,5,134.0447058,0.9019311643,FAIL
Saha_2024_Fig3b_Subject1,33.250000,5,134.1849356,0.9054616213,FAIL
Saha_2024_Fig3b_Subject1,33.500000,5,134.307231,0.9085405578,FAIL
Saha_2024_Fig3b_Subject1,33.750000,5,134.4124666,0.9111899948,FAIL
Saha_2024_Fig3b_Subject1,34.000000,5,134.5014745,0.9134308792,FAIL
Saha_2024_Fig3b_Subject1,34.250000,5,134.5750462,0.9152831364,FAIL
Saha_2024_Fig3b_Subject1,34.500000,5,134.6288135,0.9166367947,FAIL
Saha_2024_Fig3b_Subject1,34.750000,5,134.6637423,0.9175161711,FAIL
Saha_2024_Fig3b_Subject1,35.000000,5,134.6807514,0.9179443965,FAIL
Saha_2024_Fig3b_Subject1,35.250000,5,134.6807148,0.9179434738,FAIL
Saha_2024_Fig3b_Subject1,35.500000,5,134.6644637,0.9175343329,FAIL
Saha_2024_Fig3b_Subject1,35.750000,5,134.632789,0.9167368828,FAIL
Saha_2024_Fig3b_Subject1,36.000000,5,134.5864428,0.9155700615,FAIL
Saha_2024_Fig3b_Subject1,36.250000,5,134.5261408,0.9140518836,FAIL
Saha_2024_Fig3b_Subject1,36.500000,5,134.455063,0.9122624125,FAIL
Saha_2024_Fig3b_Subject1,36.750000,5,134.373735,0.9102148796,FAIL
Saha_2024_Fig3b_Subject1,37.000000,5,134.2826567,0.9079218706,FAIL
Saha_2024_Fig3b_Subject1,37.250000,5,134.1823036,0.9053953574,FAIL
Saha_2024_Fig3b_Subject1,37.500000,5,134.0731281,0.9026467284,FAIL
Saha_2024_Fig3b_Subject1,37.750000,5,133.9555603,0.899686816,FAIL
Saha_2024_Fig3b_Subject1,38.000000,5,133.8300097,0.8965259249,FAIL
Saha_2024_Fig3b_Subject1,38.250000,5,133.6968656,0.8931738568,FAIL
Saha_2024_Fig3b_Subject1,38.500000,5,133.5539378,0.8895754729,FAIL
Saha_2024_Fig3b_Subject1,38.750000,5,133.4017035,0.8857427861,FAIL
Saha_2024_Fig3b_Subject1,39.000000,5,133.2406165,0.8816872236,FAIL
Saha_2024_Fig3b_Subject1,39.250000,5,133.0711087,0.8774196552,FAIL
Saha_2024_Fig3b_Subject1,39.500000,5,132.8935907,0.8729504205,FAIL
Saha_2024_Fig3b_Subject1,39.750000,5,132.7084532,0.8682893548,FAIL
Saha_2024_Fig3b_Subject1,40.000000,5,132.5160677,0.8634458139,FAIL
Saha_2024_Fig3b_Subject1,40.250000,5,132.3167879,0.8584286972,FAIL
Saha_2024_Fig3b_Subject1,40.500000,5,132.1129616,0.8532971194,FAIL
Saha_2024_Fig3b_Subject1,40.750000,5,131.9048106,0.8480566626,FAIL
Saha_2024_Fig3b_Subject1,41.000000,5,131.6925459,0.8427126371,FAIL
Saha_2024_Fig3b_Subject1,41.250000,5,131.4763681,0.8372700938,FAIL
Saha_2024_Fig3b_Subject1,41.500000,5,131.256468,0.8317338377,FAIL
Saha_2024_Fig3b_Subject1,41.750000,5,131.0330272,0.8261084391,FAIL
Saha_2024_Fig3b_Subject1,42.000000,5,130.8062183,0.8203982455,FAIL
Saha_2024_Fig3b_Subject1,42.250000,5,130.5762056,0.8146073925,FAIL
Saha_2024_Fig3b_Subject1,42.500000,5,130.3411336,0.8086891647,FAIL
Saha_2024_Fig3b_Subject1,42.750000,5,130.101249,0.8026497742,FAIL
Saha_2024_Fig3b_Subject1,43.000000,5,129.8567866,0.7964951301,FAIL
Saha_2024_Fig3b_Subject1,43.250000,5,129.6079695,0.7902308535,FAIL
Saha_2024_Fig3b_Subject1,43.500000,5,129.3550102,0.7838622912,FAIL
Saha_2024_Fig3b_Subject1,43.750000,5,129.0981107,0.7773945292,FAIL
Saha_2024_Fig3b_Subject1,44.000000,5,128.8374632,0.7708324057,FAIL
Saha_2024_Fig3b_Subject1,44.250000,5,128.5732504,0.7641805226,FAIL
Saha_2024_Fig3b_Subject1,44.500000,5,128.3114987,0.7575906008,FAIL
Saha_2024_Fig3b_Subject1,44.750000,5,128.052088,0.7510596182,FAIL
Saha_2024_Fig3b_Subject1,45.000000,5,127.7949043,0.7445847005,FAIL
Saha_2024_Fig3b_Subject1,45.250000,5,127.5398389,0.7381631134,FAIL
Saha_2024_Fig3b_Subject1,45.500000,5,127.2867884,0.7317922557,FAIL
Saha_2024_Fig3b_Subject1,45.750000,5,127.0356546,0.7254696536,FAIL
Saha_2024_Fig3b_Subject1,46.000000,5,126.7863441,0.7191929534,FAIL
Saha_2024_Fig3b_Subject1,46.250000,5,126.5387679,0.7129599165,FAIL
Saha_2024_Fig3b_Subject1,46.500000,5,126.2960724,0.7068497592,FAIL
Saha_2024_Fig3b_Subject1,46.750000,5,126.0580197,0.7008564885,FAIL
Saha_2024_Fig3b_Subject1,47.000000,5,125.8243833,0.6949744038,FAIL
Saha_2024_Fig3b_Subject1,47.250000,5,125.5949478,0.6891980825,FAIL
Saha_2024_Fig3b_Subject1,47.500000,5,125.3695084,0.6835223665,FAIL
Saha_2024_Fig3b_Subject1,47.750000,5,125.1478701,0.6779423491,FAIL
Saha_2024_Fig3b_Subject1,48.000000,5,124.9298476,0.6724533631,FAIL
Saha_2024_Fig3b_Subject1,48.250000,5,124.7152645,0.6670509689,FAIL
Saha_2024_Fig3b_Subject1,48.500000,5,124.5079157,0.6618307069,FAIL
Saha_2024_Fig3b_Subject1,48.750000,5,124.3074483,0.6567836943,FAIL
Saha_2024_Fig3b_Subject1,49.000000,5,124.1135269,0.6519014818,FAIL
Saha_2024_Fig3b_Subject1,49.250000,5,123.925832,0.6471760319,FAIL
Saha_2024_Fig3b_Subject1,49.500000,5,123.7440601,0.6425996993,FAIL
Saha_2024_Fig3b_Subject1,49.750000,5,123.5679222,0.6381652113,FAIL
Saha_2024_Fig3b_Subject1,50.000000,5,123.3971436,0.6338656502,FAIL
Saha_2024_Fig3b_Subject1,50.250000,5,123.231463,0.6296944354,FAIL
Saha_2024_Fig3b_Subject1,50.500000,5,123.0686808,0.6255961932,FAIL
Saha_2024_Fig3b_Subject1,50.750000,5,122.9086557,0.6215673645,FAIL
Saha_2024_Fig3b_Subject1,51.000000,5,122.7512533,0.617604564,FAIL
Saha_2024_Fig3b_Subject1,51.250000,5,122.5963456,0.6137045715,FAIL
Saha_2024_Fig3b_Subject1,51.500000,5,122.4438109,0.6098643239,FAIL
Saha_2024_Fig3b_Subject1,51.750000,5,122.2935336,0.6060809073,FAIL
Saha_2024_Fig3b_Subject1,52.000000,5,122.1454036,0.60235155,FAIL
Saha_2024_Fig3b_Subject1,52.250000,5,121.999316,0.5986736156,FAIL
Saha_2024_Fig3b_Subject1,52.500000,5,121.8564516,0.5950768274,FAIL
Saha_2024_Fig3b_Subject1,52.750000,5,121.7166531,0.5915572278,FAIL
Saha_2024_Fig3b_Subject1,53.000000,5,121.579771,0.5881110524,FAIL
Saha_2024_Fig3b_Subject1,53.250000,5,121.4456631,0.5847347203,FAIL
Saha_2024_Fig3b_Subject1,53.500000,5,121.314194,0.581424825,FAIL
Saha_2024_Fig3b_Subject1,53.750000,5,121.1852352,0.5781781265,FAIL
Saha_2024_Fig3b_Subject1,54.000000,5,121.0586641,0.5749915425,FAIL
Saha_2024_Fig3b_Subject1,54.250000,5,120.9343643,0.5718621414,FAIL
Saha_2024_Fig3b_Subject1,54.500000,5,120.8115544,0.5687702511,FAIL
Saha_2024_Fig3b_Subject1,54.750000,5,120.6901618,0.5657140423,FAIL
Saha_2024_Fig3b_Subject1,55.000000,5,120.5701173,0.5626917747,FAIL
Saha_2024_Fig3b_Subject1,55.250000,5,120.4513552,0.5597017931,FAIL
Saha_2024_Fig3b_Subject1,55.500000,5,120.333813,0.5567425227,FAIL
Saha_2024_Fig3b_Subject1,55.750000,5,120.2174311,0.5538124659,FAIL
Saha_2024_Fig3b_Subject1,56.000000,5,120.1021531,0.5509101977,FAIL
Saha_2024_Fig3b_Subject1,56.250000,5,119.9879249,0.5480343631,FAIL
Saha_2024_Fig3b_Subject1,56.500000,5,119.8753661,0.5452005558,FAIL
Saha_2024_Fig3b_Subject1,56.750000,5,119.7643952,0.5424067262,FAIL
Saha_2024_Fig3b_Subject1,57.000000,5,119.6549347,0.5396509245,FAIL
Saha_2024_Fig3b_Subject1,57.250000,5,119.5469111,0.536931296,FAIL
Saha_2024_Fig3b_Subject1,57.500000,5,119.4402542,0.5342460767,FAIL
Saha_2024_Fig3b_Subject1,57.750000,5,119.3348973,0.5315935883,FAIL
Saha_2024_Fig3b_Subject1,58.000000,5,119.2307772,0.5289722345,FAIL
Saha_2024_Fig3b_Subject1,58.250000,5,119.1278333,0.526380497,FAIL
Saha_2024_Fig3b_Subject1,58.500000,5,119.0253379,0.5238000481,FAIL
Saha_2024_Fig3b_Subject1,58.750000,5,118.923269,0.5212303374,FAIL
Saha_2024_Fig3b_Subject1,59.000000,5,118.8216058,0.5186708411,FAIL
Saha_2024_Fig3b_Subject1,59.250000,5,118.7203285,0.5161210612,FAIL
Saha_2024_Fig3b_Subject1,59.500000,5,118.6194184,0.5135805236,FAIL
Saha_2024_Fig3b_Subject1,59.750000,5,118.5188575,0.5110487777,FAIL
Saha_2024_Fig3b_Subject1,60.000000,5,118.4186287,0.5085253947,FAIL
Saha_2024_Fig3b_Subject1,60.250000,5,118.3187159,0.5060099667,FAIL
Saha_2024_Fig3b_Subject1,60.500000,5,118.2223957,0.5035849863,FAIL
Saha_2024_Fig3b_Subject1,60.750000,5,118.1294928,0.5012460423,FAIL
Saha_2024_Fig3b_Subject1,61.000000,5,118.0398406,0.4989889386,FAIL
Saha_2024_Fig3b_Subject1,61.250000,5,117.9532806,0.4968096838,FAIL
Saha_2024_Fig3b_Subject1,61.500000,5,117.869662,0.4947044812,FAIL
Saha_2024_Fig3b_Subject1,61.750000,5,117.7888412,0.4926697193,FAIL
Saha_2024_Fig3b_Subject1,62.000000,5,117.710682,0.4907019625,FAIL
Saha_2024_Fig3b_Subject1,62.250000,5,117.6350543,0.4887979431,FAIL
Saha_2024_Fig3b_Subject1,62.500000,5,117.5631151,0.4869867838,FAIL
Saha_2024_Fig3b_Subject1,62.750000,5,117.4946843,0.4852639558,FAIL
Saha_2024_Fig3b_Subject1,63.000000,5,117.429591,0.4836251511,FAIL
Saha_2024_Fig3b_Subject1,63.250000,5,117.3676723,0.4820662719,FAIL
Saha_2024_Fig3b_Subject1,63.500000,5,117.3087734,0.4805834201,FAIL
Saha_2024_Fig3b_Subject1,63.750000,5,117.2527471,0.4791728878,FAIL
Saha_2024_Fig3b_Subject1,64.000000,5,117.1994532,0.477831148,FAIL
Saha_2024_Fig3b_Subject1,64.250000,5,117.1487585,0.4765548456,FAIL
Saha_2024_Fig3b_Subject1,64.500000,5,117.1018164,0.4753730205,FAIL
Saha_2024_Fig3b_Subject1,64.750000,5,117.0584439,0.474281065,FAIL
Saha_2024_Fig3b_Subject1,65.000000,5,117.018467,0.4732745962,FAIL
Saha_2024_Fig3b_Subject1,65.250000,5,116.9817199,0.4723494447,FAIL
Saha_2024_Fig3b_Subject1,65.500000,5,116.9480453,0.4715016447,FAIL
Saha_2024_Fig3b_Subject1,65.750000,5,116.9172933,0.4707274237,FAIL
Saha_2024_Fig3b_Subject1,66.000000,5,116.8893212,0.4700231932,FAIL
Saha_2024_Fig3b_Subject1,66.250000,5,116.8639936,0.4693855397,FAIL
Saha_2024_Fig3b_Subject1,66.500000,5,116.8399013,0.468778985,FAIL
Saha_2024_Fig3b_Subject1,66.750000,5,116.8169839,0.4682020123,FAIL
Saha_2024_Fig3b_Subject1,67.000000,5,116.7951843,0.4676531789,FAIL
Saha_2024_Fig3b_Subject1,67.250000,5,116.7744478,0.4671311124,FAIL
Saha_2024_Fig3b_Subject1,67.500000,5,116.7547226,0.4666345073,FAIL
Saha_2024_Fig3b_Subject1,67.750000,5,116.7359595,0.466162122,FAIL
Saha_2024_Fig3b_Subject1,68.000000,5,116.7181114,0.4657127752,FAIL
Saha_2024_Fig3b_Subject1,68.250000,5,116.7011338,0.4652853433,FAIL
Saha_2024_Fig3b_Subject1,68.500000,5,116.6849842,0.4648787576,FAIL
Saha_2024_Fig3b_Subject1,68.750000,5,116.6696223,0.4644920012,FAIL
Saha_2024_Fig3b_Subject1,69.000000,5,116.6550095,0.4641241071,FAIL
Saha_2024_Fig3b_Subject1,69.250000,5,116.6411095,0.4637741555,FAIL
Saha_2024_Fig3b_Subject1,69.500000,5,116.6278873,0.4634412712,FAIL
Saha_2024_Fig3b_Subject1,69.750000,5,116.61531,0.4631246219,FAIL
Saha_2024_Fig3b_Subject1,70.000000,5,116.6033461,0.4628234157,FAIL
Saha_2024_Fig3b_Subject1,70.250000,5,116.5919656,0.4625368995,FAIL
Saha_2024_Fig3b_Subject1,70.500000,5,116.5824205,0.4622965882,FAIL
Saha_2024_Fig3b_Subject1,70.750000,5,116.5746211,0.4621002284,FAIL
Saha_2024_Fig3b_Subject1,71.000000,5,116.5684823,0.4619456764,FAIL
Saha_2024_Fig3b_Subject1,71.250000,5,116.5639231,0.4618308933,FAIL
Saha_2024_Fig3b_Subject1,71.500000,5,116.5608665,0.4617539396,FAIL
Saha_2024_Fig3b_Subject1,71.750000,5,116.5592392,0.4617129702,FAIL
Saha_2024_Fig3b_Subject1,72.000000,5,116.5589715,0.4617062303,FAIL
Saha_2024_Fig3b_Subject1,72.250000,5,116.559997,0.4617320504,FAIL
Saha_2024_Fig3b_Subject1,72.500000,5,116.5609726,0.4617566112,FAIL
Saha_2024_Fig3b_Subject1,72.750000,5,116.5619006,0.4617799742,FAIL
Saha_2024_Fig3b_Subject1,73.000000,5,116.5627833,0.4618021977,FAIL
Saha_2024_Fig3b_Subject1,73.250000,5,116.563623,0.4618233374,FAIL
Saha_2024_Fig3b_Subject1,73.500000,5,116.5644217,0.4618434461,FAIL
Saha_2024_Fig3b_Subject1,73.750000,5,116.5651814,0.4618625741,FAIL
Saha_2024_Fig3b_Subject1,74.000000,5,116.5659042,0.4618807692,FAIL
Saha_2024_Fig3b_Subject1,74.250000,5,116.5665916,0.4618980769,FAIL
Saha_2024_Fig3b_Subject1,74.500000,5,116.5652947,0.4618654262,FAIL
Saha_2024_Fig3b_Subject1,74.750000,5,116.5621103,0.4617852534,FAIL
Saha_2024_Fig3b_Subject1,75.000000,5,116.5571303,0.4616598764,FAIL
Saha_2024_Fig3b_Subject1,75.250000,5,116.5504424,0.4614914996,FAIL
Saha_2024_Fig3b_Subject1,75.500000,5,116.5421298,0.4612822204,FAIL
Saha_2024_Fig3b_Subject1,75.750000,5,116.5322718,0.4610340334,FAIL
Saha_2024_Fig3b_Subject1,76.000000,5,116.5209438,0.4607488363,FAIL
Saha_2024_Fig3b_Subject1,76.250000,5,116.5082174,0.460428434,FAIL
Saha_2024_Fig3b_Subject1,76.500000,5,116.4876988,0.4599118522,FAIL
Saha_2024_Fig3b_Subject1,76.750000,5,116.4597679,0.4592086586,FAIL
Saha_2024_Fig3b_Subject1,77.000000,5,116.4247864,0.4583279545,FAIL
Saha_2024_Fig3b_Subject1,77.250000,5,116.3830979,0.457278397,FAIL
Saha_2024_Fig3b_Subject1,77.500000,5,116.3350298,0.4560682213,FAIL
Saha_2024_Fig3b_Subject1,77.750000,5,116.280893,0.4547052609,FAIL
Saha_2024_Fig3b_Subject1,78.000000,5,116.2209835,0.453196967,FAIL
Saha_2024_Fig3b_Subject1,78.250000,5,116.155583,0.4515504278,FAIL
Saha_2024_Fig3b_Subject1,78.500000,5,116.0855078,0.4497861989,FAIL
Saha_2024_Fig3b_Subject1,78.750000,5,116.010986,0.4479100201,FAIL
Saha_2024_Fig3b_Subject1,79.000000,5,115.9322344,0.4459273513,FAIL
Saha_2024_Fig3b_Subject1,79.250000,5,115.8494593,0.4438433861,FAIL
Saha_2024_Fig3b_Subject1,79.500000,5,115.7628569,0.4416630648,FAIL
Saha_2024_Fig3b_Subject1,79.750000,5,115.672614,0.4393910866,FAIL
Saha_2024_Fig3b_Subject1,80.000000,5,115.5789079,0.4370319218,FAIL
Saha_2024_Fig3b_Subject1,80.250000,5,115.4819077,0.4345898225,FAIL
Saha_2024_Fig3b_Subject1,80.500000,5,115.381835,0.4320703683,FAIL
Saha_2024_Fig3b_Subject1,80.750000,5,115.2788396,0.4294773318,FAIL
Saha_2024_Fig3b_Subject1,81.000000,5,115.1730641,0.4268143016,FAIL
Saha_2024_Fig3b_Subject1,81.250000,5,115.0646439,0.4240846915,FAIL
Saha_2024_Fig3b_Subject1,81.500000,5,114.9537083,0.4212917486,FAIL
Saha_2024_Fig3b_Subject1,81.750000,5,114.8403797,0.4184385615,FAIL
Saha_2024_Fig3b_Subject1,82.000000,5,114.7247749,0.4155280686,FAIL
Saha_2024_Fig3b_Subject1,82.250000,5,114.6070049,0.4125630645,FAIL
Saha_2024_Fig3b_Subject1,82.500000,5,114.4858952,0.4095139766,FAIL
Saha_2024_Fig3b_Subject1,82.750000,5,114.3616085,0.4063849057,FAIL
Saha_2024_Fig3b_Subject1,83.000000,5,114.2342998,0.4031797525,FAIL
Saha_2024_Fig3b_Subject1,83.250000,5,114.1041165,0.3999022277,FAIL
Saha_2024_Fig3b_Subject1,83.500000,5,113.9711988,0.3965558608,FAIL
Saha_2024_Fig3b_Subject1,83.750000,5,113.8356801,0.3931440094,FAIL
Saha_2024_Fig3b_Subject1,84.000000,5,113.6976871,0.3896698671,FAIL
Saha_2024_Fig3b_Subject1,84.250000,5,113.5573407,0.3861364719,FAIL
Saha_2024_Fig3b_Subject1,84.500000,5,113.4160357,0.3825789449,FAIL
Saha_2024_Fig3b_Subject1,84.750000,5,113.273819,0.3789984631,FAIL
Saha_2024_Fig3b_Subject1,85.000000,5,113.1307349,0.3753961459,FAIL
Saha_2024_Fig3b_Subject1,85.250000,5,112.9868259,0.3717730583,FAIL
Saha_2024_Fig3b_Subject1,85.500000,5,112.8421321,0.3681302132,FAIL
Saha_2024_Fig3b_Subject1,85.750000,5,112.6966918,0.3644685743,FAIL
Saha_2024_Fig3b_Subject1,86.000000,5,112.5505414,0.3607890581,FAIL
Saha_2024_Fig3b_Subject1,86.250000,5,112.4037156,0.3570925366,FAIL
Saha_2024_Fig3b_Subject1,86.500000,5,112.254906,0.3533460729,FAIL
Saha_2024_Fig3b_Subject1,86.750000,5,112.1042095,0.3495521027,FAIL
Saha_2024_Fig3b_Subject1,87.000000,5,111.9517181,0.345712943,FAIL
Saha_2024_Fig3b_Subject1,87.250000,5,111.7975193,0.3418307977,FAIL
Saha_2024_Fig3b_Subject1,87.500000,5,111.6416964,0.3379077633,FAIL
Saha_2024_Fig3b_Subject1,87.750000,5,111.4843285,0.3339458338,FAIL
Saha_2024_Fig3b_Subject1,88.000000,5,111.3254911,0.3299469063,FAIL
Saha_2024_Fig3b_Subject1,88.250000,5,111.1652558,0.3259127851,FAIL
Saha_2024_Fig3b_Subject1,88.500000,5,111.005032,0.3218789529,FAIL
Saha_2024_Fig3b_Subject1,88.750000,5,110.8448191,0.3178453954,FAIL
Saha_2024_Fig3b_Subject1,89.000000,5,110.6846166,0.3138120994,FAIL
Saha_2024_Fig3b_Subject1,89.250000,5,110.5244239,0.309779052,FAIL
Saha_2024_Fig3b_Subject1,89.500000,5,110.3642407,0.3057462412,FAIL
Saha_2024_Fig3b_Subject1,89.750000,5,110.2040664,0.3017136554,FAIL
Saha_2024_Fig3b_Subject1,90.000000,5,110.0439006,0.2976812836,FAIL
Saha_2024_Fig3b_Subject1,90.250000,5,109.8837429,0.2936491154,FAIL
Saha_2024_Fig3b_Subject1,90.500000,5,109.721642,0.2895680264,FAIL
Saha_2024_Fig3b_Subject1,90.750000,5,109.5576928,0.2854404027,FAIL
Saha_2024_Fig3b_Subject1,91.000000,5,109.3919854,0.2812685136,FAIL
Saha_2024_Fig3b_Subject1,91.250000,5,109.2246055,0.2770545181,FAIL
Saha_2024_Fig3b_Subject1,91.500000,5,109.0556347,0.2728004697,FAIL
Saha_2024_Fig3b_Subject1,91.750000,5,108.8851505,0.2685083219,FAIL
Saha_2024_Fig3b_Subject1,92.000000,5,108.7132269,0.2641799326,FAIL
Saha_2024_Fig3b_Subject1,92.250000,5,108.539934,0.2598170695,FAIL
Saha_2024_Fig3b_Subject1,92.500000,5,108.36796,0.2554874113,FAIL
Saha_2024_Fig3b_Subject1,92.750000,5,108.1972405,0.2511893386,FAIL
Saha_2024_Fig3b_Subject1,93.000000,5,108.0277145,0.246921311,FAIL
Saha_2024_Fig3b_Subject1,93.250000,5,107.8593236,0.2426818631,FAIL
Saha_2024_Fig3b_Subject1,93.500000,5,107.6920126,0.238469601,FAIL
Saha_2024_Fig3b_Subject1,93.750000,5,107.5257287,0.234283199,FAIL
Saha_2024_Fig3b_Subject1,94.000000,5,107.3604218,0.2301213957,FAIL
Saha_2024_Fig3b_Subject1,94.250000,5,107.1960444,0.2259829916,FAIL
Saha_2024_Fig3b_Subject1,94.500000,5,107.0337704,0.2218975418,FAIL
Saha_2024_Fig3b_Subject1,94.750000,5,106.8734971,0.2178624638,FAIL
Saha_2024_Fig3b_Subject1,95.000000,5,106.715127,0.213875301,FAIL
Saha_2024_Fig3b_Subject1,95.250000,5,106.5585672,0.2099337164,FAIL
Saha_2024_Fig3b_Subject1,95.500000,5,106.4037296,0.2060354873,FAIL
Saha_2024_Fig3b_Subject1,95.750000,5,106.25053,0.202178499,FAIL
Saha_2024_Fig3b_Subject1,96.000000,5,106.0988886,0.1983607404,FAIL
Saha_2024_Fig3b_Subject1,96.250000,5,105.9487294,0.194580298,FAIL
Saha_2024_Fig3b_Subject1,96.500000,5,105.8026626,0.1909028844,FAIL
Saha_2024_Fig3b_Subject1,96.750000,5,105.6604884,0.1873234746,FAIL
Saha_2024_Fig3b_Subject1,97.000000,5,105.5220171,0.183837289,FAIL
Saha_2024_Fig3b_Subject1,97.250000,5,105.3870681,0.180439781,FAIL
Saha_2024_Fig3b_Subject1,97.500000,5,105.2554696,0.1771266258,FAIL
Saha_2024_Fig3b_Subject1,97.750000,5,105.1270581,0.1738937093,FAIL
Saha_2024_Fig3b_Subject1,98.000000,5,105.0016783,0.1707371184,FAIL
Saha_2024_Fig3b_Subject1,98.250000,5,104.8791823,0.1676531305,FAIL
Saha_2024_Fig3b_Subject1,98.500000,5,104.7607097,0.1646704361,FAIL
Saha_2024_Fig3b_Subject1,98.750000,5,104.6460643,0.1617840951,FAIL
Saha_2024_Fig3b_Subject1,99.000000,5,104.5350593,0.1589894082,FAIL
Saha_2024_Fig3b_Subject1,99.250000,5,104.4275173,0.1562819054,FAIL
Saha_2024_Fig3b_Subject1,99.500000,5,104.3232693,0.1536573347,FAIL
Saha_2024_Fig3b_Subject1,99.750000,5,104.2221548,0.1511116515,FAIL
Saha_2024_Fig3b_Subject1,100.000000,5,104.1240208,0.1486410083,FAIL
Saha_2024_Fig3b_Subject1,100.250000,5,104.0287221,0.1462417454,FAIL
Saha_2024_Fig3b_Subject1,100.500000,5,103.9354498,0.1438934985,FAIL
Saha_2024_Fig3b_Subject1,100.750000,5,103.8441049,0.1415937795,FAIL
Saha_2024_Fig3b_Subject1,101.000000,5,103.7545936,0.1393402217,FAIL
Saha_2024_Fig3b_Subject1,101.250000,5,103.6668264,0.1371305738,FAIL
Saha_2024_Fig3b_Subject1,101.500000,5,103.5807182,0.1349626942,FAIL
Saha_2024_Fig3b_Subject1,101.750000,5,103.4961882,0.1328345459,FAIL
Saha_2024_Fig3b_Subject1,102.000000,5,103.4131593,0.1307441912,FAIL
Saha_2024_Fig3b_Subject1,102.250000,5,103.3315583,0.1286897869,FAIL
Saha_2024_Fig3b_Subject1,102.500000,5,103.2513767,0.1266711144,FAIL
Saha_2024_Fig3b_Subject1,102.750000,5,103.172545,0.1246864311,FAIL
Saha_2024_Fig3b_Subject1,103.000000,5,103.0949976,0.1227340794,FAIL
Saha_2024_Fig3b_Subject1,103.250000,5,103.0186718,0.1208124823,FAIL
Saha_2024_Fig3b_Subject1,103.500000,5,102.943508,0.11892014,FAIL
Saha_2024_Fig3b_Subject1,103.750000,5,102.8694495,0.1170556257,FAIL
Saha_2024_Fig3b_Subject1,104.000000,5,102.7964424,0.1152175823,FAIL
Saha_2024_Fig3b_Subject1,104.250000,5,102.7244354,0.1134047186,FAIL
Saha_2024_Fig3b_Subject1,104.500000,5,102.6533189,0.1116142719,FAIL
Saha_2024_Fig3b_Subject1,104.750000,5,102.5830493,0.1098451489,FAIL
Saha_2024_Fig3b_Subject1,105.000000,5,102.5135854,0.1080963096,FAIL
Saha_2024_Fig3b_Subject1,105.250000,5,102.4448879,0.1063667648,FAIL
Saha_2024_Fig3b_Subject1,105.500000,5,102.3769194,0.1046555734,FAIL
Saha_2024_Fig3b_Subject1,105.750000,5,102.3096443,0.1029618403,FAIL
Saha_2024_Fig3b_Subject1,106.000000,5,102.2430288,0.1012847142,FAIL
Saha_2024_Fig3b_Subject1,106.250000,5,102.1770409,0.09962338497,FAIL
Saha_2024_Fig3b_Subject1,106.500000,5,102.1123203,0.09799396539,FAIL
Saha_2024_Fig3b_Subject1,106.750000,5,102.0488054,0.09639489915,FAIL
Saha_2024_Fig3b_Subject1,107.000000,5,101.9864373,0.09482470592,FAIL
Saha_2024_Fig3b_Subject1,107.250000,5,101.9251601,0.09328197755,FAIL
Saha_2024_Fig3b_Subject1,107.500000,5,101.8649207,0.09176537454,FAIL
Saha_2024_Fig3b_Subject1,107.750000,5,101.8056683,0.09027362277,FAIL
Saha_2024_Fig3b_Subject1,108.000000,5,101.7473549,0.08880551021,FAIL
Saha_2024_Fig3b_Subject1,108.250000,5,101.6899346,0.08735988396,FAIL
Saha_2024_Fig3b_Subject1,108.500000,5,101.6326933,0.0859187643,FAIL
Saha_2024_Fig3b_Subject1,108.750000,5,101.5756223,0.08448193143,FAIL
Saha_2024_Fig3b_Subject1,109.000000,5,101.5187133,0.08304917629,FAIL
Saha_2024_Fig3b_Subject1,109.250000,5,101.4619583,0.08162029999,FAIL
Saha_2024_Fig3b_Subject1,109.500000,5,101.4053499,0.08019511337,FAIL
Saha_2024_Fig3b_Subject1,109.750000,5,101.3488809,0.07877343648,FAIL
Saha_2024_Fig3b_Subject1,110.000000,5,101.2925445,0.07735509815,FAIL
Saha_2024_Fig3b_Subject1,110.250000,5,101.2363342,0.07593993555,FAIL
Saha_2024_Fig3b_Subject1,110.500000,5,101.1803049,0.07452932862,FAIL
Saha_2024_Fig3b_Subject1,110.750000,5,101.1244478,0.07312305519,FAIL
Saha_2024_Fig3b_Subject1,111.000000,5,101.0687543,0.0717209039,FAIL
Saha_2024_Fig3b_Subject1,111.250000,5,101.0132166,0.07032267373,FAIL
Saha_2024_Fig3b_Subject1,111.500000,5,100.957827,0.06892817342,FAIL
Saha_2024_Fig3b_Subject1,111.750000,5,100.9025784,0.06753722107,FAIL
Saha_2024_Fig3b_Subject1,112.000000,5,100.8474638,0.06614964366,FAIL
Saha_2024_Fig3b_Subject1,112.250000,5,100.7924768,0.06476527657,FAIL
Saha_2024_Fig3b_Subject1,112.500000,5,100.7382207,0.06339931149,FAIL
Saha_2024_Fig3b_Subject1,112.750000,5,100.6846598,0.06205085094,FAIL
Saha_2024_Fig3b_Subject1,113.000000,5,100.6317603,0.0607190412,FAIL
Saha_2024_Fig3b_Subject1,113.250000,5,100.5794899,0.05940307022,FAIL
Saha_2024_Fig3b_Subject1,113.500000,5,100.527818,0.05810216552,FAIL
Saha_2024_Fig3b_Subject1,113.750000,5,100.4767153,0.05681559232,FAIL
Saha_2024_Fig3b_Subject1,114.000000,5,100.4261541,0.05554265166,FAIL
Saha_2024_Fig3b_Subject1,114.250000,5,100.376108,0.05428267867,FAIL
Saha_2024_Fig3b_Subject1,114.500000,5,100.3258812,0.05301815784,FAIL
Saha_2024_Fig3b_Subject1,114.750000,5,100.2754826,0.05174931098,FAIL
Saha_2024_Fig3b_Subject1,115.000000,5,100.2249206,0.05047634907,FAIL
Saha_2024_Fig3b_Subject1,115.250000,5,100.1742031,0.0491994728,FAIL
Saha_2024_Fig3b_Subject1,115.500000,5,100.1233376,0.04791887308,FAIL
Saha_2024_Fig3b_Subject1,115.750000,5,100.0723315,0.0466347315,FAIL
Saha_2024_Fig3b_Subject1,116.000000,5,100.0211916,0.0453472208,FAIL
Saha_2024_Fig3b_Subject1,116.250000,5,99.96992439,0.0440565053,FAIL
Saha_2024_Fig3b_Subject1,116.500000,5,99.91853608,0.04276274129,FAIL
Saha_2024_Fig3b_Subject1,116.750000,5,99.8670326,0.04146607746,FAIL
Saha_2024_Fig3b_Subject1,117.000000,5,99.81541955,0.04016665522,FAIL
Saha_2024_Fig3b_Subject1,117.250000,5,99.76370227,0.03886460911,FAIL
Saha_2024_Fig3b_Subject1,117.500000,5,99.71188586,0.03756006709,FAIL
Saha_2024_Fig3b_Subject1,117.750000,5,99.65997515,0.0362531509,FAIL
Saha_2024_Fig3b_Subject1,118.000000,5,99.60797474,0.03494397632,FAIL
Saha_2024_Fig3b_Subject1,118.250000,5,99.555889,0.03363265349,FAIL
Saha_2024_Fig3b_Subject1,118.500000,5,99.50439268,0.03233617026,FAIL
Saha_2024_Fig3b_Subject1,118.750000,5,99.45345705,0.03105380288,FAIL
Saha_2024_Fig3b_Subject1,119.000000,5,99.40305476,0.02978486293,FAIL
Saha_2024_Fig3b_Subject1,119.250000,5,99.35315979,0.02852869552,FAIL
Saha_2024_Fig3b_Subject1,119.500000,5,99.3037474,0.02728467775,FAIL
Saha_2024_Fig3b_Subject1,119.750000,5,99.25479406,0.02605221707,FAIL
Saha_2024_Fig3b_Subject1,120.000000,5,99.20627738,0.02483074983,FAIL
Saha_2024_Fig3b_Subject1,120.250000,5,99.15817607,0.02361973987,FAIL
Saha_2024_Fig3b_Subject1,120.500000,5,99.11242068,0.02246779156,FAIL
Saha_2024_Fig3b_Subject1,120.750000,5,99.06889681,0.02137202444,FAIL
Saha_2024_Fig3b_Subject1,121.000000,5,99.02749562,0.0203296985,FAIL
Saha_2024_Fig3b_Subject1,121.250000,5,98.9881136,0.01933820741,FAIL
Saha_2024_Fig3b_Subject1,121.500000,5,98.95065226,0.0183950719,FAIL
Saha_2024_Fig3b_Subject1,121.750000,5,98.91501793,0.01749793366,FAIL
Saha_2024_Fig3b_Subject1,122.000000,5,98.8811215,0.01664454937,FAIL
Saha_2024_Fig3b_Subject1,0.000000,10,100.36,0.05387713998,FAIL
Saha_2024_Fig3b_Subject1,0.250000,10,100.36,0.05387713998,FAIL
Saha_2024_Fig3b_Subject1,0.500000,10,100.3606481,0.05389345707,FAIL
Saha_2024_Fig3b_Subject1,0.750000,10,100.3619283,0.05392568838,FAIL
Saha_2024_Fig3b_Subject1,1.000000,10,100.3638251,0.05397344098,FAIL
Saha_2024_Fig3b_Subject1,1.250000,10,100.3663231,0.05403633166,FAIL
Saha_2024_Fig3b_Subject1,1.500000,10,100.3694075,0.05411398666,FAIL
Saha_2024_Fig3b_Subject1,1.750000,10,100.373064,0.05420604143,FAIL
Saha_2024_Fig3b_Subject1,2.000000,10,100.3772782,0.05431214045,FAIL
Saha_2024_Fig3b_Subject1,2.250000,10,100.3820365,0.05443193697,FAIL
Saha_2024_Fig3b_Subject1,2.500000,10,100.3929425,0.05470650757,FAIL
Saha_2024_Fig3b_Subject1,2.750000,10,100.4098443,0.05513203087,FAIL
Saha_2024_Fig3b_Subject1,3.000000,10,100.4325939,0.05570477983,FAIL
Saha_2024_Fig3b_Subject1,3.250000,10,100.4610469,0.05642111943,FAIL
Saha_2024_Fig3b_Subject1,3.500000,10,100.4950625,0.05727750442,FAIL
Saha_2024_Fig3b_Subject1,3.750000,10,100.5345033,0.05827047705,FAIL
Saha_2024_Fig3b_Subject1,4.000000,10,100.5792355,0.05939666497,FAIL
Saha_2024_Fig3b_Subject1,4.250000,10,100.6291284,0.06065277908,FAIL
Saha_2024_Fig3b_Subject1,4.500000,10,100.6863383,0.06209310981,FAIL
Saha_2024_Fig3b_Subject1,4.750000,10,100.7506847,0.06371310883,FAIL
Saha_2024_Fig3b_Subject1,5.000000,10,100.8219913,0.06550834012,FAIL
Saha_2024_Fig3b_Subject1,5.250000,10,100.9000862,0.06747447718,FAIL
Saha_2024_Fig3b_Subject1,5.500000,10,100.984802,0.06960730032,FAIL
Saha_2024_Fig3b_Subject1,5.750000,10,101.075975,0.07190269406,FAIL
Saha_2024_Fig3b_Subject1,6.000000,10,101.1734459,0.0743566445,FAIL
Saha_2024_Fig3b_Subject1,6.250000,10,101.2770592,0.07696523689,FAIL
Saha_2024_Fig3b_Subject1,6.500000,10,101.3847189,0.07967570181,FAIL
Saha_2024_Fig3b_Subject1,6.750000,10,101.496325,0.08248552403,FAIL
Saha_2024_Fig3b_Subject1,7.000000,10,101.6117802,0.08539225041,FAIL
Saha_2024_Fig3b_Subject1,7.250000,10,101.7309894,0.08839348837,FAIL
Saha_2024_Fig3b_Subject1,7.500000,10,101.8538598,0.09148690442,FAIL
Saha_2024_Fig3b_Subject1,7.750000,10,101.9803012,0.09467022268,FAIL
Saha_2024_Fig3b_Subject1,8.000000,10,102.1102254,0.09794122344,FAIL
Saha_2024_Fig3b_Subject1,8.250000,10,102.2435463,0.1012977418,FAIL
Saha_2024_Fig3b_Subject1,8.500000,10,102.3821245,0.1047866176,FAIL
Saha_2024_Fig3b_Subject1,8.750000,10,102.52583,0.108404583,FAIL
Saha_2024_Fig3b_Subject1,9.000000,10,102.6745365,0.1121484507,FAIL
Saha_2024_Fig3b_Subject1,9.250000,10,102.8281203,0.1160151121,FAIL
Saha_2024_Fig3b_Subject1,9.500000,10,102.986461,0.1200015355,FAIL
Saha_2024_Fig3b_Subject1,9.750000,10,103.1494412,0.124104764,FAIL
Saha_2024_Fig3b_Subject1,10.000000,10,103.3169464,0.1283219135,FAIL
Saha_2024_Fig3b_Subject1,10.250000,10,103.4888648,0.1326501715,FAIL
Saha_2024_Fig3b_Subject1,10.500000,10,103.6637912,0.1370541604,FAIL
Saha_2024_Fig3b_Subject1,10.750000,10,103.8416515,0.1415320104,FAIL
Saha_2024_Fig3b_Subject1,11.000000,10,104.022373,0.1460818979,FAIL
Saha_2024_Fig3b_Subject1,11.250000,10,104.2058852,0.1507020443,FAIL
Saha_2024_Fig3b_Subject1,11.500000,10,104.3921192,0.1553907149,FAIL
Saha_2024_Fig3b_Subject1,11.750000,10,104.5810078,0.1601462178,FAIL
Saha_2024_Fig3b_Subject1,12.000000,10,104.7724854,0.1649669029,FAIL
Saha_2024_Fig3b_Subject1,12.250000,10,104.9664881,0.1698511609,FAIL
Saha_2024_Fig3b_Subject1,12.500000,10,105.1636326,0.1748145162,FAIL
Saha_2024_Fig3b_Subject1,12.750000,10,105.3638412,0.1798550159,FAIL
Saha_2024_Fig3b_Subject1,13.000000,10,105.5670384,0.1849707554,FAIL
Saha_2024_Fig3b_Subject1,13.250000,10,105.7731503,0.1901598769,FAIL
Saha_2024_Fig3b_Subject1,13.500000,10,105.982105,0.1954205686,FAIL
Saha_2024_Fig3b_Subject1,13.750000,10,106.1938322,0.2007510635,FAIL
Saha_2024_Fig3b_Subject1,14.000000,10,106.4082636,0.2061496381,FAIL
Saha_2024_Fig3b_Subject1,14.250000,10,106.6253324,0.2116146116,FAIL
Saha_2024_Fig3b_Subject1,14.500000,10,106.844603,0.2171350204,FAIL
Saha_2024_Fig3b_Subject1,14.750000,10,107.0660212,0.2227094958,FAIL
Saha_2024_Fig3b_Subject1,15.000000,10,107.2895338,0.2283367031,FAIL
Saha_2024_Fig3b_Subject1,15.250000,10,107.5150893,0.2340153401,FAIL
Saha_2024_Fig3b_Subject1,15.500000,10,107.7426371,0.2397441371,FAIL
Saha_2024_Fig3b_Subject1,15.750000,10,107.9721281,0.2455218557,FAIL
Saha_2024_Fig3b_Subject1,16.000000,10,108.2035143,0.251347288,FAIL
Saha_2024_Fig3b_Subject1,16.250000,10,108.4367488,0.2572192558,FAIL
Saha_2024_Fig3b_Subject1,16.500000,10,108.6737922,0.2631871156,FAIL
Saha_2024_Fig3b_Subject1,16.750000,10,108.9145504,0.2692484997,FAIL
Saha_2024_Fig3b_Subject1,17.000000,10,109.1589317,0.2754010991,FAIL
Saha_2024_Fig3b_Subject1,17.250000,10,109.4068465,0.2816426615,FAIL
Saha_2024_Fig3b_Subject1,17.500000,10,109.6582077,0.2879709906,FAIL
Saha_2024_Fig3b_Subject1,17.750000,10,109.9129303,0.294383944,FAIL
Saha_2024_Fig3b_Subject1,18.000000,10,110.1709311,0.3008794323,FAIL
Saha_2024_Fig3b_Subject1,18.250000,10,110.4321292,0.3074554178,FAIL
Saha_2024_Fig3b_Subject1,18.500000,10,110.6954273,0.3140842718,FAIL
Saha_2024_Fig3b_Subject1,18.750000,10,110.9607734,0.320764689,FAIL
Saha_2024_Fig3b_Subject1,19.000000,10,111.2281171,0.3274953963,FAIL
Saha_2024_Fig3b_Subject1,19.250000,10,111.497409,0.334275152,FAIL
Saha_2024_Fig3b_Subject1,19.500000,10,111.768601,0.3411027451,FAIL
Saha_2024_Fig3b_Subject1,19.750000,10,112.0416462,0.3479769946,FAIL
Saha_2024_Fig3b_Subject1,20.000000,10,112.3164988,0.3548967484,FAIL
Saha_2024_Fig3b_Subject1,20.250000,10,112.5931143,0.3618608831,FAIL
Saha_2024_Fig3b_Subject1,20.500000,10,112.8728069,0.368902491,FAIL
Saha_2024_Fig3b_Subject1,20.750000,10,113.1555009,0.3760196594,FAIL
Saha_2024_Fig3b_Subject1,21.000000,10,113.441122,0.3832105227,FAIL
Saha_2024_Fig3b_Subject1,21.250000,10,113.7295979,0.3904732613,FAIL
Saha_2024_Fig3b_Subject1,21.500000,10,114.0208583,0.3978061006,FAIL
Saha_2024_Fig3b_Subject1,21.750000,10,114.3148343,0.4052073098,FAIL
Saha_2024_Fig3b_Subject1,22.000000,10,114.611459,0.4126752009,FAIL
Saha_2024_Fig3b_Subject1,22.250000,10,114.9106668,0.4202081275,FAIL
Saha_2024_Fig3b_Subject1,22.500000,10,115.2110361,0.4277702956,FAIL
Saha_2024_Fig3b_Subject1,22.750000,10,115.5125383,0.4353609834,FAIL
Saha_2024_Fig3b_Subject1,23.000000,10,115.8151452,0.4429794865,FAIL
Saha_2024_Fig3b_Subject1,23.250000,10,116.1188297,0.4506251184,FAIL
Saha_2024_Fig3b_Subject1,23.500000,10,116.4235651,0.4582972091,FAIL
Saha_2024_Fig3b_Subject1,23.750000,10,116.7293256,0.4659951054,FAIL
Saha_2024_Fig3b_Subject1,24.000000,10,117.0360857,0.4737181701,FAIL
Saha_2024_Fig3b_Subject1,24.250000,10,117.3438209,0.4814657819,FAIL
Saha_2024_Fig3b_Subject1,24.500000,10,117.653834,0.4892707459,FAIL
Saha_2024_Fig3b_Subject1,24.750000,10,117.966069,0.4971316459,FAIL
Saha_2024_Fig3b_Subject1,25.000000,10,118.2804709,0.505047101,FAIL
Saha_2024_Fig3b_Subject1,25.250000,10,118.5969862,0.5130157642,FAIL
Saha_2024_Fig3b_Subject1,25.500000,10,118.9155627,0.5210363218,FAIL
Saha_2024_Fig3b_Subject1,25.750000,10,119.2361496,0.5291074925,FAIL
Saha_2024_Fig3b_Subject1,26.000000,10,119.5586972,0.5372280266,FAIL
Saha_2024_Fig3b_Subject1,26.250000,10,119.8831571,0.5453967054,FAIL
Saha_2024_Fig3b_Subject1,26.500000,10,120.209513,0.5536131172,FAIL
Saha_2024_Fig3b_Subject1,26.750000,10,120.537718,0.5618760834,FAIL
Saha_2024_Fig3b_Subject1,27.000000,10,120.8677265,0.5701844546,FAIL
Saha_2024_Fig3b_Subject1,27.250000,10,121.199494,0.5785371098,FAIL
Saha_2024_Fig3b_Subject1,27.500000,10,121.532977,0.5869329556,FAIL
Saha_2024_Fig3b_Subject1,27.750000,10,121.8681332,0.5953709255,FAIL
Saha_2024_Fig3b_Subject1,28.000000,10,122.2049212,0.6038499797,FAIL
Saha_2024_Fig3b_Subject1,28.250000,10,122.5433008,0.6123691036,FAIL
Saha_2024_Fig3b_Subject1,28.500000,10,122.8795909,0.6208356214,FAIL
Saha_2024_Fig3b_Subject1,28.750000,10,123.213843,0.6292508321,FAIL
Saha_2024_Fig3b_Subject1,29.000000,10,123.5461076,0.6376160023,FAIL
Saha_2024_Fig3b_Subject1,29.250000,10,123.8764336,0.6459323676,FAIL
Saha_2024_Fig3b_Subject1,29.500000,10,124.204869,0.654201133,FAIL
Saha_2024_Fig3b_Subject1,29.750000,10,124.5314604,0.6624234737,FAIL
Saha_2024_Fig3b_Subject1,30.000000,10,124.8562533,0.670600536,FAIL
Saha_2024_Fig3b_Subject1,30.250000,10,125.1792921,0.6787334377,FAIL
Saha_2024_Fig3b_Subject1,30.500000,10,125.4940157,0.6866569904,FAIL
Saha_2024_Fig3b_Subject1,30.750000,10,125.8006291,0.6943763627,FAIL
Saha_2024_Fig3b_Subject1,31.000000,10,126.0993328,0.7018965961,FAIL
Saha_2024_Fig3b_Subject1,31.250000,10,126.390322,0.7092226072,FAIL
Saha_2024_Fig3b_Subject1,31.500000,10,126.6737871,0.7163591913,FAIL
Saha_2024_Fig3b_Subject1,31.750000,10,126.9499139,0.7233110256,FAIL
Saha_2024_Fig3b_Subject1,32.000000,10,127.2188837,0.7300826714,FAIL
Saha_2024_Fig3b_Subject1,32.250000,10,127.4808731,0.7366785776,FAIL
Saha_2024_Fig3b_Subject1,32.500000,10,127.730777,0.7429702155,FAIL
Saha_2024_Fig3b_Subject1,32.750000,10,127.9688937,0.7489650976,FAIL
Saha_2024_Fig3b_Subject1,33.000000,10,128.1955143,0.7546705507,FAIL
Saha_2024_Fig3b_Subject1,33.250000,10,128.4109226,0.7600937209,FAIL
Saha_2024_Fig3b_Subject1,33.500000,10,128.6153955,0.7652415777,FAIL
Saha_2024_Fig3b_Subject1,33.750000,10,128.8092029,0.7701209188,FAIL
Saha_2024_Fig3b_Subject1,34.000000,10,128.9926082,0.7747383737,FAIL
Saha_2024_Fig3b_Subject1,34.250000,10,129.1658682,0.7791004085,FAIL
Saha_2024_Fig3b_Subject1,34.500000,10,129.326641,0.7831480611,FAIL
Saha_2024_Fig3b_Subject1,34.750000,10,129.4752348,0.7868890936,FAIL
Saha_2024_Fig3b_Subject1,35.000000,10,129.6119504,0.7903310766,FAIL
Saha_2024_Fig3b_Subject1,35.250000,10,129.737081,0.7934813936,FAIL
Saha_2024_Fig3b_Subject1,35.500000,10,129.8509126,0.7963472459,FAIL
Saha_2024_Fig3b_Subject1,35.750000,10,129.9537243,0.7989356569,FAIL
Saha_2024_Fig3b_Subject1,36.000000,10,130.0457881,0.8012534766,FAIL
Saha_2024_Fig3b_Subject1,36.250000,10,130.1273694,0.803307386,FAIL
Saha_2024_Fig3b_Subject1,36.500000,10,130.1999923,0.8051357583,FAIL
Saha_2024_Fig3b_Subject1,36.750000,10,130.2638781,0.8067441619,FAIL
Saha_2024_Fig3b_Subject1,37.000000,10,130.3192425,0.808138028,FAIL
Saha_2024_Fig3b_Subject1,37.250000,10,130.3662958,0.8093226534,FAIL
Saha_2024_Fig3b_Subject1,37.500000,10,130.4052433,0.8103032043,FAIL
Saha_2024_Fig3b_Subject1,37.750000,10,130.4362851,0.8110847194,FAIL
Saha_2024_Fig3b_Subject1,38.000000,10,130.4596163,0.8116721129,FAIL
Saha_2024_Fig3b_Subject1,38.250000,10,130.4754275,0.8120701775,FAIL
Saha_2024_Fig3b_Subject1,38.500000,10,130.4826079,0.8122509538,FAIL
Saha_2024_Fig3b_Subject1,38.750000,10,130.4813707,0.8122198066,FAIL
Saha_2024_Fig3b_Subject1,39.000000,10,130.4719238,0.8119819683,FAIL
Saha_2024_Fig3b_Subject1,39.250000,10,130.4544698,0.811542542,FAIL
Saha_2024_Fig3b_Subject1,39.500000,10,130.4292064,0.8109065051,FAIL
Saha_2024_Fig3b_Subject1,39.750000,10,130.3963264,0.8100787119,FAIL
Saha_2024_Fig3b_Subject1,40.000000,10,130.356018,0.8090638968,FAIL
Saha_2024_Fig3b_Subject1,40.250000,10,130.3084644,0.8078666774,FAIL
Saha_2024_Fig3b_Subject1,40.500000,10,130.2548631,0.8065171985,FAIL
Saha_2024_Fig3b_Subject1,40.750000,10,130.1953634,0.8050192193,FAIL
Saha_2024_Fig3b_Subject1,41.000000,10,130.1301109,0.8033764064,FAIL
Saha_2024_Fig3b_Subject1,41.250000,10,130.0592476,0.8015923356,FAIL
Saha_2024_Fig3b_Subject1,41.500000,10,129.9829121,0.7996704948,FAIL
Saha_2024_Fig3b_Subject1,41.750000,10,129.9012394,0.7976142853,FAIL
Saha_2024_Fig3b_Subject1,42.000000,10,129.8143614,0.7954270248,FAIL
Saha_2024_Fig3b_Subject1,42.250000,10,129.7224066,0.793111949,FAIL
Saha_2024_Fig3b_Subject1,42.500000,10,129.6244819,0.7906465725,FAIL
Saha_2024_Fig3b_Subject1,42.750000,10,129.5207346,0.7880346062,FAIL
Saha_2024_Fig3b_Subject1,43.000000,10,129.4113085,0.7852796694,FAIL
Saha_2024_Fig3b_Subject1,43.250000,10,129.2963438,0.7823852921,FAIL
Saha_2024_Fig3b_Subject1,43.500000,10,129.1759773,0.7793549171,FAIL
Saha_2024_Fig3b_Subject1,43.750000,10,129.0503424,0.7761919022,FAIL
Saha_2024_Fig3b_Subject1,44.000000,10,128.919569,0.7728995223,FAIL
Saha_2024_Fig3b_Subject1,44.250000,10,128.7837842,0.7694809713,FAIL
Saha_2024_Fig3b_Subject1,44.500000,10,128.6460744,0.766013957,FAIL
Saha_2024_Fig3b_Subject1,44.750000,10,128.5064871,0.7624996758,FAIL
Saha_2024_Fig3b_Subject1,45.000000,10,128.3650688,0.7589392948,FAIL
Saha_2024_Fig3b_Subject1,45.250000,10,128.2218646,0.7553339522,FAIL
Saha_2024_Fig3b_Subject1,45.500000,10,128.0769186,0.7516847581,FAIL
Saha_2024_Fig3b_Subject1,45.750000,10,127.9302738,0.7479927952,FAIL
Saha_2024_Fig3b_Subject1,46.000000,10,127.7819722,0.7442591194,FAIL
Saha_2024_Fig3b_Subject1,46.250000,10,127.6320547,0.7404847607,FAIL
Saha_2024_Fig3b_Subject1,46.500000,10,127.4821969,0.7367119047,FAIL
Saha_2024_Fig3b_Subject1,46.750000,10,127.3323972,0.7329405144,FAIL
Saha_2024_Fig3b_Subject1,47.000000,10,127.1826544,0.7291705535,FAIL
Saha_2024_Fig3b_Subject1,47.250000,10,127.0329669,0.7254019868,FAIL
Saha_2024_Fig3b_Subject1,47.500000,10,126.8833335,0.7216347798,FAIL
Saha_2024_Fig3b_Subject1,47.750000,10,126.7337527,0.717868899,FAIL
Saha_2024_Fig3b_Subject1,48.000000,10,126.5842233,0.7141043116,FAIL
Saha_2024_Fig3b_Subject1,48.250000,10,126.434744,0.7103409857,FAIL
Saha_2024_Fig3b_Subject1,48.500000,10,126.2873196,0.7066293954,FAIL
Saha_2024_Fig3b_Subject1,48.750000,10,126.1418994,0.7029682634,FAIL
Saha_2024_Fig3b_Subject1,49.000000,10,125.998434,0.6993563438,FAIL
Saha_2024_Fig3b_Subject1,49.250000,10,125.856875,0.6957924216,FAIL
Saha_2024_Fig3b_Subject1,49.500000,10,125.7171754,0.6922753118,FAIL
Saha_2024_Fig3b_Subject1,49.750000,10,125.5792893,0.6888038584,FAIL
Saha_2024_Fig3b_Subject1,50.000000,10,125.4431718,0.6853769343,FAIL
Saha_2024_Fig3b_Subject1,50.250000,10,125.3087794,0.6819934401,FAIL
Saha_2024_Fig3b_Subject1,50.500000,10,125.1750819,0.6786274393,FAIL
Saha_2024_Fig3b_Subject1,50.750000,10,125.042062,0.6752784999,FAIL
Saha_2024_Fig3b_Subject1,51.000000,10,124.9097031,0.6719462008,FAIL
Saha_2024_Fig3b_Subject1,51.250000,10,124.7779888,0.6686301311,FAIL
Saha_2024_Fig3b_Subject1,51.500000,10,124.6469032,0.6653298901,FAIL
Saha_2024_Fig3b_Subject1,51.750000,10,124.5164309,0.662045087,FAIL
Saha_2024_Fig3b_Subject1,52.000000,10,124.3865565,0.6587753405,FAIL
Saha_2024_Fig3b_Subject1,52.250000,10,124.2572655,0.6555202791,FAIL
Saha_2024_Fig3b_Subject1,52.500000,10,124.1291914,0.6522958571,FAIL
Saha_2024_Fig3b_Subject1,52.750000,10,124.0023044,0.6491013181,FAIL
Saha_2024_Fig3b_Subject1,53.000000,10,123.8765749,0.6459359243,FAIL
Saha_2024_Fig3b_Subject1,53.250000,10,123.7519745,0.642798956,FAIL
Saha_2024_Fig3b_Subject1,53.500000,10,123.6284753,0.6396897115,FAIL
Saha_2024_Fig3b_Subject1,53.750000,10,123.5060501,0.6366075063,FAIL
Saha_2024_Fig3b_Subject1,54.000000,10,123.3846724,0.6335516727,FAIL
Saha_2024_Fig3b_Subject1,54.250000,10,123.2643163,0.6305215596,FAIL
Saha_2024_Fig3b_Subject1,54.500000,10,123.1446172,0.627507985,FAIL
Saha_2024_Fig3b_Subject1,54.750000,10,123.0255587,0.6245105404,FAIL
Saha_2024_Fig3b_Subject1,55.000000,10,122.907125,0.6215288278,FAIL
Saha_2024_Fig3b_Subject1,55.250000,10,122.7893009,0.6185624585,FAIL
Saha_2024_Fig3b_Subject1,55.500000,10,122.6720711,0.6156110538,FAIL
Saha_2024_Fig3b_Subject1,55.750000,10,122.555421,0.6126742443,FAIL
Saha_2024_Fig3b_Subject1,56.000000,10,122.4393363,0.6097516695,FAIL
Saha_2024_Fig3b_Subject1,56.250000,10,122.3238031,0.606842978,FAIL
Saha_2024_Fig3b_Subject1,56.500000,10,122.2091472,0.6039563741,FAIL
Saha_2024_Fig3b_Subject1,56.750000,10,122.0953469,0.6010913125,FAIL
Saha_2024_Fig3b_Subject1,57.000000,10,121.9823812,0.5982472612,FAIL
Saha_2024_Fig3b_Subject1,57.250000,10,121.8702294,0.5954237014,FAIL
Saha_2024_Fig3b_Subject1,57.500000,10,121.7588715,0.5926201274,FAIL
Saha_2024_Fig3b_Subject1,57.750000,10,121.6482877,0.5898360456,FAIL
Saha_2024_Fig3b_Subject1,58.000000,10,121.5384591,0.5870709747,FAIL
Saha_2024_Fig3b_Subject1,58.250000,10,121.429367,0.5843244454,FAIL
Saha_2024_Fig3b_Subject1,58.500000,10,121.3206536,0.5815874528,FAIL
Saha_2024_Fig3b_Subject1,58.750000,10,121.2123097,0.5788597615,FAIL
Saha_2024_Fig3b_Subject1,59.000000,10,121.1043262,0.5761411418,FAIL
Saha_2024_Fig3b_Subject1,59.250000,10,120.996694,0.5734313697,FAIL
Saha_2024_Fig3b_Subject1,59.500000,10,120.8894046,0.5707302269,FAIL
Saha_2024_Fig3b_Subject1,59.750000,10,120.7824495,0.5680375001,FAIL
Saha_2024_Fig3b_Subject1,60.000000,10,120.6758204,0.5653529817,FAIL
Saha_2024_Fig3b_Subject1,60.250000,10,120.5695093,0.562676469,FAIL
Saha_2024_Fig3b_Subject1,60.500000,10,120.465175,0.5600497225,FAIL
Saha_2024_Fig3b_Subject1,60.750000,10,120.3627685,0.5574715136,FAIL
Saha_2024_Fig3b_Subject1,61.000000,10,120.2622424,0.5549406437,FAIL
Saha_2024_Fig3b_Subject1,61.250000,10,120.1635501,0.5524559442,FAIL
Saha_2024_Fig3b_Subject1,61.500000,10,120.0666464,0.550016275,FAIL
Saha_2024_Fig3b_Subject1,61.750000,10,119.9714872,0.5476205244,FAIL
Saha_2024_Fig3b_Subject1,62.000000,10,119.8780294,0.5452676079,FAIL
Saha_2024_Fig3b_Subject1,62.250000,10,119.7862309,0.5429564682,FAIL
Saha_2024_Fig3b_Subject1,62.500000,10,119.696699,0.5407023906,FAIL
Saha_2024_Fig3b_Subject1,62.750000,10,119.6093775,0.5385039664,FAIL
Saha_2024_Fig3b_Subject1,63.000000,10,119.5242121,0.5363598215,FAIL
Saha_2024_Fig3b_Subject1,63.250000,10,119.4411494,0.5342686158,FAIL
Saha_2024_Fig3b_Subject1,63.500000,10,119.3601376,0.5322290421,FAIL
Saha_2024_Fig3b_Subject1,63.750000,10,119.2811259,0.5302398256,FAIL
Saha_2024_Fig3b_Subject1,64.000000,10,119.204065,0.5282997231,FAIL
Saha_2024_Fig3b_Subject1,64.250000,10,119.1289068,0.5264075219,FAIL
Saha_2024_Fig3b_Subject1,64.500000,10,119.0562523,0.5245783563,FAIL
Saha_2024_Fig3b_Subject1,64.750000,10,118.9860398,0.5228106702,FAIL
Saha_2024_Fig3b_Subject1,65.000000,10,118.918209,0.5211029454,FAIL
Saha_2024_Fig3b_Subject1,65.250000,10,118.852701,0.5194537016,FAIL
Saha_2024_Fig3b_Subject1,65.500000,10,118.7894586,0.5178614949,FAIL
Saha_2024_Fig3b_Subject1,65.750000,10,118.7284257,0.516324917,FAIL
Saha_2024_Fig3b_Subject1,66.000000,10,118.6695478,0.5148425944,FAIL
Saha_2024_Fig3b_Subject1,66.250000,10,118.6127718,0.5134131876,FAIL
Saha_2024_Fig3b_Subject1,66.500000,10,118.5573976,0.5120190729,FAIL
Saha_2024_Fig3b_Subject1,66.750000,10,118.5033905,0.5106593791,FAIL
Saha_2024_Fig3b_Subject1,67.000000,10,118.4507169,0.5093332563,FAIL
Saha_2024_Fig3b_Subject1,67.250000,10,118.3993439,0.5080398755,FAIL
Saha_2024_Fig3b_Subject1,67.500000,10,118.3492392,0.5067784284,FAIL
Saha_2024_Fig3b_Subject1,67.750000,10,118.3003716,0.5055481265,FAIL
Saha_2024_Fig3b_Subject1,68.000000,10,118.2527105,0.504348201,FAIL
Saha_2024_Fig3b_Subject1,68.250000,10,118.2062263,0.5031779016,FAIL
Saha_2024_Fig3b_Subject1,68.500000,10,118.1608897,0.5020364971,FAIL
Saha_2024_Fig3b_Subject1,68.750000,10,118.1166724,0.500923274,FAIL
Saha_2024_Fig3b_Subject1,69.000000,10,118.0735469,0.4998375364,FAIL
Saha_2024_Fig3b_Subject1,69.250000,10,118.0314862,0.4987786058,FAIL
Saha_2024_Fig3b_Subject1,69.500000,10,117.990464,0.4977458203,FAIL
Saha_2024_Fig3b_Subject1,69.750000,10,117.9504546,0.4967385343,FAIL
Saha_2024_Fig3b_Subject1,70.000000,10,117.911433,0.4957561183,FAIL
Saha_2024_Fig3b_Subject1,70.250000,10,117.8733749,0.4947979583,FAIL
Saha_2024_Fig3b_Subject1,70.500000,10,117.8369046,0.4938797724,FAIL
Saha_2024_Fig3b_Subject1,70.750000,10,117.8019828,0.4930005737,FAIL
Saha_2024_Fig3b_Subject1,71.000000,10,117.7685713,0.4921593995,FAIL
Saha_2024_Fig3b_Subject1,71.250000,10,117.736633,0.4913553112,FAIL
Saha_2024_Fig3b_Subject1,71.500000,10,117.7061312,0.4905873929,FAIL
Saha_2024_Fig3b_Subject1,71.750000,10,117.6770307,0.4898547517,FAIL
Saha_2024_Fig3b_Subject1,72.000000,10,117.6492968,0.4891565165,FAIL
Saha_2024_Fig3b_Subject1,72.250000,10,117.6228958,0.4884918379,FAIL
Saha_2024_Fig3b_Subject1,72.500000,10,117.5971466,0.4878435703,FAIL
Saha_2024_Fig3b_Subject1,72.750000,10,117.5720332,0.4872113085,FAIL
Saha_2024_Fig3b_Subject1,73.000000,10,117.5475398,0.4865946573,FAIL
Saha_2024_Fig3b_Subject1,73.250000,10,117.5236511,0.4859932313,FAIL
Saha_2024_Fig3b_Subject1,73.500000,10,117.5003523,0.4854066545,FAIL
Saha_2024_Fig3b_Subject1,73.750000,10,117.4776287,0.4848345603,FAIL
Saha_2024_Fig3b_Subject1,74.000000,10,117.4554662,0.4842765912,FAIL
Saha_2024_Fig3b_Subject1,74.250000,10,117.4338509,0.4837323984,FAIL
Saha_2024_Fig3b_Subject1,74.500000,10,117.4117816,0.4831767777,FAIL
Saha_2024_Fig3b_Subject1,74.750000,10,117.3892696,0.4826100111,FAIL
Saha_2024_Fig3b_Subject1,75.000000,10,117.3663259,0.4820323739,FAIL
Saha_2024_Fig3b_Subject1,75.250000,10,117.342961,0.4814441345,FAIL
Saha_2024_Fig3b_Subject1,75.500000,10,117.3191854,0.4808455546,FAIL
Saha_2024_Fig3b_Subject1,75.750000,10,117.2950093,0.4802368896,FAIL
Saha_2024_Fig3b_Subject1,76.000000,10,117.2704424,0.4796183885,FAIL
Saha_2024_Fig3b_Subject1,76.250000,10,117.2454945,0.478990294,FAIL
Saha_2024_Fig3b_Subject1,76.500000,10,117.2169035,0.4782704807,FAIL
Saha_2024_Fig3b_Subject1,76.750000,10,117.1847594,0.477461213,FAIL
Saha_2024_Fig3b_Subject1,77.000000,10,117.1491499,0.4765646997,FAIL
Saha_2024_Fig3b_Subject1,77.250000,10,117.1101605,0.4755830947,FAIL
Saha_2024_Fig3b_Subject1,77.500000,10,117.0678748,0.474518499,FAIL
Saha_2024_Fig3b_Subject1,77.750000,10,117.022374,0.4733729618,FAIL
Saha_2024_Fig3b_Subject1,78.000000,10,116.9737377,0.4721484813,FAIL
Saha_2024_Fig3b_Subject1,78.250000,10,116.9220431,0.4708470068,FAIL
Saha_2024_Fig3b_Subject1,78.500000,10,116.8676436,0.4694774323,FAIL
Saha_2024_Fig3b_Subject1,78.750000,10,116.810606,0.4680414391,FAIL
Saha_2024_Fig3b_Subject1,79.000000,10,116.7509953,0.4665406672,FAIL
Saha_2024_Fig3b_Subject1,79.250000,10,116.6888752,0.4649767159,FAIL
Saha_2024_Fig3b_Subject1,79.500000,10,116.6243075,0.4633511451,FAIL
Saha_2024_Fig3b_Subject1,79.750000,10,116.5573527,0.4616654763,FAIL
Saha_2024_Fig3b_Subject1,80.000000,10,116.4880698,0.4599211933,FAIL
Saha_2024_Fig3b_Subject1,80.250000,10,116.4165162,0.4581197432,FAIL
Saha_2024_Fig3b_Subject1,80.500000,10,116.3427789,0.4562633145,FAIL
Saha_2024_Fig3b_Subject1,80.750000,10,116.2669117,0.4543532646,FAIL
Saha_2024_Fig3b_Subject1,81.000000,10,116.1889672,0.4523909175,FAIL
Saha_2024_Fig3b_Subject1,81.250000,10,116.1089969,0.4503775644,FAIL
Saha_2024_Fig3b_Subject1,81.500000,10,116.0270505,0.4483144646,FAIL
Saha_2024_Fig3b_Subject1,81.750000,10,115.9431771,0.4462028463,FAIL
Saha_2024_Fig3b_Subject1,82.000000,10,115.857424,0.4440439076,FAIL
Saha_2024_Fig3b_Subject1,82.250000,10,115.7698378,0.4418388167,FAIL
Saha_2024_Fig3b_Subject1,82.500000,10,115.6798156,0.439572396,FAIL
Saha_2024_Fig3b_Subject1,82.750000,10,115.5874175,0.4372461599,FAIL
Saha_2024_Fig3b_Subject1,83.000000,10,115.4927022,0.434861585,FAIL
Saha_2024_Fig3b_Subject1,83.250000,10,115.3957268,0.4324201119,FAIL
Saha_2024_Fig3b_Subject1,83.500000,10,115.2965473,0.4299231454,FAIL
Saha_2024_Fig3b_Subject1,83.750000,10,115.195218,0.4273720555,FAIL
Saha_2024_Fig3b_Subject1,84.000000,10,115.0917921,0.4247681786,FAIL
Saha_2024_Fig3b_Subject1,84.250000,10,114.9863211,0.422112818,FAIL
Saha_2024_Fig3b_Subject1,84.500000,10,114.8795039,0.419423562,FAIL
Saha_2024_Fig3b_Subject1,84.750000,10,114.7713735,0.4167012474,FAIL
Saha_2024_Fig3b_Subject1,85.000000,10,114.6619625,0.4139466904,FAIL
Saha_2024_Fig3b_Subject1,85.250000,10,114.5513025,0.4111606872,FAIL
Saha_2024_Fig3b_Subject1,85.500000,10,114.4394242,0.408344014,FAIL
Saha_2024_Fig3b_Subject1,85.750000,10,114.3263579,0.4054974283,FAIL
Saha_2024_Fig3b_Subject1,86.000000,10,114.2121327,0.4026216684,FAIL
Saha_2024_Fig3b_Subject1,86.250000,10,114.0967773,0.3997174547,FAIL
Saha_2024_Fig3b_Subject1,86.500000,10,113.9796407,0.3967683957,FAIL
Saha_2024_Fig3b_Subject1,86.750000,10,113.8607668,0.3937755986,FAIL
Saha_2024_Fig3b_Subject1,87.000000,10,113.7401985,0.3907401432,FAIL
Saha_2024_Fig3b_Subject1,87.250000,10,113.6179777,0.3876630829,FAIL
Saha_2024_Fig3b_Subject1,87.500000,10,113.4941451,0.3845454448,FAIL
Saha_2024_Fig3b_Subject1,87.750000,10,113.3687405,0.3813882309,FAIL
Saha_2024_Fig3b_Subject1,88.000000,10,113.2418028,0.3781924182,FAIL
Saha_2024_Fig3b_Subject1,88.250000,10,113.1133699,0.3749589597,FAIL
Saha_2024_Fig3b_Subject1,88.500000,10,112.9841575,0.3717058791,FAIL
Saha_2024_Fig3b_Subject1,88.750000,10,112.854185,0.3684336607,FAIL
Saha_2024_Fig3b_Subject1,89.000000,10,112.7234711,0.3651427772,FAIL
Saha_2024_Fig3b_Subject1,89.250000,10,112.5920341,0.3618336893,FAIL
Saha_2024_Fig3b_Subject1,89.500000,10,112.4598919,0.3585068466,FAIL
Saha_2024_Fig3b_Subject1,89.750000,10,112.3270619,0.3551626874,FAIL
Saha_2024_Fig3b_Subject1,90.000000,10,112.1935611,0.3518016391,FAIL
Saha_2024_Fig3b_Subject1,90.250000,10,112.059406,0.348424119,FAIL
Saha_2024_Fig3b_Subject1,90.500000,10,111.9236252,0.3450056694,FAIL
Saha_2024_Fig3b_Subject1,90.750000,10,111.7862588,0.3415473009,FAIL
Saha_2024_Fig3b_Subject1,91.000000,10,111.647346,0.3380499992,FAIL
Saha_2024_Fig3b_Subject1,91.250000,10,111.5069249,0.3345147254,FAIL
Saha_2024_Fig3b_Subject1,91.500000,10,111.3650328,0.3309424173,FAIL
Saha_2024_Fig3b_Subject1,91.750000,10,111.221706,0.327333989,FAIL
Saha_2024_Fig3b_Subject1,92.000000,10,111.07698,0.3236903324,FAIL
Saha_2024_Fig3b_Subject1,92.250000,10,110.9308892,0.3200123174,FAIL
Saha_2024_Fig3b_Subject1,92.500000,10,110.7847946,0.3163342034,FAIL
Saha_2024_Fig3b_Subject1,92.750000,10,110.638696,0.3126559929,FAIL
Saha_2024_Fig3b_Subject1,93.000000,10,110.4925938,0.3089776881,FAIL
Saha_2024_Fig3b_Subject1,93.250000,10,110.3464879,0.3052992916,FAIL
Saha_2024_Fig3b_Subject1,93.500000,10,110.2003784,0.3016208055,FAIL
Saha_2024_Fig3b_Subject1,93.750000,10,110.0542655,0.297942232,FAIL
Saha_2024_Fig3b_Subject1,94.000000,10,109.9081491,0.2942635733,FAIL
Saha_2024_Fig3b_Subject1,94.250000,10,109.7620295,0.2905848316,FAIL
Saha_2024_Fig3b_Subject1,94.500000,10,109.6165239,0.2869215489,FAIL
Saha_2024_Fig3b_Subject1,94.750000,10,109.4716172,0.2832733435,FAIL
Saha_2024_Fig3b_Subject1,95.000000,10,109.3272946,0.2796398432,FAIL
Saha_2024_Fig3b_Subject1,95.250000,10,109.1835416,0.276020685,FAIL
Saha_2024_Fig3b_Subject1,95.500000,10,109.0403442,0.2724155147,FAIL
Saha_2024_Fig3b_Subject1,95.750000,10,108.8976888,0.2688239869,FAIL
Saha_2024_Fig3b_Subject1,96.000000,10,108.7555618,0.2652457649,FAIL
Saha_2024_Fig3b_Subject1,96.250000,10,108.6139503,0.2616805201,FAIL
Saha_2024_Fig3b_Subject1,96.500000,10,108.4741994,0.2581621202,FAIL
Saha_2024_Fig3b_Subject1,96.750000,10,108.3362633,0.2546894087,FAIL
Saha_2024_Fig3b_Subject1,97.000000,10,108.2000972,0.2512612576,FAIL
Saha_2024_Fig3b_Subject1,97.250000,10,108.0656572,0.2478765665,FAIL
Saha_2024_Fig3b_Subject1,97.500000,10,107.9329009,0.2445342626,FAIL
Saha_2024_Fig3b_Subject1,97.750000,10,107.8017866,0.2412332992,FAIL
Saha_2024_Fig3b_Subject1,98.000000,10,107.6722739,0.2379726557,FAIL
Saha_2024_Fig3b_Subject1,98.250000,10,107.5443231,0.2347513365,FAIL
Saha_2024_Fig3b_Subject1,98.500000,10,107.4185438,0.2315846878,FAIL
Saha_2024_Fig3b_Subject1,98.750000,10,107.2948824,0.2284713598,FAIL
Saha_2024_Fig3b_Subject1,99.000000,10,107.1732866,0.2254100361,FAIL
Saha_2024_Fig3b_Subject1,99.250000,10,107.0537055,0.2223994325,FAIL
Saha_2024_Fig3b_Subject1,99.500000,10,106.9360892,0.2194382969,FAIL
Saha_2024_Fig3b_Subject1,99.750000,10,106.8203892,0.2165254078,FAIL
Saha_2024_Fig3b_Subject1,100.000000,10,106.7065583,0.2136595741,FAIL
Saha_2024_Fig3b_Subject1,100.250000,10,106.5945503,0.210839634,FAIL
Saha_2024_Fig3b_Subject1,100.500000,10,106.4839806,0.2080559072,FAIL
Saha_2024_Fig3b_Subject1,100.750000,10,106.3748139,0.2053074997,FAIL
Saha_2024_Fig3b_Subject1,101.000000,10,106.2670154,0.2025935394,FAIL
Saha_2024_Fig3b_Subject1,101.250000,10,106.1605513,0.1999131759,FAIL
Saha_2024_Fig3b_Subject1,101.500000,10,106.0553888,0.1972655796,FAIL
Saha_2024_Fig3b_Subject1,101.750000,10,105.9514957,0.1946499415,FAIL
Saha_2024_Fig3b_Subject1,102.000000,10,105.8488406,0.1920654726,FAIL
Saha_2024_Fig3b_Subject1,102.250000,10,105.7473929,0.1895114032,FAIL
Saha_2024_Fig3b_Subject1,102.500000,10,105.6471538,0.1869877599,FAIL
Saha_2024_Fig3b_Subject1,102.750000,10,105.5480934,0.1844937913,FAIL
Saha_2024_Fig3b_Subject1,103.000000,10,105.4501825,0.1820287649,FAIL
Saha_2024_Fig3b_Subject1,103.250000,10,105.3533929,0.179591966,FAIL
Saha_2024_Fig3b_Subject1,103.500000,10,105.2576968,0.1771826977,FAIL
Saha_2024_Fig3b_Subject1,103.750000,10,105.1630671,0.1748002803,FAIL
Saha_2024_Fig3b_Subject1,104.000000,10,105.0694777,0.1724440508,FAIL
Saha_2024_Fig3b_Subject1,104.250000,10,104.9769028,0.1701133626,FAIL
Saha_2024_Fig3b_Subject1,104.500000,10,104.8852864,0.1678068082,FAIL
Saha_2024_Fig3b_Subject1,104.750000,10,104.794605,0.1655237915,FAIL
Saha_2024_Fig3b_Subject1,105.000000,10,104.7048354,0.1632637316,FAIL
Saha_2024_Fig3b_Subject1,105.250000,10,104.6159552,0.1610260616,FAIL
Saha_2024_Fig3b_Subject1,105.500000,10,104.5279423,0.1588102287,FAIL
Saha_2024_Fig3b_Subject1,105.750000,10,104.4407754,0.1566156937,FAIL
Saha_2024_Fig3b_Subject1,106.000000,10,104.3544335,0.1544419307,FAIL
Saha_2024_Fig3b_Subject1,106.250000,10,104.2688963,0.152288427,FAIL
Saha_2024_Fig3b_Subject1,106.500000,10,104.1844835,0.1501632294,FAIL
Saha_2024_Fig3b_Subject1,106.750000,10,104.1011672,0.1480656389,FAIL
Saha_2024_Fig3b_Subject1,107.000000,10,104.0189204,0.145994974,FAIL
Saha_2024_Fig3b_Subject1,107.250000,10,103.9377166,0.1439505698,FAIL
Saha_2024_Fig3b_Subject1,107.500000,10,103.8575302,0.141931778,FAIL
Saha_2024_Fig3b_Subject1,107.750000,10,103.778336,0.1399379663,FAIL
Saha_2024_Fig3b_Subject1,108.000000,10,103.7001095,0.1379685177,FAIL
Saha_2024_Fig3b_Subject1,108.250000,10,103.6228268,0.136022831,FAIL
Saha_2024_Fig3b_Subject1,108.500000,10,103.5461252,0.1340917722,FAIL
Saha_2024_Fig3b_Subject1,108.750000,10,103.4699902,0.1321749802,FAIL
Saha_2024_Fig3b_Subject1,109.000000,10,103.3944079,0.1302721028,FAIL
Saha_2024_Fig3b_Subject1,109.250000,10,103.3193647,0.1283827964,FAIL
Saha_2024_Fig3b_Subject1,109.500000,10,103.2448472,0.126506726,FAIL
Saha_2024_Fig3b_Subject1,109.750000,10,103.1708424,0.1246435647,FAIL
Saha_2024_Fig3b_Subject1,110.000000,10,103.0973377,0.1227929939,FAIL
Saha_2024_Fig3b_Subject1,110.250000,10,103.0243208,0.1209547027,FAIL
Saha_2024_Fig3b_Subject1,110.500000,10,102.9518104,0.1191291648,FAIL
Saha_2024_Fig3b_Subject1,110.750000,10,102.8797941,0.1173160655,FAIL
Saha_2024_Fig3b_Subject1,111.000000,10,102.8082597,0.1155150975,FAIL
Saha_2024_Fig3b_Subject1,111.250000,10,102.7371952,0.1137259615,FAIL
Saha_2024_Fig3b_Subject1,111.500000,10,102.6665891,0.1119483651,FAIL
Saha_2024_Fig3b_Subject1,111.750000,10,102.59643,0.1101820237,FAIL
Saha_2024_Fig3b_Subject1,112.000000,10,102.5267069,0.1084266591,FAIL
Saha_2024_Fig3b_Subject1,112.250000,10,102.4574091,0.1066820005,FAIL
Saha_2024_Fig3b_Subject1,112.500000,10,102.3888346,0.1049555535,FAIL
Saha_2024_Fig3b_Subject1,112.750000,10,102.3209656,0.1032468685,FAIL
Saha_2024_Fig3b_Subject1,113.000000,10,102.2537847,0.101555507,FAIL
Saha_2024_Fig3b_Subject1,113.250000,10,102.187275,0.09988104117,FAIL
Saha_2024_Fig3b_Subject1,113.500000,10,102.1214197,0.09822305393,FAIL
Saha_2024_Fig3b_Subject1,113.750000,10,102.0562028,0.0965811384,FAIL
Saha_2024_Fig3b_Subject1,114.000000,10,101.9916085,0.09495489777,FAIL
Saha_2024_Fig3b_Subject1,114.250000,10,101.9276215,0.09334394503,FAIL
Saha_2024_Fig3b_Subject1,114.500000,10,101.8638872,0.09173935567,FAIL
Saha_2024_Fig3b_Subject1,114.750000,10,101.8003994,0.09014097258,FAIL
Saha_2024_Fig3b_Subject1,115.000000,10,101.7371521,0.08854864253,FAIL
Saha_2024_Fig3b_Subject1,115.250000,10,101.6741392,0.08696221606,FAIL
Saha_2024_Fig3b_Subject1,115.500000,10,101.6113551,0.08538154741,FAIL
Saha_2024_Fig3b_Subject1,115.750000,10,101.548794,0.08380649443,FAIL
Saha_2024_Fig3b_Subject1,116.000000,10,101.4864504,0.08223691846,FAIL
Saha_2024_Fig3b_Subject1,116.250000,10,101.424319,0.08067268428,FAIL
Saha_2024_Fig3b_Subject1,116.500000,10,101.3623946,0.07911365999,FAIL
Saha_2024_Fig3b_Subject1,116.750000,10,101.300672,0.07755971696,FAIL
Saha_2024_Fig3b_Subject1,117.000000,10,101.2391462,0.07601072974,FAIL
Saha_2024_Fig3b_Subject1,117.250000,10,101.1778124,0.07446657597,FAIL
Saha_2024_Fig3b_Subject1,117.500000,10,101.1166659,0.07292713631,FAIL
Saha_2024_Fig3b_Subject1,117.750000,10,101.0557019,0.07139229436,FAIL
Saha_2024_Fig3b_Subject1,118.000000,10,100.9949161,0.06986193661,FAIL
Saha_2024_Fig3b_Subject1,118.250000,10,100.934304,0.06833595234,FAIL
Saha_2024_Fig3b_Subject1,118.500000,10,100.8742008,0.06682278063,FAIL
Saha_2024_Fig3b_Subject1,118.750000,10,100.814594,0.06532210512,FAIL
Saha_2024_Fig3b_Subject1,119.000000,10,100.7554713,0.06383361728,FAIL
Saha_2024_Fig3b_Subject1,119.250000,10,100.6968207,0.0623570162,FAIL
Saha_2024_Fig3b_Subject1,119.500000,10,100.6386306,0.0608920084,FAIL
Saha_2024_Fig3b_Subject1,119.750000,10,100.5808896,0.05943830763,FAIL
Saha_2024_Fig3b_Subject1,120.000000,10,100.5235866,0.05799563472,FAIL
Saha_2024_Fig3b_Subject1,120.250000,10,100.4667109,0.0565637174,FAIL
Saha_2024_Fig3b_Subject1,120.500000,10,100.4112394,0.05516715424,FAIL
Saha_2024_Fig3b_Subject1,120.750000,10,100.3571375,0.05380507235,FAIL
Saha_2024_Fig3b_Subject1,121.000000,10,100.3043714,0.05247662038,FAIL
Saha_2024_Fig3b_Subject1,121.250000,10,100.252908,0.051180968,FAIL
Saha_2024_Fig3b_Subject1,121.500000,10,100.2027154,0.0499173054,FAIL
Saha_2024_Fig3b_Subject1,121.750000,10,100.153762,0.04868484274,FAIL
Saha_2024_Fig3b_Subject1,122.000000,10,100.1060172,0.04748280969,FAIL
